     1   3.7453923E+08
     2   7.8097650E+06
     3   2.9355822E+05
     4   1.6812225E+04
     5   1.3357751E+03
     6   1.3831569E+02
     7   1.7876783E+01
     8   2.7918208E+00
     9   5.1340503E-01
    10   1.0883167E-01
    11   2.6145821E-02
    12   7.0155426E-03
    13   2.0767807E-03
    14   6.7135872E-04
    15   2.3486381E-04
    16   8.8219618E-05
    17   8.8219633E-05
    18   8.8219640E-05
    19   8.8219655E-05
    20   8.8219669E-05
    21   8.8219676E-05
    22   8.8219691E-05
    23   8.8219706E-05
    24   8.8219713E-05
    25   8.8219727E-05
    26   8.8219735E-05
    27   8.8219749E-05
    28   8.8219764E-05
    29   8.8219771E-05
    30   8.8219786E-05
    31   8.8219800E-05
    32   8.8219807E-05
    33   8.8219822E-05
    34   8.8219836E-05
    35   8.8219844E-05
    36   8.8219858E-05
    37   8.8219873E-05
    38   8.8219880E-05
    39   8.8219895E-05
    40   8.8219909E-05
    41   8.8219917E-05
    42   8.8219931E-05
    43   8.8219938E-05
    44   8.8219953E-05
    45   8.8219967E-05
    46   8.8219975E-05
    47   8.8219989E-05
    48   8.8220004E-05
    49   8.8220011E-05
    50   8.8220026E-05
    51   8.8220040E-05
    52   8.8220047E-05
    53   8.8220062E-05
    54   8.8220077E-05
    55   8.8220084E-05
    56   8.8220098E-05
    57   8.8220113E-05
    58   8.8220120E-05
    59   8.8220135E-05
    60   8.8220149E-05
    61   8.8220157E-05
    62   8.8220171E-05
    63   8.8220186E-05
    64   8.8220193E-05
    65   8.8220208E-05
    66   8.8220215E-05
    67   8.8220229E-05
    68   8.8220244E-05
    69   8.8220251E-05
    70   8.8220266E-05
    71   8.8220280E-05
    72   8.8220288E-05
    73   8.8220302E-05
    74   8.8220317E-05
    75   8.8220324E-05
    76   8.8220339E-05
    77   8.8220353E-05
    78   8.8220360E-05
    79   8.8220375E-05
    80   8.8220389E-05
    81   8.8220397E-05
    82   8.8220411E-05
    83   8.8220426E-05
    84   8.8220433E-05
    85   8.8220448E-05
    86   8.8220462E-05
    87   8.8220469E-05
    88   8.8220484E-05
    89   8.8220499E-05
    90   8.8220506E-05
    91   8.8220520E-05
    92   8.8220535E-05
    93   8.8220542E-05
    94   8.8220557E-05
    95   8.8220564E-05
    96   8.8220579E-05
    97   8.8220593E-05
    98   8.8220600E-05
    99   8.8220615E-05
   100   8.8220630E-05
   101   8.8220637E-05
   102   8.8220651E-05
   103   8.8220666E-05
   104   8.8220673E-05
   105   8.8220688E-05
   106   8.8220702E-05
   107   8.8220710E-05
   108   8.8220724E-05
   109   8.8220739E-05
   110   8.8220746E-05
   111   8.8220761E-05
   112   8.8220775E-05
   113   8.8220782E-05
   114   8.8220797E-05
   115   8.8220811E-05
   116   8.8220819E-05
   117   8.8220833E-05
   118   8.8220848E-05
   119   8.8220855E-05
   120   8.8220870E-05
   121   8.8220884E-05
   122   8.8220891E-05
   123   8.8220906E-05
   124   8.8220921E-05
   125   8.8220928E-05
   126   8.8220942E-05
   127   8.8220957E-05
   128   8.8220964E-05
   129   8.8220979E-05
   130   8.8220993E-05
   131   8.8221001E-05
   132   8.8221015E-05
   133   8.8221022E-05
   134   8.8221037E-05
   135   8.8221052E-05
   136   8.8221059E-05
   137   8.8221073E-05
   138   8.8221088E-05
   139   8.8221095E-05
   140   8.8221110E-05
   141   8.8221124E-05
   142   8.8221132E-05
   143   8.8221146E-05
   144   8.8221161E-05
   145   8.8221168E-05
   146   8.8221183E-05
   147   8.8221197E-05
   148   8.8221204E-05
   149   8.8221219E-05
   150   8.8221233E-05
   151   8.8221241E-05
   152   8.8221255E-05
   153   8.8221270E-05
   154   8.8221277E-05
   155   8.8221292E-05
   156   8.8221306E-05
   157   8.8221313E-05
   158   8.8221328E-05
   159   8.8221343E-05
   160   8.8221350E-05
   161   8.8221364E-05
   162   8.8221379E-05
   163   8.8221386E-05
   164   8.8221401E-05
   165   8.8221415E-05
   166   8.8221423E-05
   167   8.8221437E-05
   168   8.8221452E-05
   169   8.8221459E-05
   170   8.8221474E-05
   171   8.8221488E-05
   172   8.8221495E-05
   173   8.8221510E-05
   174   8.8221524E-05
   175   8.8221532E-05
   176   8.8221546E-05
   177   8.8221561E-05
   178   8.8221568E-05
   179   8.8221583E-05
   180   8.8221597E-05
   181   8.8221605E-05
   182   8.8221619E-05
   183   8.8221626E-05
   184   8.8221641E-05
   185   8.8221655E-05
   186   8.8221663E-05
   187   8.8221677E-05
   188   8.8221692E-05
   189   8.8221699E-05
   190   8.8221714E-05
   191   8.8221728E-05
   192   8.8221735E-05
   193   8.8221750E-05
   194   8.8221765E-05
   195   8.8221772E-05
   196   8.8221786E-05
   197   8.8221801E-05
   198   8.8221808E-05
   199   8.8221823E-05
   200   8.8221837E-05
   201   8.8221845E-05
   202   8.8221859E-05
   203   8.8221874E-05
   204   8.8221881E-05
   205   8.8221896E-05
   206   8.8221910E-05
   207   8.8221917E-05
   208   8.8221932E-05
   209   8.8221946E-05
   210   8.8221954E-05
   211   8.8221968E-05
   212   8.8221983E-05
   213   8.8221990E-05
   214   8.8222005E-05
   215   8.8222019E-05
   216   8.8222027E-05
   217   8.8222041E-05
   218   8.8222056E-05
   219   8.8222063E-05
   220   8.8222077E-05
   221   8.8222092E-05
   222   8.8222099E-05
   223   8.8222114E-05
   224   8.8222128E-05
   225   8.8222136E-05
   226   8.8222150E-05
   227   8.8222165E-05
   228   8.8222172E-05
   229   8.8222187E-05
   230   8.8222201E-05
   231   8.8222208E-05
   232   8.8222223E-05
   233   8.8222238E-05
   234   8.8222245E-05
   235   8.8222259E-05
   236   8.8222274E-05
   237   8.8222281E-05
   238   8.8222296E-05
   239   8.8222303E-05
   240   8.8222318E-05
   241   8.8222332E-05
   242   8.8222339E-05
   243   8.8222354E-05
   244   8.8222369E-05
   245   8.8222376E-05
   246   8.8222390E-05
   247   8.8222405E-05
   248   8.8222412E-05
   249   8.8222427E-05
   250   8.8222441E-05
   251   8.8222449E-05
   252   8.8222463E-05
   253   8.8222478E-05
   254   8.8222485E-05
   255   8.8222499E-05
   256   8.8222514E-05
   257   8.8222521E-05
   258   8.8222536E-05
   259   8.8222550E-05
   260   8.8222558E-05
   261   8.8222572E-05
   262   8.8222587E-05
   263   8.8222594E-05
   264   8.8222609E-05
   265   8.8222623E-05
   266   8.8222630E-05
   267   8.8222645E-05
   268   8.8222660E-05
   269   8.8222667E-05
   270   8.8222681E-05
   271   8.8222696E-05
   272   8.8222703E-05
   273   8.8222718E-05
   274   8.8222732E-05
   275   8.8222740E-05
   276   8.8222754E-05
   277   8.8222769E-05
   278   8.8222776E-05
   279   8.8222791E-05
   280   8.8222805E-05
   281   8.8222812E-05
   282   8.8222827E-05
   283   8.8222841E-05
   284   8.8222849E-05
   285   8.8222863E-05
   286   8.8222878E-05
   287   8.8222885E-05
   288   8.8222900E-05
   289   8.8222914E-05
   290   8.8222921E-05
   291   8.8222936E-05
   292   8.8222951E-05
   293   8.8222958E-05
   294   8.8222972E-05
   295   8.8222987E-05
   296   8.8222994E-05
   297   8.8223009E-05
   298   8.8223016E-05
   299   8.8223031E-05
   300   8.8223045E-05
   301   8.8223052E-05
   302   8.8223067E-05
   303   8.8223082E-05
   304   8.8223089E-05
   305   8.8223103E-05
   306   8.8223118E-05
   307   8.8223125E-05
   308   8.8223140E-05
   309   8.8223154E-05
   310   8.8223162E-05
   311   8.8223176E-05
   312   8.8223191E-05
   313   8.8223198E-05
   314   8.8223213E-05
   315   8.8223227E-05
   316   8.8223234E-05
   317   8.8223249E-05
   318   8.8223263E-05
   319   8.8223271E-05
   320   8.8223285E-05
   321   8.8223300E-05
   322   8.8223307E-05
   323   8.8223322E-05
   324   8.8223336E-05
   325   8.8223343E-05
   326   8.8223358E-05
   327   8.8223373E-05
   328   8.8223380E-05
   329   8.8223394E-05
   330   8.8223409E-05
   331   8.8223416E-05
   332   8.8223431E-05
   333   8.8223445E-05
   334   8.8223453E-05
   335   8.8223467E-05
   336   8.8223482E-05
   337   8.8223489E-05
   338   8.8223504E-05
   339   8.8223518E-05
   340   8.8223525E-05
   341   8.8223540E-05
   342   8.8223554E-05
   343   8.8223562E-05
   344   8.8223576E-05
   345   8.8223591E-05
   346   8.8223598E-05
   347   8.8223613E-05
   348   8.8223627E-05
   349   8.8223635E-05
   350   8.8223649E-05
   351   8.8223664E-05
   352   8.8223671E-05
   353   8.8223685E-05
   354   8.8223700E-05
   355   8.8223707E-05
   356   8.8223722E-05
   357   8.8223736E-05
   358   8.8223744E-05
   359   8.8223758E-05
   360   8.8223765E-05
   361   8.8223780E-05
   362   8.8223795E-05
   363   8.8223802E-05
   364   8.8223816E-05
   365   8.8223831E-05
   366   8.8223838E-05
   367   8.8223853E-05
   368   8.8223867E-05
   369   8.8223875E-05
   370   8.8223889E-05
   371   8.8223904E-05
   372   8.8223911E-05
   373   8.8223926E-05
   374   8.8223940E-05
   375   8.8223947E-05
   376   8.8223962E-05
   377   8.8223976E-05
   378   8.8223984E-05
   379   8.8223998E-05
   380   8.8224013E-05
   381   8.8224020E-05
   382   8.8224035E-05
   383   8.8224049E-05
   384   8.8224057E-05
   385   8.8224071E-05
   386   8.8224086E-05
   387   8.8224093E-05
   388   8.8224107E-05
   389   8.8224122E-05
   390   8.8224129E-05
   391   8.8224144E-05
   392   8.8224158E-05
   393   8.8224166E-05
   394   8.8224180E-05
   395   8.8224195E-05
   396   8.8224202E-05
   397   8.8224217E-05
   398   8.8224231E-05
   399   8.8224238E-05
   400   8.8224253E-05
   401   8.8224268E-05
   402   8.8224275E-05
   403   8.8224289E-05
   404   8.8224304E-05
   405   8.8224311E-05
   406   8.8224326E-05
   407   8.8224340E-05
   408   8.8224348E-05
   409   8.8224362E-05
   410   8.8224377E-05
   411   8.8224384E-05
   412   8.8224398E-05
   413   8.8224413E-05
   414   8.8224420E-05
   415   8.8224435E-05
   416   8.8224449E-05
   417   8.8224457E-05
   418   8.8224471E-05
   419   8.8224486E-05
   420   8.8224493E-05
   421   8.8224508E-05
   422   8.8224515E-05
   423   8.8224529E-05
   424   8.8224544E-05
   425   8.8224551E-05
   426   8.8224566E-05
   427   8.8224580E-05
   428   8.8224588E-05
   429   8.8224602E-05
   430   8.8224617E-05
   431   8.8224624E-05
   432   8.8224639E-05
   433   8.8224653E-05
   434   8.8224660E-05
   435   8.8224675E-05
   436   8.8224690E-05
   437   8.8224697E-05
   438   8.8224711E-05
   439   8.8224726E-05
   440   8.8224733E-05
   441   8.8224748E-05
   442   8.8224762E-05
   443   8.8224770E-05
   444   8.8224784E-05
   445   8.8224799E-05
   446   8.8224806E-05
   447   8.8224821E-05
   448   8.8224835E-05
   449   8.8224842E-05
   450   8.8224857E-05
   451   8.8224871E-05
   452   8.8224879E-05
   453   8.8224893E-05
   454   8.8224908E-05
   455   8.8224915E-05
   456   8.8224930E-05
   457   8.8224944E-05
   458   8.8224951E-05
   459   8.8224966E-05
   460   8.8224981E-05
   461   8.8224988E-05
   462   8.8225002E-05
   463   8.8225017E-05
   464   8.8225024E-05
   465   8.8225039E-05
   466   8.8225053E-05
   467   8.8225061E-05
   468   8.8225075E-05
   469   8.8225090E-05
   470   8.8225097E-05
   471   8.8225112E-05
   472   8.8225126E-05
   473   8.8225133E-05
   474   8.8225148E-05
   475   8.8225162E-05
   476   8.8225170E-05
   477   8.8225184E-05
   478   8.8225199E-05
   479   8.8225206E-05
   480   8.8225221E-05
   481   8.8225228E-05
   482   8.8225243E-05
   483   8.8225257E-05
   484   8.8225264E-05
   485   8.8225279E-05
   486   8.8225293E-05
   487   8.8225301E-05
   488   8.8225315E-05
   489   8.8225330E-05
   490   8.8225337E-05
   491   8.8225352E-05
   492   8.8225366E-05
   493   8.8225373E-05
   494   8.8225388E-05
   495   8.8225403E-05
   496   8.8225410E-05
   497   8.8225424E-05
   498   8.8225439E-05
   499   8.8225446E-05
   500   8.8225461E-05
   501   8.8225475E-05
   502   8.8225483E-05
   503   8.8225497E-05
   504   8.8225512E-05
   505   8.8225519E-05
   506   8.8225534E-05
   507   8.8225548E-05
   508   8.8225555E-05
   509   8.8225570E-05
   510   8.8225584E-05
   511   8.8225592E-05
   512   8.8225606E-05
   513   8.8225621E-05
   514   8.8225628E-05
   515   8.8225643E-05
   516   8.8225657E-05
   517   8.8225665E-05
   518   8.8225679E-05
   519   8.8225694E-05
   520   8.8225701E-05
   521   8.8225715E-05
   522   8.8225730E-05
   523   8.8225737E-05
   524   8.8225752E-05
   525   8.8225766E-05
   526   8.8225774E-05
   527   8.8225788E-05
   528   8.8225803E-05
   529   8.8225810E-05
   530   8.8225825E-05
   531   8.8225839E-05
   532   8.8225846E-05
   533   8.8225861E-05
   534   8.8225876E-05
   535   8.8225883E-05
   536   8.8225897E-05
   537   8.8225912E-05
   538   8.8225919E-05
   539   8.8225934E-05
   540   8.8225948E-05
   541   8.8225956E-05
   542   8.8225970E-05
   543   8.8225977E-05
   544   8.8225992E-05
   545   8.8226006E-05
   546   8.8226014E-05
   547   8.8226028E-05
   548   8.8226043E-05
   549   8.8226050E-05
   550   8.8226065E-05
   551   8.8226079E-05
   552   8.8226087E-05
   553   8.8226101E-05
   554   8.8226116E-05
   555   8.8226123E-05
   556   8.8226137E-05
   557   8.8226152E-05
   558   8.8226159E-05
   559   8.8226174E-05
   560   8.8226188E-05
   561   8.8226196E-05
   562   8.8226210E-05
   563   8.8226225E-05
   564   8.8226232E-05
   565   8.8226247E-05
   566   8.8226261E-05
   567   8.8226268E-05
   568   8.8226283E-05
   569   8.8226298E-05
   570   8.8226305E-05
   571   8.8226319E-05
   572   8.8226334E-05
   573   8.8226341E-05
   574   8.8226356E-05
   575   8.8226370E-05
   576   8.8226378E-05
   577   8.8226392E-05
   578   8.8226407E-05
   579   8.8226414E-05
   580   8.8226428E-05
   581   8.8226443E-05
   582   8.8226450E-05
   583   8.8226465E-05
   584   8.8226479E-05
   585   8.8226487E-05
   586   8.8226501E-05
   587   8.8226516E-05
   588   8.8226523E-05
   589   8.8226538E-05
   590   8.8226552E-05
   591   8.8226559E-05
   592   8.8226574E-05
   593   8.8226589E-05
   594   8.8226596E-05
   595   8.8226610E-05
   596   8.8226625E-05
   597   8.8226632E-05
   598   8.8226647E-05
   599   8.8226661E-05
   600   8.8226669E-05
   601   8.8226683E-05
   602   8.8226690E-05
   603   8.8226705E-05
   604   8.8226720E-05
   605   8.8226727E-05
   606   8.8226741E-05
   607   8.8226756E-05
   608   8.8226763E-05
   609   8.8226778E-05
   610   8.8226792E-05
   611   8.8226800E-05
   612   8.8226814E-05
   613   8.8226829E-05
   614   8.8226836E-05
   615   8.8226850E-05
   616   8.8226865E-05
   617   8.8226872E-05
   618   8.8226887E-05
   619   8.8226901E-05
   620   8.8226909E-05
   621   8.8226923E-05
   622   8.8226938E-05
   623   8.8226945E-05
   624   8.8226960E-05
   625   8.8226974E-05
   626   8.8226981E-05
   627   8.8226996E-05
   628   8.8227011E-05
   629   8.8227018E-05
   630   8.8227032E-05
   631   8.8227047E-05
   632   8.8227054E-05
   633   8.8227069E-05
   634   8.8227083E-05
   635   8.8227091E-05
   636   8.8227105E-05
   637   8.8227120E-05
   638   8.8227127E-05
   639   8.8227142E-05
   640   8.8227156E-05
   641   8.8227163E-05
   642   8.8227178E-05
   643   8.8227192E-05
   644   8.8227200E-05
   645   8.8227214E-05
   646   8.8227229E-05
   647   8.8227236E-05
   648   8.8227251E-05
   649   8.8227265E-05
   650   8.8227272E-05
   651   8.8227287E-05
   652   8.8227302E-05
   653   8.8227309E-05
   654   8.8227323E-05
   655   8.8227338E-05
   656   8.8227345E-05
   657   8.8227360E-05
   658   8.8227374E-05
   659   8.8227382E-05
   660   8.8227396E-05
   661   8.8227403E-05
   662   8.8227418E-05
   663   8.8227433E-05
   664   8.8227440E-05
   665   8.8227454E-05
   666   8.8227469E-05
   667   8.8227476E-05
   668   8.8227491E-05
   669   8.8227505E-05
   670   8.8227513E-05
   671   8.8227527E-05
   672   8.8227542E-05
   673   8.8227549E-05
   674   8.8227564E-05
   675   8.8227578E-05
   676   8.8227585E-05
   677   8.8227600E-05
   678   8.8227614E-05
   679   8.8227622E-05
   680   8.8227636E-05
   681   8.8227651E-05
   682   8.8227658E-05
   683   8.8227673E-05
   684   8.8227687E-05
   685   8.8227695E-05
   686   8.8227709E-05
   687   8.8227724E-05
   688   8.8227731E-05
   689   8.8227745E-05
   690   8.8227760E-05
   691   8.8227767E-05
   692   8.8227782E-05
   693   8.8227796E-05
   694   8.8227804E-05
   695   8.8227818E-05
   696   8.8227833E-05
   697   8.8227840E-05
   698   8.8227855E-05
   699   8.8227869E-05
   700   8.8227876E-05
   701   8.8227891E-05
   702   8.8227906E-05
   703   8.8227913E-05
   704   8.8227927E-05
   705   8.8227942E-05
   706   8.8227949E-05
   707   8.8227964E-05
   708   8.8227978E-05
   709   8.8227986E-05
   710   8.8228000E-05
   711   8.8228015E-05
   712   8.8228022E-05
   713   8.8228036E-05
   714   8.8228051E-05
   715   8.8228058E-05
   716   8.8228073E-05
   717   8.8228087E-05
   718   8.8228095E-05
   719   8.8228109E-05
   720   8.8228117E-05
   721   8.8228131E-05
   722   8.8228146E-05
   723   8.8228153E-05
   724   8.8228167E-05
   725   8.8228182E-05
   726   8.8228189E-05
   727   8.8228204E-05
   728   8.8228218E-05
   729   8.8228226E-05
   730   8.8228240E-05
   731   8.8228255E-05
   732   8.8228262E-05
   733   8.8228277E-05
   734   8.8228291E-05
   735   8.8228298E-05
   736   8.8228313E-05
   737   8.8228328E-05
   738   8.8228335E-05
   739   8.8228349E-05
   740   8.8228364E-05
   741   8.8228371E-05
   742   8.8228386E-05
   743   8.8228400E-05
   744   8.8228408E-05
   745   8.8228422E-05
   746   8.8228437E-05
   747   8.8228444E-05
   748   8.8228458E-05
   749   8.8228473E-05
   750   8.8228480E-05
   751   8.8228495E-05
   752   8.8228509E-05
   753   8.8228517E-05
   754   8.8228531E-05
   755   8.8228546E-05
   756   8.8228553E-05
   757   8.8228568E-05
   758   8.8228582E-05
   759   8.8228589E-05
   760   8.8228604E-05
   761   8.8228619E-05
   762   8.8228626E-05
   763   8.8228640E-05
   764   8.8228655E-05
   765   8.8228662E-05
   766   8.8228677E-05
   767   8.8228691E-05
   768   8.8228699E-05
   769   8.8228713E-05
   770   8.8228728E-05
   771   8.8228735E-05
   772   8.8228750E-05
   773   8.8228764E-05
   774   8.8228771E-05
   775   8.8228786E-05
   776   8.8228800E-05
   777   8.8228808E-05
   778   8.8228822E-05
   779   8.8228830E-05
   780   8.8228844E-05
   781   8.8228859E-05
   782   8.8228866E-05
   783   8.8228880E-05
   784   8.8228895E-05
   785   8.8228902E-05
   786   8.8228917E-05
   787   8.8228931E-05
   788   8.8228939E-05
   789   8.8228953E-05
   790   8.8228968E-05
   791   8.8228975E-05
   792   8.8228990E-05
   793   8.8229004E-05
   794   8.8229011E-05
   795   8.8229026E-05
   796   8.8229041E-05
   797   8.8229048E-05
   798   8.8229062E-05
   799   8.8229077E-05
   800   8.8229084E-05
   801   8.8229099E-05
   802   8.8229113E-05
   803   8.8229121E-05
   804   8.8229135E-05
   805   8.8229150E-05
   806   8.8229157E-05
   807   8.8229172E-05
   808   8.8229186E-05
   809   8.8229193E-05
   810   8.8229208E-05
   811   8.8229222E-05
   812   8.8229230E-05
   813   8.8229244E-05
   814   8.8229259E-05
   815   8.8229266E-05
   816   8.8229281E-05
   817   8.8229295E-05
   818   8.8229302E-05
   819   8.8229317E-05
   820   8.8229332E-05
   821   8.8229339E-05
   822   8.8229353E-05
   823   8.8229368E-05
   824   8.8229375E-05
   825   8.8229390E-05
   826   8.8229404E-05
   827   8.8229412E-05
   828   8.8229426E-05
   829   8.8229441E-05
   830   8.8229448E-05
   831   8.8229463E-05
   832   8.8229477E-05
   833   8.8229484E-05
   834   8.8229499E-05
   835   8.8229513E-05
   836   8.8229521E-05
   837   8.8229535E-05
   838   8.8229543E-05
   839   8.8229557E-05
   840   8.8229572E-05
   841   8.8229579E-05
   842   8.8229594E-05
   843   8.8229608E-05
   844   8.8229615E-05
   845   8.8229630E-05
   846   8.8229644E-05
   847   8.8229652E-05
   848   8.8229666E-05
   849   8.8229681E-05
   850   8.8229688E-05
   851   8.8229703E-05
   852   8.8229717E-05
   853   8.8229724E-05
   854   8.8229739E-05
   855   8.8229754E-05
   856   8.8229761E-05
   857   8.8229775E-05
   858   8.8229790E-05
   859   8.8229797E-05
   860   8.8229812E-05
   861   8.8229826E-05
   862   8.8229834E-05
   863   8.8229848E-05
   864   8.8229863E-05
   865   8.8229870E-05
   866   8.8229885E-05
   867   8.8229899E-05
   868   8.8229906E-05
   869   8.8229921E-05
   870   8.8229935E-05
   871   8.8229943E-05
   872   8.8229957E-05
   873   8.8229972E-05
   874   8.8229979E-05
   875   8.8229994E-05
   876   8.8230008E-05
   877   8.8230016E-05
   878   8.8230030E-05
   879   8.8230045E-05
   880   8.8230052E-05
   881   8.8230066E-05
   882   8.8230081E-05
   883   8.8230088E-05
   884   8.8230103E-05
   885   8.8230117E-05
   886   8.8230125E-05
   887   8.8230139E-05
   888   8.8230154E-05
   889   8.8230161E-05
   890   8.8230176E-05
   891   8.8230190E-05
   892   8.8230197E-05
   893   8.8230212E-05
   894   8.8230219E-05
   895   8.8230234E-05
   896   8.8230248E-05
   897   8.8230256E-05
   898   8.8230270E-05
   899   8.8230285E-05
   900   8.8230292E-05
   901   8.8230307E-05
   902   8.8230321E-05
   903   8.8230328E-05
   904   8.8230343E-05
   905   8.8230358E-05
   906   8.8230365E-05
   907   8.8230379E-05
   908   8.8230394E-05
   909   8.8230401E-05
   910   8.8230416E-05
   911   8.8230430E-05
   912   8.8230438E-05
   913   8.8230452E-05
   914   8.8230467E-05
   915   8.8230474E-05
   916   8.8230488E-05
   917   8.8230503E-05
   918   8.8230510E-05
   919   8.8230525E-05
   920   8.8230539E-05
   921   8.8230547E-05
   922   8.8230561E-05
   923   8.8230576E-05
   924   8.8230583E-05
   925   8.8230598E-05
   926   8.8230612E-05
   927   8.8230619E-05
   928   8.8230634E-05
   929   8.8230649E-05
   930   8.8230656E-05
   931   8.8230670E-05
   932   8.8230685E-05
   933   8.8230692E-05
   934   8.8230707E-05
   935   8.8230721E-05
   936   8.8230729E-05
   937   8.8230743E-05
   938   8.8230758E-05
   939   8.8230765E-05
   940   8.8230780E-05
   941   8.8230794E-05
   942   8.8230801E-05
   943   8.8230816E-05
   944   8.8230830E-05
   945   8.8230838E-05
   946   8.8230852E-05
   947   8.8230867E-05
   948   8.8230874E-05
   949   8.8230889E-05
   950   8.8230903E-05
   951   8.8230910E-05
   952   8.8230925E-05
   953   8.8230932E-05
   954   8.8230947E-05
   955   8.8230961E-05
   956   8.8230969E-05
   957   8.8230983E-05
   958   8.8230998E-05
   959   8.8231005E-05
   960   8.8231020E-05
   961   8.8231034E-05
   962   8.8231041E-05
   963   8.8231056E-05
   964   8.8231071E-05
   965   8.8231078E-05
   966   8.8231092E-05
   967   8.8231107E-05
   968   8.8231114E-05
   969   8.8231129E-05
   970   8.8231143E-05
   971   8.8231151E-05
   972   8.8231165E-05
   973   8.8231180E-05
   974   8.8231187E-05
   975   8.8231202E-05
   976   8.8231216E-05
   977   8.8231223E-05
   978   8.8231238E-05
   979   8.8231252E-05
   980   8.8231260E-05
   981   8.8231274E-05
   982   8.8231289E-05
   983   8.8231296E-05
   984   8.8231311E-05
   985   8.8231325E-05
   986   8.8231332E-05
   987   8.8231347E-05
   988   8.8231362E-05
   989   8.8231369E-05
   990   8.8231383E-05
   991   8.8231398E-05
   992   8.8231405E-05
   993   8.8231420E-05
   994   8.8231434E-05
   995   8.8231442E-05
   996   8.8231456E-05
   997   8.8231471E-05
   998   8.8231478E-05
   999   8.8231493E-05
  1000   8.8231507E-05
  1001   8.8231514E-05
  1002   8.8231529E-05
  1003   8.8231543E-05
  1004   8.8231551E-05
  1005   8.8231565E-05
  1006   8.8231580E-05
  1007   8.8231587E-05
  1008   8.8231602E-05
  1009   8.8231609E-05
  1010   8.8231624E-05
  1011   8.8231638E-05
  1012   8.8231645E-05
  1013   8.8231660E-05
  1014   8.8231674E-05
  1015   8.8231682E-05
  1016   8.8231696E-05
  1017   8.8231711E-05
  1018   8.8231718E-05
  1019   8.8231733E-05
  1020   8.8231747E-05
  1021   8.8231754E-05
  1022   8.8231769E-05
  1023   8.8231784E-05
  1024   8.8231791E-05
  1025   8.8231805E-05
  1026   8.8231820E-05
  1027   8.8231827E-05
  1028   8.8231842E-05
  1029   8.8231856E-05
  1030   8.8231864E-05
  1031   8.8231878E-05
  1032   8.8231893E-05
  1033   8.8231900E-05
  1034   8.8231915E-05
  1035   8.8231929E-05
  1036   8.8231936E-05
  1037   8.8231951E-05
  1038   8.8231965E-05
  1039   8.8231973E-05
  1040   8.8231987E-05
  1041   8.8232002E-05
  1042   8.8232009E-05
  1043   8.8232024E-05
  1044   8.8232038E-05
  1045   8.8232046E-05
  1046   8.8232060E-05
  1047   8.8232075E-05
  1048   8.8232082E-05
  1049   8.8232096E-05
  1050   8.8232111E-05
  1051   8.8232118E-05
  1052   8.8232133E-05
  1053   8.8232147E-05
  1054   8.8232155E-05
  1055   8.8232169E-05
  1056   8.8232184E-05
  1057   8.8232191E-05
  1058   8.8232206E-05
  1059   8.8232220E-05
  1060   8.8232227E-05
  1061   8.8232242E-05
  1062   8.8232257E-05
  1063   8.8232264E-05
  1064   8.8232278E-05
  1065   8.8232286E-05
  1066   8.8232300E-05
  1067   8.8232315E-05
  1068   8.8232322E-05
  1069   8.8232337E-05
  1070   8.8232351E-05
  1071   8.8232358E-05
  1072   8.8232373E-05
  1073   8.8232387E-05
  1074   8.8232395E-05
  1075   8.8232409E-05
  1076   8.8232424E-05
  1077   8.8232431E-05
  1078   8.8232446E-05
  1079   8.8232460E-05
  1080   8.8232468E-05
  1081   8.8232482E-05
  1082   8.8232497E-05
  1083   8.8232504E-05
  1084   8.8232518E-05
  1085   8.8232533E-05
  1086   8.8232540E-05
  1087   8.8232555E-05
  1088   8.8232569E-05
  1089   8.8232577E-05
  1090   8.8232591E-05
  1091   8.8232606E-05
  1092   8.8232613E-05
  1093   8.8232628E-05
  1094   8.8232642E-05
  1095   8.8232649E-05
  1096   8.8232664E-05
  1097   8.8232679E-05
  1098   8.8232686E-05
  1099   8.8232700E-05
  1100   8.8232715E-05
  1101   8.8232722E-05
  1102   8.8232737E-05
  1103   8.8232751E-05
  1104   8.8232759E-05
  1105   8.8232773E-05
  1106   8.8232788E-05
  1107   8.8232795E-05
  1108   8.8232810E-05
  1109   8.8232824E-05
  1110   8.8232831E-05
  1111   8.8232846E-05
  1112   8.8232860E-05
  1113   8.8232868E-05
  1114   8.8232882E-05
  1115   8.8232897E-05
  1116   8.8232904E-05
  1117   8.8232919E-05
  1118   8.8232933E-05
  1119   8.8232940E-05
  1120   8.8232955E-05
  1121   8.8232962E-05
  1122   8.8232977E-05
  1123   8.8232991E-05
  1124   8.8232999E-05
  1125   8.8233013E-05
  1126   8.8233028E-05
  1127   8.8233035E-05
  1128   8.8233050E-05
  1129   8.8233064E-05
  1130   8.8233071E-05
  1131   8.8233086E-05
  1132   8.8233101E-05
  1133   8.8233108E-05
  1134   8.8233122E-05
  1135   8.8233137E-05
  1136   8.8233144E-05
  1137   8.8233159E-05
  1138   8.8233173E-05
  1139   8.8233181E-05
  1140   8.8233195E-05
  1141   8.8233210E-05
  1142   8.8233217E-05
  1143   8.8233232E-05
  1144   8.8233246E-05
  1145   8.8233253E-05
  1146   8.8233268E-05
  1147   8.8233282E-05
  1148   8.8233290E-05
  1149   8.8233304E-05
  1150   8.8233319E-05
  1151   8.8233326E-05
  1152   8.8233341E-05
  1153   8.8233355E-05
  1154   8.8233362E-05
  1155   8.8233377E-05
  1156   8.8233392E-05
  1157   8.8233399E-05
  1158   8.8233413E-05
  1159   8.8233428E-05
  1160   8.8233435E-05
  1161   8.8233450E-05
  1162   8.8233464E-05
  1163   8.8233472E-05
  1164   8.8233486E-05
  1165   8.8233501E-05
  1166   8.8233508E-05
  1167   8.8233523E-05
  1168   8.8233537E-05
  1169   8.8233544E-05
  1170   8.8233559E-05
  1171   8.8233573E-05
  1172   8.8233581E-05
  1173   8.8233595E-05
  1174   8.8233610E-05
  1175   8.8233617E-05
  1176   8.8233632E-05
  1177   8.8233639E-05
  1178   8.8233654E-05
  1179   8.8233668E-05
  1180   8.8233675E-05
  1181   8.8233690E-05
  1182   8.8233704E-05
  1183   8.8233712E-05
  1184   8.8233726E-05
  1185   8.8233741E-05
  1186   8.8233748E-05
  1187   8.8233763E-05
  1188   8.8233777E-05
  1189   8.8233784E-05
  1190   8.8233799E-05
  1191   8.8233814E-05
  1192   8.8233821E-05
  1193   8.8233835E-05
  1194   8.8233850E-05
  1195   8.8233857E-05
  1196   8.8233872E-05
  1197   8.8233886E-05
  1198   8.8233894E-05
  1199   8.8233908E-05
  1200   8.8233923E-05
  1201   8.8233930E-05
  1202   8.8233945E-05
  1203   8.8233959E-05
  1204   8.8233966E-05
  1205   8.8233981E-05
  1206   8.8233995E-05
  1207   8.8234003E-05
  1208   8.8234017E-05
  1209   8.8234032E-05
  1210   8.8234039E-05
  1211   8.8234054E-05
  1212   8.8234068E-05
  1213   8.8234076E-05
  1214   8.8234090E-05
  1215   8.8234105E-05
  1216   8.8234112E-05
  1217   8.8234126E-05
  1218   8.8234141E-05
  1219   8.8234148E-05
  1220   8.8234163E-05
  1221   8.8234177E-05
  1222   8.8234185E-05
  1223   8.8234199E-05
  1224   8.8234214E-05
  1225   8.8234221E-05
  1226   8.8234236E-05
  1227   8.8234250E-05
  1228   8.8234257E-05
  1229   8.8234272E-05
  1230   8.8234287E-05
  1231   8.8234294E-05
  1232   8.8234308E-05
  1233   8.8234316E-05
  1234   8.8234330E-05
  1235   8.8234345E-05
  1236   8.8234352E-05
  1237   8.8234367E-05
  1238   8.8234381E-05
  1239   8.8234388E-05
  1240   8.8234403E-05
  1241   8.8234417E-05
  1242   8.8234425E-05
  1243   8.8234439E-05
  1244   8.8234454E-05
  1245   8.8234461E-05
  1246   8.8234476E-05
  1247   8.8234490E-05
  1248   8.8234498E-05
  1249   8.8234512E-05
  1250   8.8234527E-05
  1251   8.8234534E-05
  1252   8.8234548E-05
  1253   8.8234563E-05
  1254   8.8234570E-05
  1255   8.8234585E-05
  1256   8.8234599E-05
  1257   8.8234607E-05
  1258   8.8234621E-05
  1259   8.8234636E-05
  1260   8.8234643E-05
  1261   8.8234658E-05
  1262   8.8234672E-05
  1263   8.8234679E-05
  1264   8.8234694E-05
  1265   8.8234709E-05
  1266   8.8234716E-05
  1267   8.8234730E-05
  1268   8.8234745E-05
  1269   8.8234752E-05
  1270   8.8234767E-05
  1271   8.8234781E-05
  1272   8.8234789E-05
  1273   8.8234803E-05
  1274   8.8234818E-05
  1275   8.8234825E-05
  1276   8.8234839E-05
  1277   8.8234854E-05
  1278   8.8234861E-05
  1279   8.8234876E-05
  1280   8.8234890E-05
  1281   8.8234898E-05
  1282   8.8234912E-05
  1283   8.8234927E-05
  1284   8.8234934E-05
  1285   8.8234949E-05
  1286   8.8234963E-05
  1287   8.8234970E-05
  1288   8.8234985E-05
  1289   8.8234992E-05
  1290   8.8235007E-05
  1291   8.8235021E-05
  1292   8.8235029E-05
  1293   8.8235043E-05
  1294   8.8235058E-05
  1295   8.8235065E-05
  1296   8.8235080E-05
  1297   8.8235094E-05
  1298   8.8235101E-05
  1299   8.8235116E-05
  1300   8.8235131E-05
  1301   8.8235138E-05
  1302   8.8235152E-05
  1303   8.8235167E-05
  1304   8.8235174E-05
  1305   8.8235189E-05
  1306   8.8235203E-05
  1307   8.8235211E-05
  1308   8.8235225E-05
  1309   8.8235240E-05
  1310   8.8235247E-05
  1311   8.8235262E-05
  1312   8.8235276E-05
  1313   8.8235283E-05
  1314   8.8235298E-05
  1315   8.8235312E-05
  1316   8.8235320E-05
  1317   8.8235334E-05
  1318   8.8235349E-05
  1319   8.8235356E-05
  1320   8.8235371E-05
  1321   8.8235385E-05
  1322   8.8235392E-05
  1323   8.8235407E-05
  1324   8.8235422E-05
  1325   8.8235429E-05
  1326   8.8235443E-05
  1327   8.8235458E-05
  1328   8.8235465E-05
  1329   8.8235480E-05
  1330   8.8235494E-05
  1331   8.8235502E-05
  1332   8.8235516E-05
  1333   8.8235531E-05
  1334   8.8235538E-05
  1335   8.8235553E-05
  1336   8.8235567E-05
  1337   8.8235574E-05
  1338   8.8235589E-05
  1339   8.8235603E-05
  1340   8.8235611E-05
  1341   8.8235625E-05
  1342   8.8235633E-05
  1343   8.8235647E-05
  1344   8.8235662E-05
  1345   8.8235669E-05
  1346   8.8235684E-05
  1347   8.8235698E-05
  1348   8.8235705E-05
  1349   8.8235720E-05
  1350   8.8235734E-05
  1351   8.8235742E-05
  1352   8.8235756E-05
  1353   8.8235771E-05
  1354   8.8235778E-05
  1355   8.8235793E-05
  1356   8.8235807E-05
  1357   8.8235814E-05
  1358   8.8235829E-05
  1359   8.8235844E-05
  1360   8.8235851E-05
  1361   8.8235865E-05
  1362   8.8235880E-05
  1363   8.8235887E-05
  1364   8.8235902E-05
  1365   8.8235916E-05
  1366   8.8235924E-05
  1367   8.8235938E-05
  1368   8.8235953E-05
  1369   8.8235960E-05
  1370   8.8235975E-05
  1371   8.8235989E-05
  1372   8.8235996E-05
  1373   8.8236011E-05
  1374   8.8236025E-05
  1375   8.8236033E-05
  1376   8.8236047E-05
  1377   8.8236062E-05
  1378   8.8236069E-05
  1379   8.8236084E-05
  1380   8.8236098E-05
  1381   8.8236106E-05
  1382   8.8236120E-05
  1383   8.8236135E-05
  1384   8.8236142E-05
  1385   8.8236156E-05
  1386   8.8236171E-05
  1387   8.8236178E-05
  1388   8.8236193E-05
  1389   8.8236207E-05
  1390   8.8236215E-05
  1391   8.8236229E-05
  1392   8.8236244E-05
  1393   8.8236251E-05
  1394   8.8236266E-05
  1395   8.8236280E-05
  1396   8.8236287E-05
  1397   8.8236302E-05
  1398   8.8236309E-05
  1399   8.8236324E-05
  1400   8.8236338E-05
  1401   8.8236346E-05
  1402   8.8236360E-05
  1403   8.8236375E-05
  1404   8.8236382E-05
  1405   8.8236397E-05
  1406   8.8236411E-05
  1407   8.8236418E-05
  1408   8.8236433E-05
  1409   8.8236447E-05
  1410   8.8236455E-05
  1411   8.8236469E-05
  1412   8.8236484E-05
  1413   8.8236491E-05
  1414   8.8236506E-05
  1415   8.8236520E-05
  1416   8.8236528E-05
  1417   8.8236542E-05
  1418   8.8236557E-05
  1419   8.8236564E-05
  1420   8.8236578E-05
  1421   8.8236593E-05
  1422   8.8236600E-05
  1423   8.8236615E-05
  1424   8.8236629E-05
  1425   8.8236637E-05
  1426   8.8236651E-05
  1427   8.8236666E-05
  1428   8.8236673E-05
  1429   8.8236688E-05
  1430   8.8236702E-05
  1431   8.8236709E-05
  1432   8.8236724E-05
  1433   8.8236739E-05
  1434   8.8236746E-05
  1435   8.8236760E-05
  1436   8.8236775E-05
  1437   8.8236782E-05
  1438   8.8236797E-05
  1439   8.8236811E-05
  1440   8.8236819E-05
  1441   8.8236833E-05
  1442   8.8236848E-05
  1443   8.8236855E-05
  1444   8.8236869E-05
  1445   8.8236884E-05
  1446   8.8236891E-05
  1447   8.8236906E-05
  1448   8.8236920E-05
  1449   8.8236928E-05
  1450   8.8236942E-05
  1451   8.8236950E-05
  1452   8.8236964E-05
  1453   8.8236979E-05
  1454   8.8236986E-05
  1455   8.8237000E-05
  1456   8.8237015E-05
  1457   8.8237022E-05
  1458   8.8237037E-05
  1459   8.8237051E-05
  1460   8.8237059E-05
  1461   8.8237073E-05
  1462   8.8237088E-05
  1463   8.8237095E-05
  1464   8.8237110E-05
  1465   8.8237124E-05
  1466   8.8237131E-05
  1467   8.8237146E-05
  1468   8.8237161E-05
  1469   8.8237168E-05
  1470   8.8237182E-05
  1471   8.8237197E-05
  1472   8.8237204E-05
  1473   8.8237219E-05
  1474   8.8237233E-05
  1475   8.8237241E-05
  1476   8.8237255E-05
  1477   8.8237270E-05
  1478   8.8237277E-05
  1479   8.8237291E-05
  1480   8.8237306E-05
  1481   8.8237313E-05
  1482   8.8237328E-05
  1483   8.8237342E-05
  1484   8.8237350E-05
  1485   8.8237364E-05
  1486   8.8237379E-05
  1487   8.8237386E-05
  1488   8.8237401E-05
  1489   8.8237415E-05
  1490   8.8237422E-05
  1491   8.8237437E-05
  1492   8.8237452E-05
  1493   8.8237459E-05
  1494   8.8237473E-05
  1495   8.8237488E-05
  1496   8.8237495E-05
  1497   8.8237510E-05
  1498   8.8237524E-05
  1499   8.8237532E-05
  1500   8.8237546E-05
  1501   8.8237561E-05
  1502   8.8237568E-05
  1503   8.8237583E-05
  1504   8.8237597E-05
  1505   8.8237604E-05
  1506   8.8237619E-05
  1507   8.8237626E-05
  1508   8.8237641E-05
  1509   8.8237655E-05
  1510   8.8237663E-05
  1511   8.8237677E-05
  1512   8.8237692E-05
  1513   8.8237699E-05
  1514   8.8237713E-05
  1515   8.8237728E-05
  1516   8.8237735E-05
  1517   8.8237750E-05
  1518   8.8237764E-05
  1519   8.8237772E-05
  1520   8.8237786E-05
  1521   8.8237801E-05
  1522   8.8237808E-05
  1523   8.8237823E-05
  1524   8.8237837E-05
  1525   8.8237844E-05
  1526   8.8237859E-05
  1527   8.8237874E-05
  1528   8.8237881E-05
  1529   8.8237895E-05
  1530   8.8237910E-05
  1531   8.8237917E-05
  1532   8.8237932E-05
  1533   8.8237946E-05
  1534   8.8237954E-05
  1535   8.8237968E-05
  1536   8.8237983E-05
  1537   8.8237990E-05
  1538   8.8238005E-05
  1539   8.8238019E-05
  1540   8.8238026E-05
  1541   8.8238041E-05
  1542   8.8238055E-05
  1543   8.8238063E-05
  1544   8.8238077E-05
  1545   8.8238092E-05
  1546   8.8238099E-05
  1547   8.8238114E-05
  1548   8.8238128E-05
  1549   8.8238136E-05
  1550   8.8238150E-05
  1551   8.8238165E-05
  1552   8.8238172E-05
  1553   8.8238186E-05
  1554   8.8238201E-05
  1555   8.8238208E-05
  1556   8.8238223E-05
  1557   8.8238237E-05
  1558   8.8238245E-05
  1559   8.8238259E-05
  1560   8.8238266E-05
  1561   8.8238281E-05
  1562   8.8238296E-05
  1563   8.8238303E-05
  1564   8.8238317E-05
  1565   8.8238332E-05
  1566   8.8238339E-05
  1567   8.8238354E-05
  1568   8.8238368E-05
  1569   8.8238376E-05
  1570   8.8238390E-05
  1571   8.8238405E-05
  1572   8.8238412E-05
  1573   8.8238427E-05
  1574   8.8238441E-05
  1575   8.8238448E-05
  1576   8.8238463E-05
  1577   8.8238477E-05
  1578   8.8238485E-05
  1579   8.8238499E-05
  1580   8.8238514E-05
  1581   8.8238521E-05
  1582   8.8238536E-05
  1583   8.8238550E-05
  1584   8.8238558E-05
  1585   8.8238572E-05
  1586   8.8238587E-05
  1587   8.8238594E-05
  1588   8.8238608E-05
  1589   8.8238623E-05
  1590   8.8238630E-05
  1591   8.8238645E-05
  1592   8.8238659E-05
  1593   8.8238667E-05
  1594   8.8238681E-05
  1595   8.8238696E-05
  1596   8.8238703E-05
  1597   8.8238718E-05
  1598   8.8238732E-05
  1599   8.8238739E-05
  1600   8.8238754E-05
  1601   8.8238769E-05
  1602   8.8238776E-05
  1603   8.8238790E-05
  1604   8.8238805E-05
  1605   8.8238812E-05
  1606   8.8238827E-05
  1607   8.8238841E-05
  1608   8.8238849E-05
  1609   8.8238863E-05
  1610   8.8238878E-05
  1611   8.8238885E-05
  1612   8.8238899E-05
  1613   8.8238907E-05
  1614   8.8238921E-05
  1615   8.8238936E-05
  1616   8.8238943E-05
  1617   8.8238958E-05
  1618   8.8238972E-05
  1619   8.8238980E-05
  1620   8.8238994E-05
  1621   8.8239009E-05
  1622   8.8239016E-05
  1623   8.8239030E-05
  1624   8.8239045E-05
  1625   8.8239052E-05
  1626   8.8239067E-05
  1627   8.8239081E-05
  1628   8.8239089E-05
  1629   8.8239103E-05
  1630   8.8239118E-05
  1631   8.8239125E-05
  1632   8.8239140E-05
  1633   8.8239154E-05
  1634   8.8239161E-05
  1635   8.8239176E-05
  1636   8.8239191E-05
  1637   8.8239198E-05
  1638   8.8239212E-05
  1639   8.8239227E-05
  1640   8.8239234E-05
  1641   8.8239249E-05
  1642   8.8239263E-05
  1643   8.8239271E-05
  1644   8.8239285E-05
  1645   8.8239300E-05
  1646   8.8239307E-05
  1647   8.8239321E-05
  1648   8.8239336E-05
  1649   8.8239343E-05
  1650   8.8239358E-05
  1651   8.8239372E-05
  1652   8.8239380E-05
  1653   8.8239394E-05
  1654   8.8239409E-05
  1655   8.8239416E-05
  1656   8.8239431E-05
  1657   8.8239445E-05
  1658   8.8239452E-05
  1659   8.8239467E-05
  1660   8.8239482E-05
  1661   8.8239489E-05
  1662   8.8239503E-05
  1663   8.8239518E-05
  1664   8.8239525E-05
  1665   8.8239540E-05
  1666   8.8239547E-05
  1667   8.8239562E-05
  1668   8.8239576E-05
  1669   8.8239583E-05
  1670   8.8239598E-05
  1671   8.8239613E-05
  1672   8.8239620E-05
  1673   8.8239634E-05
  1674   8.8239649E-05
  1675   8.8239656E-05
  1676   8.8239671E-05
  1677   8.8239685E-05
  1678   8.8239693E-05
  1679   8.8239707E-05
  1680   8.8239722E-05
  1681   8.8239729E-05
  1682   8.8239743E-05
  1683   8.8239758E-05
  1684   8.8239765E-05
  1685   8.8239780E-05
  1686   8.8239794E-05
  1687   8.8239802E-05
  1688   8.8239816E-05
  1689   8.8239831E-05
  1690   8.8239838E-05
  1691   8.8239853E-05
  1692   8.8239867E-05
  1693   8.8239874E-05
  1694   8.8239889E-05
  1695   8.8239904E-05
  1696   8.8239911E-05
  1697   8.8239925E-05
  1698   8.8239940E-05
  1699   8.8239947E-05
  1700   8.8239962E-05
  1701   8.8239976E-05
  1702   8.8239984E-05
  1703   8.8239998E-05
  1704   8.8240013E-05
  1705   8.8240020E-05
  1706   8.8240035E-05
  1707   8.8240049E-05
  1708   8.8240056E-05
  1709   8.8240071E-05
  1710   8.8240085E-05
  1711   8.8240093E-05
  1712   8.8240107E-05
  1713   8.8240122E-05
  1714   8.8240129E-05
  1715   8.8240144E-05
  1716   8.8240158E-05
  1717   8.8240165E-05
  1718   8.8240180E-05
  1719   8.8240187E-05
  1720   8.8240202E-05
  1721   8.8240216E-05
  1722   8.8240224E-05
  1723   8.8240238E-05
  1724   8.8240253E-05
  1725   8.8240260E-05
  1726   8.8240275E-05
  1727   8.8240289E-05
  1728   8.8240296E-05
  1729   8.8240311E-05
  1730   8.8240326E-05
  1731   8.8240333E-05
  1732   8.8240347E-05
  1733   8.8240362E-05
  1734   8.8240369E-05
  1735   8.8240384E-05
  1736   8.8240398E-05
  1737   8.8240406E-05
  1738   8.8240420E-05
  1739   8.8240435E-05
  1740   8.8240442E-05
  1741   8.8240457E-05
  1742   8.8240471E-05
  1743   8.8240478E-05
  1744   8.8240493E-05
  1745   8.8240507E-05
  1746   8.8240515E-05
  1747   8.8240529E-05
  1748   8.8240544E-05
  1749   8.8240551E-05
  1750   8.8240566E-05
  1751   8.8240580E-05
  1752   8.8240588E-05
  1753   8.8240602E-05
  1754   8.8240617E-05
  1755   8.8240624E-05
  1756   8.8240638E-05
  1757   8.8240653E-05
  1758   8.8240660E-05
  1759   8.8240675E-05
  1760   8.8240689E-05
  1761   8.8240697E-05
  1762   8.8240711E-05
  1763   8.8240726E-05
  1764   8.8240733E-05
  1765   8.8240748E-05
  1766   8.8240762E-05
  1767   8.8240769E-05
  1768   8.8240784E-05
  1769   8.8240799E-05
  1770   8.8240806E-05
  1771   8.8240820E-05
  1772   8.8240828E-05
  1773   8.8240842E-05
  1774   8.8240857E-05
  1775   8.8240864E-05
  1776   8.8240879E-05
  1777   8.8240893E-05
  1778   8.8240900E-05
  1779   8.8240915E-05
  1780   8.8240929E-05
  1781   8.8240937E-05
  1782   8.8240951E-05
  1783   8.8240966E-05
  1784   8.8240973E-05
  1785   8.8240988E-05
  1786   8.8241002E-05
  1787   8.8241010E-05
  1788   8.8241024E-05
  1789   8.8241039E-05
  1790   8.8241046E-05
  1791   8.8241060E-05
  1792   8.8241075E-05
  1793   8.8241082E-05
  1794   8.8241097E-05
  1795   8.8241111E-05
  1796   8.8241119E-05
  1797   8.8241133E-05
  1798   8.8241148E-05
  1799   8.8241155E-05
  1800   8.8241170E-05
  1801   8.8241184E-05
  1802   8.8241191E-05
  1803   8.8241206E-05
  1804   8.8241221E-05
  1805   8.8241228E-05
  1806   8.8241242E-05
  1807   8.8241257E-05
  1808   8.8241264E-05
  1809   8.8241279E-05
  1810   8.8241293E-05
  1811   8.8241301E-05
  1812   8.8241315E-05
  1813   8.8241330E-05
  1814   8.8241337E-05
  1815   8.8241351E-05
  1816   8.8241366E-05
  1817   8.8241373E-05
  1818   8.8241388E-05
  1819   8.8241402E-05
  1820   8.8241410E-05
  1821   8.8241424E-05
  1822   8.8241439E-05
  1823   8.8241446E-05
  1824   8.8241461E-05
  1825   8.8241475E-05
  1826   8.8241482E-05
  1827   8.8241497E-05
  1828   8.8241504E-05
  1829   8.8241519E-05
  1830   8.8241533E-05
  1831   8.8241541E-05
  1832   8.8241555E-05
  1833   8.8241570E-05
  1834   8.8241577E-05
  1835   8.8241592E-05
  1836   8.8241606E-05
  1837   8.8241613E-05
  1838   8.8241628E-05
  1839   8.8241643E-05
  1840   8.8241650E-05
  1841   8.8241664E-05
  1842   8.8241679E-05
  1843   8.8241686E-05
  1844   8.8241701E-05
  1845   8.8241715E-05
  1846   8.8241723E-05
  1847   8.8241737E-05
  1848   8.8241752E-05
  1849   8.8241759E-05
  1850   8.8241773E-05
  1851   8.8241788E-05
  1852   8.8241795E-05
  1853   8.8241810E-05
  1854   8.8241824E-05
  1855   8.8241832E-05
  1856   8.8241846E-05
  1857   8.8241861E-05
  1858   8.8241868E-05
  1859   8.8241883E-05
  1860   8.8241897E-05
  1861   8.8241904E-05
  1862   8.8241919E-05
  1863   8.8241934E-05
  1864   8.8241941E-05
  1865   8.8241955E-05
  1866   8.8241970E-05
  1867   8.8241977E-05
  1868   8.8241992E-05
  1869   8.8242006E-05
  1870   8.8242014E-05
  1871   8.8242028E-05
  1872   8.8242043E-05
  1873   8.8242050E-05
  1874   8.8242065E-05
  1875   8.8242079E-05
  1876   8.8242086E-05
  1877   8.8242101E-05
  1878   8.8242115E-05
  1879   8.8242123E-05
  1880   8.8242137E-05
  1881   8.8242145E-05
  1882   8.8242159E-05
  1883   8.8242174E-05
  1884   8.8242181E-05
  1885   8.8242195E-05
  1886   8.8242210E-05
  1887   8.8242217E-05
  1888   8.8242232E-05
  1889   8.8242246E-05
  1890   8.8242254E-05
  1891   8.8242268E-05
  1892   8.8242283E-05
  1893   8.8242290E-05
  1894   8.8242305E-05
  1895   8.8242319E-05
  1896   8.8242326E-05
  1897   8.8242341E-05
  1898   8.8242356E-05
  1899   8.8242363E-05
  1900   8.8242377E-05
  1901   8.8242392E-05
  1902   8.8242399E-05
  1903   8.8242414E-05
  1904   8.8242428E-05
  1905   8.8242436E-05
  1906   8.8242450E-05
  1907   8.8242465E-05
  1908   8.8242472E-05
  1909   8.8242487E-05
  1910   8.8242501E-05
  1911   8.8242508E-05
  1912   8.8242523E-05
  1913   8.8242537E-05
  1914   8.8242545E-05
  1915   8.8242559E-05
  1916   8.8242574E-05
  1917   8.8242581E-05
  1918   8.8242596E-05
  1919   8.8242610E-05
  1920   8.8242617E-05
  1921   8.8242632E-05
  1922   8.8242647E-05
  1923   8.8242654E-05
  1924   8.8242668E-05
  1925   8.8242683E-05
  1926   8.8242690E-05
  1927   8.8242705E-05
  1928   8.8242719E-05
  1929   8.8242727E-05
  1930   8.8242741E-05
  1931   8.8242756E-05
  1932   8.8242763E-05
  1933   8.8242778E-05
  1934   8.8242785E-05
  1935   8.8242799E-05
  1936   8.8242814E-05
  1937   8.8242821E-05
  1938   8.8242836E-05
  1939   8.8242850E-05
  1940   8.8242858E-05
  1941   8.8242872E-05
  1942   8.8242887E-05
  1943   8.8242894E-05
  1944   8.8242909E-05
  1945   8.8242923E-05
  1946   8.8242930E-05
  1947   8.8242945E-05
  1948   8.8242959E-05
  1949   8.8242967E-05
  1950   8.8242981E-05
  1951   8.8242996E-05
  1952   8.8243003E-05
  1953   8.8243018E-05
  1954   8.8243032E-05
  1955   8.8243039E-05
  1956   8.8243054E-05
  1957   8.8243069E-05
  1958   8.8243076E-05
  1959   8.8243090E-05
  1960   8.8243105E-05
  1961   8.8243112E-05
  1962   8.8243127E-05
  1963   8.8243141E-05
  1964   8.8243149E-05
  1965   8.8243163E-05
  1966   8.8243178E-05
  1967   8.8243185E-05
  1968   8.8243200E-05
  1969   8.8243214E-05
  1970   8.8243221E-05
  1971   8.8243236E-05
  1972   8.8243251E-05
  1973   8.8243258E-05
  1974   8.8243272E-05
  1975   8.8243287E-05
  1976   8.8243294E-05
  1977   8.8243309E-05
  1978   8.8243323E-05
  1979   8.8243331E-05
  1980   8.8243345E-05
  1981   8.8243360E-05
  1982   8.8243367E-05
  1983   8.8243381E-05
  1984   8.8243396E-05
  1985   8.8243403E-05
  1986   8.8243418E-05
  1987   8.8243432E-05
  1988   8.8243440E-05
  1989   8.8243454E-05
  1990   8.8243462E-05
  1991   8.8243476E-05
  1992   8.8243491E-05
  1993   8.8243498E-05
  1994   8.8243512E-05
  1995   8.8243527E-05
  1996   8.8243534E-05
  1997   8.8243549E-05
  1998   8.8243563E-05
  1999   8.8243571E-05
  2000   8.8243585E-05
  2001   8.8243600E-05
  2002   8.8243607E-05
  2003   8.8243622E-05
  2004   8.8243636E-05
  2005   8.8243643E-05
  2006   8.8243658E-05
  2007   8.8243673E-05
  2008   8.8243680E-05
  2009   8.8243694E-05
  2010   8.8243709E-05
  2011   8.8243716E-05
  2012   8.8243731E-05
  2013   8.8243745E-05
  2014   8.8243753E-05
  2015   8.8243767E-05
  2016   8.8243782E-05
  2017   8.8243789E-05
  2018   8.8243803E-05
  2019   8.8243818E-05
  2020   8.8243825E-05
  2021   8.8243840E-05
  2022   8.8243854E-05
  2023   8.8243862E-05
  2024   8.8243876E-05
  2025   8.8243891E-05
  2026   8.8243898E-05
  2027   8.8243913E-05
  2028   8.8243927E-05
  2029   8.8243934E-05
  2030   8.8243949E-05
  2031   8.8243964E-05
  2032   8.8243971E-05
  2033   8.8243985E-05
  2034   8.8244000E-05
  2035   8.8244007E-05
  2036   8.8244022E-05
  2037   8.8244036E-05
  2038   8.8244044E-05
  2039   8.8244058E-05
  2040   8.8244073E-05
  2041   8.8244080E-05
  2042   8.8244095E-05
  2043   8.8244102E-05
  2044   8.8244116E-05
  2045   8.8244131E-05
  2046   8.8244138E-05
  2047   8.8244153E-05
  2048   8.8244167E-05
  2049   8.8244175E-05
  2050   8.8244189E-05
  2051   8.8244204E-05
  2052   8.8244211E-05
  2053   8.8244225E-05
  2054   8.8244240E-05
  2055   8.8244247E-05
  2056   8.8244262E-05
  2057   8.8244276E-05
  2058   8.8244284E-05
  2059   8.8244298E-05
  2060   8.8244313E-05
  2061   8.8244320E-05
  2062   8.8244335E-05
  2063   8.8244349E-05
  2064   8.8244356E-05
  2065   8.8244371E-05
  2066   8.8244386E-05
  2067   8.8244393E-05
  2068   8.8244407E-05
  2069   8.8244422E-05
  2070   8.8244429E-05
  2071   8.8244444E-05
  2072   8.8244458E-05
  2073   8.8244466E-05
  2074   8.8244480E-05
  2075   8.8244495E-05
  2076   8.8244502E-05
  2077   8.8244517E-05
  2078   8.8244531E-05
  2079   8.8244538E-05
  2080   8.8244553E-05
  2081   8.8244567E-05
  2082   8.8244575E-05
  2083   8.8244589E-05
  2084   8.8244604E-05
  2085   8.8244611E-05
  2086   8.8244626E-05
  2087   8.8244640E-05
  2088   8.8244647E-05
  2089   8.8244662E-05
  2090   8.8244677E-05
  2091   8.8244684E-05
  2092   8.8244698E-05
  2093   8.8244713E-05
  2094   8.8244720E-05
  2095   8.8244735E-05
  2096   8.8244749E-05
  2097   8.8244757E-05
  2098   8.8244771E-05
  2099   8.8244778E-05
  2100   8.8244793E-05
  2101   8.8244808E-05
  2102   8.8244815E-05
  2103   8.8244829E-05
  2104   8.8244844E-05
  2105   8.8244851E-05
  2106   8.8244866E-05
  2107   8.8244880E-05
  2108   8.8244888E-05
  2109   8.8244902E-05
  2110   8.8244917E-05
  2111   8.8244924E-05
  2112   8.8244939E-05
  2113   8.8244953E-05
  2114   8.8244960E-05
  2115   8.8244975E-05
  2116   8.8244989E-05
  2117   8.8244997E-05
  2118   8.8245011E-05
  2119   8.8245026E-05
  2120   8.8245033E-05
  2121   8.8245048E-05
  2122   8.8245062E-05
  2123   8.8245069E-05
  2124   8.8245084E-05
  2125   8.8245099E-05
  2126   8.8245106E-05
  2127   8.8245120E-05
  2128   8.8245135E-05
  2129   8.8245142E-05
  2130   8.8245157E-05
  2131   8.8245171E-05
  2132   8.8245179E-05
  2133   8.8245193E-05
  2134   8.8245208E-05
  2135   8.8245215E-05
  2136   8.8245230E-05
  2137   8.8245244E-05
  2138   8.8245251E-05
  2139   8.8245266E-05
  2140   8.8245280E-05
  2141   8.8245288E-05
  2142   8.8245302E-05
  2143   8.8245317E-05
  2144   8.8245324E-05
  2145   8.8245339E-05
  2146   8.8245353E-05
  2147   8.8245361E-05
  2148   8.8245375E-05
  2149   8.8245390E-05
  2150   8.8245397E-05
  2151   8.8245411E-05
  2152   8.8245426E-05
  2153   8.8245433E-05
  2154   8.8245448E-05
  2155   8.8245455E-05
  2156   8.8245470E-05
  2157   8.8245484E-05
  2158   8.8245491E-05
  2159   8.8245506E-05
  2160   8.8245521E-05
  2161   8.8245528E-05
  2162   8.8245542E-05
  2163   8.8245557E-05
  2164   8.8245564E-05
  2165   8.8245579E-05
  2166   8.8245593E-05
  2167   8.8245601E-05
  2168   8.8245615E-05
  2169   8.8245630E-05
  2170   8.8245637E-05
  2171   8.8245652E-05
  2172   8.8245666E-05
  2173   8.8245673E-05
  2174   8.8245688E-05
  2175   8.8245702E-05
  2176   8.8245710E-05
  2177   8.8245724E-05
  2178   8.8245739E-05
  2179   8.8245746E-05
  2180   8.8245761E-05
  2181   8.8245775E-05
  2182   8.8245783E-05
  2183   8.8245797E-05
  2184   8.8245812E-05
  2185   8.8245819E-05
  2186   8.8245833E-05
  2187   8.8245848E-05
  2188   8.8245855E-05
  2189   8.8245870E-05
  2190   8.8245884E-05
  2191   8.8245892E-05
  2192   8.8245906E-05
  2193   8.8245921E-05
  2194   8.8245928E-05
  2195   8.8245943E-05
  2196   8.8245957E-05
  2197   8.8245964E-05
  2198   8.8245979E-05
  2199   8.8245994E-05
  2200   8.8246001E-05
  2201   8.8246015E-05
  2202   8.8246030E-05
  2203   8.8246037E-05
  2204   8.8246052E-05
  2205   8.8246066E-05
  2206   8.8246074E-05
  2207   8.8246088E-05
  2208   8.8246103E-05
  2209   8.8246110E-05
  2210   8.8246125E-05
  2211   8.8246132E-05
  2212   8.8246146E-05
  2213   8.8246161E-05
  2214   8.8246168E-05
  2215   8.8246183E-05
  2216   8.8246197E-05
  2217   8.8246205E-05
  2218   8.8246219E-05
  2219   8.8246234E-05
  2220   8.8246241E-05
  2221   8.8246255E-05
  2222   8.8246270E-05
  2223   8.8246277E-05
  2224   8.8246292E-05
  2225   8.8246306E-05
  2226   8.8246314E-05
  2227   8.8246328E-05
  2228   8.8246343E-05
  2229   8.8246350E-05
  2230   8.8246365E-05
  2231   8.8246379E-05
  2232   8.8246386E-05
  2233   8.8246401E-05
  2234   8.8246416E-05
  2235   8.8246423E-05
  2236   8.8246437E-05
  2237   8.8246452E-05
  2238   8.8246459E-05
  2239   8.8246474E-05
  2240   8.8246488E-05
  2241   8.8246496E-05
  2242   8.8246510E-05
  2243   8.8246525E-05
  2244   8.8246532E-05
  2245   8.8246547E-05
  2246   8.8246561E-05
  2247   8.8246568E-05
  2248   8.8246583E-05
  2249   8.8246597E-05
  2250   8.8246605E-05
  2251   8.8246619E-05
  2252   8.8246634E-05
  2253   8.8246641E-05
  2254   8.8246656E-05
  2255   8.8246670E-05
  2256   8.8246677E-05
  2257   8.8246692E-05
  2258   8.8246707E-05
  2259   8.8246714E-05
  2260   8.8246728E-05
  2261   8.8246743E-05
  2262   8.8246750E-05
  2263   8.8246765E-05
  2264   8.8246779E-05
  2265   8.8246787E-05
  2266   8.8246801E-05
  2267   8.8246808E-05
  2268   8.8246823E-05
  2269   8.8246838E-05
  2270   8.8246845E-05
  2271   8.8246859E-05
  2272   8.8246874E-05
  2273   8.8246881E-05
  2274   8.8246896E-05
  2275   8.8246910E-05
  2276   8.8246918E-05
  2277   8.8246932E-05
  2278   8.8246947E-05
  2279   8.8246954E-05
  2280   8.8246969E-05
  2281   8.8246983E-05
  2282   8.8246990E-05
  2283   8.8247005E-05
  2284   8.8247019E-05
  2285   8.8247027E-05
  2286   8.8247041E-05
  2287   8.8247056E-05
  2288   8.8247063E-05
  2289   8.8247078E-05
  2290   8.8247092E-05
  2291   8.8247099E-05
  2292   8.8247114E-05
  2293   8.8247129E-05
  2294   8.8247136E-05
  2295   8.8247150E-05
  2296   8.8247165E-05
  2297   8.8247172E-05
  2298   8.8247187E-05
  2299   8.8247201E-05
  2300   8.8247209E-05
  2301   8.8247223E-05
  2302   8.8247238E-05
  2303   8.8247245E-05
  2304   8.8247260E-05
  2305   8.8247274E-05
  2306   8.8247281E-05
  2307   8.8247296E-05
  2308   8.8247310E-05
  2309   8.8247318E-05
  2310   8.8247332E-05
  2311   8.8247347E-05
  2312   8.8247354E-05
  2313   8.8247369E-05
  2314   8.8247383E-05
  2315   8.8247391E-05
  2316   8.8247405E-05
  2317   8.8247420E-05
  2318   8.8247427E-05
  2319   8.8247441E-05
  2320   8.8247456E-05
  2321   8.8247463E-05
  2322   8.8247478E-05
  2323   8.8247485E-05
  2324   8.8247500E-05
  2325   8.8247514E-05
  2326   8.8247521E-05
  2327   8.8247536E-05
  2328   8.8247551E-05
  2329   8.8247558E-05
  2330   8.8247572E-05
  2331   8.8247587E-05
  2332   8.8247594E-05
  2333   8.8247609E-05
  2334   8.8247623E-05
  2335   8.8247631E-05
  2336   8.8247645E-05
  2337   8.8247660E-05
  2338   8.8247667E-05
  2339   8.8247682E-05
  2340   8.8247696E-05
  2341   8.8247703E-05
  2342   8.8247718E-05
  2343   8.8247732E-05
  2344   8.8247740E-05
  2345   8.8247754E-05
  2346   8.8247769E-05
  2347   8.8247776E-05
  2348   8.8247791E-05
  2349   8.8247805E-05
  2350   8.8247813E-05
  2351   8.8247827E-05
  2352   8.8247842E-05
  2353   8.8247849E-05
  2354   8.8247863E-05
  2355   8.8247878E-05
  2356   8.8247885E-05
  2357   8.8247900E-05
  2358   8.8247914E-05
  2359   8.8247922E-05
  2360   8.8247936E-05
  2361   8.8247951E-05
  2362   8.8247958E-05
  2363   8.8247973E-05
  2364   8.8247987E-05
  2365   8.8247994E-05
  2366   8.8248009E-05
  2367   8.8248024E-05
  2368   8.8248031E-05
  2369   8.8248045E-05
  2370   8.8248060E-05
  2371   8.8248067E-05
  2372   8.8248082E-05
  2373   8.8248096E-05
  2374   8.8248104E-05
  2375   8.8248118E-05
  2376   8.8248133E-05
  2377   8.8248140E-05
  2378   8.8248154E-05
  2379   8.8248162E-05
  2380   8.8248176E-05
  2381   8.8248191E-05
  2382   8.8248198E-05
  2383   8.8248213E-05
  2384   8.8248227E-05
  2385   8.8248235E-05
  2386   8.8248249E-05
  2387   8.8248264E-05
  2388   8.8248271E-05
  2389   8.8248285E-05
  2390   8.8248300E-05
  2391   8.8248307E-05
  2392   8.8248322E-05
  2393   8.8248336E-05
  2394   8.8248344E-05
  2395   8.8248358E-05
  2396   8.8248373E-05
  2397   8.8248380E-05
  2398   8.8248395E-05
  2399   8.8248409E-05
  2400   8.8248416E-05
  2401   8.8248431E-05
  2402   8.8248446E-05
  2403   8.8248453E-05
  2404   8.8248467E-05
  2405   8.8248482E-05
  2406   8.8248489E-05
  2407   8.8248504E-05
  2408   8.8248518E-05
  2409   8.8248526E-05
  2410   8.8248540E-05
  2411   8.8248555E-05
  2412   8.8248562E-05
  2413   8.8248577E-05
  2414   8.8248591E-05
  2415   8.8248598E-05
  2416   8.8248613E-05
  2417   8.8248627E-05
  2418   8.8248635E-05
  2419   8.8248649E-05
  2420   8.8248664E-05
  2421   8.8248671E-05
  2422   8.8248686E-05
  2423   8.8248700E-05
  2424   8.8248707E-05
  2425   8.8248722E-05
  2426   8.8248737E-05
  2427   8.8248744E-05
  2428   8.8248758E-05
  2429   8.8248773E-05
  2430   8.8248780E-05
  2431   8.8248795E-05
  2432   8.8248802E-05
  2433   8.8248817E-05
  2434   8.8248831E-05
  2435   8.8248838E-05
  2436   8.8248853E-05
  2437   8.8248868E-05
  2438   8.8248875E-05
  2439   8.8248889E-05
  2440   8.8248904E-05
  2441   8.8248911E-05
  2442   8.8248926E-05
  2443   8.8248940E-05
  2444   8.8248948E-05
  2445   8.8248962E-05
  2446   8.8248977E-05
  2447   8.8248984E-05
  2448   8.8248999E-05
  2449   8.8249013E-05
  2450   8.8249020E-05
  2451   8.8249035E-05
  2452   8.8249049E-05
  2453   8.8249057E-05
  2454   8.8249071E-05
  2455   8.8249086E-05
  2456   8.8249093E-05
  2457   8.8249108E-05
  2458   8.8249122E-05
  2459   8.8249129E-05
  2460   8.8249144E-05
  2461   8.8249159E-05
  2462   8.8249166E-05
  2463   8.8249180E-05
  2464   8.8249195E-05
  2465   8.8249202E-05
  2466   8.8249217E-05
  2467   8.8249231E-05
  2468   8.8249239E-05
  2469   8.8249253E-05
  2470   8.8249268E-05
  2471   8.8249275E-05
  2472   8.8249290E-05
  2473   8.8249304E-05
  2474   8.8249311E-05
  2475   8.8249326E-05
  2476   8.8249340E-05
  2477   8.8249348E-05
  2478   8.8249362E-05
  2479   8.8249377E-05
  2480   8.8249384E-05
  2481   8.8249399E-05
  2482   8.8249413E-05
  2483   8.8249421E-05
  2484   8.8249435E-05
  2485   8.8249450E-05
  2486   8.8249457E-05
  2487   8.8249471E-05
  2488   8.8249479E-05
  2489   8.8249493E-05
  2490   8.8249508E-05
  2491   8.8249515E-05
  2492   8.8249530E-05
  2493   8.8249544E-05
  2494   8.8249551E-05
  2495   8.8249566E-05
  2496   8.8249581E-05
  2497   8.8249588E-05
  2498   8.8249602E-05
  2499   8.8249617E-05
  2500   8.8249624E-05
  2501   8.8249639E-05
  2502   8.8249653E-05
  2503   8.8249661E-05
  2504   8.8249675E-05
  2505   8.8249690E-05
  2506   8.8249697E-05
  2507   8.8249712E-05
  2508   8.8249726E-05
  2509   8.8249733E-05
  2510   8.8249748E-05
  2511   8.8249762E-05
  2512   8.8249770E-05
  2513   8.8249784E-05
  2514   8.8249799E-05
  2515   8.8249806E-05
  2516   8.8249821E-05
  2517   8.8249835E-05
  2518   8.8249843E-05
  2519   8.8249857E-05
  2520   8.8249872E-05
  2521   8.8249879E-05
  2522   8.8249893E-05
  2523   8.8249908E-05
  2524   8.8249915E-05
  2525   8.8249930E-05
  2526   8.8249944E-05
  2527   8.8249952E-05
  2528   8.8249966E-05
  2529   8.8249981E-05
  2530   8.8249988E-05
  2531   8.8250003E-05
  2532   8.8250017E-05
  2533   8.8250024E-05
  2534   8.8250039E-05
  2535   8.8250054E-05
  2536   8.8250061E-05
  2537   8.8250075E-05
  2538   8.8250090E-05
  2539   8.8250097E-05
  2540   8.8250112E-05
  2541   8.8250126E-05
  2542   8.8250134E-05
  2543   8.8250148E-05
  2544   8.8250155E-05
  2545   8.8250170E-05
  2546   8.8250184E-05
  2547   8.8250192E-05
  2548   8.8250206E-05
  2549   8.8250221E-05
  2550   8.8250228E-05
  2551   8.8250243E-05
  2552   8.8250257E-05
  2553   8.8250265E-05
  2554   8.8250279E-05
  2555   8.8250294E-05
  2556   8.8250301E-05
  2557   8.8250315E-05
  2558   8.8250330E-05
  2559   8.8250337E-05
  2560   8.8250352E-05
  2561   8.8250366E-05
  2562   8.8250374E-05
  2563   8.8250388E-05
  2564   8.8250403E-05
  2565   8.8250410E-05
  2566   8.8250425E-05
  2567   8.8250439E-05
  2568   8.8250446E-05
  2569   8.8250461E-05
  2570   8.8250476E-05
  2571   8.8250483E-05
  2572   8.8250497E-05
  2573   8.8250512E-05
  2574   8.8250519E-05
  2575   8.8250534E-05
  2576   8.8250548E-05
  2577   8.8250556E-05
  2578   8.8250570E-05
  2579   8.8250585E-05
  2580   8.8250592E-05
  2581   8.8250606E-05
  2582   8.8250621E-05
  2583   8.8250628E-05
  2584   8.8250643E-05
  2585   8.8250657E-05
  2586   8.8250665E-05
  2587   8.8250679E-05
  2588   8.8250694E-05
  2589   8.8250701E-05
  2590   8.8250716E-05
  2591   8.8250730E-05
  2592   8.8250737E-05
  2593   8.8250752E-05
  2594   8.8250767E-05
  2595   8.8250774E-05
  2596   8.8250788E-05
  2597   8.8250803E-05
  2598   8.8250810E-05
  2599   8.8250825E-05
  2600   8.8250832E-05
  2601   8.8250847E-05
  2602   8.8250861E-05
  2603   8.8250868E-05
  2604   8.8250883E-05
  2605   8.8250898E-05
  2606   8.8250905E-05
  2607   8.8250919E-05
  2608   8.8250934E-05
  2609   8.8250941E-05
  2610   8.8250956E-05
  2611   8.8250970E-05
  2612   8.8250978E-05
  2613   8.8250992E-05
  2614   8.8251007E-05
  2615   8.8251014E-05
  2616   8.8251029E-05
  2617   8.8251043E-05
  2618   8.8251050E-05
  2619   8.8251065E-05
  2620   8.8251079E-05
  2621   8.8251087E-05
  2622   8.8251101E-05
  2623   8.8251116E-05
  2624   8.8251123E-05
  2625   8.8251138E-05
  2626   8.8251152E-05
  2627   8.8251159E-05
  2628   8.8251174E-05
  2629   8.8251189E-05
  2630   8.8251196E-05
  2631   8.8251210E-05
  2632   8.8251225E-05
  2633   8.8251232E-05
  2634   8.8251247E-05
  2635   8.8251261E-05
  2636   8.8251269E-05
  2637   8.8251283E-05
  2638   8.8251298E-05
  2639   8.8251305E-05
  2640   8.8251320E-05
  2641   8.8251334E-05
  2642   8.8251341E-05
  2643   8.8251356E-05
  2644   8.8251370E-05
  2645   8.8251378E-05
  2646   8.8251392E-05
  2647   8.8251407E-05
  2648   8.8251414E-05
  2649   8.8251429E-05
  2650   8.8251443E-05
  2651   8.8251451E-05
  2652   8.8251465E-05
  2653   8.8251480E-05
  2654   8.8251487E-05
  2655   8.8251501E-05
  2656   8.8251509E-05
  2657   8.8251523E-05
  2658   8.8251538E-05
  2659   8.8251545E-05
  2660   8.8251560E-05
  2661   8.8251574E-05
  2662   8.8251581E-05
  2663   8.8251596E-05
  2664   8.8251611E-05
  2665   8.8251618E-05
  2666   8.8251632E-05
  2667   8.8251647E-05
  2668   8.8251654E-05
  2669   8.8251669E-05
  2670   8.8251683E-05
  2671   8.8251691E-05
  2672   8.8251705E-05
  2673   8.8251720E-05
  2674   8.8251727E-05
  2675   8.8251742E-05
  2676   8.8251756E-05
  2677   8.8251763E-05
  2678   8.8251778E-05
  2679   8.8251792E-05
  2680   8.8251800E-05
  2681   8.8251814E-05
  2682   8.8251829E-05
  2683   8.8251836E-05
  2684   8.8251851E-05
  2685   8.8251865E-05
  2686   8.8251873E-05
  2687   8.8251887E-05
  2688   8.8251902E-05
  2689   8.8251909E-05
  2690   8.8251923E-05
  2691   8.8251938E-05
  2692   8.8251945E-05
  2693   8.8251960E-05
  2694   8.8251974E-05
  2695   8.8251982E-05
  2696   8.8251996E-05
  2697   8.8252011E-05
  2698   8.8252018E-05
  2699   8.8252033E-05
  2700   8.8252047E-05
  2701   8.8252054E-05
  2702   8.8252069E-05
  2703   8.8252084E-05
  2704   8.8252091E-05
  2705   8.8252105E-05
  2706   8.8252120E-05
  2707   8.8252127E-05
  2708   8.8252142E-05
  2709   8.8252149E-05
  2710   8.8252164E-05
  2711   8.8252178E-05
  2712   8.8252185E-05
  2713   8.8252200E-05
  2714   8.8252214E-05
  2715   8.8252222E-05
  2716   8.8252236E-05
  2717   8.8252251E-05
  2718   8.8252258E-05
  2719   8.8252273E-05
  2720   8.8252287E-05
  2721   8.8252295E-05
  2722   8.8252309E-05
  2723   8.8252324E-05
  2724   8.8252331E-05
  2725   8.8252345E-05
  2726   8.8252360E-05
  2727   8.8252367E-05
  2728   8.8252382E-05
  2729   8.8252396E-05
  2730   8.8252404E-05
  2731   8.8252418E-05
  2732   8.8252433E-05
  2733   8.8252440E-05
  2734   8.8252455E-05
  2735   8.8252469E-05
  2736   8.8252476E-05
  2737   8.8252491E-05
  2738   8.8252506E-05
  2739   8.8252513E-05
  2740   8.8252527E-05
  2741   8.8252542E-05
  2742   8.8252549E-05
  2743   8.8252564E-05
  2744   8.8252578E-05
  2745   8.8252586E-05
  2746   8.8252600E-05
  2747   8.8252615E-05
  2748   8.8252622E-05
  2749   8.8252636E-05
  2750   8.8252651E-05
  2751   8.8252658E-05
  2752   8.8252673E-05
  2753   8.8252687E-05
  2754   8.8252695E-05
  2755   8.8252709E-05
  2756   8.8252724E-05
  2757   8.8252731E-05
  2758   8.8252746E-05
  2759   8.8252760E-05
  2760   8.8252767E-05
  2761   8.8252782E-05
  2762   8.8252797E-05
  2763   8.8252804E-05
  2764   8.8252818E-05
  2765   8.8252826E-05
  2766   8.8252840E-05
  2767   8.8252855E-05
  2768   8.8252862E-05
  2769   8.8252877E-05
  2770   8.8252891E-05
  2771   8.8252898E-05
  2772   8.8252913E-05
  2773   8.8252928E-05
  2774   8.8252935E-05
  2775   8.8252949E-05
  2776   8.8252964E-05
  2777   8.8252971E-05
  2778   8.8252986E-05
  2779   8.8253000E-05
  2780   8.8253008E-05
  2781   8.8253022E-05
  2782   8.8253037E-05
  2783   8.8253044E-05
  2784   8.8253058E-05
  2785   8.8253073E-05
  2786   8.8253080E-05
  2787   8.8253095E-05
  2788   8.8253109E-05
  2789   8.8253117E-05
  2790   8.8253131E-05
  2791   8.8253146E-05
  2792   8.8253153E-05
  2793   8.8253168E-05
  2794   8.8253182E-05
  2795   8.8253189E-05
  2796   8.8253204E-05
  2797   8.8253219E-05
  2798   8.8253226E-05
  2799   8.8253240E-05
  2800   8.8253255E-05
  2801   8.8253262E-05
  2802   8.8253277E-05
  2803   8.8253291E-05
  2804   8.8253299E-05
  2805   8.8253313E-05
  2806   8.8253328E-05
  2807   8.8253335E-05
  2808   8.8253350E-05
  2809   8.8253364E-05
  2810   8.8253371E-05
  2811   8.8253386E-05
  2812   8.8253400E-05
  2813   8.8253408E-05
  2814   8.8253422E-05
  2815   8.8253437E-05
  2816   8.8253444E-05
  2817   8.8253459E-05
  2818   8.8253466E-05
  2819   8.8253480E-05
  2820   8.8253495E-05
  2821   8.8253502E-05
  2822   8.8253517E-05
  2823   8.8253531E-05
  2824   8.8253539E-05
  2825   8.8253553E-05
  2826   8.8253568E-05
  2827   8.8253575E-05
  2828   8.8253590E-05
  2829   8.8253604E-05
  2830   8.8253611E-05
  2831   8.8253626E-05
  2832   8.8253641E-05
  2833   8.8253648E-05
  2834   8.8253662E-05
  2835   8.8253677E-05
  2836   8.8253684E-05
  2837   8.8253699E-05
  2838   8.8253713E-05
  2839   8.8253721E-05
  2840   8.8253735E-05
  2841   8.8253750E-05
  2842   8.8253757E-05
  2843   8.8253772E-05
  2844   8.8253786E-05
  2845   8.8253793E-05
  2846   8.8253808E-05
  2847   8.8253822E-05
  2848   8.8253830E-05
  2849   8.8253844E-05
  2850   8.8253859E-05
  2851   8.8253866E-05
  2852   8.8253881E-05
  2853   8.8253895E-05
  2854   8.8253903E-05
  2855   8.8253917E-05
  2856   8.8253932E-05
  2857   8.8253939E-05
  2858   8.8253953E-05
  2859   8.8253968E-05
  2860   8.8253975E-05
  2861   8.8253990E-05
  2862   8.8254004E-05
  2863   8.8254012E-05
  2864   8.8254026E-05
  2865   8.8254041E-05
  2866   8.8254048E-05
  2867   8.8254063E-05
  2868   8.8254077E-05
  2869   8.8254084E-05
  2870   8.8254099E-05
  2871   8.8254114E-05
  2872   8.8254121E-05
  2873   8.8254135E-05
  2874   8.8254143E-05
  2875   8.8254157E-05
  2876   8.8254172E-05
  2877   8.8254179E-05
  2878   8.8254194E-05
  2879   8.8254208E-05
  2880   8.8254215E-05
  2881   8.8254230E-05
  2882   8.8254244E-05
  2883   8.8254252E-05
  2884   8.8254266E-05
  2885   8.8254281E-05
  2886   8.8254288E-05
  2887   8.8254303E-05
  2888   8.8254317E-05
  2889   8.8254325E-05
  2890   8.8254339E-05
  2891   8.8254354E-05
  2892   8.8254361E-05
  2893   8.8254375E-05
  2894   8.8254390E-05
  2895   8.8254397E-05
  2896   8.8254412E-05
  2897   8.8254426E-05
  2898   8.8254434E-05
  2899   8.8254448E-05
  2900   8.8254463E-05
  2901   8.8254470E-05
  2902   8.8254485E-05
  2903   8.8254499E-05
  2904   8.8254506E-05
  2905   8.8254521E-05
  2906   8.8254536E-05
  2907   8.8254543E-05
  2908   8.8254557E-05
  2909   8.8254572E-05
  2910   8.8254579E-05
  2911   8.8254594E-05
  2912   8.8254608E-05
  2913   8.8254616E-05
  2914   8.8254630E-05
  2915   8.8254645E-05
  2916   8.8254652E-05
  2917   8.8254666E-05
  2918   8.8254681E-05
  2919   8.8254688E-05
  2920   8.8254703E-05
  2921   8.8254717E-05
  2922   8.8254725E-05
  2923   8.8254739E-05
  2924   8.8254754E-05
  2925   8.8254761E-05
  2926   8.8254776E-05
  2927   8.8254783E-05
  2928   8.8254797E-05
  2929   8.8254812E-05
  2930   8.8254819E-05
  2931   8.8254834E-05
  2932   8.8254848E-05
  2933   8.8254856E-05
  2934   8.8254870E-05
  2935   8.8254885E-05
  2936   8.8254892E-05
  2937   8.8254907E-05
  2938   8.8254921E-05
  2939   8.8254928E-05
  2940   8.8254943E-05
  2941   8.8254958E-05
  2942   8.8254965E-05
  2943   8.8254979E-05
  2944   8.8254994E-05
  2945   8.8255001E-05
  2946   8.8255016E-05
  2947   8.8255030E-05
  2948   8.8255038E-05
  2949   8.8255052E-05
  2950   8.8255067E-05
  2951   8.8255074E-05
  2952   8.8255088E-05
  2953   8.8255103E-05
  2954   8.8255110E-05
  2955   8.8255125E-05
  2956   8.8255139E-05
  2957   8.8255147E-05
  2958   8.8255161E-05
  2959   8.8255176E-05
  2960   8.8255183E-05
  2961   8.8255198E-05
  2962   8.8255212E-05
  2963   8.8255219E-05
  2964   8.8255234E-05
  2965   8.8255249E-05
  2966   8.8255256E-05
  2967   8.8255270E-05
  2968   8.8255285E-05
  2969   8.8255292E-05
  2970   8.8255307E-05
  2971   8.8255321E-05
  2972   8.8255329E-05
  2973   8.8255343E-05
  2974   8.8255358E-05
  2975   8.8255365E-05
  2976   8.8255380E-05
  2977   8.8255394E-05
  2978   8.8255401E-05
  2979   8.8255416E-05
  2980   8.8255423E-05
  2981   8.8255438E-05
  2982   8.8255452E-05
  2983   8.8255460E-05
  2984   8.8255474E-05
  2985   8.8255489E-05
  2986   8.8255496E-05
  2987   8.8255510E-05
  2988   8.8255525E-05
  2989   8.8255532E-05
  2990   8.8255547E-05
  2991   8.8255561E-05
  2992   8.8255569E-05
  2993   8.8255583E-05
  2994   8.8255598E-05
  2995   8.8255605E-05
  2996   8.8255620E-05
  2997   8.8255634E-05
  2998   8.8255641E-05
  2999   8.8255656E-05
  3000   8.8255671E-05
  3001   8.8255678E-05
  3002   8.8255692E-05
  3003   8.8255707E-05
  3004   8.8255714E-05
  3005   8.8255729E-05
  3006   8.8255743E-05
  3007   8.8255751E-05
  3008   8.8255765E-05
  3009   8.8255780E-05
  3010   8.8255787E-05
  3011   8.8255802E-05
  3012   8.8255816E-05
  3013   8.8255823E-05
  3014   8.8255838E-05
  3015   8.8255852E-05
  3016   8.8255860E-05
  3017   8.8255874E-05
  3018   8.8255889E-05
  3019   8.8255896E-05
  3020   8.8255911E-05
  3021   8.8255925E-05
  3022   8.8255932E-05
  3023   8.8255947E-05
  3024   8.8255962E-05
  3025   8.8255969E-05
  3026   8.8255983E-05
  3027   8.8255998E-05
  3028   8.8256005E-05
  3029   8.8256020E-05
  3030   8.8256034E-05
  3031   8.8256042E-05
  3032   8.8256056E-05
  3033   8.8256071E-05
  3034   8.8256078E-05
  3035   8.8256093E-05
  3036   8.8256100E-05
  3037   8.8256114E-05
  3038   8.8256129E-05
  3039   8.8256136E-05
  3040   8.8256151E-05
  3041   8.8256165E-05
  3042   8.8256173E-05
  3043   8.8256187E-05
  3044   8.8256202E-05
  3045   8.8256209E-05
  3046   8.8256224E-05
  3047   8.8256238E-05
  3048   8.8256245E-05
  3049   8.8256260E-05
  3050   8.8256274E-05
  3051   8.8256282E-05
  3052   8.8256296E-05
  3053   8.8256311E-05
  3054   8.8256318E-05
  3055   8.8256333E-05
  3056   8.8256347E-05
  3057   8.8256355E-05
  3058   8.8256369E-05
  3059   8.8256384E-05
  3060   8.8256391E-05
  3061   8.8256405E-05
  3062   8.8256420E-05
  3063   8.8256427E-05
  3064   8.8256442E-05
  3065   8.8256456E-05
  3066   8.8256464E-05
  3067   8.8256478E-05
  3068   8.8256493E-05
  3069   8.8256500E-05
  3070   8.8256515E-05
  3071   8.8256529E-05
  3072   8.8256536E-05
  3073   8.8256551E-05
  3074   8.8256566E-05
  3075   8.8256573E-05
  3076   8.8256587E-05
  3077   8.8256602E-05
  3078   8.8256609E-05
  3079   8.8256624E-05
  3080   8.8256638E-05
  3081   8.8256646E-05
  3082   8.8256660E-05
  3083   8.8256675E-05
  3084   8.8256682E-05
  3085   8.8256696E-05
  3086   8.8256711E-05
  3087   8.8256718E-05
  3088   8.8256733E-05
  3089   8.8256740E-05
  3090   8.8256755E-05
  3091   8.8256769E-05
  3092   8.8256777E-05
  3093   8.8256791E-05
  3094   8.8256806E-05
  3095   8.8256813E-05
  3096   8.8256827E-05
  3097   8.8256842E-05
  3098   8.8256849E-05
  3099   8.8256864E-05
  3100   8.8256878E-05
  3101   8.8256886E-05
  3102   8.8256900E-05
  3103   8.8256915E-05
  3104   8.8256922E-05
  3105   8.8256937E-05
  3106   8.8256951E-05
  3107   8.8256958E-05
  3108   8.8256973E-05
  3109   8.8256988E-05
  3110   8.8256995E-05
  3111   8.8257009E-05
  3112   8.8257024E-05
  3113   8.8257031E-05
  3114   8.8257046E-05
  3115   8.8257060E-05
  3116   8.8257068E-05
  3117   8.8257082E-05
  3118   8.8257097E-05
  3119   8.8257104E-05
  3120   8.8257118E-05
  3121   8.8257133E-05
  3122   8.8257140E-05
  3123   8.8257155E-05
  3124   8.8257169E-05
  3125   8.8257177E-05
  3126   8.8257191E-05
  3127   8.8257206E-05
  3128   8.8257213E-05
  3129   8.8257228E-05
  3130   8.8257242E-05
  3131   8.8257249E-05
  3132   8.8257264E-05
  3133   8.8257279E-05
  3134   8.8257286E-05
  3135   8.8257300E-05
  3136   8.8257315E-05
  3137   8.8257322E-05
  3138   8.8257337E-05
  3139   8.8257351E-05
  3140   8.8257359E-05
  3141   8.8257373E-05
  3142   8.8257380E-05
  3143   8.8257395E-05
  3144   8.8257410E-05
  3145   8.8257417E-05
  3146   8.8257431E-05
  3147   8.8257446E-05
  3148   8.8257453E-05
  3149   8.8257468E-05
  3150   8.8257482E-05
  3151   8.8257490E-05
  3152   8.8257504E-05
  3153   8.8257519E-05
  3154   8.8257526E-05
  3155   8.8257540E-05
  3156   8.8257555E-05
  3157   8.8257562E-05
  3158   8.8257577E-05
  3159   8.8257591E-05
  3160   8.8257599E-05
  3161   8.8257613E-05
  3162   8.8257628E-05
  3163   8.8257635E-05
  3164   8.8257650E-05
  3165   8.8257664E-05
  3166   8.8257671E-05
  3167   8.8257686E-05
  3168   8.8257701E-05
  3169   8.8257708E-05
  3170   8.8257722E-05
  3171   8.8257737E-05
  3172   8.8257744E-05
  3173   8.8257759E-05
  3174   8.8257773E-05
  3175   8.8257781E-05
  3176   8.8257795E-05
  3177   8.8257810E-05
  3178   8.8257817E-05
  3179   8.8257832E-05
  3180   8.8257846E-05
  3181   8.8257853E-05
  3182   8.8257868E-05
  3183   8.8257882E-05
  3184   8.8257890E-05
  3185   8.8257904E-05
  3186   8.8257919E-05
  3187   8.8257926E-05
  3188   8.8257941E-05
  3189   8.8257955E-05
  3190   8.8257962E-05
  3191   8.8257977E-05
  3192   8.8257992E-05
  3193   8.8257999E-05
  3194   8.8258013E-05
  3195   8.8258021E-05
  3196   8.8258035E-05
  3197   8.8258050E-05
  3198   8.8258057E-05
  3199   8.8258072E-05
  3200   8.8258086E-05
  3201   8.8258093E-05
  3202   8.8258108E-05
  3203   8.8258123E-05
  3204   8.8258130E-05
  3205   8.8258144E-05
  3206   8.8258159E-05
  3207   8.8258166E-05
  3208   8.8258181E-05
  3209   8.8258195E-05
  3210   8.8258203E-05
  3211   8.8258217E-05
  3212   8.8258232E-05
  3213   8.8258239E-05
  3214   8.8258254E-05
  3215   8.8258268E-05
  3216   8.8258275E-05
  3217   8.8258290E-05
  3218   8.8258304E-05
  3219   8.8258312E-05
  3220   8.8258326E-05
  3221   8.8258341E-05
  3222   8.8258348E-05
  3223   8.8258363E-05
  3224   8.8258377E-05
  3225   8.8258384E-05
  3226   8.8258399E-05
  3227   8.8258414E-05
  3228   8.8258421E-05
  3229   8.8258435E-05
  3230   8.8258450E-05
  3231   8.8258457E-05
  3232   8.8258472E-05
  3233   8.8258486E-05
  3234   8.8258494E-05
  3235   8.8258508E-05
  3236   8.8258523E-05
  3237   8.8258530E-05
  3238   8.8258545E-05
  3239   8.8258559E-05
  3240   8.8258566E-05
  3241   8.8258581E-05
  3242   8.8258595E-05
  3243   8.8258603E-05
  3244   8.8258617E-05
  3245   8.8258632E-05
  3246   8.8258639E-05
  3247   8.8258654E-05
  3248   8.8258661E-05
  3249   8.8258676E-05
  3250   8.8258690E-05
  3251   8.8258697E-05
  3252   8.8258712E-05
  3253   8.8258726E-05
  3254   8.8258734E-05
  3255   8.8258748E-05
  3256   8.8258763E-05
  3257   8.8258770E-05
  3258   8.8258785E-05
  3259   8.8258799E-05
  3260   8.8258806E-05
  3261   8.8258821E-05
  3262   8.8258836E-05
  3263   8.8258843E-05
  3264   8.8258857E-05
  3265   8.8258872E-05
  3266   8.8258879E-05
  3267   8.8258894E-05
  3268   8.8258908E-05
  3269   8.8258916E-05
  3270   8.8258930E-05
  3271   8.8258945E-05
  3272   8.8258952E-05
  3273   8.8258967E-05
  3274   8.8258981E-05
  3275   8.8258988E-05
  3276   8.8259003E-05
  3277   8.8259018E-05
  3278   8.8259025E-05
  3279   8.8259039E-05
  3280   8.8259054E-05
  3281   8.8259061E-05
  3282   8.8259076E-05
  3283   8.8259090E-05
  3284   8.8259098E-05
  3285   8.8259112E-05
  3286   8.8259127E-05
  3287   8.8259134E-05
  3288   8.8259148E-05
  3289   8.8259163E-05
  3290   8.8259170E-05
  3291   8.8259185E-05
  3292   8.8259199E-05
  3293   8.8259207E-05
  3294   8.8259221E-05
  3295   8.8259236E-05
  3296   8.8259243E-05
  3297   8.8259258E-05
  3298   8.8259272E-05
  3299   8.8259279E-05
  3300   8.8259294E-05
  3301   8.8259301E-05
  3302   8.8259316E-05
  3303   8.8259330E-05
  3304   8.8259338E-05
  3305   8.8259352E-05
  3306   8.8259367E-05
  3307   8.8259374E-05
  3308   8.8259389E-05
  3309   8.8259403E-05
  3310   8.8259410E-05
  3311   8.8259425E-05
  3312   8.8259440E-05
  3313   8.8259447E-05
  3314   8.8259461E-05
  3315   8.8259476E-05
  3316   8.8259483E-05
  3317   8.8259498E-05
  3318   8.8259512E-05
  3319   8.8259520E-05
  3320   8.8259534E-05
  3321   8.8259549E-05
  3322   8.8259556E-05
  3323   8.8259570E-05
  3324   8.8259585E-05
  3325   8.8259592E-05
  3326   8.8259607E-05
  3327   8.8259621E-05
  3328   8.8259629E-05
  3329   8.8259643E-05
  3330   8.8259658E-05
  3331   8.8259665E-05
  3332   8.8259680E-05
  3333   8.8259694E-05
  3334   8.8259701E-05
  3335   8.8259716E-05
  3336   8.8259731E-05
  3337   8.8259738E-05
  3338   8.8259752E-05
  3339   8.8259767E-05
  3340   8.8259774E-05
  3341   8.8259789E-05
  3342   8.8259803E-05
  3343   8.8259811E-05
  3344   8.8259825E-05
  3345   8.8259840E-05
  3346   8.8259847E-05
  3347   8.8259862E-05
  3348   8.8259876E-05
  3349   8.8259883E-05
  3350   8.8259898E-05
  3351   8.8259912E-05
  3352   8.8259920E-05
  3353   8.8259934E-05
  3354   8.8259942E-05
  3355   8.8259956E-05
  3356   8.8259971E-05
  3357   8.8259978E-05
  3358   8.8259992E-05
  3359   8.8260007E-05
  3360   8.8260014E-05
  3361   8.8260029E-05
  3362   8.8260043E-05
  3363   8.8260051E-05
  3364   8.8260065E-05
  3365   8.8260080E-05
  3366   8.8260087E-05
  3367   8.8260102E-05
  3368   8.8260116E-05
  3369   8.8260123E-05
  3370   8.8260138E-05
  3371   8.8260153E-05
  3372   8.8260160E-05
  3373   8.8260174E-05
  3374   8.8260189E-05
  3375   8.8260196E-05
  3376   8.8260211E-05
  3377   8.8260225E-05
  3378   8.8260233E-05
  3379   8.8260247E-05
  3380   8.8260262E-05
  3381   8.8260269E-05
  3382   8.8260284E-05
  3383   8.8260298E-05
  3384   8.8260305E-05
  3385   8.8260320E-05
  3386   8.8260334E-05
  3387   8.8260342E-05
  3388   8.8260356E-05
  3389   8.8260371E-05
  3390   8.8260378E-05
  3391   8.8260393E-05
  3392   8.8260407E-05
  3393   8.8260414E-05
  3394   8.8260429E-05
  3395   8.8260444E-05
  3396   8.8260451E-05
  3397   8.8260465E-05
  3398   8.8260480E-05
  3399   8.8260487E-05
  3400   8.8260502E-05
  3401   8.8260516E-05
  3402   8.8260524E-05
  3403   8.8260538E-05
  3404   8.8260553E-05
  3405   8.8260560E-05
  3406   8.8260575E-05
  3407   8.8260582E-05
  3408   8.8260596E-05
  3409   8.8260611E-05
  3410   8.8260618E-05
  3411   8.8260633E-05
  3412   8.8260647E-05
  3413   8.8260655E-05
  3414   8.8260669E-05
  3415   8.8260684E-05
  3416   8.8260691E-05
  3417   8.8260706E-05
  3418   8.8260720E-05
  3419   8.8260727E-05
  3420   8.8260742E-05
  3421   8.8260756E-05
  3422   8.8260764E-05
  3423   8.8260778E-05
  3424   8.8260793E-05
  3425   8.8260800E-05
  3426   8.8260815E-05
  3427   8.8260829E-05
  3428   8.8260836E-05
  3429   8.8260851E-05
  3430   8.8260866E-05
  3431   8.8260873E-05
  3432   8.8260887E-05
  3433   8.8260902E-05
  3434   8.8260909E-05
  3435   8.8260924E-05
  3436   8.8260938E-05
  3437   8.8260946E-05
  3438   8.8260960E-05
  3439   8.8260975E-05
  3440   8.8260982E-05
  3441   8.8260997E-05
  3442   8.8261011E-05
  3443   8.8261018E-05
  3444   8.8261033E-05
  3445   8.8261047E-05
  3446   8.8261055E-05
  3447   8.8261069E-05
  3448   8.8261084E-05
  3449   8.8261091E-05
  3450   8.8261106E-05
  3451   8.8261120E-05
  3452   8.8261128E-05
  3453   8.8261142E-05
  3454   8.8261157E-05
  3455   8.8261164E-05
  3456   8.8261178E-05
  3457   8.8261193E-05
  3458   8.8261200E-05
  3459   8.8261215E-05
  3460   8.8261222E-05
  3461   8.8261237E-05
  3462   8.8261251E-05
  3463   8.8261258E-05
  3464   8.8261273E-05
  3465   8.8261288E-05
  3466   8.8261295E-05
  3467   8.8261309E-05
  3468   8.8261324E-05
  3469   8.8261331E-05
  3470   8.8261346E-05
  3471   8.8261360E-05
  3472   8.8261368E-05
  3473   8.8261382E-05
  3474   8.8261397E-05
  3475   8.8261404E-05
  3476   8.8261419E-05
  3477   8.8261433E-05
  3478   8.8261440E-05
  3479   8.8261455E-05
  3480   8.8261470E-05
  3481   8.8261477E-05
  3482   8.8261491E-05
  3483   8.8261506E-05
  3484   8.8261513E-05
  3485   8.8261528E-05
  3486   8.8261542E-05
  3487   8.8261550E-05
  3488   8.8261564E-05
  3489   8.8261579E-05
  3490   8.8261586E-05
  3491   8.8261600E-05
  3492   8.8261615E-05
  3493   8.8261622E-05
  3494   8.8261637E-05
  3495   8.8261651E-05
  3496   8.8261659E-05
  3497   8.8261673E-05
  3498   8.8261688E-05
  3499   8.8261695E-05
  3500   8.8261710E-05
  3501   8.8261724E-05
  3502   8.8261731E-05
  3503   8.8261746E-05
  3504   8.8261761E-05
  3505   8.8261768E-05
  3506   8.8261782E-05
  3507   8.8261797E-05
  3508   8.8261804E-05
  3509   8.8261819E-05
  3510   8.8261826E-05
  3511   8.8261841E-05
  3512   8.8261855E-05
  3513   8.8261862E-05
  3514   8.8261877E-05
  3515   8.8261892E-05
  3516   8.8261899E-05
  3517   8.8261913E-05
  3518   8.8261928E-05
  3519   8.8261935E-05
  3520   8.8261950E-05
  3521   8.8261964E-05
  3522   8.8261972E-05
  3523   8.8261986E-05
  3524   8.8262001E-05
  3525   8.8262008E-05
  3526   8.8262022E-05
  3527   8.8262037E-05
  3528   8.8262044E-05
  3529   8.8262059E-05
  3530   8.8262073E-05
  3531   8.8262081E-05
  3532   8.8262095E-05
  3533   8.8262110E-05
  3534   8.8262117E-05
  3535   8.8262132E-05
  3536   8.8262146E-05
  3537   8.8262153E-05
  3538   8.8262168E-05
  3539   8.8262183E-05
  3540   8.8262190E-05
  3541   8.8262204E-05
  3542   8.8262219E-05
  3543   8.8262226E-05
  3544   8.8262241E-05
  3545   8.8262255E-05
  3546   8.8262263E-05
  3547   8.8262277E-05
  3548   8.8262292E-05
  3549   8.8262299E-05
  3550   8.8262314E-05
  3551   8.8262328E-05
  3552   8.8262335E-05
  3553   8.8262350E-05
  3554   8.8262364E-05
  3555   8.8262372E-05
  3556   8.8262386E-05
  3557   8.8262401E-05
  3558   8.8262408E-05
  3559   8.8262423E-05
  3560   8.8262437E-05
  3561   8.8262444E-05
  3562   8.8262459E-05
  3563   8.8262466E-05
  3564   8.8262481E-05
  3565   8.8262495E-05
  3566   8.8262503E-05
  3567   8.8262517E-05
  3568   8.8262532E-05
  3569   8.8262539E-05
  3570   8.8262554E-05
  3571   8.8262568E-05
  3572   8.8262575E-05
  3573   8.8262590E-05
  3574   8.8262605E-05
  3575   8.8262612E-05
  3576   8.8262626E-05
  3577   8.8262641E-05
  3578   8.8262648E-05
  3579   8.8262663E-05
  3580   8.8262677E-05
  3581   8.8262685E-05
  3582   8.8262699E-05
  3583   8.8262714E-05
  3584   8.8262721E-05
  3585   8.8262736E-05
  3586   8.8262750E-05
  3587   8.8262757E-05
  3588   8.8262772E-05
  3589   8.8262786E-05
  3590   8.8262794E-05
  3591   8.8262808E-05
  3592   8.8262823E-05
  3593   8.8262830E-05
  3594   8.8262845E-05
  3595   8.8262859E-05
  3596   8.8262866E-05
  3597   8.8262881E-05
  3598   8.8262896E-05
  3599   8.8262903E-05
  3600   8.8262917E-05
  3601   8.8262932E-05
  3602   8.8262939E-05
  3603   8.8262954E-05
  3604   8.8262968E-05
  3605   8.8262976E-05
  3606   8.8262990E-05
  3607   8.8263005E-05
  3608   8.8263012E-05
  3609   8.8263027E-05
  3610   8.8263041E-05
  3611   8.8263048E-05
  3612   8.8263063E-05
  3613   8.8263077E-05
  3614   8.8263085E-05
  3615   8.8263099E-05
  3616   8.8263107E-05
  3617   8.8263121E-05
  3618   8.8263136E-05
  3619   8.8263143E-05
  3620   8.8263158E-05
  3621   8.8263172E-05
  3622   8.8263179E-05
  3623   8.8263194E-05
  3624   8.8263208E-05
  3625   8.8263216E-05
  3626   8.8263230E-05
  3627   8.8263245E-05
  3628   8.8263252E-05
  3629   8.8263267E-05
  3630   8.8263281E-05
  3631   8.8263288E-05
  3632   8.8263303E-05
  3633   8.8263318E-05
  3634   8.8263325E-05
  3635   8.8263339E-05
  3636   8.8263354E-05
  3637   8.8263361E-05
  3638   8.8263376E-05
  3639   8.8263390E-05
  3640   8.8263398E-05
  3641   8.8263412E-05
  3642   8.8263427E-05
  3643   8.8263434E-05
  3644   8.8263449E-05
  3645   8.8263463E-05
  3646   8.8263470E-05
  3647   8.8263485E-05
  3648   8.8263499E-05
  3649   8.8263507E-05
  3650   8.8263521E-05
  3651   8.8263536E-05
  3652   8.8263543E-05
  3653   8.8263558E-05
  3654   8.8263572E-05
  3655   8.8263580E-05
  3656   8.8263594E-05
  3657   8.8263609E-05
  3658   8.8263616E-05
  3659   8.8263630E-05
  3660   8.8263645E-05
  3661   8.8263652E-05
  3662   8.8263667E-05
  3663   8.8263681E-05
  3664   8.8263689E-05
  3665   8.8263703E-05
  3666   8.8263718E-05
  3667   8.8263725E-05
  3668   8.8263740E-05
  3669   8.8263747E-05
  3670   8.8263761E-05
  3671   8.8263776E-05
  3672   8.8263783E-05
  3673   8.8263798E-05
  3674   8.8263812E-05
  3675   8.8263820E-05
  3676   8.8263834E-05
  3677   8.8263849E-05
  3678   8.8263856E-05
  3679   8.8263871E-05
  3680   8.8263885E-05
  3681   8.8263892E-05
  3682   8.8263907E-05
  3683   8.8263921E-05
  3684   8.8263929E-05
  3685   8.8263943E-05
  3686   8.8263958E-05
  3687   8.8263965E-05
  3688   8.8263980E-05
  3689   8.8263994E-05
  3690   8.8264002E-05
  3691   8.8264016E-05
  3692   8.8264031E-05
  3693   8.8264038E-05
  3694   8.8264052E-05
  3695   8.8264067E-05
  3696   8.8264074E-05
  3697   8.8264089E-05
  3698   8.8264103E-05
  3699   8.8264111E-05
  3700   8.8264125E-05
  3701   8.8264140E-05
  3702   8.8264147E-05
  3703   8.8264162E-05
  3704   8.8264176E-05
  3705   8.8264183E-05
  3706   8.8264198E-05
  3707   8.8264213E-05
  3708   8.8264220E-05
  3709   8.8264234E-05
  3710   8.8264249E-05
  3711   8.8264256E-05
  3712   8.8264271E-05
  3713   8.8264285E-05
  3714   8.8264293E-05
  3715   8.8264307E-05
  3716   8.8264322E-05
  3717   8.8264329E-05
  3718   8.8264344E-05
  3719   8.8264351E-05
  3720   8.8264365E-05
  3721   8.8264380E-05
  3722   8.8264387E-05
  3723   8.8264402E-05
  3724   8.8264416E-05
  3725   8.8264424E-05
  3726   8.8264438E-05
  3727   8.8264453E-05
  3728   8.8264460E-05
  3729   8.8264474E-05
  3730   8.8264489E-05
  3731   8.8264496E-05
  3732   8.8264511E-05
  3733   8.8264525E-05
  3734   8.8264533E-05
  3735   8.8264547E-05
  3736   8.8264562E-05
  3737   8.8264569E-05
  3738   8.8264584E-05
  3739   8.8264598E-05
  3740   8.8264605E-05
  3741   8.8264620E-05
  3742   8.8264635E-05
  3743   8.8264642E-05
  3744   8.8264656E-05
  3745   8.8264671E-05
  3746   8.8264678E-05
  3747   8.8264693E-05
  3748   8.8264707E-05
  3749   8.8264715E-05
  3750   8.8264729E-05
  3751   8.8264744E-05
  3752   8.8264751E-05
  3753   8.8264766E-05
  3754   8.8264780E-05
  3755   8.8264787E-05
  3756   8.8264802E-05
  3757   8.8264816E-05
  3758   8.8264824E-05
  3759   8.8264838E-05
  3760   8.8264853E-05
  3761   8.8264860E-05
  3762   8.8264875E-05
  3763   8.8264889E-05
  3764   8.8264896E-05
  3765   8.8264911E-05
  3766   8.8264926E-05
  3767   8.8264933E-05
  3768   8.8264947E-05
  3769   8.8264962E-05
  3770   8.8264969E-05
  3771   8.8264984E-05
  3772   8.8264991E-05
  3773   8.8265006E-05
  3774   8.8265020E-05
  3775   8.8265027E-05
  3776   8.8265042E-05
  3777   8.8265057E-05
  3778   8.8265064E-05
  3779   8.8265078E-05
  3780   8.8265093E-05
  3781   8.8265100E-05
  3782   8.8265115E-05
  3783   8.8265129E-05
  3784   8.8265137E-05
  3785   8.8265151E-05
  3786   8.8265166E-05
  3787   8.8265173E-05
  3788   8.8265188E-05
  3789   8.8265202E-05
  3790   8.8265209E-05
  3791   8.8265224E-05
  3792   8.8265238E-05
  3793   8.8265246E-05
  3794   8.8265260E-05
  3795   8.8265275E-05
  3796   8.8265282E-05
  3797   8.8265297E-05
  3798   8.8265311E-05
  3799   8.8265318E-05
  3800   8.8265333E-05
  3801   8.8265348E-05
  3802   8.8265355E-05
  3803   8.8265369E-05
  3804   8.8265384E-05
  3805   8.8265391E-05
  3806   8.8265406E-05
  3807   8.8265420E-05
  3808   8.8265428E-05
  3809   8.8265442E-05
  3810   8.8265457E-05
  3811   8.8265464E-05
  3812   8.8265479E-05
  3813   8.8265493E-05
  3814   8.8265500E-05
  3815   8.8265515E-05
  3816   8.8265529E-05
  3817   8.8265537E-05
  3818   8.8265551E-05
  3819   8.8265566E-05
  3820   8.8265573E-05
  3821   8.8265588E-05
  3822   8.8265595E-05
  3823   8.8265610E-05
  3824   8.8265624E-05
  3825   8.8265631E-05
  3826   8.8265646E-05
  3827   8.8265660E-05
  3828   8.8265668E-05
  3829   8.8265682E-05
  3830   8.8265697E-05
  3831   8.8265704E-05
  3832   8.8265719E-05
  3833   8.8265733E-05
  3834   8.8265740E-05
  3835   8.8265755E-05
  3836   8.8265770E-05
  3837   8.8265777E-05
  3838   8.8265791E-05
  3839   8.8265806E-05
  3840   8.8265813E-05
  3841   8.8265828E-05
  3842   8.8265842E-05
  3843   8.8265850E-05
  3844   8.8265864E-05
  3845   8.8265879E-05
  3846   8.8265886E-05
  3847   8.8265901E-05
  3848   8.8265915E-05
  3849   8.8265922E-05
  3850   8.8265937E-05
  3851   8.8265951E-05
  3852   8.8265959E-05
  3853   8.8265973E-05
  3854   8.8265988E-05
  3855   8.8265995E-05
  3856   8.8266010E-05
  3857   8.8266024E-05
  3858   8.8266032E-05
  3859   8.8266046E-05
  3860   8.8266061E-05
  3861   8.8266068E-05
  3862   8.8266082E-05
  3863   8.8266097E-05
  3864   8.8266104E-05
  3865   8.8266119E-05
  3866   8.8266133E-05
  3867   8.8266141E-05
  3868   8.8266155E-05
  3869   8.8266170E-05
  3870   8.8266177E-05
  3871   8.8266192E-05
  3872   8.8266206E-05
  3873   8.8266213E-05
  3874   8.8266228E-05
  3875   8.8266235E-05
  3876   8.8266250E-05
  3877   8.8266264E-05
  3878   8.8266272E-05
  3879   8.8266286E-05
  3880   8.8266301E-05
  3881   8.8266308E-05
  3882   8.8266323E-05
  3883   8.8266337E-05
  3884   8.8266344E-05
  3885   8.8266359E-05
  3886   8.8266373E-05
  3887   8.8266381E-05
  3888   8.8266395E-05
  3889   8.8266410E-05
  3890   8.8266417E-05
  3891   8.8266432E-05
  3892   8.8266446E-05
  3893   8.8266454E-05
  3894   8.8266468E-05
  3895   8.8266483E-05
  3896   8.8266490E-05
  3897   8.8266504E-05
  3898   8.8266519E-05
  3899   8.8266526E-05
  3900   8.8266541E-05
  3901   8.8266555E-05
  3902   8.8266563E-05
  3903   8.8266577E-05
  3904   8.8266592E-05
  3905   8.8266599E-05
  3906   8.8266614E-05
  3907   8.8266628E-05
  3908   8.8266635E-05
  3909   8.8266650E-05
  3910   8.8266665E-05
  3911   8.8266672E-05
  3912   8.8266686E-05
  3913   8.8266701E-05
  3914   8.8266708E-05
  3915   8.8266723E-05
  3916   8.8266737E-05
  3917   8.8266745E-05
  3918   8.8266759E-05
  3919   8.8266774E-05
  3920   8.8266781E-05
  3921   8.8266796E-05
  3922   8.8266810E-05
  3923   8.8266817E-05
  3924   8.8266832E-05
  3925   8.8266839E-05
  3926   8.8266854E-05
  3927   8.8266868E-05
  3928   8.8266876E-05
  3929   8.8266890E-05
  3930   8.8266905E-05
  3931   8.8266912E-05
  3932   8.8266926E-05
  3933   8.8266941E-05
  3934   8.8266948E-05
  3935   8.8266963E-05
  3936   8.8266977E-05
  3937   8.8266985E-05
  3938   8.8266999E-05
  3939   8.8267014E-05
  3940   8.8267021E-05
  3941   8.8267036E-05
  3942   8.8267050E-05
  3943   8.8267057E-05
  3944   8.8267072E-05
  3945   8.8267087E-05
  3946   8.8267094E-05
  3947   8.8267108E-05
  3948   8.8267123E-05
  3949   8.8267130E-05
  3950   8.8267145E-05
  3951   8.8267159E-05
  3952   8.8267167E-05
  3953   8.8267181E-05
  3954   8.8267196E-05
  3955   8.8267203E-05
  3956   8.8267218E-05
  3957   8.8267232E-05
  3958   8.8267239E-05
  3959   8.8267254E-05
  3960   8.8267268E-05
  3961   8.8267276E-05
  3962   8.8267290E-05
  3963   8.8267305E-05
  3964   8.8267312E-05
  3965   8.8267327E-05
  3966   8.8267341E-05
  3967   8.8267348E-05
  3968   8.8267363E-05
  3969   8.8267378E-05
  3970   8.8267385E-05
  3971   8.8267399E-05
  3972   8.8267414E-05
  3973   8.8267421E-05
  3974   8.8267436E-05
  3975   8.8267450E-05
  3976   8.8267458E-05
  3977   8.8267472E-05
  3978   8.8267479E-05
  3979   8.8267494E-05
  3980   8.8267509E-05
  3981   8.8267516E-05
  3982   8.8267530E-05
  3983   8.8267545E-05
  3984   8.8267552E-05
  3985   8.8267567E-05
  3986   8.8267581E-05
  3987   8.8267589E-05
  3988   8.8267603E-05
  3989   8.8267618E-05
  3990   8.8267625E-05
  3991   8.8267640E-05
  3992   8.8267654E-05
  3993   8.8267661E-05
  3994   8.8267676E-05
  3995   8.8267690E-05
  3996   8.8267698E-05
  3997   8.8267712E-05
  3998   8.8267727E-05
  3999   8.8267734E-05
  4000   8.8267749E-05
  4001   8.8267763E-05
  4002   8.8267770E-05
  4003   8.8267785E-05
  4004   8.8267800E-05
  4005   8.8267807E-05
  4006   8.8267821E-05
  4007   8.8267836E-05
  4008   8.8267843E-05
  4009   8.8267858E-05
  4010   8.8267872E-05
  4011   8.8267880E-05
  4012   8.8267894E-05
  4013   8.8267909E-05
  4014   8.8267916E-05
  4015   8.8267931E-05
  4016   8.8267945E-05
  4017   8.8267952E-05
  4018   8.8267967E-05
  4019   8.8267981E-05
  4020   8.8267989E-05
  4021   8.8268003E-05
  4022   8.8268018E-05
  4023   8.8268025E-05
  4024   8.8268040E-05
  4025   8.8268054E-05
  4026   8.8268062E-05
  4027   8.8268076E-05
  4028   8.8268083E-05
  4029   8.8268098E-05
  4030   8.8268112E-05
  4031   8.8268120E-05
  4032   8.8268134E-05
  4033   8.8268149E-05
  4034   8.8268156E-05
  4035   8.8268171E-05
  4036   8.8268185E-05
  4037   8.8268192E-05
  4038   8.8268207E-05
  4039   8.8268222E-05
  4040   8.8268229E-05
  4041   8.8268243E-05
  4042   8.8268258E-05
  4043   8.8268265E-05
  4044   8.8268280E-05
  4045   8.8268294E-05
  4046   8.8268302E-05
  4047   8.8268316E-05
  4048   8.8268331E-05
  4049   8.8268338E-05
  4050   8.8268353E-05
  4051   8.8268367E-05
  4052   8.8268374E-05
  4053   8.8268389E-05
  4054   8.8268403E-05
  4055   8.8268411E-05
  4056   8.8268425E-05
  4057   8.8268440E-05
  4058   8.8268447E-05
  4059   8.8268462E-05
  4060   8.8268476E-05
  4061   8.8268484E-05
  4062   8.8268498E-05
  4063   8.8268513E-05
  4064   8.8268520E-05
  4065   8.8268534E-05
  4066   8.8268549E-05
  4067   8.8268556E-05
  4068   8.8268571E-05
  4069   8.8268585E-05
  4070   8.8268593E-05
  4071   8.8268607E-05
  4072   8.8268622E-05
  4073   8.8268629E-05
  4074   8.8268644E-05
  4075   8.8268658E-05
  4076   8.8268665E-05
  4077   8.8268680E-05
  4078   8.8268695E-05
  4079   8.8268702E-05
  4080   8.8268716E-05
  4081   8.8268724E-05
  4082   8.8268738E-05
  4083   8.8268753E-05
  4084   8.8268760E-05
  4085   8.8268775E-05
  4086   8.8268789E-05
  4087   8.8268796E-05
  4088   8.8268811E-05
  4089   8.8268825E-05
  4090   8.8268833E-05
  4091   8.8268847E-05
  4092   8.8268862E-05
  4093   8.8268869E-05
  4094   8.8268884E-05
  4095   8.8268898E-05
  4096   8.8268906E-05
  4097   8.8268920E-05
  4098   8.8268935E-05
  4099   8.8268942E-05
  4100   8.8268956E-05
  4101   8.8268971E-05
  4102   8.8268978E-05
  4103   8.8268993E-05
  4104   8.8269007E-05
  4105   8.8269015E-05
  4106   8.8269029E-05
  4107   8.8269044E-05
  4108   8.8269051E-05
  4109   8.8269066E-05
  4110   8.8269080E-05
  4111   8.8269087E-05
  4112   8.8269102E-05
  4113   8.8269117E-05
  4114   8.8269124E-05
  4115   8.8269138E-05
  4116   8.8269153E-05
  4117   8.8269160E-05
  4118   8.8269175E-05
  4119   8.8269189E-05
  4120   8.8269197E-05
  4121   8.8269211E-05
  4122   8.8269226E-05
  4123   8.8269233E-05
  4124   8.8269247E-05
  4125   8.8269262E-05
  4126   8.8269269E-05
  4127   8.8269284E-05
  4128   8.8269298E-05
  4129   8.8269306E-05
  4130   8.8269320E-05
  4131   8.8269328E-05
  4132   8.8269342E-05
  4133   8.8269357E-05
  4134   8.8269364E-05
  4135   8.8269378E-05
  4136   8.8269393E-05
  4137   8.8269400E-05
  4138   8.8269415E-05
  4139   8.8269429E-05
  4140   8.8269437E-05
  4141   8.8269451E-05
  4142   8.8269466E-05
  4143   8.8269473E-05
  4144   8.8269488E-05
  4145   8.8269502E-05
  4146   8.8269509E-05
  4147   8.8269524E-05
  4148   8.8269539E-05
  4149   8.8269546E-05
  4150   8.8269560E-05
  4151   8.8269575E-05
  4152   8.8269582E-05
  4153   8.8269597E-05
  4154   8.8269611E-05
  4155   8.8269619E-05
  4156   8.8269633E-05
  4157   8.8269648E-05
  4158   8.8269655E-05
  4159   8.8269670E-05
  4160   8.8269684E-05
  4161   8.8269691E-05
  4162   8.8269706E-05
  4163   8.8269720E-05
  4164   8.8269728E-05
  4165   8.8269742E-05
  4166   8.8269757E-05
  4167   8.8269764E-05
  4168   8.8269779E-05
  4169   8.8269793E-05
  4170   8.8269800E-05
  4171   8.8269815E-05
  4172   8.8269830E-05
  4173   8.8269837E-05
  4174   8.8269851E-05
  4175   8.8269866E-05
  4176   8.8269873E-05
  4177   8.8269888E-05
  4178   8.8269902E-05
  4179   8.8269910E-05
  4180   8.8269924E-05
  4181   8.8269931E-05
  4182   8.8269946E-05
  4183   8.8269961E-05
  4184   8.8269968E-05
  4185   8.8269982E-05
  4186   8.8269997E-05
  4187   8.8270004E-05
  4188   8.8270019E-05
  4189   8.8270033E-05
  4190   8.8270041E-05
  4191   8.8270055E-05
  4192   8.8270070E-05
  4193   8.8270077E-05
  4194   8.8270092E-05
  4195   8.8270106E-05
  4196   8.8270113E-05
  4197   8.8270128E-05
  4198   8.8270142E-05
  4199   8.8270150E-05
  4200   8.8270164E-05
  4201   8.8270179E-05
  4202   8.8270186E-05
  4203   8.8270201E-05
  4204   8.8270215E-05
  4205   8.8270222E-05
  4206   8.8270237E-05
  4207   8.8270252E-05
  4208   8.8270259E-05
  4209   8.8270273E-05
  4210   8.8270288E-05
  4211   8.8270295E-05
  4212   8.8270310E-05
  4213   8.8270324E-05
  4214   8.8270332E-05
  4215   8.8270346E-05
  4216   8.8270361E-05
  4217   8.8270368E-05
  4218   8.8270383E-05
  4219   8.8270397E-05
  4220   8.8270404E-05
  4221   8.8270419E-05
  4222   8.8270433E-05
  4223   8.8270441E-05
  4224   8.8270455E-05
  4225   8.8270470E-05
  4226   8.8270477E-05
  4227   8.8270492E-05
  4228   8.8270506E-05
  4229   8.8270514E-05
  4230   8.8270528E-05
  4231   8.8270543E-05
  4232   8.8270550E-05
  4233   8.8270564E-05
  4234   8.8270572E-05
  4235   8.8270586E-05
  4236   8.8270601E-05
  4237   8.8270608E-05
  4238   8.8270623E-05
  4239   8.8270637E-05
  4240   8.8270644E-05
  4241   8.8270659E-05
  4242   8.8270674E-05
  4243   8.8270681E-05
  4244   8.8270695E-05
  4245   8.8270710E-05
  4246   8.8270717E-05
  4247   8.8270732E-05
  4248   8.8270746E-05
  4249   8.8270754E-05
  4250   8.8270768E-05
  4251   8.8270783E-05
  4252   8.8270790E-05
  4253   8.8270805E-05
  4254   8.8270819E-05
  4255   8.8270826E-05
  4256   8.8270841E-05
  4257   8.8270855E-05
  4258   8.8270863E-05
  4259   8.8270877E-05
  4260   8.8270892E-05
  4261   8.8270899E-05
  4262   8.8270914E-05
  4263   8.8270928E-05
  4264   8.8270936E-05
  4265   8.8270950E-05
  4266   8.8270965E-05
  4267   8.8270972E-05
  4268   8.8270986E-05
  4269   8.8271001E-05
  4270   8.8271008E-05
  4271   8.8271023E-05
  4272   8.8271037E-05
  4273   8.8271045E-05
  4274   8.8271059E-05
  4275   8.8271074E-05
  4276   8.8271081E-05
  4277   8.8271096E-05
  4278   8.8271110E-05
  4279   8.8271117E-05
  4280   8.8271132E-05
  4281   8.8271147E-05
  4282   8.8271154E-05
  4283   8.8271168E-05
  4284   8.8271176E-05
  4285   8.8271190E-05
  4286   8.8271205E-05
  4287   8.8271212E-05
  4288   8.8271227E-05
  4289   8.8271241E-05
  4290   8.8271248E-05
  4291   8.8271263E-05
  4292   8.8271277E-05
  4293   8.8271285E-05
  4294   8.8271299E-05
  4295   8.8271314E-05
  4296   8.8271321E-05
  4297   8.8271336E-05
  4298   8.8271350E-05
  4299   8.8271358E-05
  4300   8.8271372E-05
  4301   8.8271387E-05
  4302   8.8271394E-05
  4303   8.8271408E-05
  4304   8.8271423E-05
  4305   8.8271430E-05
  4306   8.8271445E-05
  4307   8.8271459E-05
  4308   8.8271467E-05
  4309   8.8271481E-05
  4310   8.8271496E-05
  4311   8.8271503E-05
  4312   8.8271518E-05
  4313   8.8271532E-05
  4314   8.8271539E-05
  4315   8.8271554E-05
  4316   8.8271569E-05
  4317   8.8271576E-05
  4318   8.8271590E-05
  4319   8.8271605E-05
  4320   8.8271612E-05
  4321   8.8271627E-05
  4322   8.8271641E-05
  4323   8.8271649E-05
  4324   8.8271663E-05
  4325   8.8271678E-05
  4326   8.8271685E-05
  4327   8.8271699E-05
  4328   8.8271714E-05
  4329   8.8271721E-05
  4330   8.8271736E-05
  4331   8.8271750E-05
  4332   8.8271758E-05
  4333   8.8271772E-05
  4334   8.8271780E-05
  4335   8.8271794E-05
  4336   8.8271809E-05
  4337   8.8271816E-05
  4338   8.8271830E-05
  4339   8.8271845E-05
  4340   8.8271852E-05
  4341   8.8271867E-05
  4342   8.8271881E-05
  4343   8.8271889E-05
  4344   8.8271903E-05
  4345   8.8271918E-05
  4346   8.8271925E-05
  4347   8.8271940E-05
  4348   8.8271954E-05
  4349   8.8271961E-05
  4350   8.8271976E-05
  4351   8.8271991E-05
  4352   8.8271998E-05
  4353   8.8272012E-05
  4354   8.8272027E-05
  4355   8.8272034E-05
  4356   8.8272049E-05
  4357   8.8272063E-05
  4358   8.8272071E-05
  4359   8.8272085E-05
  4360   8.8272100E-05
  4361   8.8272107E-05
  4362   8.8272122E-05
  4363   8.8272136E-05
  4364   8.8272143E-05
  4365   8.8272158E-05
  4366   8.8272172E-05
  4367   8.8272180E-05
  4368   8.8272194E-05
  4369   8.8272209E-05
  4370   8.8272216E-05
  4371   8.8272231E-05
  4372   8.8272245E-05
  4373   8.8272252E-05
  4374   8.8272267E-05
  4375   8.8272282E-05
  4376   8.8272289E-05
  4377   8.8272303E-05
  4378   8.8272318E-05
  4379   8.8272325E-05
  4380   8.8272340E-05
  4381   8.8272354E-05
  4382   8.8272362E-05
  4383   8.8272376E-05
  4384   8.8272391E-05
  4385   8.8272398E-05
  4386   8.8272413E-05
  4387   8.8272420E-05
  4388   8.8272434E-05
  4389   8.8272449E-05
  4390   8.8272456E-05
  4391   8.8272471E-05
  4392   8.8272485E-05
  4393   8.8272493E-05
  4394   8.8272507E-05
  4395   8.8272522E-05
  4396   8.8272529E-05
  4397   8.8272544E-05
  4398   8.8272558E-05
  4399   8.8272565E-05
  4400   8.8272580E-05
  4401   8.8272594E-05
  4402   8.8272602E-05
  4403   8.8272616E-05
  4404   8.8272631E-05
  4405   8.8272638E-05
  4406   8.8272653E-05
  4407   8.8272667E-05
  4408   8.8272674E-05
  4409   8.8272689E-05
  4410   8.8272704E-05
  4411   8.8272711E-05
  4412   8.8272725E-05
  4413   8.8272740E-05
  4414   8.8272747E-05
  4415   8.8272762E-05
  4416   8.8272776E-05
  4417   8.8272784E-05
  4418   8.8272798E-05
  4419   8.8272813E-05
  4420   8.8272820E-05
  4421   8.8272835E-05
  4422   8.8272849E-05
  4423   8.8272856E-05
  4424   8.8272871E-05
  4425   8.8272885E-05
  4426   8.8272893E-05
  4427   8.8272907E-05
  4428   8.8272922E-05
  4429   8.8272929E-05
  4430   8.8272944E-05
  4431   8.8272958E-05
  4432   8.8272966E-05
  4433   8.8272980E-05
  4434   8.8272995E-05
  4435   8.8273002E-05
  4436   8.8273016E-05
  4437   8.8273024E-05
  4438   8.8273038E-05
  4439   8.8273053E-05
  4440   8.8273060E-05
  4441   8.8273075E-05
  4442   8.8273089E-05
  4443   8.8273096E-05
  4444   8.8273111E-05
  4445   8.8273126E-05
  4446   8.8273133E-05
  4447   8.8273147E-05
  4448   8.8273162E-05
  4449   8.8273169E-05
  4450   8.8273184E-05
  4451   8.8273198E-05
  4452   8.8273206E-05
  4453   8.8273220E-05
  4454   8.8273235E-05
  4455   8.8273242E-05
  4456   8.8273257E-05
  4457   8.8273271E-05
  4458   8.8273278E-05
  4459   8.8273293E-05
  4460   8.8273307E-05
  4461   8.8273315E-05
  4462   8.8273329E-05
  4463   8.8273344E-05
  4464   8.8273351E-05
  4465   8.8273366E-05
  4466   8.8273380E-05
  4467   8.8273388E-05
  4468   8.8273402E-05
  4469   8.8273417E-05
  4470   8.8273424E-05
  4471   8.8273438E-05
  4472   8.8273453E-05
  4473   8.8273460E-05
  4474   8.8273475E-05
  4475   8.8273489E-05
  4476   8.8273497E-05
  4477   8.8273511E-05
  4478   8.8273526E-05
  4479   8.8273533E-05
  4480   8.8273548E-05
  4481   8.8273562E-05
  4482   8.8273569E-05
  4483   8.8273584E-05
  4484   8.8273599E-05
  4485   8.8273606E-05
  4486   8.8273620E-05
  4487   8.8273628E-05
  4488   8.8273642E-05
  4489   8.8273657E-05
  4490   8.8273664E-05
  4491   8.8273679E-05
  4492   8.8273693E-05
  4493   8.8273700E-05
  4494   8.8273715E-05
  4495   8.8273729E-05
  4496   8.8273737E-05
  4497   8.8273751E-05
  4498   8.8273766E-05
  4499   8.8273773E-05
  4500   8.8273788E-05
  4501   8.8273802E-05
  4502   8.8273810E-05
  4503   8.8273824E-05
  4504   8.8273839E-05
  4505   8.8273846E-05
  4506   8.8273860E-05
  4507   8.8273875E-05
  4508   8.8273882E-05
  4509   8.8273897E-05
  4510   8.8273911E-05
  4511   8.8273919E-05
  4512   8.8273933E-05
  4513   8.8273948E-05
  4514   8.8273955E-05
  4515   8.8273970E-05
  4516   8.8273984E-05
  4517   8.8273991E-05
  4518   8.8274006E-05
  4519   8.8274021E-05
  4520   8.8274028E-05
  4521   8.8274042E-05
  4522   8.8274057E-05
  4523   8.8274064E-05
  4524   8.8274079E-05
  4525   8.8274093E-05
  4526   8.8274101E-05
  4527   8.8274115E-05
  4528   8.8274130E-05
  4529   8.8274137E-05
  4530   8.8274151E-05
  4531   8.8274166E-05
  4532   8.8274173E-05
  4533   8.8274188E-05
  4534   8.8274202E-05
  4535   8.8274210E-05
  4536   8.8274224E-05
  4537   8.8274232E-05
  4538   8.8274246E-05
  4539   8.8274261E-05
  4540   8.8274268E-05
  4541   8.8274282E-05
  4542   8.8274297E-05
  4543   8.8274304E-05
  4544   8.8274319E-05
  4545   8.8274333E-05
  4546   8.8274341E-05
  4547   8.8274355E-05
  4548   8.8274370E-05
  4549   8.8274377E-05
  4550   8.8274392E-05
  4551   8.8274406E-05
  4552   8.8274413E-05
  4553   8.8274428E-05
  4554   8.8274443E-05
  4555   8.8274450E-05
  4556   8.8274464E-05
  4557   8.8274479E-05
  4558   8.8274486E-05
  4559   8.8274501E-05
  4560   8.8274515E-05
  4561   8.8274523E-05
  4562   8.8274537E-05
  4563   8.8274552E-05
  4564   8.8274559E-05
  4565   8.8274573E-05
  4566   8.8274588E-05
  4567   8.8274595E-05
  4568   8.8274610E-05
  4569   8.8274624E-05
  4570   8.8274632E-05
  4571   8.8274646E-05
  4572   8.8274661E-05
  4573   8.8274668E-05
  4574   8.8274683E-05
  4575   8.8274697E-05
  4576   8.8274704E-05
  4577   8.8274719E-05
  4578   8.8274734E-05
  4579   8.8274741E-05
  4580   8.8274755E-05
  4581   8.8274770E-05
  4582   8.8274777E-05
  4583   8.8274792E-05
  4584   8.8274806E-05
  4585   8.8274814E-05
  4586   8.8274828E-05
  4587   8.8274835E-05
  4588   8.8274850E-05
  4589   8.8274865E-05
  4590   8.8274872E-05
  4591   8.8274886E-05
  4592   8.8274901E-05
  4593   8.8274908E-05
  4594   8.8274923E-05
  4595   8.8274937E-05
  4596   8.8274945E-05
  4597   8.8274959E-05
  4598   8.8274974E-05
  4599   8.8274981E-05
  4600   8.8274996E-05
  4601   8.8275010E-05
  4602   8.8275017E-05
  4603   8.8275032E-05
  4604   8.8275046E-05
  4605   8.8275054E-05
  4606   8.8275068E-05
  4607   8.8275083E-05
  4608   8.8275090E-05
  4609   8.8275105E-05
  4610   8.8275119E-05
  4611   8.8275126E-05
  4612   8.8275141E-05
  4613   8.8275156E-05
  4614   8.8275163E-05
  4615   8.8275177E-05
  4616   8.8275192E-05
  4617   8.8275199E-05
  4618   8.8275214E-05
  4619   8.8275228E-05
  4620   8.8275236E-05
  4621   8.8275250E-05
  4622   8.8275265E-05
  4623   8.8275272E-05
  4624   8.8275287E-05
  4625   8.8275301E-05
  4626   8.8275308E-05
  4627   8.8275323E-05
  4628   8.8275337E-05
  4629   8.8275345E-05
  4630   8.8275359E-05
  4631   8.8275374E-05
  4632   8.8275381E-05
  4633   8.8275396E-05
  4634   8.8275410E-05
  4635   8.8275418E-05
  4636   8.8275432E-05
  4637   8.8275447E-05
  4638   8.8275454E-05
  4639   8.8275468E-05
  4640   8.8275476E-05
  4641   8.8275490E-05
  4642   8.8275505E-05
  4643   8.8275512E-05
  4644   8.8275527E-05
  4645   8.8275541E-05
  4646   8.8275548E-05
  4647   8.8275563E-05
  4648   8.8275578E-05
  4649   8.8275585E-05
  4650   8.8275599E-05
  4651   8.8275614E-05
  4652   8.8275621E-05
  4653   8.8275636E-05
  4654   8.8275650E-05
  4655   8.8275658E-05
  4656   8.8275672E-05
  4657   8.8275687E-05
  4658   8.8275694E-05
  4659   8.8275709E-05
  4660   8.8275723E-05
  4661   8.8275730E-05
  4662   8.8275745E-05
  4663   8.8275759E-05
  4664   8.8275767E-05
  4665   8.8275781E-05
  4666   8.8275796E-05
  4667   8.8275803E-05
  4668   8.8275818E-05
  4669   8.8275832E-05
  4670   8.8275840E-05
  4671   8.8275854E-05
  4672   8.8275869E-05
  4673   8.8275876E-05
  4674   8.8275890E-05
  4675   8.8275905E-05
  4676   8.8275912E-05
  4677   8.8275927E-05
  4678   8.8275941E-05
  4679   8.8275949E-05
  4680   8.8275963E-05
  4681   8.8275978E-05
  4682   8.8275985E-05
  4683   8.8276000E-05
  4684   8.8276014E-05
  4685   8.8276021E-05
  4686   8.8276036E-05
  4687   8.8276051E-05
  4688   8.8276058E-05
  4689   8.8276072E-05
  4690   8.8276080E-05
  4691   8.8276094E-05
  4692   8.8276109E-05
  4693   8.8276116E-05
  4694   8.8276131E-05
  4695   8.8276145E-05
  4696   8.8276152E-05
  4697   8.8276167E-05
  4698   8.8276181E-05
  4699   8.8276189E-05
  4700   8.8276203E-05
  4701   8.8276218E-05
  4702   8.8276225E-05
  4703   8.8276240E-05
  4704   8.8276254E-05
  4705   8.8276262E-05
  4706   8.8276276E-05
  4707   8.8276291E-05
  4708   8.8276298E-05
  4709   8.8276312E-05
  4710   8.8276327E-05
  4711   8.8276334E-05
  4712   8.8276349E-05
  4713   8.8276363E-05
  4714   8.8276371E-05
  4715   8.8276385E-05
  4716   8.8276400E-05
  4717   8.8276407E-05
  4718   8.8276422E-05
  4719   8.8276436E-05
  4720   8.8276443E-05
  4721   8.8276458E-05
  4722   8.8276473E-05
  4723   8.8276480E-05
  4724   8.8276494E-05
  4725   8.8276509E-05
  4726   8.8276516E-05
  4727   8.8276531E-05
  4728   8.8276545E-05
  4729   8.8276553E-05
  4730   8.8276567E-05
  4731   8.8276582E-05
  4732   8.8276589E-05
  4733   8.8276603E-05
  4734   8.8276618E-05
  4735   8.8276625E-05
  4736   8.8276640E-05
  4737   8.8276654E-05
  4738   8.8276662E-05
  4739   8.8276676E-05
  4740   8.8276684E-05
  4741   8.8276698E-05
  4742   8.8276713E-05
  4743   8.8276720E-05
  4744   8.8276734E-05
  4745   8.8276749E-05
  4746   8.8276756E-05
  4747   8.8276771E-05
  4748   8.8276785E-05
  4749   8.8276793E-05
  4750   8.8276807E-05
  4751   8.8276822E-05
  4752   8.8276829E-05
  4753   8.8276844E-05
  4754   8.8276858E-05
  4755   8.8276865E-05
  4756   8.8276880E-05
  4757   8.8276895E-05
  4758   8.8276902E-05
  4759   8.8276916E-05
  4760   8.8276931E-05
  4761   8.8276938E-05
  4762   8.8276953E-05
  4763   8.8276967E-05
  4764   8.8276975E-05
  4765   8.8276989E-05
  4766   8.8277004E-05
  4767   8.8277011E-05
  4768   8.8277025E-05
  4769   8.8277040E-05
  4770   8.8277047E-05
  4771   8.8277062E-05
  4772   8.8277076E-05
  4773   8.8277084E-05
  4774   8.8277098E-05
  4775   8.8277113E-05
  4776   8.8277120E-05
  4777   8.8277135E-05
  4778   8.8277149E-05
  4779   8.8277156E-05
  4780   8.8277171E-05
  4781   8.8277186E-05
  4782   8.8277193E-05
  4783   8.8277207E-05
  4784   8.8277222E-05
  4785   8.8277229E-05
  4786   8.8277244E-05
  4787   8.8277258E-05
  4788   8.8277266E-05
  4789   8.8277280E-05
  4790   8.8277287E-05
  4791   8.8277302E-05
  4792   8.8277317E-05
  4793   8.8277324E-05
  4794   8.8277338E-05
  4795   8.8277353E-05
  4796   8.8277360E-05
  4797   8.8277375E-05
  4798   8.8277389E-05
  4799   8.8277397E-05
  4800   8.8277411E-05
  4801   8.8277426E-05
  4802   8.8277433E-05
  4803   8.8277448E-05
  4804   8.8277462E-05
  4805   8.8277469E-05
  4806   8.8277484E-05
  4807   8.8277498E-05
  4808   8.8277506E-05
  4809   8.8277520E-05
  4810   8.8277535E-05
  4811   8.8277542E-05
  4812   8.8277557E-05
  4813   8.8277571E-05
  4814   8.8277578E-05
  4815   8.8277593E-05
  4816   8.8277608E-05
  4817   8.8277615E-05
  4818   8.8277629E-05
  4819   8.8277644E-05
  4820   8.8277651E-05
  4821   8.8277666E-05
  4822   8.8277680E-05
  4823   8.8277688E-05
  4824   8.8277702E-05
  4825   8.8277717E-05
  4826   8.8277724E-05
  4827   8.8277739E-05
  4828   8.8277753E-05
  4829   8.8277760E-05
  4830   8.8277775E-05
  4831   8.8277789E-05
  4832   8.8277797E-05
  4833   8.8277811E-05
  4834   8.8277826E-05
  4835   8.8277833E-05
  4836   8.8277848E-05
  4837   8.8277862E-05
  4838   8.8277870E-05
  4839   8.8277884E-05
  4840   8.8277891E-05
  4841   8.8277906E-05
  4842   8.8277920E-05
  4843   8.8277928E-05
  4844   8.8277942E-05
  4845   8.8277957E-05
  4846   8.8277964E-05
  4847   8.8277979E-05
  4848   8.8277993E-05
  4849   8.8278000E-05
  4850   8.8278015E-05
  4851   8.8278030E-05
  4852   8.8278037E-05
  4853   8.8278051E-05
  4854   8.8278066E-05
  4855   8.8278073E-05
  4856   8.8278088E-05
  4857   8.8278102E-05
  4858   8.8278110E-05
  4859   8.8278124E-05
  4860   8.8278139E-05
  4861   8.8278146E-05
  4862   8.8278161E-05
  4863   8.8278175E-05
  4864   8.8278182E-05
  4865   8.8278197E-05
  4866   8.8278211E-05
  4867   8.8278219E-05
  4868   8.8278233E-05
  4869   8.8278248E-05
  4870   8.8278255E-05
  4871   8.8278270E-05
  4872   8.8278284E-05
  4873   8.8278292E-05
  4874   8.8278306E-05
  4875   8.8278321E-05
  4876   8.8278328E-05
  4877   8.8278342E-05
  4878   8.8278357E-05
  4879   8.8278364E-05
  4880   8.8278379E-05
  4881   8.8278393E-05
  4882   8.8278401E-05
  4883   8.8278415E-05
  4884   8.8278430E-05
  4885   8.8278437E-05
  4886   8.8278452E-05
  4887   8.8278466E-05
  4888   8.8278473E-05
  4889   8.8278488E-05
  4890   8.8278495E-05
  4891   8.8278510E-05
  4892   8.8278524E-05
  4893   8.8278532E-05
  4894   8.8278546E-05
  4895   8.8278561E-05
  4896   8.8278568E-05
  4897   8.8278583E-05
  4898   8.8278597E-05
  4899   8.8278604E-05
  4900   8.8278619E-05
  4901   8.8278633E-05
  4902   8.8278641E-05
  4903   8.8278655E-05
  4904   8.8278670E-05
  4905   8.8278677E-05
  4906   8.8278692E-05
  4907   8.8278706E-05
  4908   8.8278714E-05
  4909   8.8278728E-05
  4910   8.8278743E-05
  4911   8.8278750E-05
  4912   8.8278764E-05
  4913   8.8278779E-05
  4914   8.8278786E-05
  4915   8.8278801E-05
  4916   8.8278815E-05
  4917   8.8278823E-05
  4918   8.8278837E-05
  4919   8.8278852E-05
  4920   8.8278859E-05
  4921   8.8278874E-05
  4922   8.8278888E-05
  4923   8.8278895E-05
  4924   8.8278910E-05
  4925   8.8278925E-05
  4926   8.8278932E-05
  4927   8.8278946E-05
  4928   8.8278961E-05
  4929   8.8278968E-05
  4930   8.8278983E-05
  4931   8.8278997E-05
  4932   8.8279005E-05
  4933   8.8279019E-05
  4934   8.8279034E-05
  4935   8.8279041E-05
  4936   8.8279055E-05
  4937   8.8279070E-05
  4938   8.8279077E-05
  4939   8.8279092E-05
  4940   8.8279099E-05
  4941   8.8279114E-05
  4942   8.8279128E-05
  4943   8.8279136E-05
  4944   8.8279150E-05
  4945   8.8279165E-05
  4946   8.8279172E-05
  4947   8.8279186E-05
  4948   8.8279201E-05
  4949   8.8279208E-05
  4950   8.8279223E-05
  4951   8.8279237E-05
  4952   8.8279245E-05
  4953   8.8279259E-05
  4954   8.8279274E-05
  4955   8.8279281E-05
  4956   8.8279296E-05
  4957   8.8279310E-05
  4958   8.8279317E-05
  4959   8.8279332E-05
  4960   8.8279347E-05
  4961   8.8279354E-05
  4962   8.8279368E-05
  4963   8.8279383E-05
  4964   8.8279390E-05
  4965   8.8279405E-05
  4966   8.8279419E-05
  4967   8.8279427E-05
  4968   8.8279441E-05
  4969   8.8279456E-05
  4970   8.8279463E-05
  4971   8.8279477E-05
  4972   8.8279492E-05
  4973   8.8279499E-05
  4974   8.8279514E-05
  4975   8.8279528E-05
  4976   8.8279536E-05
  4977   8.8279550E-05
  4978   8.8279565E-05
  4979   8.8279572E-05
  4980   8.8279587E-05
  4981   8.8279601E-05
  4982   8.8279608E-05
  4983   8.8279623E-05
  4984   8.8279638E-05
  4985   8.8279645E-05
  4986   8.8279659E-05
  4987   8.8279674E-05
  4988   8.8279681E-05
  4989   8.8279696E-05
  4990   8.8279703E-05
  4991   8.8279718E-05
  4992   8.8279732E-05
  4993   8.8279739E-05
  4994   8.8279754E-05
  4995   8.8279769E-05
  4996   8.8279776E-05
  4997   8.8279790E-05
  4998   8.8279805E-05
  4999   8.8279812E-05
  5000   8.8279827E-05
