     1   9.7980896E+07
     2   9.7980864E+07
     3   9.7980832E+07
     4   9.7980800E+07
     5   9.7980768E+07
     6   9.7980736E+07
     7   9.7980704E+07
     8   9.7980672E+07
     9   9.7980640E+07
    10   9.7980608E+07
    11   9.7980576E+07
    12   9.7980544E+07
    13   9.7980512E+07
    14   9.7980480E+07
    15   9.7980448E+07
    16   9.7980416E+07
    17   9.7980376E+07
    18   9.7980344E+07
    19   9.7980312E+07
    20   9.7980280E+07
    21   9.7980248E+07
    22   9.7980216E+07
    23   9.7980184E+07
    24   9.7980152E+07
    25   9.7980120E+07
    26   9.7980088E+07
    27   9.7980056E+07
    28   9.7980024E+07
    29   9.7979992E+07
    30   9.7979960E+07
    31   9.7979928E+07
    32   9.7979896E+07
    33   9.7979864E+07
    34   9.7979832E+07
    35   9.7979800E+07
    36   9.7979768E+07
    37   9.7979736E+07
    38   9.7979704E+07
    39   9.7979672E+07
    40   9.7979640E+07
    41   9.7979608E+07
    42   9.7979576E+07
    43   9.7979544E+07
    44   9.7979512E+07
    45   9.7979480E+07
    46   9.7979448E+07
    47   9.7979416E+07
    48   9.7979384E+07
    49   9.7979352E+07
    50   9.7979320E+07
    51   9.7979288E+07
    52   9.7979256E+07
    53   9.7979224E+07
    54   9.7979192E+07
    55   9.7979160E+07
    56   9.7979128E+07
    57   9.7979096E+07
    58   9.7979064E+07
    59   9.7979032E+07
    60   9.7978992E+07
    61   9.7978960E+07
    62   9.7978928E+07
    63   9.7978896E+07
    64   9.7978864E+07
    65   9.7978832E+07
    66   9.7978800E+07
    67   9.7978768E+07
    68   9.7978736E+07
    69   9.7978704E+07
    70   9.7978672E+07
    71   9.7978640E+07
    72   9.7978608E+07
    73   9.7978576E+07
    74   9.7978544E+07
    75   9.7978512E+07
    76   9.7978480E+07
    77   9.7978448E+07
    78   9.7978416E+07
    79   9.7978384E+07
    80   9.7978352E+07
    81   9.7978320E+07
    82   9.7978288E+07
    83   9.7978256E+07
    84   9.7978224E+07
    85   9.7978192E+07
    86   9.7978160E+07
    87   9.7978128E+07
    88   9.7978096E+07
    89   9.7978064E+07
    90   9.7978032E+07
    91   9.7978000E+07
    92   9.7977968E+07
    93   9.7977936E+07
    94   9.7977904E+07
    95   9.7977872E+07
    96   9.7977840E+07
    97   9.7977808E+07
    98   9.7977776E+07
    99   9.7977744E+07
   100   9.7977712E+07
   101   9.7977680E+07
   102   9.7977648E+07
   103   9.7977616E+07
   104   9.7977584E+07
   105   9.7977552E+07
   106   9.7977520E+07
   107   9.7977488E+07
   108   9.7977456E+07
   109   9.7977424E+07
   110   9.7977392E+07
   111   9.7977360E+07
   112   9.7977328E+07
   113   9.7977288E+07
   114   9.7977256E+07
   115   9.7977224E+07
   116   9.7977192E+07
   117   9.7977160E+07
   118   9.7977128E+07
   119   9.7977096E+07
   120   9.7977064E+07
   121   9.7977032E+07
   122   9.7977000E+07
   123   9.7976968E+07
   124   9.7976936E+07
   125   9.7976904E+07
   126   9.7976872E+07
   127   9.7976840E+07
   128   9.7976808E+07
   129   9.7976776E+07
   130   9.7976744E+07
   131   9.7976712E+07
   132   9.7976680E+07
   133   9.7976648E+07
   134   9.7976616E+07
   135   9.7976584E+07
   136   9.7976552E+07
   137   9.7976520E+07
   138   9.7976488E+07
   139   9.7976456E+07
   140   9.7976424E+07
   141   9.7976392E+07
   142   9.7976360E+07
   143   9.7976328E+07
   144   9.7976296E+07
   145   9.7976264E+07
   146   9.7976232E+07
   147   9.7976200E+07
   148   9.7976168E+07
   149   9.7976136E+07
   150   9.7976104E+07
   151   9.7976072E+07
   152   9.7976040E+07
   153   9.7976008E+07
   154   9.7975976E+07
   155   9.7975944E+07
   156   9.7975912E+07
   157   9.7975880E+07
   158   9.7975848E+07
   159   9.7975816E+07
   160   9.7975784E+07
   161   9.7975752E+07
   162   9.7975720E+07
   163   9.7975688E+07
   164   9.7975656E+07
   165   9.7975624E+07
   166   9.7975592E+07
   167   9.7975560E+07
   168   9.7975528E+07
   169   9.7975496E+07
   170   9.7975464E+07
   171   9.7975424E+07
   172   9.7975392E+07
   173   9.7975360E+07
   174   9.7975328E+07
   175   9.7975296E+07
   176   9.7975264E+07
   177   9.7975232E+07
   178   9.7975200E+07
   179   9.7975168E+07
   180   9.7975136E+07
   181   9.7975104E+07
   182   9.7975072E+07
   183   9.7975040E+07
   184   9.7975008E+07
   185   9.7974976E+07
   186   9.7974944E+07
   187   9.7974912E+07
   188   9.7974880E+07
   189   9.7974848E+07
   190   9.7974816E+07
   191   9.7974784E+07
   192   9.7974752E+07
   193   9.7974720E+07
   194   9.7974688E+07
   195   9.7974656E+07
   196   9.7974624E+07
   197   9.7974592E+07
   198   9.7974560E+07
   199   9.7974528E+07
   200   9.7974496E+07
   201   9.7974464E+07
   202   9.7974432E+07
   203   9.7974400E+07
   204   9.7974368E+07
   205   9.7974336E+07
   206   9.7974304E+07
   207   9.7974272E+07
   208   9.7974240E+07
   209   9.7974208E+07
   210   9.7974176E+07
   211   9.7974144E+07
   212   9.7974112E+07
   213   9.7974080E+07
   214   9.7974048E+07
   215   9.7974016E+07
   216   9.7973984E+07
   217   9.7973952E+07
   218   9.7973920E+07
   219   9.7973888E+07
   220   9.7973856E+07
   221   9.7973824E+07
   222   9.7973792E+07
   223   9.7973760E+07
   224   9.7973728E+07
   225   9.7973696E+07
   226   9.7973664E+07
   227   9.7973632E+07
   228   9.7973600E+07
   229   9.7973568E+07
   230   9.7973536E+07
   231   9.7973496E+07
   232   9.7973464E+07
   233   9.7973432E+07
   234   9.7973400E+07
   235   9.7973368E+07
   236   9.7973336E+07
   237   9.7973304E+07
   238   9.7973272E+07
   239   9.7973240E+07
   240   9.7973208E+07
   241   9.7973176E+07
   242   9.7973144E+07
   243   9.7973112E+07
   244   9.7973080E+07
   245   9.7973048E+07
   246   9.7973016E+07
   247   9.7972984E+07
   248   9.7972952E+07
   249   9.7972920E+07
   250   9.7972888E+07
   251   9.7972856E+07
   252   9.7972824E+07
   253   9.7972792E+07
   254   9.7972760E+07
   255   9.7972728E+07
   256   9.7972696E+07
   257   9.7972664E+07
   258   9.7972632E+07
   259   9.7972600E+07
   260   9.7972568E+07
   261   9.7972536E+07
   262   9.7972504E+07
   263   9.7972472E+07
   264   9.7972440E+07
   265   9.7972408E+07
   266   9.7972376E+07
   267   9.7972344E+07
   268   9.7972312E+07
   269   9.7972280E+07
   270   9.7972248E+07
   271   9.7972216E+07
   272   9.7972184E+07
   273   9.7972152E+07
   274   9.7972120E+07
   275   9.7972088E+07
   276   9.7972056E+07
   277   9.7972024E+07
   278   9.7971992E+07
   279   9.7971960E+07
   280   9.7971928E+07
   281   9.7971896E+07
   282   9.7971864E+07
   283   9.7971832E+07
   284   9.7971800E+07
   285   9.7971768E+07
   286   9.7971736E+07
   287   9.7971704E+07
   288   9.7971672E+07
   289   9.7971640E+07
   290   9.7971608E+07
   291   9.7971576E+07
   292   9.7971544E+07
   293   9.7971504E+07
   294   9.7971472E+07
   295   9.7971440E+07
   296   9.7971408E+07
   297   9.7971376E+07
   298   9.7971344E+07
   299   9.7971312E+07
   300   9.7971280E+07
   301   9.7971248E+07
   302   9.7971216E+07
   303   9.7971184E+07
   304   9.7971152E+07
   305   9.7971120E+07
   306   9.7971088E+07
   307   9.7971056E+07
   308   9.7971024E+07
   309   9.7970992E+07
   310   9.7970960E+07
   311   9.7970928E+07
   312   9.7970896E+07
   313   9.7970864E+07
   314   9.7970832E+07
   315   9.7970800E+07
   316   9.7970768E+07
   317   9.7970736E+07
   318   9.7970704E+07
   319   9.7970672E+07
   320   9.7970640E+07
   321   9.7970608E+07
   322   9.7970576E+07
   323   9.7970544E+07
   324   9.7970512E+07
   325   9.7970480E+07
   326   9.7970448E+07
   327   9.7970416E+07
   328   9.7970384E+07
   329   9.7970352E+07
   330   9.7970320E+07
   331   9.7970288E+07
   332   9.7970256E+07
   333   9.7970224E+07
   334   9.7970192E+07
   335   9.7970160E+07
   336   9.7970128E+07
   337   9.7970096E+07
   338   9.7970064E+07
   339   9.7970032E+07
   340   9.7970000E+07
   341   9.7969968E+07
   342   9.7969936E+07
   343   9.7969904E+07
   344   9.7969872E+07
   345   9.7969840E+07
   346   9.7969808E+07
   347   9.7969776E+07
   348   9.7969744E+07
   349   9.7969712E+07
   350   9.7969680E+07
   351   9.7969648E+07
   352   9.7969616E+07
   353   9.7969584E+07
   354   9.7969552E+07
   355   9.7969520E+07
   356   9.7969480E+07
   357   9.7969448E+07
   358   9.7969416E+07
   359   9.7969384E+07
   360   9.7969352E+07
   361   9.7969320E+07
   362   9.7969288E+07
   363   9.7969256E+07
   364   9.7969224E+07
   365   9.7969192E+07
   366   9.7969160E+07
   367   9.7969128E+07
   368   9.7969096E+07
   369   9.7969064E+07
   370   9.7969032E+07
   371   9.7969000E+07
   372   9.7968968E+07
   373   9.7968936E+07
   374   9.7968904E+07
   375   9.7968872E+07
   376   9.7968840E+07
   377   9.7968808E+07
   378   9.7968776E+07
   379   9.7968744E+07
   380   9.7968712E+07
   381   9.7968680E+07
   382   9.7968648E+07
   383   9.7968616E+07
   384   9.7968584E+07
   385   9.7968552E+07
   386   9.7968520E+07
   387   9.7968488E+07
   388   9.7968456E+07
   389   9.7968424E+07
   390   9.7968392E+07
   391   9.7968360E+07
   392   9.7968328E+07
   393   9.7968296E+07
   394   9.7968264E+07
   395   9.7968232E+07
   396   9.7968200E+07
   397   9.7968168E+07
   398   9.7968136E+07
   399   9.7968104E+07
   400   9.7968072E+07
   401   9.7968040E+07
   402   9.7968008E+07
   403   9.7967976E+07
   404   9.7967944E+07
   405   9.7967912E+07
   406   9.7967880E+07
   407   9.7967848E+07
   408   9.7967816E+07
   409   9.7967784E+07
   410   9.7967752E+07
   411   9.7967720E+07
   412   9.7967688E+07
   413   9.7967656E+07
   414   9.7967624E+07
   415   9.7967592E+07
   416   9.7967560E+07
   417   9.7967528E+07
   418   9.7967496E+07
   419   9.7967464E+07
   420   9.7967424E+07
   421   9.7967392E+07
   422   9.7967360E+07
   423   9.7967328E+07
   424   9.7967296E+07
   425   9.7967264E+07
   426   9.7967232E+07
   427   9.7967200E+07
   428   9.7967168E+07
   429   9.7967136E+07
   430   9.7967104E+07
   431   9.7967072E+07
   432   9.7967040E+07
   433   9.7967008E+07
   434   9.7966976E+07
   435   9.7966944E+07
   436   9.7966912E+07
   437   9.7966880E+07
   438   9.7966848E+07
   439   9.7966816E+07
   440   9.7966784E+07
   441   9.7966752E+07
   442   9.7966720E+07
   443   9.7966688E+07
   444   9.7966656E+07
   445   9.7966624E+07
   446   9.7966592E+07
   447   9.7966560E+07
   448   9.7966528E+07
   449   9.7966496E+07
   450   9.7966464E+07
   451   9.7966432E+07
   452   9.7966400E+07
   453   9.7966368E+07
   454   9.7966336E+07
   455   9.7966304E+07
   456   9.7966272E+07
   457   9.7966240E+07
   458   9.7966208E+07
   459   9.7966176E+07
   460   9.7966144E+07
   461   9.7966112E+07
   462   9.7966080E+07
   463   9.7966048E+07
   464   9.7966016E+07
   465   9.7965984E+07
   466   9.7965952E+07
   467   9.7965920E+07
   468   9.7965888E+07
   469   9.7965856E+07
   470   9.7965824E+07
   471   9.7965792E+07
   472   9.7965760E+07
   473   9.7965728E+07
   474   9.7965696E+07
   475   9.7965664E+07
   476   9.7965632E+07
   477   9.7965600E+07
   478   9.7965568E+07
   479   9.7965536E+07
   480   9.7965504E+07
   481   9.7965472E+07
   482   9.7965440E+07
   483   9.7965408E+07
   484   9.7965368E+07
   485   9.7965336E+07
   486   9.7965304E+07
   487   9.7965272E+07
   488   9.7965240E+07
   489   9.7965208E+07
   490   9.7965176E+07
   491   9.7965144E+07
   492   9.7965112E+07
   493   9.7965080E+07
   494   9.7965048E+07
   495   9.7965016E+07
   496   9.7964984E+07
   497   9.7964952E+07
   498   9.7964920E+07
   499   9.7964888E+07
   500   9.7964856E+07
   501   9.7964824E+07
   502   9.7964792E+07
   503   9.7964760E+07
   504   9.7964728E+07
   505   9.7964696E+07
   506   9.7964664E+07
   507   9.7964632E+07
   508   9.7964600E+07
   509   9.7964568E+07
   510   9.7964536E+07
   511   9.7964504E+07
   512   9.7964472E+07
   513   9.7964440E+07
   514   9.7964408E+07
   515   9.7964376E+07
   516   9.7964344E+07
   517   9.7964312E+07
   518   9.7964280E+07
   519   9.7964248E+07
   520   9.7964216E+07
   521   9.7964184E+07
   522   9.7964152E+07
   523   9.7964120E+07
   524   9.7964088E+07
   525   9.7964056E+07
   526   9.7964024E+07
   527   9.7963992E+07
   528   9.7963960E+07
   529   9.7963928E+07
   530   9.7963896E+07
   531   9.7963864E+07
   532   9.7963832E+07
   533   9.7963800E+07
   534   9.7963768E+07
   535   9.7963736E+07
   536   9.7963704E+07
   537   9.7963672E+07
   538   9.7963640E+07
   539   9.7963608E+07
   540   9.7963576E+07
   541   9.7963544E+07
   542   9.7963512E+07
   543   9.7963480E+07
   544   9.7963448E+07
   545   9.7963416E+07
   546   9.7963384E+07
   547   9.7963352E+07
   548   9.7963320E+07
   549   9.7963280E+07
   550   9.7963248E+07
   551   9.7963216E+07
   552   9.7963184E+07
   553   9.7963152E+07
   554   9.7963120E+07
   555   9.7963088E+07
   556   9.7963056E+07
   557   9.7963024E+07
   558   9.7962992E+07
   559   9.7962960E+07
   560   9.7962928E+07
   561   9.7962896E+07
   562   9.7962864E+07
   563   9.7962832E+07
   564   9.7962800E+07
   565   9.7962768E+07
   566   9.7962736E+07
   567   9.7962704E+07
   568   9.7962672E+07
   569   9.7962640E+07
   570   9.7962608E+07
   571   9.7962576E+07
   572   9.7962544E+07
   573   9.7962512E+07
   574   9.7962480E+07
   575   9.7962448E+07
   576   9.7962416E+07
   577   9.7962384E+07
   578   9.7962352E+07
   579   9.7962320E+07
   580   9.7962288E+07
   581   9.7962256E+07
   582   9.7962224E+07
   583   9.7962192E+07
   584   9.7962160E+07
   585   9.7962128E+07
   586   9.7962096E+07
   587   9.7962064E+07
   588   9.7962032E+07
   589   9.7962000E+07
   590   9.7961968E+07
   591   9.7961936E+07
   592   9.7961904E+07
   593   9.7961872E+07
   594   9.7961840E+07
   595   9.7961808E+07
   596   9.7961776E+07
   597   9.7961744E+07
   598   9.7961712E+07
   599   9.7961680E+07
   600   9.7961648E+07
   601   9.7961616E+07
   602   9.7961584E+07
   603   9.7961552E+07
   604   9.7961520E+07
   605   9.7961488E+07
   606   9.7961456E+07
   607   9.7961424E+07
   608   9.7961392E+07
   609   9.7961360E+07
   610   9.7961328E+07
   611   9.7961296E+07
   612   9.7961264E+07
   613   9.7961232E+07
   614   9.7961200E+07
   615   9.7961160E+07
   616   9.7961128E+07
   617   9.7961096E+07
   618   9.7961064E+07
   619   9.7961032E+07
   620   9.7961000E+07
   621   9.7960968E+07
   622   9.7960936E+07
   623   9.7960904E+07
   624   9.7960872E+07
   625   9.7960840E+07
   626   9.7960808E+07
   627   9.7960776E+07
   628   9.7960744E+07
   629   9.7960712E+07
   630   9.7960680E+07
   631   9.7960648E+07
   632   9.7960616E+07
   633   9.7960584E+07
   634   9.7960552E+07
   635   9.7960520E+07
   636   9.7960488E+07
   637   9.7960456E+07
   638   9.7960424E+07
   639   9.7960392E+07
   640   9.7960360E+07
   641   9.7960328E+07
   642   9.7960296E+07
   643   9.7960264E+07
   644   9.7960232E+07
   645   9.7960200E+07
   646   9.7960168E+07
   647   9.7960136E+07
   648   9.7960104E+07
   649   9.7960072E+07
   650   9.7960040E+07
   651   9.7960008E+07
   652   9.7959976E+07
   653   9.7959944E+07
   654   9.7959912E+07
   655   9.7959880E+07
   656   9.7959848E+07
   657   9.7959816E+07
   658   9.7959784E+07
   659   9.7959752E+07
   660   9.7959720E+07
   661   9.7959688E+07
   662   9.7959656E+07
   663   9.7959624E+07
   664   9.7959592E+07
   665   9.7959560E+07
   666   9.7959528E+07
   667   9.7959496E+07
   668   9.7959464E+07
   669   9.7959432E+07
   670   9.7959400E+07
   671   9.7959368E+07
   672   9.7959336E+07
   673   9.7959304E+07
   674   9.7959272E+07
   675   9.7959240E+07
   676   9.7959208E+07
   677   9.7959176E+07
   678   9.7959144E+07
   679   9.7959112E+07
   680   9.7959080E+07
   681   9.7959048E+07
   682   9.7959008E+07
   683   9.7958976E+07
   684   9.7958944E+07
   685   9.7958912E+07
   686   9.7958880E+07
   687   9.7958848E+07
   688   9.7958816E+07
   689   9.7958784E+07
   690   9.7958752E+07
   691   9.7958720E+07
   692   9.7958688E+07
   693   9.7958656E+07
   694   9.7958624E+07
   695   9.7958592E+07
   696   9.7958560E+07
   697   9.7958528E+07
   698   9.7958496E+07
   699   9.7958464E+07
   700   9.7958432E+07
   701   9.7958400E+07
   702   9.7958368E+07
   703   9.7958336E+07
   704   9.7958304E+07
   705   9.7958272E+07
   706   9.7958240E+07
   707   9.7958208E+07
   708   9.7958176E+07
   709   9.7958144E+07
   710   9.7958112E+07
   711   9.7958080E+07
   712   9.7958048E+07
   713   9.7958016E+07
   714   9.7957984E+07
   715   9.7957952E+07
   716   9.7957920E+07
   717   9.7957888E+07
   718   9.7957856E+07
   719   9.7957824E+07
   720   9.7957792E+07
   721   9.7957760E+07
   722   9.7957728E+07
   723   9.7957696E+07
   724   9.7957664E+07
   725   9.7957632E+07
   726   9.7957600E+07
   727   9.7957568E+07
   728   9.7957536E+07
   729   9.7957504E+07
   730   9.7957472E+07
   731   9.7957440E+07
   732   9.7957408E+07
   733   9.7957376E+07
   734   9.7957344E+07
   735   9.7957312E+07
   736   9.7957280E+07
   737   9.7957248E+07
   738   9.7957216E+07
   739   9.7957184E+07
   740   9.7957152E+07
   741   9.7957120E+07
   742   9.7957088E+07
   743   9.7957056E+07
   744   9.7957024E+07
   745   9.7956992E+07
   746   9.7956960E+07
   747   9.7956928E+07
   748   9.7956896E+07
   749   9.7956856E+07
   750   9.7956824E+07
   751   9.7956792E+07
   752   9.7956760E+07
   753   9.7956728E+07
   754   9.7956696E+07
   755   9.7956664E+07
   756   9.7956632E+07
   757   9.7956600E+07
   758   9.7956568E+07
   759   9.7956536E+07
   760   9.7956504E+07
   761   9.7956472E+07
   762   9.7956440E+07
   763   9.7956408E+07
   764   9.7956376E+07
   765   9.7956344E+07
   766   9.7956312E+07
   767   9.7956280E+07
   768   9.7956248E+07
   769   9.7956216E+07
   770   9.7956184E+07
   771   9.7956152E+07
   772   9.7956120E+07
   773   9.7956088E+07
   774   9.7956056E+07
   775   9.7956024E+07
   776   9.7955992E+07
   777   9.7955960E+07
   778   9.7955928E+07
   779   9.7955896E+07
   780   9.7955864E+07
   781   9.7955832E+07
   782   9.7955800E+07
   783   9.7955768E+07
   784   9.7955736E+07
   785   9.7955704E+07
   786   9.7955672E+07
   787   9.7955640E+07
   788   9.7955608E+07
   789   9.7955576E+07
   790   9.7955544E+07
   791   9.7955512E+07
   792   9.7955480E+07
   793   9.7955448E+07
   794   9.7955416E+07
   795   9.7955384E+07
   796   9.7955352E+07
   797   9.7955320E+07
   798   9.7955288E+07
   799   9.7955256E+07
   800   9.7955224E+07
   801   9.7955192E+07
   802   9.7955160E+07
   803   9.7955128E+07
   804   9.7955096E+07
   805   9.7955064E+07
   806   9.7955032E+07
   807   9.7955000E+07
   808   9.7954968E+07
   809   9.7954936E+07
   810   9.7954904E+07
   811   9.7954872E+07
   812   9.7954840E+07
   813   9.7954808E+07
   814   9.7954776E+07
   815   9.7954744E+07
   816   9.7954712E+07
   817   9.7954672E+07
   818   9.7954640E+07
   819   9.7954608E+07
   820   9.7954576E+07
   821   9.7954544E+07
   822   9.7954512E+07
   823   9.7954480E+07
   824   9.7954448E+07
   825   9.7954416E+07
   826   9.7954384E+07
   827   9.7954352E+07
   828   9.7954320E+07
   829   9.7954288E+07
   830   9.7954256E+07
   831   9.7954224E+07
   832   9.7954192E+07
   833   9.7954160E+07
   834   9.7954128E+07
   835   9.7954096E+07
   836   9.7954064E+07
   837   9.7954032E+07
   838   9.7954000E+07
   839   9.7953968E+07
   840   9.7953936E+07
   841   9.7953904E+07
   842   9.7953872E+07
   843   9.7953840E+07
   844   9.7953808E+07
   845   9.7953776E+07
   846   9.7953744E+07
   847   9.7953712E+07
   848   9.7953680E+07
   849   9.7953648E+07
   850   9.7953616E+07
   851   9.7953584E+07
   852   9.7953552E+07
   853   9.7953520E+07
   854   9.7953488E+07
   855   9.7953456E+07
   856   9.7953424E+07
   857   9.7953392E+07
   858   9.7953360E+07
   859   9.7953328E+07
   860   9.7953296E+07
   861   9.7953264E+07
   862   9.7953232E+07
   863   9.7953200E+07
   864   9.7953168E+07
   865   9.7953136E+07
   866   9.7953104E+07
   867   9.7953072E+07
   868   9.7953040E+07
   869   9.7953008E+07
   870   9.7952976E+07
   871   9.7952944E+07
   872   9.7952912E+07
   873   9.7952880E+07
   874   9.7952848E+07
   875   9.7952816E+07
   876   9.7952784E+07
   877   9.7952752E+07
   878   9.7952720E+07
   879   9.7952688E+07
   880   9.7952656E+07
   881   9.7952624E+07
   882   9.7952592E+07
   883   9.7952560E+07
   884   9.7952528E+07
   885   9.7952496E+07
   886   9.7952464E+07
   887   9.7952424E+07
   888   9.7952392E+07
   889   9.7952360E+07
   890   9.7952328E+07
   891   9.7952296E+07
   892   9.7952264E+07
   893   9.7952232E+07
   894   9.7952200E+07
   895   9.7952168E+07
   896   9.7952136E+07
   897   9.7952104E+07
   898   9.7952072E+07
   899   9.7952040E+07
   900   9.7952008E+07
   901   9.7951976E+07
   902   9.7951944E+07
   903   9.7951912E+07
   904   9.7951880E+07
   905   9.7951848E+07
   906   9.7951816E+07
   907   9.7951784E+07
   908   9.7951752E+07
   909   9.7951720E+07
   910   9.7951688E+07
   911   9.7951656E+07
   912   9.7951624E+07
   913   9.7951592E+07
   914   9.7951560E+07
   915   9.7951528E+07
   916   9.7951496E+07
   917   9.7951464E+07
   918   9.7951432E+07
   919   9.7951400E+07
   920   9.7951368E+07
   921   9.7951336E+07
   922   9.7951304E+07
   923   9.7951272E+07
   924   9.7951240E+07
   925   9.7951208E+07
   926   9.7951176E+07
   927   9.7951144E+07
   928   9.7951112E+07
   929   9.7951080E+07
   930   9.7951048E+07
   931   9.7951016E+07
   932   9.7950984E+07
   933   9.7950952E+07
   934   9.7950920E+07
   935   9.7950888E+07
   936   9.7950856E+07
   937   9.7950824E+07
   938   9.7950792E+07
   939   9.7950760E+07
   940   9.7950728E+07
   941   9.7950696E+07
   942   9.7950664E+07
   943   9.7950632E+07
   944   9.7950600E+07
   945   9.7950568E+07
   946   9.7950536E+07
   947   9.7950504E+07
   948   9.7950472E+07
   949   9.7950440E+07
   950   9.7950408E+07
   951   9.7950376E+07
   952   9.7950344E+07
   953   9.7950312E+07
   954   9.7950280E+07
   955   9.7950248E+07
   956   9.7950216E+07
   957   9.7950176E+07
   958   9.7950144E+07
   959   9.7950112E+07
   960   9.7950080E+07
   961   9.7950048E+07
   962   9.7950016E+07
   963   9.7949984E+07
   964   9.7949952E+07
   965   9.7949920E+07
   966   9.7949888E+07
   967   9.7949856E+07
   968   9.7949824E+07
   969   9.7949792E+07
   970   9.7949760E+07
   971   9.7949728E+07
   972   9.7949696E+07
   973   9.7949664E+07
   974   9.7949632E+07
   975   9.7949600E+07
   976   9.7949568E+07
   977   9.7949536E+07
   978   9.7949504E+07
   979   9.7949472E+07
   980   9.7949440E+07
   981   9.7949408E+07
   982   9.7949376E+07
   983   9.7949344E+07
   984   9.7949312E+07
   985   9.7949280E+07
   986   9.7949248E+07
   987   9.7949216E+07
   988   9.7949184E+07
   989   9.7949152E+07
   990   9.7949120E+07
   991   9.7949088E+07
   992   9.7949056E+07
   993   9.7949024E+07
   994   9.7948992E+07
   995   9.7948960E+07
   996   9.7948928E+07
   997   9.7948896E+07
   998   9.7948864E+07
   999   9.7948832E+07
  1000   9.7948800E+07
  1001   9.7948768E+07
  1002   9.7948736E+07
  1003   9.7948704E+07
  1004   9.7948672E+07
  1005   9.7948640E+07
  1006   9.7948608E+07
  1007   9.7948576E+07
  1008   9.7948544E+07
  1009   9.7948512E+07
  1010   9.7948480E+07
  1011   9.7948448E+07
  1012   9.7948416E+07
  1013   9.7948384E+07
  1014   9.7948352E+07
  1015   9.7948320E+07
  1016   9.7948288E+07
  1017   9.7948256E+07
  1018   9.7948224E+07
  1019   9.7948192E+07
  1020   9.7948160E+07
  1021   9.7948128E+07
  1022   9.7948096E+07
  1023   9.7948064E+07
  1024   9.7948032E+07
  1025   9.7948000E+07
  1026   9.7947968E+07
  1027   9.7947928E+07
  1028   9.7947896E+07
  1029   9.7947864E+07
  1030   9.7947832E+07
  1031   9.7947800E+07
  1032   9.7947768E+07
  1033   9.7947736E+07
  1034   9.7947704E+07
  1035   9.7947672E+07
  1036   9.7947640E+07
  1037   9.7947608E+07
  1038   9.7947576E+07
  1039   9.7947544E+07
  1040   9.7947512E+07
  1041   9.7947480E+07
  1042   9.7947448E+07
  1043   9.7947416E+07
  1044   9.7947384E+07
  1045   9.7947352E+07
  1046   9.7947320E+07
  1047   9.7947288E+07
  1048   9.7947256E+07
  1049   9.7947224E+07
  1050   9.7947192E+07
  1051   9.7947160E+07
  1052   9.7947128E+07
  1053   9.7947096E+07
  1054   9.7947064E+07
  1055   9.7947032E+07
  1056   9.7947000E+07
  1057   9.7946968E+07
  1058   9.7946936E+07
  1059   9.7946904E+07
  1060   9.7946872E+07
  1061   9.7946840E+07
  1062   9.7946808E+07
  1063   9.7946776E+07
  1064   9.7946744E+07
  1065   9.7946712E+07
  1066   9.7946680E+07
  1067   9.7946648E+07
  1068   9.7946616E+07
  1069   9.7946584E+07
  1070   9.7946552E+07
  1071   9.7946520E+07
  1072   9.7946488E+07
  1073   9.7946456E+07
  1074   9.7946424E+07
  1075   9.7946392E+07
  1076   9.7946360E+07
  1077   9.7946328E+07
  1078   9.7946296E+07
  1079   9.7946264E+07
  1080   9.7946232E+07
  1081   9.7946200E+07
  1082   9.7946168E+07
  1083   9.7946136E+07
  1084   9.7946104E+07
  1085   9.7946072E+07
  1086   9.7946040E+07
  1087   9.7946008E+07
  1088   9.7945976E+07
  1089   9.7945944E+07
  1090   9.7945912E+07
  1091   9.7945880E+07
  1092   9.7945848E+07
  1093   9.7945816E+07
  1094   9.7945784E+07
  1095   9.7945752E+07
  1096   9.7945720E+07
  1097   9.7945688E+07
  1098   9.7945656E+07
  1099   9.7945616E+07
  1100   9.7945584E+07
  1101   9.7945552E+07
  1102   9.7945520E+07
  1103   9.7945488E+07
  1104   9.7945456E+07
  1105   9.7945424E+07
  1106   9.7945392E+07
  1107   9.7945360E+07
  1108   9.7945328E+07
  1109   9.7945296E+07
  1110   9.7945264E+07
  1111   9.7945232E+07
  1112   9.7945200E+07
  1113   9.7945168E+07
  1114   9.7945136E+07
  1115   9.7945104E+07
  1116   9.7945072E+07
  1117   9.7945040E+07
  1118   9.7945008E+07
  1119   9.7944976E+07
  1120   9.7944944E+07
  1121   9.7944912E+07
  1122   9.7944880E+07
  1123   9.7944848E+07
  1124   9.7944816E+07
  1125   9.7944784E+07
  1126   9.7944752E+07
  1127   9.7944720E+07
  1128   9.7944688E+07
  1129   9.7944656E+07
  1130   9.7944624E+07
  1131   9.7944592E+07
  1132   9.7944560E+07
  1133   9.7944528E+07
  1134   9.7944496E+07
  1135   9.7944464E+07
  1136   9.7944432E+07
  1137   9.7944400E+07
  1138   9.7944368E+07
  1139   9.7944336E+07
  1140   9.7944304E+07
  1141   9.7944272E+07
  1142   9.7944240E+07
  1143   9.7944208E+07
  1144   9.7944176E+07
  1145   9.7944144E+07
  1146   9.7944112E+07
  1147   9.7944080E+07
  1148   9.7944048E+07
  1149   9.7944016E+07
  1150   9.7943984E+07
  1151   9.7943952E+07
  1152   9.7943920E+07
  1153   9.7943888E+07
  1154   9.7943856E+07
  1155   9.7943824E+07
  1156   9.7943792E+07
  1157   9.7943760E+07
  1158   9.7943728E+07
  1159   9.7943696E+07
  1160   9.7943664E+07
  1161   9.7943632E+07
  1162   9.7943600E+07
  1163   9.7943568E+07
  1164   9.7943536E+07
  1165   9.7943504E+07
  1166   9.7943472E+07
  1167   9.7943440E+07
  1168   9.7943408E+07
  1169   9.7943376E+07
  1170   9.7943344E+07
  1171   9.7943312E+07
  1172   9.7943272E+07
  1173   9.7943240E+07
  1174   9.7943208E+07
  1175   9.7943176E+07
  1176   9.7943144E+07
  1177   9.7943112E+07
  1178   9.7943080E+07
  1179   9.7943048E+07
  1180   9.7943016E+07
  1181   9.7942984E+07
  1182   9.7942952E+07
  1183   9.7942920E+07
  1184   9.7942888E+07
  1185   9.7942856E+07
  1186   9.7942824E+07
  1187   9.7942792E+07
  1188   9.7942760E+07
  1189   9.7942728E+07
  1190   9.7942696E+07
  1191   9.7942664E+07
  1192   9.7942632E+07
  1193   9.7942600E+07
  1194   9.7942568E+07
  1195   9.7942536E+07
  1196   9.7942504E+07
  1197   9.7942472E+07
  1198   9.7942440E+07
  1199   9.7942408E+07
  1200   9.7942376E+07
  1201   9.7942344E+07
  1202   9.7942312E+07
  1203   9.7942280E+07
  1204   9.7942248E+07
  1205   9.7942216E+07
  1206   9.7942184E+07
  1207   9.7942152E+07
  1208   9.7942120E+07
  1209   9.7942088E+07
  1210   9.7942056E+07
  1211   9.7942024E+07
  1212   9.7941992E+07
  1213   9.7941960E+07
  1214   9.7941928E+07
  1215   9.7941896E+07
  1216   9.7941864E+07
  1217   9.7941832E+07
  1218   9.7941800E+07
  1219   9.7941768E+07
  1220   9.7941736E+07
  1221   9.7941704E+07
  1222   9.7941672E+07
  1223   9.7941640E+07
  1224   9.7941608E+07
  1225   9.7941576E+07
  1226   9.7941544E+07
  1227   9.7941512E+07
  1228   9.7941480E+07
  1229   9.7941448E+07
  1230   9.7941416E+07
  1231   9.7941384E+07
  1232   9.7941352E+07
  1233   9.7941320E+07
  1234   9.7941288E+07
  1235   9.7941256E+07
  1236   9.7941224E+07
  1237   9.7941192E+07
  1238   9.7941160E+07
  1239   9.7941128E+07
  1240   9.7941096E+07
  1241   9.7941064E+07
  1242   9.7941032E+07
  1243   9.7941000E+07
  1244   9.7940968E+07
  1245   9.7940936E+07
  1246   9.7940896E+07
  1247   9.7940864E+07
  1248   9.7940832E+07
  1249   9.7940800E+07
  1250   9.7940768E+07
  1251   9.7940736E+07
  1252   9.7940704E+07
  1253   9.7940672E+07
  1254   9.7940640E+07
  1255   9.7940608E+07
  1256   9.7940576E+07
  1257   9.7940544E+07
  1258   9.7940512E+07
  1259   9.7940480E+07
  1260   9.7940448E+07
  1261   9.7940416E+07
  1262   9.7940384E+07
  1263   9.7940352E+07
  1264   9.7940320E+07
  1265   9.7940288E+07
  1266   9.7940256E+07
  1267   9.7940224E+07
  1268   9.7940192E+07
  1269   9.7940160E+07
  1270   9.7940128E+07
  1271   9.7940096E+07
  1272   9.7940064E+07
  1273   9.7940032E+07
  1274   9.7940000E+07
  1275   9.7939968E+07
  1276   9.7939936E+07
  1277   9.7939904E+07
  1278   9.7939872E+07
  1279   9.7939840E+07
  1280   9.7939808E+07
  1281   9.7939776E+07
  1282   9.7939744E+07
  1283   9.7939712E+07
  1284   9.7939680E+07
  1285   9.7939648E+07
  1286   9.7939616E+07
  1287   9.7939584E+07
  1288   9.7939552E+07
  1289   9.7939520E+07
  1290   9.7939488E+07
  1291   9.7939456E+07
  1292   9.7939424E+07
  1293   9.7939392E+07
  1294   9.7939360E+07
  1295   9.7939328E+07
  1296   9.7939296E+07
  1297   9.7939264E+07
  1298   9.7939232E+07
  1299   9.7939200E+07
  1300   9.7939168E+07
  1301   9.7939136E+07
  1302   9.7939104E+07
  1303   9.7939072E+07
  1304   9.7939040E+07
  1305   9.7939008E+07
  1306   9.7938976E+07
  1307   9.7938944E+07
  1308   9.7938912E+07
  1309   9.7938880E+07
  1310   9.7938848E+07
  1311   9.7938816E+07
  1312   9.7938784E+07
  1313   9.7938752E+07
  1314   9.7938720E+07
  1315   9.7938688E+07
  1316   9.7938656E+07
  1317   9.7938624E+07
  1318   9.7938592E+07
  1319   9.7938560E+07
  1320   9.7938528E+07
  1321   9.7938488E+07
  1322   9.7938456E+07
  1323   9.7938424E+07
  1324   9.7938392E+07
  1325   9.7938360E+07
  1326   9.7938328E+07
  1327   9.7938296E+07
  1328   9.7938264E+07
  1329   9.7938232E+07
  1330   9.7938200E+07
  1331   9.7938168E+07
  1332   9.7938136E+07
  1333   9.7938104E+07
  1334   9.7938072E+07
  1335   9.7938040E+07
  1336   9.7938008E+07
  1337   9.7937976E+07
  1338   9.7937944E+07
  1339   9.7937912E+07
  1340   9.7937880E+07
  1341   9.7937848E+07
  1342   9.7937816E+07
  1343   9.7937784E+07
  1344   9.7937752E+07
  1345   9.7937720E+07
  1346   9.7937688E+07
  1347   9.7937656E+07
  1348   9.7937624E+07
  1349   9.7937592E+07
  1350   9.7937560E+07
  1351   9.7937528E+07
  1352   9.7937496E+07
  1353   9.7937464E+07
  1354   9.7937432E+07
  1355   9.7937400E+07
  1356   9.7937368E+07
  1357   9.7937336E+07
  1358   9.7937304E+07
  1359   9.7937272E+07
  1360   9.7937240E+07
  1361   9.7937208E+07
  1362   9.7937176E+07
  1363   9.7937144E+07
  1364   9.7937112E+07
  1365   9.7937080E+07
  1366   9.7937048E+07
  1367   9.7937016E+07
  1368   9.7936984E+07
  1369   9.7936952E+07
  1370   9.7936920E+07
  1371   9.7936888E+07
  1372   9.7936856E+07
  1373   9.7936824E+07
  1374   9.7936792E+07
  1375   9.7936760E+07
  1376   9.7936728E+07
  1377   9.7936696E+07
  1378   9.7936664E+07
  1379   9.7936632E+07
  1380   9.7936600E+07
  1381   9.7936568E+07
  1382   9.7936536E+07
  1383   9.7936504E+07
  1384   9.7936472E+07
  1385   9.7936440E+07
  1386   9.7936408E+07
  1387   9.7936376E+07
  1388   9.7936344E+07
  1389   9.7936312E+07
  1390   9.7936280E+07
  1391   9.7936248E+07
  1392   9.7936216E+07
  1393   9.7936184E+07
  1394   9.7936152E+07
  1395   9.7936120E+07
  1396   9.7936088E+07
  1397   9.7936056E+07
  1398   9.7936016E+07
  1399   9.7935984E+07
  1400   9.7935952E+07
  1401   9.7935920E+07
  1402   9.7935888E+07
  1403   9.7935856E+07
  1404   9.7935824E+07
  1405   9.7935792E+07
  1406   9.7935760E+07
  1407   9.7935728E+07
  1408   9.7935696E+07
  1409   9.7935664E+07
  1410   9.7935632E+07
  1411   9.7935600E+07
  1412   9.7935568E+07
  1413   9.7935536E+07
  1414   9.7935504E+07
  1415   9.7935472E+07
  1416   9.7935440E+07
  1417   9.7935408E+07
  1418   9.7935376E+07
  1419   9.7935344E+07
  1420   9.7935312E+07
  1421   9.7935280E+07
  1422   9.7935248E+07
  1423   9.7935216E+07
  1424   9.7935184E+07
  1425   9.7935152E+07
  1426   9.7935120E+07
  1427   9.7935088E+07
  1428   9.7935056E+07
  1429   9.7935024E+07
  1430   9.7934992E+07
  1431   9.7934960E+07
  1432   9.7934928E+07
  1433   9.7934896E+07
  1434   9.7934864E+07
  1435   9.7934832E+07
  1436   9.7934800E+07
  1437   9.7934768E+07
  1438   9.7934736E+07
  1439   9.7934704E+07
  1440   9.7934672E+07
  1441   9.7934640E+07
  1442   9.7934608E+07
  1443   9.7934576E+07
  1444   9.7934544E+07
  1445   9.7934512E+07
  1446   9.7934480E+07
  1447   9.7934448E+07
  1448   9.7934416E+07
  1449   9.7934384E+07
  1450   9.7934352E+07
  1451   9.7934320E+07
  1452   9.7934288E+07
  1453   9.7934256E+07
  1454   9.7934224E+07
  1455   9.7934192E+07
  1456   9.7934160E+07
  1457   9.7934128E+07
  1458   9.7934096E+07
  1459   9.7934064E+07
  1460   9.7934032E+07
  1461   9.7934000E+07
  1462   9.7933968E+07
  1463   9.7933936E+07
  1464   9.7933904E+07
  1465   9.7933872E+07
  1466   9.7933840E+07
  1467   9.7933808E+07
  1468   9.7933776E+07
  1469   9.7933744E+07
  1470   9.7933712E+07
  1471   9.7933680E+07
  1472   9.7933648E+07
  1473   9.7933616E+07
  1474   9.7933584E+07
  1475   9.7933544E+07
  1476   9.7933512E+07
  1477   9.7933480E+07
  1478   9.7933448E+07
  1479   9.7933416E+07
  1480   9.7933384E+07
  1481   9.7933352E+07
  1482   9.7933320E+07
  1483   9.7933288E+07
  1484   9.7933256E+07
  1485   9.7933224E+07
  1486   9.7933192E+07
  1487   9.7933160E+07
  1488   9.7933128E+07
  1489   9.7933096E+07
  1490   9.7933064E+07
  1491   9.7933032E+07
  1492   9.7933000E+07
  1493   9.7932968E+07
  1494   9.7932936E+07
  1495   9.7932904E+07
  1496   9.7932872E+07
  1497   9.7932840E+07
  1498   9.7932808E+07
  1499   9.7932776E+07
  1500   9.7932744E+07
  1501   9.7932712E+07
  1502   9.7932680E+07
  1503   9.7932648E+07
  1504   9.7932616E+07
  1505   9.7932584E+07
  1506   9.7932552E+07
  1507   9.7932520E+07
  1508   9.7932488E+07
  1509   9.7932456E+07
  1510   9.7932424E+07
  1511   9.7932392E+07
  1512   9.7932360E+07
  1513   9.7932328E+07
  1514   9.7932296E+07
  1515   9.7932264E+07
  1516   9.7932232E+07
  1517   9.7932200E+07
  1518   9.7932168E+07
  1519   9.7932136E+07
  1520   9.7932104E+07
  1521   9.7932072E+07
  1522   9.7932040E+07
  1523   9.7932008E+07
  1524   9.7931976E+07
  1525   9.7931944E+07
  1526   9.7931912E+07
  1527   9.7931880E+07
  1528   9.7931848E+07
  1529   9.7931816E+07
  1530   9.7931784E+07
  1531   9.7931752E+07
  1532   9.7931720E+07
  1533   9.7931688E+07
  1534   9.7931656E+07
  1535   9.7931624E+07
  1536   9.7931592E+07
  1537   9.7931560E+07
  1538   9.7931528E+07
  1539   9.7931496E+07
  1540   9.7931464E+07
  1541   9.7931432E+07
  1542   9.7931400E+07
  1543   9.7931368E+07
  1544   9.7931336E+07
  1545   9.7931304E+07
  1546   9.7931272E+07
  1547   9.7931240E+07
  1548   9.7931208E+07
  1549   9.7931176E+07
  1550   9.7931144E+07
  1551   9.7931112E+07
  1552   9.7931080E+07
  1553   9.7931048E+07
  1554   9.7931008E+07
  1555   9.7930976E+07
  1556   9.7930944E+07
  1557   9.7930912E+07
  1558   9.7930880E+07
  1559   9.7930848E+07
  1560   9.7930816E+07
  1561   9.7930784E+07
  1562   9.7930752E+07
  1563   9.7930720E+07
  1564   9.7930688E+07
  1565   9.7930656E+07
  1566   9.7930624E+07
  1567   9.7930592E+07
  1568   9.7930560E+07
  1569   9.7930528E+07
  1570   9.7930496E+07
  1571   9.7930464E+07
  1572   9.7930432E+07
  1573   9.7930400E+07
  1574   9.7930368E+07
  1575   9.7930336E+07
  1576   9.7930304E+07
  1577   9.7930272E+07
  1578   9.7930240E+07
  1579   9.7930208E+07
  1580   9.7930176E+07
  1581   9.7930144E+07
  1582   9.7930112E+07
  1583   9.7930080E+07
  1584   9.7930048E+07
  1585   9.7930016E+07
  1586   9.7929984E+07
  1587   9.7929952E+07
  1588   9.7929920E+07
  1589   9.7929888E+07
  1590   9.7929856E+07
  1591   9.7929824E+07
  1592   9.7929792E+07
  1593   9.7929760E+07
  1594   9.7929728E+07
  1595   9.7929696E+07
  1596   9.7929664E+07
  1597   9.7929632E+07
  1598   9.7929600E+07
  1599   9.7929568E+07
  1600   9.7929536E+07
  1601   9.7929504E+07
  1602   9.7929472E+07
  1603   9.7929440E+07
  1604   9.7929408E+07
  1605   9.7929376E+07
  1606   9.7929344E+07
  1607   9.7929312E+07
  1608   9.7929280E+07
  1609   9.7929248E+07
  1610   9.7929216E+07
  1611   9.7929184E+07
  1612   9.7929152E+07
  1613   9.7929120E+07
  1614   9.7929088E+07
  1615   9.7929056E+07
  1616   9.7929024E+07
  1617   9.7928992E+07
  1618   9.7928960E+07
  1619   9.7928928E+07
  1620   9.7928896E+07
  1621   9.7928864E+07
  1622   9.7928832E+07
  1623   9.7928800E+07
  1624   9.7928768E+07
  1625   9.7928736E+07
  1626   9.7928704E+07
  1627   9.7928672E+07
  1628   9.7928640E+07
  1629   9.7928608E+07
  1630   9.7928576E+07
  1631   9.7928544E+07
  1632   9.7928512E+07
  1633   9.7928480E+07
  1634   9.7928440E+07
  1635   9.7928408E+07
  1636   9.7928376E+07
  1637   9.7928344E+07
  1638   9.7928312E+07
  1639   9.7928280E+07
  1640   9.7928248E+07
  1641   9.7928216E+07
  1642   9.7928184E+07
  1643   9.7928152E+07
  1644   9.7928120E+07
  1645   9.7928088E+07
  1646   9.7928056E+07
  1647   9.7928024E+07
  1648   9.7927992E+07
  1649   9.7927960E+07
  1650   9.7927928E+07
  1651   9.7927896E+07
  1652   9.7927864E+07
  1653   9.7927832E+07
  1654   9.7927800E+07
  1655   9.7927768E+07
  1656   9.7927736E+07
  1657   9.7927704E+07
  1658   9.7927672E+07
  1659   9.7927640E+07
  1660   9.7927608E+07
  1661   9.7927576E+07
  1662   9.7927544E+07
  1663   9.7927512E+07
  1664   9.7927480E+07
  1665   9.7927448E+07
  1666   9.7927416E+07
  1667   9.7927384E+07
  1668   9.7927352E+07
  1669   9.7927320E+07
  1670   9.7927288E+07
  1671   9.7927256E+07
  1672   9.7927224E+07
  1673   9.7927192E+07
  1674   9.7927160E+07
  1675   9.7927128E+07
  1676   9.7927096E+07
  1677   9.7927064E+07
  1678   9.7927032E+07
  1679   9.7927000E+07
  1680   9.7926968E+07
  1681   9.7926936E+07
  1682   9.7926904E+07
  1683   9.7926872E+07
  1684   9.7926840E+07
  1685   9.7926808E+07
  1686   9.7926776E+07
  1687   9.7926744E+07
  1688   9.7926712E+07
  1689   9.7926680E+07
  1690   9.7926648E+07
  1691   9.7926616E+07
  1692   9.7926584E+07
  1693   9.7926552E+07
  1694   9.7926520E+07
  1695   9.7926488E+07
  1696   9.7926456E+07
  1697   9.7926424E+07
  1698   9.7926392E+07
  1699   9.7926360E+07
  1700   9.7926328E+07
  1701   9.7926296E+07
  1702   9.7926264E+07
  1703   9.7926232E+07
  1704   9.7926200E+07
  1705   9.7926168E+07
  1706   9.7926136E+07
  1707   9.7926104E+07
  1708   9.7926072E+07
  1709   9.7926040E+07
  1710   9.7926008E+07
  1711   9.7925976E+07
  1712   9.7925944E+07
  1713   9.7925912E+07
  1714   9.7925880E+07
  1715   9.7925848E+07
  1716   9.7925808E+07
  1717   9.7925776E+07
  1718   9.7925744E+07
  1719   9.7925712E+07
  1720   9.7925680E+07
  1721   9.7925648E+07
  1722   9.7925616E+07
  1723   9.7925584E+07
  1724   9.7925552E+07
  1725   9.7925520E+07
  1726   9.7925488E+07
  1727   9.7925456E+07
  1728   9.7925424E+07
  1729   9.7925392E+07
  1730   9.7925360E+07
  1731   9.7925328E+07
  1732   9.7925296E+07
  1733   9.7925264E+07
  1734   9.7925232E+07
  1735   9.7925200E+07
  1736   9.7925168E+07
  1737   9.7925136E+07
  1738   9.7925104E+07
  1739   9.7925072E+07
  1740   9.7925040E+07
  1741   9.7925008E+07
  1742   9.7924976E+07
  1743   9.7924944E+07
  1744   9.7924912E+07
  1745   9.7924880E+07
  1746   9.7924848E+07
  1747   9.7924816E+07
  1748   9.7924784E+07
  1749   9.7924752E+07
  1750   9.7924720E+07
  1751   9.7924688E+07
  1752   9.7924656E+07
  1753   9.7924624E+07
  1754   9.7924592E+07
  1755   9.7924560E+07
  1756   9.7924528E+07
  1757   9.7924496E+07
  1758   9.7924464E+07
  1759   9.7924432E+07
  1760   9.7924400E+07
  1761   9.7924368E+07
  1762   9.7924336E+07
  1763   9.7924304E+07
  1764   9.7924272E+07
  1765   9.7924240E+07
  1766   9.7924208E+07
  1767   9.7924176E+07
  1768   9.7924144E+07
  1769   9.7924112E+07
  1770   9.7924080E+07
  1771   9.7924048E+07
  1772   9.7924016E+07
  1773   9.7923984E+07
  1774   9.7923952E+07
  1775   9.7923920E+07
  1776   9.7923888E+07
  1777   9.7923856E+07
  1778   9.7923824E+07
  1779   9.7923792E+07
  1780   9.7923760E+07
  1781   9.7923728E+07
  1782   9.7923696E+07
  1783   9.7923664E+07
  1784   9.7923632E+07
  1785   9.7923600E+07
  1786   9.7923568E+07
  1787   9.7923536E+07
  1788   9.7923504E+07
  1789   9.7923472E+07
  1790   9.7923440E+07
  1791   9.7923408E+07
  1792   9.7923376E+07
  1793   9.7923344E+07
  1794   9.7923312E+07
  1795   9.7923280E+07
  1796   9.7923248E+07
  1797   9.7923216E+07
  1798   9.7923184E+07
  1799   9.7923144E+07
  1800   9.7923112E+07
  1801   9.7923080E+07
  1802   9.7923048E+07
  1803   9.7923016E+07
  1804   9.7922984E+07
  1805   9.7922952E+07
  1806   9.7922920E+07
  1807   9.7922888E+07
  1808   9.7922856E+07
  1809   9.7922824E+07
  1810   9.7922792E+07
  1811   9.7922760E+07
  1812   9.7922728E+07
  1813   9.7922696E+07
  1814   9.7922664E+07
  1815   9.7922632E+07
  1816   9.7922600E+07
  1817   9.7922568E+07
  1818   9.7922536E+07
  1819   9.7922504E+07
  1820   9.7922472E+07
  1821   9.7922440E+07
  1822   9.7922408E+07
  1823   9.7922376E+07
  1824   9.7922344E+07
  1825   9.7922312E+07
  1826   9.7922280E+07
  1827   9.7922248E+07
  1828   9.7922216E+07
  1829   9.7922184E+07
  1830   9.7922152E+07
  1831   9.7922120E+07
  1832   9.7922088E+07
  1833   9.7922056E+07
  1834   9.7922024E+07
  1835   9.7921992E+07
  1836   9.7921960E+07
  1837   9.7921928E+07
  1838   9.7921896E+07
  1839   9.7921864E+07
  1840   9.7921832E+07
  1841   9.7921800E+07
  1842   9.7921768E+07
  1843   9.7921736E+07
  1844   9.7921704E+07
  1845   9.7921672E+07
  1846   9.7921640E+07
  1847   9.7921608E+07
  1848   9.7921576E+07
  1849   9.7921544E+07
  1850   9.7921512E+07
  1851   9.7921480E+07
  1852   9.7921448E+07
  1853   9.7921416E+07
  1854   9.7921384E+07
  1855   9.7921352E+07
  1856   9.7921320E+07
  1857   9.7921288E+07
  1858   9.7921256E+07
  1859   9.7921224E+07
  1860   9.7921192E+07
  1861   9.7921160E+07
  1862   9.7921128E+07
  1863   9.7921096E+07
  1864   9.7921064E+07
  1865   9.7921032E+07
  1866   9.7921000E+07
  1867   9.7920968E+07
  1868   9.7920936E+07
  1869   9.7920904E+07
  1870   9.7920872E+07
  1871   9.7920840E+07
  1872   9.7920808E+07
  1873   9.7920776E+07
  1874   9.7920744E+07
  1875   9.7920712E+07
  1876   9.7920680E+07
  1877   9.7920648E+07
  1878   9.7920616E+07
  1879   9.7920584E+07
  1880   9.7920552E+07
  1881   9.7920520E+07
  1882   9.7920488E+07
  1883   9.7920456E+07
  1884   9.7920424E+07
  1885   9.7920384E+07
  1886   9.7920352E+07
  1887   9.7920320E+07
  1888   9.7920288E+07
  1889   9.7920256E+07
  1890   9.7920224E+07
  1891   9.7920192E+07
  1892   9.7920160E+07
  1893   9.7920128E+07
  1894   9.7920096E+07
  1895   9.7920064E+07
  1896   9.7920032E+07
  1897   9.7920000E+07
  1898   9.7919968E+07
  1899   9.7919936E+07
  1900   9.7919904E+07
  1901   9.7919872E+07
  1902   9.7919840E+07
  1903   9.7919808E+07
  1904   9.7919776E+07
  1905   9.7919744E+07
  1906   9.7919712E+07
  1907   9.7919680E+07
  1908   9.7919648E+07
  1909   9.7919616E+07
  1910   9.7919584E+07
  1911   9.7919552E+07
  1912   9.7919520E+07
  1913   9.7919488E+07
  1914   9.7919456E+07
  1915   9.7919424E+07
  1916   9.7919392E+07
  1917   9.7919360E+07
  1918   9.7919328E+07
  1919   9.7919296E+07
  1920   9.7919264E+07
  1921   9.7919232E+07
  1922   9.7919200E+07
  1923   9.7919168E+07
  1924   9.7919136E+07
  1925   9.7919104E+07
  1926   9.7919072E+07
  1927   9.7919040E+07
  1928   9.7919008E+07
  1929   9.7918976E+07
  1930   9.7918944E+07
  1931   9.7918912E+07
  1932   9.7918880E+07
  1933   9.7918848E+07
  1934   9.7918816E+07
  1935   9.7918784E+07
  1936   9.7918752E+07
  1937   9.7918720E+07
  1938   9.7918688E+07
  1939   9.7918656E+07
  1940   9.7918624E+07
  1941   9.7918592E+07
  1942   9.7918560E+07
  1943   9.7918528E+07
  1944   9.7918496E+07
  1945   9.7918464E+07
  1946   9.7918432E+07
  1947   9.7918400E+07
  1948   9.7918368E+07
  1949   9.7918336E+07
  1950   9.7918304E+07
  1951   9.7918272E+07
  1952   9.7918240E+07
  1953   9.7918208E+07
  1954   9.7918176E+07
  1955   9.7918144E+07
  1956   9.7918112E+07
  1957   9.7918080E+07
  1958   9.7918048E+07
  1959   9.7918016E+07
  1960   9.7917984E+07
  1961   9.7917952E+07
  1962   9.7917920E+07
  1963   9.7917888E+07
  1964   9.7917856E+07
  1965   9.7917824E+07
  1966   9.7917792E+07
  1967   9.7917760E+07
  1968   9.7917728E+07
  1969   9.7917696E+07
  1970   9.7917664E+07
  1971   9.7917632E+07
  1972   9.7917592E+07
  1973   9.7917560E+07
  1974   9.7917528E+07
  1975   9.7917496E+07
  1976   9.7917464E+07
  1977   9.7917432E+07
  1978   9.7917400E+07
  1979   9.7917368E+07
  1980   9.7917336E+07
  1981   9.7917304E+07
  1982   9.7917272E+07
  1983   9.7917240E+07
  1984   9.7917208E+07
  1985   9.7917176E+07
  1986   9.7917144E+07
  1987   9.7917112E+07
  1988   9.7917080E+07
  1989   9.7917048E+07
  1990   9.7917016E+07
  1991   9.7916984E+07
  1992   9.7916952E+07
  1993   9.7916920E+07
  1994   9.7916888E+07
  1995   9.7916856E+07
  1996   9.7916824E+07
  1997   9.7916792E+07
  1998   9.7916760E+07
  1999   9.7916728E+07
  2000   9.7916696E+07
  2001   9.7916664E+07
  2002   9.7916632E+07
  2003   9.7916600E+07
  2004   9.7916568E+07
  2005   9.7916536E+07
  2006   9.7916504E+07
  2007   9.7916472E+07
  2008   9.7916440E+07
  2009   9.7916408E+07
  2010   9.7916376E+07
  2011   9.7916344E+07
  2012   9.7916312E+07
  2013   9.7916280E+07
  2014   9.7916248E+07
  2015   9.7916216E+07
  2016   9.7916184E+07
  2017   9.7916152E+07
  2018   9.7916120E+07
  2019   9.7916088E+07
  2020   9.7916056E+07
  2021   9.7916024E+07
  2022   9.7915992E+07
  2023   9.7915960E+07
  2024   9.7915928E+07
  2025   9.7915896E+07
  2026   9.7915864E+07
  2027   9.7915832E+07
  2028   9.7915800E+07
  2029   9.7915768E+07
  2030   9.7915736E+07
  2031   9.7915704E+07
  2032   9.7915672E+07
  2033   9.7915640E+07
  2034   9.7915608E+07
  2035   9.7915576E+07
  2036   9.7915544E+07
  2037   9.7915512E+07
  2038   9.7915480E+07
  2039   9.7915448E+07
  2040   9.7915416E+07
  2041   9.7915384E+07
  2042   9.7915352E+07
  2043   9.7915320E+07
  2044   9.7915288E+07
  2045   9.7915256E+07
  2046   9.7915224E+07
  2047   9.7915192E+07
  2048   9.7915160E+07
  2049   9.7915128E+07
  2050   9.7915096E+07
  2051   9.7915064E+07
  2052   9.7915032E+07
  2053   9.7915000E+07
  2054   9.7914968E+07
  2055   9.7914936E+07
  2056   9.7914904E+07
  2057   9.7914872E+07
  2058   9.7914840E+07
  2059   9.7914808E+07
  2060   9.7914776E+07
  2061   9.7914744E+07
  2062   9.7914704E+07
  2063   9.7914672E+07
  2064   9.7914640E+07
  2065   9.7914608E+07
  2066   9.7914576E+07
  2067   9.7914544E+07
  2068   9.7914512E+07
  2069   9.7914480E+07
  2070   9.7914448E+07
  2071   9.7914416E+07
  2072   9.7914384E+07
  2073   9.7914352E+07
  2074   9.7914320E+07
  2075   9.7914288E+07
  2076   9.7914256E+07
  2077   9.7914224E+07
  2078   9.7914192E+07
  2079   9.7914160E+07
  2080   9.7914128E+07
  2081   9.7914096E+07
  2082   9.7914064E+07
  2083   9.7914032E+07
  2084   9.7914000E+07
  2085   9.7913968E+07
  2086   9.7913936E+07
  2087   9.7913904E+07
  2088   9.7913872E+07
  2089   9.7913840E+07
  2090   9.7913808E+07
  2091   9.7913776E+07
  2092   9.7913744E+07
  2093   9.7913712E+07
  2094   9.7913680E+07
  2095   9.7913648E+07
  2096   9.7913616E+07
  2097   9.7913584E+07
  2098   9.7913552E+07
  2099   9.7913520E+07
  2100   9.7913488E+07
  2101   9.7913456E+07
  2102   9.7913424E+07
  2103   9.7913392E+07
  2104   9.7913360E+07
  2105   9.7913328E+07
  2106   9.7913296E+07
  2107   9.7913264E+07
  2108   9.7913232E+07
  2109   9.7913200E+07
  2110   9.7913168E+07
  2111   9.7913136E+07
  2112   9.7913104E+07
  2113   9.7913072E+07
  2114   9.7913040E+07
  2115   9.7913008E+07
  2116   9.7912976E+07
  2117   9.7912944E+07
  2118   9.7912912E+07
  2119   9.7912880E+07
  2120   9.7912848E+07
  2121   9.7912816E+07
  2122   9.7912784E+07
  2123   9.7912752E+07
  2124   9.7912720E+07
  2125   9.7912688E+07
  2126   9.7912656E+07
  2127   9.7912624E+07
  2128   9.7912592E+07
  2129   9.7912560E+07
  2130   9.7912528E+07
  2131   9.7912496E+07
  2132   9.7912464E+07
  2133   9.7912432E+07
  2134   9.7912400E+07
  2135   9.7912368E+07
  2136   9.7912336E+07
  2137   9.7912304E+07
  2138   9.7912272E+07
  2139   9.7912240E+07
  2140   9.7912208E+07
  2141   9.7912176E+07
  2142   9.7912144E+07
  2143   9.7912112E+07
  2144   9.7912080E+07
  2145   9.7912048E+07
  2146   9.7912016E+07
  2147   9.7911984E+07
  2148   9.7911952E+07
  2149   9.7911920E+07
  2150   9.7911888E+07
  2151   9.7911856E+07
  2152   9.7911824E+07
  2153   9.7911792E+07
  2154   9.7911760E+07
  2155   9.7911720E+07
  2156   9.7911688E+07
  2157   9.7911656E+07
  2158   9.7911624E+07
  2159   9.7911592E+07
  2160   9.7911560E+07
  2161   9.7911528E+07
  2162   9.7911496E+07
  2163   9.7911464E+07
  2164   9.7911432E+07
  2165   9.7911400E+07
  2166   9.7911368E+07
  2167   9.7911336E+07
  2168   9.7911304E+07
  2169   9.7911272E+07
  2170   9.7911240E+07
  2171   9.7911208E+07
  2172   9.7911176E+07
  2173   9.7911144E+07
  2174   9.7911112E+07
  2175   9.7911080E+07
  2176   9.7911048E+07
  2177   9.7911016E+07
  2178   9.7910984E+07
  2179   9.7910952E+07
  2180   9.7910920E+07
  2181   9.7910888E+07
  2182   9.7910856E+07
  2183   9.7910824E+07
  2184   9.7910792E+07
  2185   9.7910760E+07
  2186   9.7910728E+07
  2187   9.7910696E+07
  2188   9.7910664E+07
  2189   9.7910632E+07
  2190   9.7910600E+07
  2191   9.7910568E+07
  2192   9.7910536E+07
  2193   9.7910504E+07
  2194   9.7910472E+07
  2195   9.7910440E+07
  2196   9.7910408E+07
  2197   9.7910376E+07
  2198   9.7910344E+07
  2199   9.7910312E+07
  2200   9.7910280E+07
  2201   9.7910248E+07
  2202   9.7910216E+07
  2203   9.7910184E+07
  2204   9.7910152E+07
  2205   9.7910120E+07
  2206   9.7910088E+07
  2207   9.7910056E+07
  2208   9.7910024E+07
  2209   9.7909992E+07
  2210   9.7909960E+07
  2211   9.7909928E+07
  2212   9.7909896E+07
  2213   9.7909864E+07
  2214   9.7909832E+07
  2215   9.7909800E+07
  2216   9.7909768E+07
  2217   9.7909736E+07
  2218   9.7909704E+07
  2219   9.7909672E+07
  2220   9.7909640E+07
  2221   9.7909608E+07
  2222   9.7909576E+07
  2223   9.7909544E+07
  2224   9.7909512E+07
  2225   9.7909480E+07
  2226   9.7909448E+07
  2227   9.7909416E+07
  2228   9.7909384E+07
  2229   9.7909352E+07
  2230   9.7909320E+07
  2231   9.7909288E+07
  2232   9.7909256E+07
  2233   9.7909224E+07
  2234   9.7909192E+07
  2235   9.7909160E+07
  2236   9.7909128E+07
  2237   9.7909096E+07
  2238   9.7909064E+07
  2239   9.7909032E+07
  2240   9.7909000E+07
  2241   9.7908968E+07
  2242   9.7908936E+07
  2243   9.7908904E+07
  2244   9.7908872E+07
  2245   9.7908840E+07
  2246   9.7908808E+07
  2247   9.7908776E+07
  2248   9.7908744E+07
  2249   9.7908712E+07
  2250   9.7908672E+07
  2251   9.7908640E+07
  2252   9.7908608E+07
  2253   9.7908576E+07
  2254   9.7908544E+07
  2255   9.7908512E+07
  2256   9.7908480E+07
  2257   9.7908448E+07
  2258   9.7908416E+07
  2259   9.7908384E+07
  2260   9.7908352E+07
  2261   9.7908320E+07
  2262   9.7908288E+07
  2263   9.7908256E+07
  2264   9.7908224E+07
  2265   9.7908192E+07
  2266   9.7908160E+07
  2267   9.7908128E+07
  2268   9.7908096E+07
  2269   9.7908064E+07
  2270   9.7908032E+07
  2271   9.7908000E+07
  2272   9.7907968E+07
  2273   9.7907936E+07
  2274   9.7907904E+07
  2275   9.7907872E+07
  2276   9.7907840E+07
  2277   9.7907808E+07
  2278   9.7907776E+07
  2279   9.7907744E+07
  2280   9.7907712E+07
  2281   9.7907680E+07
  2282   9.7907648E+07
  2283   9.7907616E+07
  2284   9.7907584E+07
  2285   9.7907552E+07
  2286   9.7907520E+07
  2287   9.7907488E+07
  2288   9.7907456E+07
  2289   9.7907424E+07
  2290   9.7907392E+07
  2291   9.7907360E+07
  2292   9.7907328E+07
  2293   9.7907296E+07
  2294   9.7907264E+07
  2295   9.7907232E+07
  2296   9.7907200E+07
  2297   9.7907168E+07
  2298   9.7907136E+07
  2299   9.7907104E+07
  2300   9.7907072E+07
  2301   9.7907040E+07
  2302   9.7907008E+07
  2303   9.7906976E+07
  2304   9.7906944E+07
  2305   9.7906912E+07
  2306   9.7906880E+07
  2307   9.7906848E+07
  2308   9.7906816E+07
  2309   9.7906784E+07
  2310   9.7906752E+07
  2311   9.7906720E+07
  2312   9.7906688E+07
  2313   9.7906656E+07
  2314   9.7906624E+07
  2315   9.7906592E+07
  2316   9.7906560E+07
  2317   9.7906528E+07
  2318   9.7906496E+07
  2319   9.7906464E+07
  2320   9.7906432E+07
  2321   9.7906400E+07
  2322   9.7906368E+07
  2323   9.7906336E+07
  2324   9.7906304E+07
  2325   9.7906272E+07
  2326   9.7906240E+07
  2327   9.7906208E+07
  2328   9.7906176E+07
  2329   9.7906144E+07
  2330   9.7906112E+07
  2331   9.7906080E+07
  2332   9.7906048E+07
  2333   9.7906016E+07
  2334   9.7905984E+07
  2335   9.7905952E+07
  2336   9.7905920E+07
  2337   9.7905888E+07
  2338   9.7905856E+07
  2339   9.7905824E+07
  2340   9.7905792E+07
  2341   9.7905760E+07
  2342   9.7905728E+07
  2343   9.7905696E+07
  2344   9.7905664E+07
  2345   9.7905632E+07
  2346   9.7905600E+07
  2347   9.7905568E+07
  2348   9.7905528E+07
  2349   9.7905496E+07
  2350   9.7905464E+07
  2351   9.7905432E+07
  2352   9.7905400E+07
  2353   9.7905368E+07
  2354   9.7905336E+07
  2355   9.7905304E+07
  2356   9.7905272E+07
  2357   9.7905240E+07
  2358   9.7905208E+07
  2359   9.7905176E+07
  2360   9.7905144E+07
  2361   9.7905112E+07
  2362   9.7905080E+07
  2363   9.7905048E+07
  2364   9.7905016E+07
  2365   9.7904984E+07
  2366   9.7904952E+07
  2367   9.7904920E+07
  2368   9.7904888E+07
  2369   9.7904856E+07
  2370   9.7904824E+07
  2371   9.7904792E+07
  2372   9.7904760E+07
  2373   9.7904728E+07
  2374   9.7904696E+07
  2375   9.7904664E+07
  2376   9.7904632E+07
  2377   9.7904600E+07
  2378   9.7904568E+07
  2379   9.7904536E+07
  2380   9.7904504E+07
  2381   9.7904472E+07
  2382   9.7904440E+07
  2383   9.7904408E+07
  2384   9.7904376E+07
  2385   9.7904344E+07
  2386   9.7904312E+07
  2387   9.7904280E+07
  2388   9.7904248E+07
  2389   9.7904216E+07
  2390   9.7904184E+07
  2391   9.7904152E+07
  2392   9.7904120E+07
  2393   9.7904088E+07
  2394   9.7904056E+07
  2395   9.7904024E+07
  2396   9.7903992E+07
  2397   9.7903960E+07
  2398   9.7903928E+07
  2399   9.7903896E+07
  2400   9.7903864E+07
  2401   9.7903832E+07
  2402   9.7903800E+07
  2403   9.7903768E+07
  2404   9.7903736E+07
  2405   9.7903704E+07
  2406   9.7903672E+07
  2407   9.7903640E+07
  2408   9.7903608E+07
  2409   9.7903576E+07
  2410   9.7903544E+07
  2411   9.7903512E+07
  2412   9.7903480E+07
  2413   9.7903448E+07
  2414   9.7903416E+07
  2415   9.7903384E+07
  2416   9.7903352E+07
  2417   9.7903320E+07
  2418   9.7903288E+07
  2419   9.7903256E+07
  2420   9.7903224E+07
  2421   9.7903192E+07
  2422   9.7903160E+07
  2423   9.7903128E+07
  2424   9.7903096E+07
  2425   9.7903064E+07
  2426   9.7903032E+07
  2427   9.7903000E+07
  2428   9.7902968E+07
  2429   9.7902936E+07
  2430   9.7902904E+07
  2431   9.7902872E+07
  2432   9.7902840E+07
  2433   9.7902808E+07
  2434   9.7902776E+07
  2435   9.7902744E+07
  2436   9.7902712E+07
  2437   9.7902680E+07
  2438   9.7902648E+07
  2439   9.7902616E+07
  2440   9.7902584E+07
  2441   9.7902552E+07
  2442   9.7902520E+07
  2443   9.7902488E+07
  2444   9.7902456E+07
  2445   9.7902424E+07
  2446   9.7902392E+07
  2447   9.7902360E+07
  2448   9.7902328E+07
  2449   9.7902288E+07
  2450   9.7902256E+07
  2451   9.7902224E+07
  2452   9.7902192E+07
  2453   9.7902160E+07
  2454   9.7902128E+07
  2455   9.7902096E+07
  2456   9.7902064E+07
  2457   9.7902032E+07
  2458   9.7902000E+07
  2459   9.7901968E+07
  2460   9.7901936E+07
  2461   9.7901904E+07
  2462   9.7901872E+07
  2463   9.7901840E+07
  2464   9.7901808E+07
  2465   9.7901776E+07
  2466   9.7901744E+07
  2467   9.7901712E+07
  2468   9.7901680E+07
  2469   9.7901648E+07
  2470   9.7901616E+07
  2471   9.7901584E+07
  2472   9.7901552E+07
  2473   9.7901520E+07
  2474   9.7901488E+07
  2475   9.7901456E+07
  2476   9.7901424E+07
  2477   9.7901392E+07
  2478   9.7901360E+07
  2479   9.7901328E+07
  2480   9.7901296E+07
  2481   9.7901264E+07
  2482   9.7901232E+07
  2483   9.7901200E+07
  2484   9.7901168E+07
  2485   9.7901136E+07
  2486   9.7901104E+07
  2487   9.7901072E+07
  2488   9.7901040E+07
  2489   9.7901008E+07
  2490   9.7900976E+07
  2491   9.7900944E+07
  2492   9.7900912E+07
  2493   9.7900880E+07
  2494   9.7900848E+07
  2495   9.7900816E+07
  2496   9.7900784E+07
  2497   9.7900752E+07
  2498   9.7900720E+07
  2499   9.7900688E+07
  2500   9.7900656E+07
  2501   9.7900624E+07
  2502   9.7900592E+07
  2503   9.7900560E+07
  2504   9.7900528E+07
  2505   9.7900496E+07
  2506   9.7900464E+07
  2507   9.7900432E+07
  2508   9.7900400E+07
  2509   9.7900368E+07
  2510   9.7900336E+07
  2511   9.7900304E+07
  2512   9.7900272E+07
  2513   9.7900240E+07
  2514   9.7900208E+07
  2515   9.7900176E+07
  2516   9.7900144E+07
  2517   9.7900112E+07
  2518   9.7900080E+07
  2519   9.7900048E+07
  2520   9.7900016E+07
  2521   9.7899984E+07
  2522   9.7899952E+07
  2523   9.7899920E+07
  2524   9.7899888E+07
  2525   9.7899856E+07
  2526   9.7899824E+07
  2527   9.7899792E+07
  2528   9.7899760E+07
  2529   9.7899728E+07
  2530   9.7899696E+07
  2531   9.7899664E+07
  2532   9.7899632E+07
  2533   9.7899600E+07
  2534   9.7899568E+07
  2535   9.7899536E+07
  2536   9.7899504E+07
  2537   9.7899472E+07
  2538   9.7899440E+07
  2539   9.7899408E+07
  2540   9.7899376E+07
  2541   9.7899344E+07
  2542   9.7899312E+07
  2543   9.7899280E+07
  2544   9.7899248E+07
  2545   9.7899216E+07
  2546   9.7899184E+07
  2547   9.7899152E+07
  2548   9.7899120E+07
  2549   9.7899088E+07
  2550   9.7899056E+07
  2551   9.7899024E+07
  2552   9.7898984E+07
  2553   9.7898952E+07
  2554   9.7898920E+07
  2555   9.7898888E+07
  2556   9.7898856E+07
  2557   9.7898824E+07
  2558   9.7898792E+07
  2559   9.7898760E+07
  2560   9.7898728E+07
  2561   9.7898696E+07
  2562   9.7898664E+07
  2563   9.7898632E+07
  2564   9.7898600E+07
  2565   9.7898568E+07
  2566   9.7898536E+07
  2567   9.7898504E+07
  2568   9.7898472E+07
  2569   9.7898440E+07
  2570   9.7898408E+07
  2571   9.7898376E+07
  2572   9.7898344E+07
  2573   9.7898312E+07
  2574   9.7898280E+07
  2575   9.7898248E+07
  2576   9.7898216E+07
  2577   9.7898184E+07
  2578   9.7898152E+07
  2579   9.7898120E+07
  2580   9.7898088E+07
  2581   9.7898056E+07
  2582   9.7898024E+07
  2583   9.7897992E+07
  2584   9.7897960E+07
  2585   9.7897928E+07
  2586   9.7897896E+07
  2587   9.7897864E+07
  2588   9.7897832E+07
  2589   9.7897800E+07
  2590   9.7897768E+07
  2591   9.7897736E+07
  2592   9.7897704E+07
  2593   9.7897672E+07
  2594   9.7897640E+07
  2595   9.7897608E+07
  2596   9.7897576E+07
  2597   9.7897544E+07
  2598   9.7897512E+07
  2599   9.7897480E+07
  2600   9.7897448E+07
  2601   9.7897416E+07
  2602   9.7897384E+07
  2603   9.7897352E+07
  2604   9.7897320E+07
  2605   9.7897288E+07
  2606   9.7897256E+07
  2607   9.7897224E+07
  2608   9.7897192E+07
  2609   9.7897160E+07
  2610   9.7897128E+07
  2611   9.7897096E+07
  2612   9.7897064E+07
  2613   9.7897032E+07
  2614   9.7897000E+07
  2615   9.7896968E+07
  2616   9.7896936E+07
  2617   9.7896904E+07
  2618   9.7896872E+07
  2619   9.7896840E+07
  2620   9.7896808E+07
  2621   9.7896776E+07
  2622   9.7896744E+07
  2623   9.7896712E+07
  2624   9.7896680E+07
  2625   9.7896648E+07
  2626   9.7896616E+07
  2627   9.7896584E+07
  2628   9.7896552E+07
  2629   9.7896520E+07
  2630   9.7896488E+07
  2631   9.7896456E+07
  2632   9.7896424E+07
  2633   9.7896392E+07
  2634   9.7896360E+07
  2635   9.7896328E+07
  2636   9.7896296E+07
  2637   9.7896264E+07
  2638   9.7896232E+07
  2639   9.7896200E+07
  2640   9.7896168E+07
  2641   9.7896136E+07
  2642   9.7896104E+07
  2643   9.7896072E+07
  2644   9.7896040E+07
  2645   9.7896008E+07
  2646   9.7895976E+07
  2647   9.7895944E+07
  2648   9.7895912E+07
  2649   9.7895880E+07
  2650   9.7895848E+07
  2651   9.7895816E+07
  2652   9.7895784E+07
  2653   9.7895752E+07
  2654   9.7895720E+07
  2655   9.7895688E+07
  2656   9.7895656E+07
  2657   9.7895624E+07
  2658   9.7895592E+07
  2659   9.7895560E+07
  2660   9.7895520E+07
  2661   9.7895488E+07
  2662   9.7895456E+07
  2663   9.7895424E+07
  2664   9.7895392E+07
  2665   9.7895360E+07
  2666   9.7895328E+07
  2667   9.7895296E+07
  2668   9.7895264E+07
  2669   9.7895232E+07
  2670   9.7895200E+07
  2671   9.7895168E+07
  2672   9.7895136E+07
  2673   9.7895104E+07
  2674   9.7895072E+07
  2675   9.7895040E+07
  2676   9.7895008E+07
  2677   9.7894976E+07
  2678   9.7894944E+07
  2679   9.7894912E+07
  2680   9.7894880E+07
  2681   9.7894848E+07
  2682   9.7894816E+07
  2683   9.7894784E+07
  2684   9.7894752E+07
  2685   9.7894720E+07
  2686   9.7894688E+07
  2687   9.7894656E+07
  2688   9.7894624E+07
  2689   9.7894592E+07
  2690   9.7894560E+07
  2691   9.7894528E+07
  2692   9.7894496E+07
  2693   9.7894464E+07
  2694   9.7894432E+07
  2695   9.7894400E+07
  2696   9.7894368E+07
  2697   9.7894336E+07
  2698   9.7894304E+07
  2699   9.7894272E+07
  2700   9.7894240E+07
  2701   9.7894208E+07
  2702   9.7894176E+07
  2703   9.7894144E+07
  2704   9.7894112E+07
  2705   9.7894080E+07
  2706   9.7894048E+07
  2707   9.7894016E+07
  2708   9.7893984E+07
  2709   9.7893952E+07
  2710   9.7893920E+07
  2711   9.7893888E+07
  2712   9.7893856E+07
  2713   9.7893824E+07
  2714   9.7893792E+07
  2715   9.7893760E+07
  2716   9.7893728E+07
  2717   9.7893696E+07
  2718   9.7893664E+07
  2719   9.7893632E+07
  2720   9.7893600E+07
  2721   9.7893568E+07
  2722   9.7893536E+07
  2723   9.7893504E+07
  2724   9.7893472E+07
  2725   9.7893440E+07
  2726   9.7893408E+07
  2727   9.7893376E+07
  2728   9.7893344E+07
  2729   9.7893312E+07
  2730   9.7893280E+07
  2731   9.7893248E+07
  2732   9.7893216E+07
  2733   9.7893184E+07
  2734   9.7893152E+07
  2735   9.7893120E+07
  2736   9.7893088E+07
  2737   9.7893056E+07
  2738   9.7893024E+07
  2739   9.7892992E+07
  2740   9.7892960E+07
  2741   9.7892928E+07
  2742   9.7892896E+07
  2743   9.7892864E+07
  2744   9.7892832E+07
  2745   9.7892800E+07
  2746   9.7892768E+07
  2747   9.7892736E+07
  2748   9.7892704E+07
  2749   9.7892672E+07
  2750   9.7892640E+07
  2751   9.7892608E+07
  2752   9.7892576E+07
  2753   9.7892544E+07
  2754   9.7892512E+07
  2755   9.7892480E+07
  2756   9.7892448E+07
  2757   9.7892416E+07
  2758   9.7892384E+07
  2759   9.7892352E+07
  2760   9.7892320E+07
  2761   9.7892288E+07
  2762   9.7892256E+07
  2763   9.7892224E+07
  2764   9.7892192E+07
  2765   9.7892160E+07
  2766   9.7892128E+07
  2767   9.7892096E+07
  2768   9.7892064E+07
  2769   9.7892032E+07
  2770   9.7891992E+07
  2771   9.7891960E+07
  2772   9.7891928E+07
  2773   9.7891896E+07
  2774   9.7891864E+07
  2775   9.7891832E+07
  2776   9.7891800E+07
  2777   9.7891768E+07
  2778   9.7891736E+07
  2779   9.7891704E+07
  2780   9.7891672E+07
  2781   9.7891640E+07
  2782   9.7891608E+07
  2783   9.7891576E+07
  2784   9.7891544E+07
  2785   9.7891512E+07
  2786   9.7891480E+07
  2787   9.7891448E+07
  2788   9.7891416E+07
  2789   9.7891384E+07
  2790   9.7891352E+07
  2791   9.7891320E+07
  2792   9.7891288E+07
  2793   9.7891256E+07
  2794   9.7891224E+07
  2795   9.7891192E+07
  2796   9.7891160E+07
  2797   9.7891128E+07
  2798   9.7891096E+07
  2799   9.7891064E+07
  2800   9.7891032E+07
  2801   9.7891000E+07
  2802   9.7890968E+07
  2803   9.7890936E+07
  2804   9.7890904E+07
  2805   9.7890872E+07
  2806   9.7890840E+07
  2807   9.7890808E+07
  2808   9.7890776E+07
  2809   9.7890744E+07
  2810   9.7890712E+07
  2811   9.7890680E+07
  2812   9.7890648E+07
  2813   9.7890616E+07
  2814   9.7890584E+07
  2815   9.7890552E+07
  2816   9.7890520E+07
  2817   9.7890488E+07
  2818   9.7890456E+07
  2819   9.7890424E+07
  2820   9.7890392E+07
  2821   9.7890360E+07
  2822   9.7890328E+07
  2823   9.7890296E+07
  2824   9.7890264E+07
  2825   9.7890232E+07
  2826   9.7890200E+07
  2827   9.7890168E+07
  2828   9.7890136E+07
  2829   9.7890104E+07
  2830   9.7890072E+07
  2831   9.7890040E+07
  2832   9.7890008E+07
  2833   9.7889976E+07
  2834   9.7889944E+07
  2835   9.7889912E+07
  2836   9.7889880E+07
  2837   9.7889848E+07
  2838   9.7889816E+07
  2839   9.7889784E+07
  2840   9.7889752E+07
  2841   9.7889720E+07
  2842   9.7889688E+07
  2843   9.7889656E+07
  2844   9.7889624E+07
  2845   9.7889592E+07
  2846   9.7889560E+07
  2847   9.7889528E+07
  2848   9.7889496E+07
  2849   9.7889464E+07
  2850   9.7889432E+07
  2851   9.7889400E+07
  2852   9.7889368E+07
  2853   9.7889336E+07
  2854   9.7889304E+07
  2855   9.7889272E+07
  2856   9.7889240E+07
  2857   9.7889208E+07
  2858   9.7889176E+07
  2859   9.7889144E+07
  2860   9.7889112E+07
  2861   9.7889080E+07
  2862   9.7889048E+07
  2863   9.7889016E+07
  2864   9.7888984E+07
  2865   9.7888952E+07
  2866   9.7888920E+07
  2867   9.7888888E+07
  2868   9.7888856E+07
  2869   9.7888824E+07
  2870   9.7888792E+07
  2871   9.7888760E+07
  2872   9.7888728E+07
  2873   9.7888696E+07
  2874   9.7888664E+07
  2875   9.7888632E+07
  2876   9.7888600E+07
  2877   9.7888568E+07
  2878   9.7888536E+07
  2879   9.7888504E+07
  2880   9.7888472E+07
  2881   9.7888440E+07
  2882   9.7888408E+07
  2883   9.7888376E+07
  2884   9.7888344E+07
  2885   9.7888304E+07
  2886   9.7888272E+07
  2887   9.7888240E+07
  2888   9.7888208E+07
  2889   9.7888176E+07
  2890   9.7888144E+07
  2891   9.7888112E+07
  2892   9.7888080E+07
  2893   9.7888048E+07
  2894   9.7888016E+07
  2895   9.7887984E+07
  2896   9.7887952E+07
  2897   9.7887920E+07
  2898   9.7887888E+07
  2899   9.7887856E+07
  2900   9.7887824E+07
  2901   9.7887792E+07
  2902   9.7887760E+07
  2903   9.7887728E+07
  2904   9.7887696E+07
  2905   9.7887664E+07
  2906   9.7887632E+07
  2907   9.7887600E+07
  2908   9.7887568E+07
  2909   9.7887536E+07
  2910   9.7887504E+07
  2911   9.7887472E+07
  2912   9.7887440E+07
  2913   9.7887408E+07
  2914   9.7887376E+07
  2915   9.7887344E+07
  2916   9.7887312E+07
  2917   9.7887280E+07
  2918   9.7887248E+07
  2919   9.7887216E+07
  2920   9.7887184E+07
  2921   9.7887152E+07
  2922   9.7887120E+07
  2923   9.7887088E+07
  2924   9.7887056E+07
  2925   9.7887024E+07
  2926   9.7886992E+07
  2927   9.7886960E+07
  2928   9.7886928E+07
  2929   9.7886896E+07
  2930   9.7886864E+07
  2931   9.7886832E+07
  2932   9.7886800E+07
  2933   9.7886768E+07
  2934   9.7886736E+07
  2935   9.7886704E+07
  2936   9.7886672E+07
  2937   9.7886640E+07
  2938   9.7886608E+07
  2939   9.7886576E+07
  2940   9.7886544E+07
  2941   9.7886512E+07
  2942   9.7886480E+07
  2943   9.7886448E+07
  2944   9.7886416E+07
  2945   9.7886384E+07
  2946   9.7886352E+07
  2947   9.7886320E+07
  2948   9.7886288E+07
  2949   9.7886256E+07
  2950   9.7886224E+07
  2951   9.7886192E+07
  2952   9.7886160E+07
  2953   9.7886128E+07
  2954   9.7886096E+07
  2955   9.7886064E+07
  2956   9.7886032E+07
  2957   9.7886000E+07
  2958   9.7885968E+07
  2959   9.7885936E+07
  2960   9.7885904E+07
  2961   9.7885872E+07
  2962   9.7885840E+07
  2963   9.7885808E+07
  2964   9.7885776E+07
  2965   9.7885744E+07
  2966   9.7885712E+07
  2967   9.7885680E+07
  2968   9.7885648E+07
  2969   9.7885616E+07
  2970   9.7885584E+07
  2971   9.7885552E+07
  2972   9.7885520E+07
  2973   9.7885488E+07
  2974   9.7885456E+07
  2975   9.7885424E+07
  2976   9.7885392E+07
  2977   9.7885360E+07
  2978   9.7885328E+07
  2979   9.7885296E+07
  2980   9.7885264E+07
  2981   9.7885232E+07
  2982   9.7885200E+07
  2983   9.7885168E+07
  2984   9.7885136E+07
  2985   9.7885104E+07
  2986   9.7885072E+07
  2987   9.7885040E+07
  2988   9.7885008E+07
  2989   9.7884976E+07
  2990   9.7884944E+07
  2991   9.7884912E+07
  2992   9.7884880E+07
  2993   9.7884848E+07
  2994   9.7884816E+07
  2995   9.7884784E+07
  2996   9.7884752E+07
  2997   9.7884720E+07
  2998   9.7884688E+07
  2999   9.7884656E+07
  3000   9.7884624E+07
  3001   9.7884592E+07
  3002   9.7884560E+07
  3003   9.7884528E+07
  3004   9.7884488E+07
  3005   9.7884456E+07
  3006   9.7884424E+07
  3007   9.7884392E+07
  3008   9.7884360E+07
  3009   9.7884328E+07
  3010   9.7884296E+07
  3011   9.7884264E+07
  3012   9.7884232E+07
  3013   9.7884200E+07
  3014   9.7884168E+07
  3015   9.7884136E+07
  3016   9.7884104E+07
  3017   9.7884072E+07
  3018   9.7884040E+07
  3019   9.7884008E+07
  3020   9.7883976E+07
  3021   9.7883944E+07
  3022   9.7883912E+07
  3023   9.7883880E+07
  3024   9.7883848E+07
  3025   9.7883816E+07
  3026   9.7883784E+07
  3027   9.7883752E+07
  3028   9.7883720E+07
  3029   9.7883688E+07
  3030   9.7883656E+07
  3031   9.7883624E+07
  3032   9.7883592E+07
  3033   9.7883560E+07
  3034   9.7883528E+07
  3035   9.7883496E+07
  3036   9.7883464E+07
  3037   9.7883432E+07
  3038   9.7883400E+07
  3039   9.7883368E+07
  3040   9.7883336E+07
  3041   9.7883304E+07
  3042   9.7883272E+07
  3043   9.7883240E+07
  3044   9.7883208E+07
  3045   9.7883176E+07
  3046   9.7883144E+07
  3047   9.7883112E+07
  3048   9.7883080E+07
  3049   9.7883048E+07
  3050   9.7883016E+07
  3051   9.7882984E+07
  3052   9.7882952E+07
  3053   9.7882920E+07
  3054   9.7882888E+07
  3055   9.7882856E+07
  3056   9.7882824E+07
  3057   9.7882792E+07
  3058   9.7882760E+07
  3059   9.7882728E+07
  3060   9.7882696E+07
  3061   9.7882664E+07
  3062   9.7882632E+07
  3063   9.7882600E+07
  3064   9.7882568E+07
  3065   9.7882536E+07
  3066   9.7882504E+07
  3067   9.7882472E+07
  3068   9.7882440E+07
  3069   9.7882408E+07
  3070   9.7882376E+07
  3071   9.7882344E+07
  3072   9.7882312E+07
  3073   9.7882280E+07
  3074   9.7882248E+07
  3075   9.7882216E+07
  3076   9.7882184E+07
  3077   9.7882152E+07
  3078   9.7882120E+07
  3079   9.7882088E+07
  3080   9.7882056E+07
  3081   9.7882024E+07
  3082   9.7881992E+07
  3083   9.7881960E+07
  3084   9.7881928E+07
  3085   9.7881896E+07
  3086   9.7881864E+07
  3087   9.7881832E+07
  3088   9.7881800E+07
  3089   9.7881768E+07
  3090   9.7881736E+07
  3091   9.7881704E+07
  3092   9.7881672E+07
  3093   9.7881640E+07
  3094   9.7881608E+07
  3095   9.7881576E+07
  3096   9.7881544E+07
  3097   9.7881512E+07
  3098   9.7881480E+07
  3099   9.7881448E+07
  3100   9.7881416E+07
  3101   9.7881384E+07
  3102   9.7881352E+07
  3103   9.7881320E+07
  3104   9.7881288E+07
  3105   9.7881256E+07
  3106   9.7881224E+07
  3107   9.7881192E+07
  3108   9.7881160E+07
  3109   9.7881128E+07
  3110   9.7881096E+07
  3111   9.7881064E+07
  3112   9.7881032E+07
  3113   9.7881000E+07
  3114   9.7880968E+07
  3115   9.7880936E+07
  3116   9.7880904E+07
  3117   9.7880872E+07
  3118   9.7880840E+07
  3119   9.7880808E+07
  3120   9.7880776E+07
  3121   9.7880744E+07
  3122   9.7880712E+07
  3123   9.7880680E+07
  3124   9.7880648E+07
  3125   9.7880616E+07
  3126   9.7880584E+07
  3127   9.7880552E+07
  3128   9.7880520E+07
  3129   9.7880480E+07
  3130   9.7880448E+07
  3131   9.7880416E+07
  3132   9.7880384E+07
  3133   9.7880352E+07
  3134   9.7880320E+07
  3135   9.7880288E+07
  3136   9.7880256E+07
  3137   9.7880224E+07
  3138   9.7880192E+07
  3139   9.7880160E+07
  3140   9.7880128E+07
  3141   9.7880096E+07
  3142   9.7880064E+07
  3143   9.7880032E+07
  3144   9.7880000E+07
  3145   9.7879968E+07
  3146   9.7879936E+07
  3147   9.7879904E+07
  3148   9.7879872E+07
  3149   9.7879840E+07
  3150   9.7879808E+07
  3151   9.7879776E+07
  3152   9.7879744E+07
  3153   9.7879712E+07
  3154   9.7879680E+07
  3155   9.7879648E+07
  3156   9.7879616E+07
  3157   9.7879584E+07
  3158   9.7879552E+07
  3159   9.7879520E+07
  3160   9.7879488E+07
  3161   9.7879456E+07
  3162   9.7879424E+07
  3163   9.7879392E+07
  3164   9.7879360E+07
  3165   9.7879328E+07
  3166   9.7879296E+07
  3167   9.7879264E+07
  3168   9.7879232E+07
  3169   9.7879200E+07
  3170   9.7879168E+07
  3171   9.7879136E+07
  3172   9.7879104E+07
  3173   9.7879072E+07
  3174   9.7879040E+07
  3175   9.7879008E+07
  3176   9.7878976E+07
  3177   9.7878944E+07
  3178   9.7878912E+07
  3179   9.7878880E+07
  3180   9.7878848E+07
  3181   9.7878816E+07
  3182   9.7878784E+07
  3183   9.7878752E+07
  3184   9.7878720E+07
  3185   9.7878688E+07
  3186   9.7878656E+07
  3187   9.7878624E+07
  3188   9.7878592E+07
  3189   9.7878560E+07
  3190   9.7878528E+07
  3191   9.7878496E+07
  3192   9.7878464E+07
  3193   9.7878432E+07
  3194   9.7878400E+07
  3195   9.7878368E+07
  3196   9.7878336E+07
  3197   9.7878304E+07
  3198   9.7878272E+07
  3199   9.7878240E+07
  3200   9.7878208E+07
  3201   9.7878176E+07
  3202   9.7878144E+07
  3203   9.7878112E+07
  3204   9.7878080E+07
  3205   9.7878048E+07
  3206   9.7878016E+07
  3207   9.7877984E+07
  3208   9.7877952E+07
  3209   9.7877920E+07
  3210   9.7877888E+07
  3211   9.7877856E+07
  3212   9.7877824E+07
  3213   9.7877792E+07
  3214   9.7877760E+07
  3215   9.7877728E+07
  3216   9.7877696E+07
  3217   9.7877664E+07
  3218   9.7877632E+07
  3219   9.7877600E+07
  3220   9.7877568E+07
  3221   9.7877536E+07
  3222   9.7877504E+07
  3223   9.7877472E+07
  3224   9.7877440E+07
  3225   9.7877408E+07
  3226   9.7877376E+07
  3227   9.7877344E+07
  3228   9.7877312E+07
  3229   9.7877280E+07
  3230   9.7877248E+07
  3231   9.7877216E+07
  3232   9.7877184E+07
  3233   9.7877152E+07
  3234   9.7877120E+07
  3235   9.7877088E+07
  3236   9.7877056E+07
  3237   9.7877024E+07
  3238   9.7876992E+07
  3239   9.7876960E+07
  3240   9.7876928E+07
  3241   9.7876896E+07
  3242   9.7876864E+07
  3243   9.7876832E+07
  3244   9.7876800E+07
  3245   9.7876768E+07
  3246   9.7876736E+07
  3247   9.7876704E+07
  3248   9.7876672E+07
  3249   9.7876640E+07
  3250   9.7876608E+07
  3251   9.7876576E+07
  3252   9.7876544E+07
  3253   9.7876512E+07
  3254   9.7876480E+07
  3255   9.7876448E+07
  3256   9.7876416E+07
  3257   9.7876384E+07
  3258   9.7876352E+07
  3259   9.7876312E+07
  3260   9.7876280E+07
  3261   9.7876248E+07
  3262   9.7876216E+07
  3263   9.7876184E+07
  3264   9.7876152E+07
  3265   9.7876120E+07
  3266   9.7876088E+07
  3267   9.7876056E+07
  3268   9.7876024E+07
  3269   9.7875992E+07
  3270   9.7875960E+07
  3271   9.7875928E+07
  3272   9.7875896E+07
  3273   9.7875864E+07
  3274   9.7875832E+07
  3275   9.7875800E+07
  3276   9.7875768E+07
  3277   9.7875736E+07
  3278   9.7875704E+07
  3279   9.7875672E+07
  3280   9.7875640E+07
  3281   9.7875608E+07
  3282   9.7875576E+07
  3283   9.7875544E+07
  3284   9.7875512E+07
  3285   9.7875480E+07
  3286   9.7875448E+07
  3287   9.7875416E+07
  3288   9.7875384E+07
  3289   9.7875352E+07
  3290   9.7875320E+07
  3291   9.7875288E+07
  3292   9.7875256E+07
  3293   9.7875224E+07
  3294   9.7875192E+07
  3295   9.7875160E+07
  3296   9.7875128E+07
  3297   9.7875096E+07
  3298   9.7875064E+07
  3299   9.7875032E+07
  3300   9.7875000E+07
  3301   9.7874968E+07
  3302   9.7874936E+07
  3303   9.7874904E+07
  3304   9.7874872E+07
  3305   9.7874840E+07
  3306   9.7874808E+07
  3307   9.7874776E+07
  3308   9.7874744E+07
  3309   9.7874712E+07
  3310   9.7874680E+07
  3311   9.7874648E+07
  3312   9.7874616E+07
  3313   9.7874584E+07
  3314   9.7874552E+07
  3315   9.7874520E+07
  3316   9.7874488E+07
  3317   9.7874456E+07
  3318   9.7874424E+07
  3319   9.7874392E+07
  3320   9.7874360E+07
  3321   9.7874328E+07
  3322   9.7874296E+07
  3323   9.7874264E+07
  3324   9.7874232E+07
  3325   9.7874200E+07
  3326   9.7874168E+07
  3327   9.7874136E+07
  3328   9.7874104E+07
  3329   9.7874072E+07
  3330   9.7874040E+07
  3331   9.7874008E+07
  3332   9.7873976E+07
  3333   9.7873944E+07
  3334   9.7873912E+07
  3335   9.7873880E+07
  3336   9.7873848E+07
  3337   9.7873816E+07
  3338   9.7873784E+07
  3339   9.7873752E+07
  3340   9.7873720E+07
  3341   9.7873688E+07
  3342   9.7873656E+07
  3343   9.7873624E+07
  3344   9.7873592E+07
  3345   9.7873560E+07
  3346   9.7873528E+07
  3347   9.7873496E+07
  3348   9.7873464E+07
  3349   9.7873432E+07
  3350   9.7873400E+07
  3351   9.7873368E+07
  3352   9.7873336E+07
  3353   9.7873304E+07
  3354   9.7873272E+07
  3355   9.7873240E+07
  3356   9.7873208E+07
  3357   9.7873176E+07
  3358   9.7873144E+07
  3359   9.7873112E+07
  3360   9.7873080E+07
  3361   9.7873048E+07
  3362   9.7873016E+07
  3363   9.7872984E+07
  3364   9.7872952E+07
  3365   9.7872920E+07
  3366   9.7872888E+07
  3367   9.7872856E+07
  3368   9.7872824E+07
  3369   9.7872792E+07
  3370   9.7872760E+07
  3371   9.7872728E+07
  3372   9.7872696E+07
  3373   9.7872664E+07
  3374   9.7872632E+07
  3375   9.7872600E+07
  3376   9.7872568E+07
  3377   9.7872536E+07
  3378   9.7872504E+07
  3379   9.7872472E+07
  3380   9.7872440E+07
  3381   9.7872408E+07
  3382   9.7872376E+07
  3383   9.7872344E+07
  3384   9.7872312E+07
  3385   9.7872280E+07
  3386   9.7872248E+07
  3387   9.7872216E+07
  3388   9.7872184E+07
  3389   9.7872152E+07
  3390   9.7872120E+07
  3391   9.7872088E+07
  3392   9.7872056E+07
  3393   9.7872024E+07
  3394   9.7871992E+07
  3395   9.7871960E+07
  3396   9.7871920E+07
  3397   9.7871888E+07
  3398   9.7871856E+07
  3399   9.7871824E+07
  3400   9.7871792E+07
  3401   9.7871760E+07
  3402   9.7871728E+07
  3403   9.7871696E+07
  3404   9.7871664E+07
  3405   9.7871632E+07
  3406   9.7871600E+07
  3407   9.7871568E+07
  3408   9.7871536E+07
  3409   9.7871504E+07
  3410   9.7871472E+07
  3411   9.7871440E+07
  3412   9.7871408E+07
  3413   9.7871376E+07
  3414   9.7871344E+07
  3415   9.7871312E+07
  3416   9.7871280E+07
  3417   9.7871248E+07
  3418   9.7871216E+07
  3419   9.7871184E+07
  3420   9.7871152E+07
  3421   9.7871120E+07
  3422   9.7871088E+07
  3423   9.7871056E+07
  3424   9.7871024E+07
  3425   9.7870992E+07
  3426   9.7870960E+07
  3427   9.7870928E+07
  3428   9.7870896E+07
  3429   9.7870864E+07
  3430   9.7870832E+07
  3431   9.7870800E+07
  3432   9.7870768E+07
  3433   9.7870736E+07
  3434   9.7870704E+07
  3435   9.7870672E+07
  3436   9.7870640E+07
  3437   9.7870608E+07
  3438   9.7870576E+07
  3439   9.7870544E+07
  3440   9.7870512E+07
  3441   9.7870480E+07
  3442   9.7870448E+07
  3443   9.7870416E+07
  3444   9.7870384E+07
  3445   9.7870352E+07
  3446   9.7870320E+07
  3447   9.7870288E+07
  3448   9.7870256E+07
  3449   9.7870224E+07
  3450   9.7870192E+07
  3451   9.7870160E+07
  3452   9.7870128E+07
  3453   9.7870096E+07
  3454   9.7870064E+07
  3455   9.7870032E+07
  3456   9.7870000E+07
  3457   9.7869968E+07
  3458   9.7869936E+07
  3459   9.7869904E+07
  3460   9.7869872E+07
  3461   9.7869840E+07
  3462   9.7869808E+07
  3463   9.7869776E+07
  3464   9.7869744E+07
  3465   9.7869712E+07
  3466   9.7869680E+07
  3467   9.7869648E+07
  3468   9.7869616E+07
  3469   9.7869584E+07
  3470   9.7869552E+07
  3471   9.7869520E+07
  3472   9.7869488E+07
  3473   9.7869456E+07
  3474   9.7869424E+07
  3475   9.7869392E+07
  3476   9.7869360E+07
  3477   9.7869328E+07
  3478   9.7869296E+07
  3479   9.7869264E+07
  3480   9.7869232E+07
  3481   9.7869200E+07
  3482   9.7869168E+07
  3483   9.7869136E+07
  3484   9.7869104E+07
  3485   9.7869072E+07
  3486   9.7869040E+07
  3487   9.7869008E+07
  3488   9.7868976E+07
  3489   9.7868944E+07
  3490   9.7868912E+07
  3491   9.7868880E+07
  3492   9.7868848E+07
  3493   9.7868816E+07
  3494   9.7868784E+07
  3495   9.7868752E+07
  3496   9.7868720E+07
  3497   9.7868688E+07
  3498   9.7868656E+07
  3499   9.7868624E+07
  3500   9.7868592E+07
  3501   9.7868560E+07
  3502   9.7868528E+07
  3503   9.7868496E+07
  3504   9.7868464E+07
  3505   9.7868432E+07
  3506   9.7868400E+07
  3507   9.7868368E+07
  3508   9.7868336E+07
  3509   9.7868304E+07
  3510   9.7868272E+07
  3511   9.7868240E+07
  3512   9.7868208E+07
  3513   9.7868176E+07
  3514   9.7868144E+07
  3515   9.7868112E+07
  3516   9.7868080E+07
  3517   9.7868048E+07
  3518   9.7868016E+07
  3519   9.7867984E+07
  3520   9.7867952E+07
  3521   9.7867920E+07
  3522   9.7867888E+07
  3523   9.7867856E+07
  3524   9.7867824E+07
  3525   9.7867792E+07
  3526   9.7867760E+07
  3527   9.7867728E+07
  3528   9.7867696E+07
  3529   9.7867664E+07
  3530   9.7867632E+07
  3531   9.7867600E+07
  3532   9.7867568E+07
  3533   9.7867536E+07
  3534   9.7867504E+07
  3535   9.7867472E+07
  3536   9.7867440E+07
  3537   9.7867408E+07
  3538   9.7867376E+07
  3539   9.7867344E+07
  3540   9.7867312E+07
  3541   9.7867272E+07
  3542   9.7867240E+07
  3543   9.7867208E+07
  3544   9.7867176E+07
  3545   9.7867144E+07
  3546   9.7867112E+07
  3547   9.7867080E+07
  3548   9.7867048E+07
  3549   9.7867016E+07
  3550   9.7866984E+07
  3551   9.7866952E+07
  3552   9.7866920E+07
  3553   9.7866888E+07
  3554   9.7866856E+07
  3555   9.7866824E+07
  3556   9.7866792E+07
  3557   9.7866760E+07
  3558   9.7866728E+07
  3559   9.7866696E+07
  3560   9.7866664E+07
  3561   9.7866632E+07
  3562   9.7866600E+07
  3563   9.7866568E+07
  3564   9.7866536E+07
  3565   9.7866504E+07
  3566   9.7866472E+07
  3567   9.7866440E+07
  3568   9.7866408E+07
  3569   9.7866376E+07
  3570   9.7866344E+07
  3571   9.7866312E+07
  3572   9.7866280E+07
  3573   9.7866248E+07
  3574   9.7866216E+07
  3575   9.7866184E+07
  3576   9.7866152E+07
  3577   9.7866120E+07
  3578   9.7866088E+07
  3579   9.7866056E+07
  3580   9.7866024E+07
  3581   9.7865992E+07
  3582   9.7865960E+07
  3583   9.7865928E+07
  3584   9.7865896E+07
  3585   9.7865864E+07
  3586   9.7865832E+07
  3587   9.7865800E+07
  3588   9.7865768E+07
  3589   9.7865736E+07
  3590   9.7865704E+07
  3591   9.7865672E+07
  3592   9.7865640E+07
  3593   9.7865608E+07
  3594   9.7865576E+07
  3595   9.7865544E+07
  3596   9.7865512E+07
  3597   9.7865480E+07
  3598   9.7865448E+07
  3599   9.7865416E+07
  3600   9.7865384E+07
  3601   9.7865352E+07
  3602   9.7865320E+07
  3603   9.7865288E+07
  3604   9.7865256E+07
  3605   9.7865224E+07
  3606   9.7865192E+07
  3607   9.7865160E+07
  3608   9.7865128E+07
  3609   9.7865096E+07
  3610   9.7865064E+07
  3611   9.7865032E+07
  3612   9.7865000E+07
  3613   9.7864968E+07
  3614   9.7864936E+07
  3615   9.7864904E+07
  3616   9.7864872E+07
  3617   9.7864840E+07
  3618   9.7864808E+07
  3619   9.7864776E+07
  3620   9.7864744E+07
  3621   9.7864712E+07
  3622   9.7864680E+07
  3623   9.7864648E+07
  3624   9.7864616E+07
  3625   9.7864584E+07
  3626   9.7864552E+07
  3627   9.7864520E+07
  3628   9.7864488E+07
  3629   9.7864456E+07
  3630   9.7864424E+07
  3631   9.7864392E+07
  3632   9.7864360E+07
  3633   9.7864328E+07
  3634   9.7864296E+07
  3635   9.7864264E+07
  3636   9.7864232E+07
  3637   9.7864200E+07
  3638   9.7864168E+07
  3639   9.7864136E+07
  3640   9.7864104E+07
  3641   9.7864072E+07
  3642   9.7864040E+07
  3643   9.7864008E+07
  3644   9.7863976E+07
  3645   9.7863944E+07
  3646   9.7863912E+07
  3647   9.7863880E+07
  3648   9.7863848E+07
  3649   9.7863816E+07
  3650   9.7863784E+07
  3651   9.7863752E+07
  3652   9.7863720E+07
  3653   9.7863688E+07
  3654   9.7863656E+07
  3655   9.7863624E+07
  3656   9.7863592E+07
  3657   9.7863560E+07
  3658   9.7863528E+07
  3659   9.7863496E+07
  3660   9.7863464E+07
  3661   9.7863432E+07
  3662   9.7863400E+07
  3663   9.7863368E+07
  3664   9.7863336E+07
  3665   9.7863304E+07
  3666   9.7863272E+07
  3667   9.7863240E+07
  3668   9.7863208E+07
  3669   9.7863176E+07
  3670   9.7863144E+07
  3671   9.7863112E+07
  3672   9.7863080E+07
  3673   9.7863048E+07
  3674   9.7863016E+07
  3675   9.7862984E+07
  3676   9.7862952E+07
  3677   9.7862920E+07
  3678   9.7862888E+07
  3679   9.7862856E+07
  3680   9.7862824E+07
  3681   9.7862792E+07
  3682   9.7862760E+07
  3683   9.7862728E+07
  3684   9.7862696E+07
  3685   9.7862664E+07
  3686   9.7862632E+07
  3687   9.7862600E+07
  3688   9.7862568E+07
  3689   9.7862536E+07
  3690   9.7862504E+07
  3691   9.7862472E+07
  3692   9.7862440E+07
  3693   9.7862408E+07
  3694   9.7862376E+07
  3695   9.7862344E+07
  3696   9.7862304E+07
  3697   9.7862272E+07
  3698   9.7862240E+07
  3699   9.7862208E+07
  3700   9.7862176E+07
  3701   9.7862144E+07
  3702   9.7862112E+07
  3703   9.7862080E+07
  3704   9.7862048E+07
  3705   9.7862016E+07
  3706   9.7861984E+07
  3707   9.7861952E+07
  3708   9.7861920E+07
  3709   9.7861888E+07
  3710   9.7861856E+07
  3711   9.7861824E+07
  3712   9.7861792E+07
  3713   9.7861760E+07
  3714   9.7861728E+07
  3715   9.7861696E+07
  3716   9.7861664E+07
  3717   9.7861632E+07
  3718   9.7861600E+07
  3719   9.7861568E+07
  3720   9.7861536E+07
  3721   9.7861504E+07
  3722   9.7861472E+07
  3723   9.7861440E+07
  3724   9.7861408E+07
  3725   9.7861376E+07
  3726   9.7861344E+07
  3727   9.7861312E+07
  3728   9.7861280E+07
  3729   9.7861248E+07
  3730   9.7861216E+07
  3731   9.7861184E+07
  3732   9.7861152E+07
  3733   9.7861120E+07
  3734   9.7861088E+07
  3735   9.7861056E+07
  3736   9.7861024E+07
  3737   9.7860992E+07
  3738   9.7860960E+07
  3739   9.7860928E+07
  3740   9.7860896E+07
  3741   9.7860864E+07
  3742   9.7860832E+07
  3743   9.7860800E+07
  3744   9.7860768E+07
  3745   9.7860736E+07
  3746   9.7860704E+07
  3747   9.7860672E+07
  3748   9.7860640E+07
  3749   9.7860608E+07
  3750   9.7860576E+07
  3751   9.7860544E+07
  3752   9.7860512E+07
  3753   9.7860480E+07
  3754   9.7860448E+07
  3755   9.7860416E+07
  3756   9.7860384E+07
  3757   9.7860352E+07
  3758   9.7860320E+07
  3759   9.7860288E+07
  3760   9.7860256E+07
  3761   9.7860224E+07
  3762   9.7860192E+07
  3763   9.7860160E+07
  3764   9.7860128E+07
  3765   9.7860096E+07
  3766   9.7860064E+07
  3767   9.7860032E+07
  3768   9.7860000E+07
  3769   9.7859968E+07
  3770   9.7859936E+07
  3771   9.7859904E+07
  3772   9.7859872E+07
  3773   9.7859840E+07
  3774   9.7859808E+07
  3775   9.7859776E+07
  3776   9.7859744E+07
  3777   9.7859712E+07
  3778   9.7859680E+07
  3779   9.7859648E+07
  3780   9.7859616E+07
  3781   9.7859584E+07
  3782   9.7859552E+07
  3783   9.7859520E+07
  3784   9.7859488E+07
  3785   9.7859456E+07
  3786   9.7859424E+07
  3787   9.7859392E+07
  3788   9.7859360E+07
  3789   9.7859328E+07
  3790   9.7859296E+07
  3791   9.7859264E+07
  3792   9.7859232E+07
  3793   9.7859200E+07
  3794   9.7859168E+07
  3795   9.7859136E+07
  3796   9.7859104E+07
  3797   9.7859072E+07
  3798   9.7859040E+07
  3799   9.7859008E+07
  3800   9.7858976E+07
  3801   9.7858944E+07
  3802   9.7858912E+07
  3803   9.7858880E+07
  3804   9.7858848E+07
  3805   9.7858816E+07
  3806   9.7858784E+07
  3807   9.7858752E+07
  3808   9.7858720E+07
  3809   9.7858688E+07
  3810   9.7858656E+07
  3811   9.7858624E+07
  3812   9.7858592E+07
  3813   9.7858560E+07
  3814   9.7858528E+07
  3815   9.7858496E+07
  3816   9.7858464E+07
  3817   9.7858432E+07
  3818   9.7858400E+07
  3819   9.7858368E+07
  3820   9.7858336E+07
  3821   9.7858304E+07
  3822   9.7858272E+07
  3823   9.7858240E+07
  3824   9.7858208E+07
  3825   9.7858176E+07
  3826   9.7858144E+07
  3827   9.7858112E+07
  3828   9.7858080E+07
  3829   9.7858048E+07
  3830   9.7858016E+07
  3831   9.7857984E+07
  3832   9.7857952E+07
  3833   9.7857920E+07
  3834   9.7857888E+07
  3835   9.7857856E+07
  3836   9.7857824E+07
  3837   9.7857792E+07
  3838   9.7857760E+07
  3839   9.7857728E+07
  3840   9.7857696E+07
  3841   9.7857664E+07
  3842   9.7857632E+07
  3843   9.7857600E+07
  3844   9.7857568E+07
  3845   9.7857536E+07
  3846   9.7857504E+07
  3847   9.7857472E+07
  3848   9.7857440E+07
  3849   9.7857408E+07
  3850   9.7857376E+07
  3851   9.7857344E+07
  3852   9.7857312E+07
  3853   9.7857280E+07
  3854   9.7857248E+07
  3855   9.7857216E+07
  3856   9.7857184E+07
  3857   9.7857152E+07
  3858   9.7857120E+07
  3859   9.7857088E+07
  3860   9.7857056E+07
  3861   9.7857024E+07
  3862   9.7856984E+07
  3863   9.7856952E+07
  3864   9.7856920E+07
  3865   9.7856888E+07
  3866   9.7856856E+07
  3867   9.7856824E+07
  3868   9.7856792E+07
  3869   9.7856760E+07
  3870   9.7856728E+07
  3871   9.7856696E+07
  3872   9.7856664E+07
  3873   9.7856632E+07
  3874   9.7856600E+07
  3875   9.7856568E+07
  3876   9.7856536E+07
  3877   9.7856504E+07
  3878   9.7856472E+07
  3879   9.7856440E+07
  3880   9.7856408E+07
  3881   9.7856376E+07
  3882   9.7856344E+07
  3883   9.7856312E+07
  3884   9.7856280E+07
  3885   9.7856248E+07
  3886   9.7856216E+07
  3887   9.7856184E+07
  3888   9.7856152E+07
  3889   9.7856120E+07
  3890   9.7856088E+07
  3891   9.7856056E+07
  3892   9.7856024E+07
  3893   9.7855992E+07
  3894   9.7855960E+07
  3895   9.7855928E+07
  3896   9.7855896E+07
  3897   9.7855864E+07
  3898   9.7855832E+07
  3899   9.7855800E+07
  3900   9.7855768E+07
  3901   9.7855736E+07
  3902   9.7855704E+07
  3903   9.7855672E+07
  3904   9.7855640E+07
  3905   9.7855608E+07
  3906   9.7855576E+07
  3907   9.7855544E+07
  3908   9.7855512E+07
  3909   9.7855480E+07
  3910   9.7855448E+07
  3911   9.7855416E+07
  3912   9.7855384E+07
  3913   9.7855352E+07
  3914   9.7855320E+07
  3915   9.7855288E+07
  3916   9.7855256E+07
  3917   9.7855224E+07
  3918   9.7855192E+07
  3919   9.7855160E+07
  3920   9.7855128E+07
  3921   9.7855096E+07
  3922   9.7855064E+07
  3923   9.7855032E+07
  3924   9.7855000E+07
  3925   9.7854968E+07
  3926   9.7854936E+07
  3927   9.7854904E+07
  3928   9.7854872E+07
  3929   9.7854840E+07
  3930   9.7854808E+07
  3931   9.7854776E+07
  3932   9.7854744E+07
  3933   9.7854712E+07
  3934   9.7854680E+07
  3935   9.7854648E+07
  3936   9.7854616E+07
  3937   9.7854584E+07
  3938   9.7854552E+07
  3939   9.7854520E+07
  3940   9.7854488E+07
  3941   9.7854456E+07
  3942   9.7854424E+07
  3943   9.7854392E+07
  3944   9.7854360E+07
  3945   9.7854328E+07
  3946   9.7854296E+07
  3947   9.7854264E+07
  3948   9.7854232E+07
  3949   9.7854200E+07
  3950   9.7854168E+07
  3951   9.7854136E+07
  3952   9.7854104E+07
  3953   9.7854072E+07
  3954   9.7854040E+07
  3955   9.7854008E+07
  3956   9.7853976E+07
  3957   9.7853944E+07
  3958   9.7853912E+07
  3959   9.7853880E+07
  3960   9.7853848E+07
  3961   9.7853816E+07
  3962   9.7853784E+07
  3963   9.7853752E+07
  3964   9.7853720E+07
  3965   9.7853688E+07
  3966   9.7853656E+07
  3967   9.7853624E+07
  3968   9.7853592E+07
  3969   9.7853560E+07
  3970   9.7853528E+07
  3971   9.7853496E+07
  3972   9.7853464E+07
  3973   9.7853432E+07
  3974   9.7853400E+07
  3975   9.7853368E+07
  3976   9.7853336E+07
  3977   9.7853304E+07
  3978   9.7853272E+07
  3979   9.7853240E+07
  3980   9.7853208E+07
  3981   9.7853176E+07
  3982   9.7853144E+07
  3983   9.7853112E+07
  3984   9.7853080E+07
  3985   9.7853048E+07
  3986   9.7853016E+07
  3987   9.7852984E+07
  3988   9.7852952E+07
  3989   9.7852920E+07
  3990   9.7852888E+07
  3991   9.7852856E+07
  3992   9.7852824E+07
  3993   9.7852792E+07
  3994   9.7852760E+07
  3995   9.7852728E+07
  3996   9.7852696E+07
  3997   9.7852664E+07
  3998   9.7852632E+07
  3999   9.7852600E+07
  4000   9.7852568E+07
  4001   9.7852536E+07
  4002   9.7852504E+07
  4003   9.7852472E+07
  4004   9.7852440E+07
  4005   9.7852408E+07
  4006   9.7852376E+07
  4007   9.7852344E+07
  4008   9.7852312E+07
  4009   9.7852280E+07
  4010   9.7852248E+07
  4011   9.7852216E+07
  4012   9.7852184E+07
  4013   9.7852152E+07
  4014   9.7852120E+07
  4015   9.7852088E+07
  4016   9.7852056E+07
  4017   9.7852024E+07
  4018   9.7851992E+07
  4019   9.7851960E+07
  4020   9.7851928E+07
  4021   9.7851896E+07
  4022   9.7851864E+07
  4023   9.7851832E+07
  4024   9.7851800E+07
  4025   9.7851768E+07
  4026   9.7851736E+07
  4027   9.7851704E+07
  4028   9.7851672E+07
  4029   9.7851640E+07
  4030   9.7851608E+07
  4031   9.7851576E+07
  4032   9.7851544E+07
  4033   9.7851512E+07
  4034   9.7851480E+07
  4035   9.7851448E+07
  4036   9.7851416E+07
  4037   9.7851384E+07
  4038   9.7851352E+07
  4039   9.7851320E+07
  4040   9.7851288E+07
  4041   9.7851256E+07
  4042   9.7851224E+07
  4043   9.7851184E+07
  4044   9.7851152E+07
  4045   9.7851120E+07
  4046   9.7851088E+07
  4047   9.7851056E+07
  4048   9.7851024E+07
  4049   9.7850992E+07
  4050   9.7850960E+07
  4051   9.7850928E+07
  4052   9.7850896E+07
  4053   9.7850864E+07
  4054   9.7850832E+07
  4055   9.7850800E+07
  4056   9.7850768E+07
  4057   9.7850736E+07
  4058   9.7850704E+07
  4059   9.7850672E+07
  4060   9.7850640E+07
  4061   9.7850608E+07
  4062   9.7850576E+07
  4063   9.7850544E+07
  4064   9.7850512E+07
  4065   9.7850480E+07
  4066   9.7850448E+07
  4067   9.7850416E+07
  4068   9.7850384E+07
  4069   9.7850352E+07
  4070   9.7850320E+07
  4071   9.7850288E+07
  4072   9.7850256E+07
  4073   9.7850224E+07
  4074   9.7850192E+07
  4075   9.7850160E+07
  4076   9.7850128E+07
  4077   9.7850096E+07
  4078   9.7850064E+07
  4079   9.7850032E+07
  4080   9.7850000E+07
  4081   9.7849968E+07
  4082   9.7849936E+07
  4083   9.7849904E+07
  4084   9.7849872E+07
  4085   9.7849840E+07
  4086   9.7849808E+07
  4087   9.7849776E+07
  4088   9.7849744E+07
  4089   9.7849712E+07
  4090   9.7849680E+07
  4091   9.7849648E+07
  4092   9.7849616E+07
  4093   9.7849584E+07
  4094   9.7849552E+07
  4095   9.7849520E+07
  4096   9.7849488E+07
  4097   9.7849456E+07
  4098   9.7849424E+07
  4099   9.7849392E+07
  4100   9.7849360E+07
  4101   9.7849328E+07
  4102   9.7849296E+07
  4103   9.7849264E+07
  4104   9.7849232E+07
  4105   9.7849200E+07
  4106   9.7849168E+07
  4107   9.7849136E+07
  4108   9.7849104E+07
  4109   9.7849072E+07
  4110   9.7849040E+07
  4111   9.7849008E+07
  4112   9.7848976E+07
  4113   9.7848944E+07
  4114   9.7848912E+07
  4115   9.7848880E+07
  4116   9.7848848E+07
  4117   9.7848816E+07
  4118   9.7848784E+07
  4119   9.7848752E+07
  4120   9.7848720E+07
  4121   9.7848688E+07
  4122   9.7848656E+07
  4123   9.7848624E+07
  4124   9.7848592E+07
  4125   9.7848560E+07
  4126   9.7848528E+07
  4127   9.7848496E+07
  4128   9.7848464E+07
  4129   9.7848432E+07
  4130   9.7848400E+07
  4131   9.7848368E+07
  4132   9.7848336E+07
  4133   9.7848304E+07
  4134   9.7848272E+07
  4135   9.7848240E+07
  4136   9.7848208E+07
  4137   9.7848176E+07
  4138   9.7848144E+07
  4139   9.7848112E+07
  4140   9.7848080E+07
  4141   9.7848048E+07
  4142   9.7848016E+07
  4143   9.7847984E+07
  4144   9.7847952E+07
  4145   9.7847920E+07
  4146   9.7847888E+07
  4147   9.7847856E+07
  4148   9.7847824E+07
  4149   9.7847792E+07
  4150   9.7847760E+07
  4151   9.7847728E+07
  4152   9.7847696E+07
  4153   9.7847664E+07
  4154   9.7847632E+07
  4155   9.7847600E+07
  4156   9.7847568E+07
  4157   9.7847536E+07
  4158   9.7847504E+07
  4159   9.7847472E+07
  4160   9.7847440E+07
  4161   9.7847408E+07
  4162   9.7847376E+07
  4163   9.7847344E+07
  4164   9.7847312E+07
  4165   9.7847280E+07
  4166   9.7847248E+07
  4167   9.7847216E+07
  4168   9.7847184E+07
  4169   9.7847152E+07
  4170   9.7847120E+07
  4171   9.7847088E+07
  4172   9.7847056E+07
  4173   9.7847024E+07
  4174   9.7846992E+07
  4175   9.7846960E+07
  4176   9.7846928E+07
  4177   9.7846896E+07
  4178   9.7846864E+07
  4179   9.7846832E+07
  4180   9.7846800E+07
  4181   9.7846768E+07
  4182   9.7846736E+07
  4183   9.7846704E+07
  4184   9.7846672E+07
  4185   9.7846640E+07
  4186   9.7846608E+07
  4187   9.7846576E+07
  4188   9.7846544E+07
  4189   9.7846512E+07
  4190   9.7846480E+07
  4191   9.7846448E+07
  4192   9.7846416E+07
  4193   9.7846384E+07
  4194   9.7846352E+07
  4195   9.7846320E+07
  4196   9.7846288E+07
  4197   9.7846256E+07
  4198   9.7846224E+07
  4199   9.7846192E+07
  4200   9.7846160E+07
  4201   9.7846128E+07
  4202   9.7846096E+07
  4203   9.7846064E+07
  4204   9.7846032E+07
  4205   9.7846000E+07
  4206   9.7845968E+07
  4207   9.7845936E+07
  4208   9.7845904E+07
  4209   9.7845872E+07
  4210   9.7845840E+07
  4211   9.7845808E+07
  4212   9.7845776E+07
  4213   9.7845744E+07
  4214   9.7845712E+07
  4215   9.7845680E+07
  4216   9.7845648E+07
  4217   9.7845616E+07
  4218   9.7845584E+07
  4219   9.7845552E+07
  4220   9.7845520E+07
  4221   9.7845488E+07
  4222   9.7845456E+07
  4223   9.7845424E+07
  4224   9.7845392E+07
  4225   9.7845360E+07
  4226   9.7845328E+07
  4227   9.7845296E+07
  4228   9.7845264E+07
  4229   9.7845232E+07
  4230   9.7845200E+07
  4231   9.7845168E+07
  4232   9.7845136E+07
  4233   9.7845104E+07
  4234   9.7845072E+07
  4235   9.7845040E+07
  4236   9.7845008E+07
  4237   9.7844976E+07
  4238   9.7844944E+07
  4239   9.7844912E+07
  4240   9.7844880E+07
  4241   9.7844848E+07
  4242   9.7844816E+07
  4243   9.7844784E+07
  4244   9.7844752E+07
  4245   9.7844712E+07
  4246   9.7844680E+07
  4247   9.7844648E+07
  4248   9.7844616E+07
  4249   9.7844584E+07
  4250   9.7844552E+07
  4251   9.7844520E+07
  4252   9.7844488E+07
  4253   9.7844456E+07
  4254   9.7844424E+07
  4255   9.7844392E+07
  4256   9.7844360E+07
  4257   9.7844328E+07
  4258   9.7844296E+07
  4259   9.7844264E+07
  4260   9.7844232E+07
  4261   9.7844200E+07
  4262   9.7844168E+07
  4263   9.7844136E+07
  4264   9.7844104E+07
  4265   9.7844072E+07
  4266   9.7844040E+07
  4267   9.7844008E+07
  4268   9.7843976E+07
  4269   9.7843944E+07
  4270   9.7843912E+07
  4271   9.7843880E+07
  4272   9.7843848E+07
  4273   9.7843816E+07
  4274   9.7843784E+07
  4275   9.7843752E+07
  4276   9.7843720E+07
  4277   9.7843688E+07
  4278   9.7843656E+07
  4279   9.7843624E+07
  4280   9.7843592E+07
  4281   9.7843560E+07
  4282   9.7843528E+07
  4283   9.7843496E+07
  4284   9.7843464E+07
  4285   9.7843432E+07
  4286   9.7843400E+07
  4287   9.7843368E+07
  4288   9.7843336E+07
  4289   9.7843304E+07
  4290   9.7843272E+07
  4291   9.7843240E+07
  4292   9.7843208E+07
  4293   9.7843176E+07
  4294   9.7843144E+07
  4295   9.7843112E+07
  4296   9.7843080E+07
  4297   9.7843048E+07
  4298   9.7843016E+07
  4299   9.7842984E+07
  4300   9.7842952E+07
  4301   9.7842920E+07
  4302   9.7842888E+07
  4303   9.7842856E+07
  4304   9.7842824E+07
  4305   9.7842792E+07
  4306   9.7842760E+07
  4307   9.7842728E+07
  4308   9.7842696E+07
  4309   9.7842664E+07
  4310   9.7842632E+07
  4311   9.7842600E+07
  4312   9.7842568E+07
  4313   9.7842536E+07
  4314   9.7842504E+07
  4315   9.7842472E+07
  4316   9.7842440E+07
  4317   9.7842408E+07
  4318   9.7842376E+07
  4319   9.7842344E+07
  4320   9.7842312E+07
  4321   9.7842280E+07
  4322   9.7842248E+07
  4323   9.7842216E+07
  4324   9.7842184E+07
  4325   9.7842152E+07
  4326   9.7842120E+07
  4327   9.7842088E+07
  4328   9.7842056E+07
  4329   9.7842024E+07
  4330   9.7841992E+07
  4331   9.7841960E+07
  4332   9.7841928E+07
  4333   9.7841896E+07
  4334   9.7841864E+07
  4335   9.7841832E+07
  4336   9.7841800E+07
  4337   9.7841768E+07
  4338   9.7841736E+07
  4339   9.7841704E+07
  4340   9.7841672E+07
  4341   9.7841640E+07
  4342   9.7841608E+07
  4343   9.7841576E+07
  4344   9.7841544E+07
  4345   9.7841512E+07
  4346   9.7841480E+07
  4347   9.7841448E+07
  4348   9.7841416E+07
  4349   9.7841384E+07
  4350   9.7841352E+07
  4351   9.7841320E+07
  4352   9.7841288E+07
  4353   9.7841256E+07
  4354   9.7841224E+07
  4355   9.7841192E+07
  4356   9.7841160E+07
  4357   9.7841128E+07
  4358   9.7841096E+07
  4359   9.7841064E+07
  4360   9.7841032E+07
  4361   9.7841000E+07
  4362   9.7840968E+07
  4363   9.7840936E+07
  4364   9.7840904E+07
  4365   9.7840872E+07
  4366   9.7840840E+07
  4367   9.7840808E+07
  4368   9.7840776E+07
  4369   9.7840744E+07
  4370   9.7840712E+07
  4371   9.7840680E+07
  4372   9.7840648E+07
  4373   9.7840616E+07
  4374   9.7840584E+07
  4375   9.7840552E+07
  4376   9.7840520E+07
  4377   9.7840488E+07
  4378   9.7840456E+07
  4379   9.7840424E+07
  4380   9.7840392E+07
  4381   9.7840360E+07
  4382   9.7840328E+07
  4383   9.7840296E+07
  4384   9.7840264E+07
  4385   9.7840232E+07
  4386   9.7840200E+07
  4387   9.7840168E+07
  4388   9.7840136E+07
  4389   9.7840104E+07
  4390   9.7840072E+07
  4391   9.7840040E+07
  4392   9.7840008E+07
  4393   9.7839976E+07
  4394   9.7839944E+07
  4395   9.7839912E+07
  4396   9.7839880E+07
  4397   9.7839848E+07
  4398   9.7839816E+07
  4399   9.7839784E+07
  4400   9.7839752E+07
  4401   9.7839720E+07
  4402   9.7839688E+07
  4403   9.7839656E+07
  4404   9.7839624E+07
  4405   9.7839592E+07
  4406   9.7839560E+07
  4407   9.7839528E+07
  4408   9.7839496E+07
  4409   9.7839464E+07
  4410   9.7839432E+07
  4411   9.7839400E+07
  4412   9.7839368E+07
  4413   9.7839336E+07
  4414   9.7839304E+07
  4415   9.7839272E+07
  4416   9.7839240E+07
  4417   9.7839208E+07
  4418   9.7839176E+07
  4419   9.7839144E+07
  4420   9.7839112E+07
  4421   9.7839080E+07
  4422   9.7839048E+07
  4423   9.7839016E+07
  4424   9.7838984E+07
  4425   9.7838952E+07
  4426   9.7838920E+07
  4427   9.7838888E+07
  4428   9.7838856E+07
  4429   9.7838824E+07
  4430   9.7838792E+07
  4431   9.7838760E+07
  4432   9.7838728E+07
  4433   9.7838696E+07
  4434   9.7838664E+07
  4435   9.7838632E+07
  4436   9.7838600E+07
  4437   9.7838568E+07
  4438   9.7838536E+07
  4439   9.7838504E+07
  4440   9.7838472E+07
  4441   9.7838440E+07
  4442   9.7838408E+07
  4443   9.7838376E+07
  4444   9.7838344E+07
  4445   9.7838312E+07
  4446   9.7838280E+07
  4447   9.7838248E+07
  4448   9.7838216E+07
  4449   9.7838184E+07
  4450   9.7838152E+07
  4451   9.7838120E+07
  4452   9.7838088E+07
  4453   9.7838056E+07
  4454   9.7838024E+07
  4455   9.7837992E+07
  4456   9.7837960E+07
  4457   9.7837928E+07
  4458   9.7837896E+07
  4459   9.7837864E+07
  4460   9.7837832E+07
  4461   9.7837800E+07
  4462   9.7837768E+07
  4463   9.7837736E+07
  4464   9.7837704E+07
  4465   9.7837672E+07
  4466   9.7837640E+07
  4467   9.7837608E+07
  4468   9.7837576E+07
  4469   9.7837544E+07
  4470   9.7837512E+07
  4471   9.7837480E+07
  4472   9.7837448E+07
  4473   9.7837416E+07
  4474   9.7837384E+07
  4475   9.7837352E+07
  4476   9.7837312E+07
  4477   9.7837280E+07
  4478   9.7837248E+07
  4479   9.7837216E+07
  4480   9.7837184E+07
  4481   9.7837152E+07
  4482   9.7837120E+07
  4483   9.7837088E+07
  4484   9.7837056E+07
  4485   9.7837024E+07
  4486   9.7836992E+07
  4487   9.7836960E+07
  4488   9.7836928E+07
  4489   9.7836896E+07
  4490   9.7836864E+07
  4491   9.7836832E+07
  4492   9.7836800E+07
  4493   9.7836768E+07
  4494   9.7836736E+07
  4495   9.7836704E+07
  4496   9.7836672E+07
  4497   9.7836640E+07
  4498   9.7836608E+07
  4499   9.7836576E+07
  4500   9.7836544E+07
  4501   9.7836512E+07
  4502   9.7836480E+07
  4503   9.7836448E+07
  4504   9.7836416E+07
  4505   9.7836384E+07
  4506   9.7836352E+07
  4507   9.7836320E+07
  4508   9.7836288E+07
  4509   9.7836256E+07
  4510   9.7836224E+07
  4511   9.7836192E+07
  4512   9.7836160E+07
  4513   9.7836128E+07
  4514   9.7836096E+07
  4515   9.7836064E+07
  4516   9.7836032E+07
  4517   9.7836000E+07
  4518   9.7835968E+07
  4519   9.7835936E+07
  4520   9.7835904E+07
  4521   9.7835872E+07
  4522   9.7835840E+07
  4523   9.7835808E+07
  4524   9.7835776E+07
  4525   9.7835744E+07
  4526   9.7835712E+07
  4527   9.7835680E+07
  4528   9.7835648E+07
  4529   9.7835616E+07
  4530   9.7835584E+07
  4531   9.7835552E+07
  4532   9.7835520E+07
  4533   9.7835488E+07
  4534   9.7835456E+07
  4535   9.7835424E+07
  4536   9.7835392E+07
  4537   9.7835360E+07
  4538   9.7835328E+07
  4539   9.7835296E+07
  4540   9.7835264E+07
  4541   9.7835232E+07
  4542   9.7835200E+07
  4543   9.7835168E+07
  4544   9.7835136E+07
  4545   9.7835104E+07
  4546   9.7835072E+07
  4547   9.7835040E+07
  4548   9.7835008E+07
  4549   9.7834976E+07
  4550   9.7834944E+07
  4551   9.7834912E+07
  4552   9.7834880E+07
  4553   9.7834848E+07
  4554   9.7834816E+07
  4555   9.7834784E+07
  4556   9.7834752E+07
  4557   9.7834720E+07
  4558   9.7834688E+07
  4559   9.7834656E+07
  4560   9.7834624E+07
  4561   9.7834592E+07
  4562   9.7834560E+07
  4563   9.7834528E+07
  4564   9.7834496E+07
  4565   9.7834464E+07
  4566   9.7834432E+07
  4567   9.7834400E+07
  4568   9.7834368E+07
  4569   9.7834336E+07
  4570   9.7834304E+07
  4571   9.7834272E+07
  4572   9.7834240E+07
  4573   9.7834208E+07
  4574   9.7834176E+07
  4575   9.7834144E+07
  4576   9.7834112E+07
  4577   9.7834080E+07
  4578   9.7834048E+07
  4579   9.7834016E+07
  4580   9.7833984E+07
  4581   9.7833952E+07
  4582   9.7833920E+07
  4583   9.7833888E+07
  4584   9.7833856E+07
  4585   9.7833824E+07
  4586   9.7833792E+07
  4587   9.7833760E+07
  4588   9.7833728E+07
  4589   9.7833696E+07
  4590   9.7833664E+07
  4591   9.7833632E+07
  4592   9.7833600E+07
  4593   9.7833568E+07
  4594   9.7833536E+07
  4595   9.7833504E+07
  4596   9.7833472E+07
  4597   9.7833440E+07
  4598   9.7833408E+07
  4599   9.7833376E+07
  4600   9.7833344E+07
  4601   9.7833312E+07
  4602   9.7833280E+07
  4603   9.7833248E+07
  4604   9.7833216E+07
  4605   9.7833184E+07
  4606   9.7833152E+07
  4607   9.7833120E+07
  4608   9.7833088E+07
  4609   9.7833056E+07
  4610   9.7833024E+07
  4611   9.7832992E+07
  4612   9.7832960E+07
  4613   9.7832928E+07
  4614   9.7832896E+07
  4615   9.7832864E+07
  4616   9.7832832E+07
  4617   9.7832800E+07
  4618   9.7832768E+07
  4619   9.7832736E+07
  4620   9.7832704E+07
  4621   9.7832672E+07
  4622   9.7832640E+07
  4623   9.7832608E+07
  4624   9.7832576E+07
  4625   9.7832544E+07
  4626   9.7832512E+07
  4627   9.7832480E+07
  4628   9.7832448E+07
  4629   9.7832416E+07
  4630   9.7832384E+07
  4631   9.7832352E+07
  4632   9.7832320E+07
  4633   9.7832288E+07
  4634   9.7832256E+07
  4635   9.7832224E+07
  4636   9.7832192E+07
  4637   9.7832160E+07
  4638   9.7832128E+07
  4639   9.7832096E+07
  4640   9.7832064E+07
  4641   9.7832032E+07
  4642   9.7832000E+07
  4643   9.7831968E+07
  4644   9.7831936E+07
  4645   9.7831904E+07
  4646   9.7831872E+07
  4647   9.7831840E+07
  4648   9.7831808E+07
  4649   9.7831776E+07
  4650   9.7831744E+07
  4651   9.7831712E+07
  4652   9.7831680E+07
  4653   9.7831648E+07
  4654   9.7831616E+07
  4655   9.7831584E+07
  4656   9.7831552E+07
  4657   9.7831520E+07
  4658   9.7831488E+07
  4659   9.7831456E+07
  4660   9.7831424E+07
  4661   9.7831392E+07
  4662   9.7831360E+07
  4663   9.7831328E+07
  4664   9.7831296E+07
  4665   9.7831264E+07
  4666   9.7831232E+07
  4667   9.7831200E+07
  4668   9.7831168E+07
  4669   9.7831136E+07
  4670   9.7831104E+07
  4671   9.7831072E+07
  4672   9.7831040E+07
  4673   9.7831008E+07
  4674   9.7830976E+07
  4675   9.7830944E+07
  4676   9.7830912E+07
  4677   9.7830880E+07
  4678   9.7830848E+07
  4679   9.7830816E+07
  4680   9.7830784E+07
  4681   9.7830752E+07
  4682   9.7830720E+07
  4683   9.7830688E+07
  4684   9.7830656E+07
  4685   9.7830624E+07
  4686   9.7830592E+07
  4687   9.7830560E+07
  4688   9.7830528E+07
  4689   9.7830496E+07
  4690   9.7830464E+07
  4691   9.7830432E+07
  4692   9.7830400E+07
  4693   9.7830368E+07
  4694   9.7830336E+07
  4695   9.7830304E+07
  4696   9.7830272E+07
  4697   9.7830240E+07
  4698   9.7830208E+07
  4699   9.7830176E+07
  4700   9.7830144E+07
  4701   9.7830112E+07
  4702   9.7830080E+07
  4703   9.7830048E+07
  4704   9.7830016E+07
  4705   9.7829984E+07
  4706   9.7829952E+07
  4707   9.7829920E+07
  4708   9.7829888E+07
  4709   9.7829856E+07
  4710   9.7829824E+07
  4711   9.7829792E+07
  4712   9.7829760E+07
  4713   9.7829728E+07
  4714   9.7829696E+07
  4715   9.7829664E+07
  4716   9.7829632E+07
  4717   9.7829600E+07
  4718   9.7829568E+07
  4719   9.7829536E+07
  4720   9.7829504E+07
  4721   9.7829472E+07
  4722   9.7829440E+07
  4723   9.7829408E+07
  4724   9.7829376E+07
  4725   9.7829344E+07
  4726   9.7829312E+07
  4727   9.7829280E+07
  4728   9.7829248E+07
  4729   9.7829216E+07
  4730   9.7829184E+07
  4731   9.7829152E+07
  4732   9.7829120E+07
  4733   9.7829088E+07
  4734   9.7829056E+07
  4735   9.7829024E+07
  4736   9.7828992E+07
  4737   9.7828960E+07
  4738   9.7828928E+07
  4739   9.7828896E+07
  4740   9.7828864E+07
  4741   9.7828832E+07
  4742   9.7828800E+07
  4743   9.7828768E+07
  4744   9.7828736E+07
  4745   9.7828704E+07
  4746   9.7828672E+07
  4747   9.7828640E+07
  4748   9.7828608E+07
  4749   9.7828576E+07
  4750   9.7828544E+07
  4751   9.7828512E+07
  4752   9.7828480E+07
  4753   9.7828448E+07
  4754   9.7828416E+07
  4755   9.7828376E+07
  4756   9.7828344E+07
  4757   9.7828312E+07
  4758   9.7828280E+07
  4759   9.7828248E+07
  4760   9.7828216E+07
  4761   9.7828184E+07
  4762   9.7828152E+07
  4763   9.7828120E+07
  4764   9.7828088E+07
  4765   9.7828056E+07
  4766   9.7828024E+07
  4767   9.7827992E+07
  4768   9.7827960E+07
  4769   9.7827928E+07
  4770   9.7827896E+07
  4771   9.7827864E+07
  4772   9.7827832E+07
  4773   9.7827800E+07
  4774   9.7827768E+07
  4775   9.7827736E+07
  4776   9.7827704E+07
  4777   9.7827672E+07
  4778   9.7827640E+07
  4779   9.7827608E+07
  4780   9.7827576E+07
  4781   9.7827544E+07
  4782   9.7827512E+07
  4783   9.7827480E+07
  4784   9.7827448E+07
  4785   9.7827416E+07
  4786   9.7827384E+07
  4787   9.7827352E+07
  4788   9.7827320E+07
  4789   9.7827288E+07
  4790   9.7827256E+07
  4791   9.7827224E+07
  4792   9.7827192E+07
  4793   9.7827160E+07
  4794   9.7827128E+07
  4795   9.7827096E+07
  4796   9.7827064E+07
  4797   9.7827032E+07
  4798   9.7827000E+07
  4799   9.7826968E+07
  4800   9.7826936E+07
  4801   9.7826904E+07
  4802   9.7826872E+07
  4803   9.7826840E+07
  4804   9.7826808E+07
  4805   9.7826776E+07
  4806   9.7826744E+07
  4807   9.7826712E+07
  4808   9.7826680E+07
  4809   9.7826648E+07
  4810   9.7826616E+07
  4811   9.7826584E+07
  4812   9.7826552E+07
  4813   9.7826520E+07
  4814   9.7826488E+07
  4815   9.7826456E+07
  4816   9.7826424E+07
  4817   9.7826392E+07
  4818   9.7826360E+07
  4819   9.7826328E+07
  4820   9.7826296E+07
  4821   9.7826264E+07
  4822   9.7826232E+07
  4823   9.7826200E+07
  4824   9.7826168E+07
  4825   9.7826136E+07
  4826   9.7826104E+07
  4827   9.7826072E+07
  4828   9.7826040E+07
  4829   9.7826008E+07
  4830   9.7825976E+07
  4831   9.7825944E+07
  4832   9.7825912E+07
  4833   9.7825880E+07
  4834   9.7825848E+07
  4835   9.7825816E+07
  4836   9.7825784E+07
  4837   9.7825752E+07
  4838   9.7825720E+07
  4839   9.7825688E+07
  4840   9.7825656E+07
  4841   9.7825624E+07
  4842   9.7825592E+07
  4843   9.7825560E+07
  4844   9.7825528E+07
  4845   9.7825496E+07
  4846   9.7825464E+07
  4847   9.7825432E+07
  4848   9.7825400E+07
  4849   9.7825368E+07
  4850   9.7825336E+07
  4851   9.7825304E+07
  4852   9.7825272E+07
  4853   9.7825240E+07
  4854   9.7825208E+07
  4855   9.7825176E+07
  4856   9.7825144E+07
  4857   9.7825112E+07
  4858   9.7825080E+07
  4859   9.7825048E+07
  4860   9.7825016E+07
  4861   9.7824984E+07
  4862   9.7824952E+07
  4863   9.7824920E+07
  4864   9.7824888E+07
  4865   9.7824856E+07
  4866   9.7824824E+07
  4867   9.7824792E+07
  4868   9.7824760E+07
  4869   9.7824728E+07
  4870   9.7824696E+07
  4871   9.7824664E+07
  4872   9.7824632E+07
  4873   9.7824600E+07
  4874   9.7824568E+07
  4875   9.7824536E+07
  4876   9.7824504E+07
  4877   9.7824472E+07
  4878   9.7824440E+07
  4879   9.7824408E+07
  4880   9.7824376E+07
  4881   9.7824344E+07
  4882   9.7824312E+07
  4883   9.7824280E+07
  4884   9.7824248E+07
  4885   9.7824216E+07
  4886   9.7824184E+07
  4887   9.7824152E+07
  4888   9.7824120E+07
  4889   9.7824088E+07
  4890   9.7824056E+07
  4891   9.7824024E+07
  4892   9.7823992E+07
  4893   9.7823960E+07
  4894   9.7823928E+07
  4895   9.7823896E+07
  4896   9.7823864E+07
  4897   9.7823832E+07
  4898   9.7823800E+07
  4899   9.7823768E+07
  4900   9.7823736E+07
  4901   9.7823704E+07
  4902   9.7823672E+07
  4903   9.7823640E+07
  4904   9.7823608E+07
  4905   9.7823576E+07
  4906   9.7823544E+07
  4907   9.7823512E+07
  4908   9.7823480E+07
  4909   9.7823448E+07
  4910   9.7823416E+07
  4911   9.7823384E+07
  4912   9.7823352E+07
  4913   9.7823320E+07
  4914   9.7823288E+07
  4915   9.7823256E+07
  4916   9.7823224E+07
  4917   9.7823192E+07
  4918   9.7823160E+07
  4919   9.7823128E+07
  4920   9.7823096E+07
  4921   9.7823064E+07
  4922   9.7823032E+07
  4923   9.7823000E+07
  4924   9.7822968E+07
  4925   9.7822936E+07
  4926   9.7822904E+07
  4927   9.7822872E+07
  4928   9.7822840E+07
  4929   9.7822808E+07
  4930   9.7822776E+07
  4931   9.7822744E+07
  4932   9.7822712E+07
  4933   9.7822680E+07
  4934   9.7822648E+07
  4935   9.7822616E+07
  4936   9.7822584E+07
  4937   9.7822552E+07
  4938   9.7822520E+07
  4939   9.7822488E+07
  4940   9.7822456E+07
  4941   9.7822424E+07
  4942   9.7822392E+07
  4943   9.7822360E+07
  4944   9.7822328E+07
  4945   9.7822296E+07
  4946   9.7822264E+07
  4947   9.7822232E+07
  4948   9.7822200E+07
  4949   9.7822168E+07
  4950   9.7822136E+07
  4951   9.7822104E+07
  4952   9.7822072E+07
  4953   9.7822040E+07
  4954   9.7822008E+07
  4955   9.7821976E+07
  4956   9.7821944E+07
  4957   9.7821912E+07
  4958   9.7821880E+07
  4959   9.7821848E+07
  4960   9.7821816E+07
  4961   9.7821784E+07
  4962   9.7821752E+07
  4963   9.7821720E+07
  4964   9.7821688E+07
  4965   9.7821656E+07
  4966   9.7821624E+07
  4967   9.7821592E+07
  4968   9.7821560E+07
  4969   9.7821528E+07
  4970   9.7821496E+07
  4971   9.7821464E+07
  4972   9.7821432E+07
  4973   9.7821400E+07
  4974   9.7821368E+07
  4975   9.7821336E+07
  4976   9.7821304E+07
  4977   9.7821272E+07
  4978   9.7821240E+07
  4979   9.7821208E+07
  4980   9.7821176E+07
  4981   9.7821144E+07
  4982   9.7821112E+07
  4983   9.7821080E+07
  4984   9.7821048E+07
  4985   9.7821016E+07
  4986   9.7820984E+07
  4987   9.7820952E+07
  4988   9.7820920E+07
  4989   9.7820888E+07
  4990   9.7820856E+07
  4991   9.7820824E+07
  4992   9.7820792E+07
  4993   9.7820760E+07
  4994   9.7820728E+07
  4995   9.7820696E+07
  4996   9.7820664E+07
  4997   9.7820632E+07
  4998   9.7820600E+07
  4999   9.7820568E+07
  5000   9.7820536E+07
