     1   1.3001830E+08
     2   1.2803725E+08
     3   1.2643080E+08
     4   1.2501722E+08
     5   1.2374049E+08
     6   1.2255838E+08
     7   1.2144934E+08
     8   1.2040192E+08
     9   1.1941034E+08
    10   1.1846307E+08
    11   1.1755834E+08
    12   1.1669146E+08
    13   1.1585588E+08
    14   1.1505153E+08
    15   1.1427584E+08
    16   1.1352662E+08
    17   1.1279579E+08
    18   1.1208824E+08
    19   1.1140131E+08
    20   1.1073498E+08
    21   1.1008810E+08
    22   1.0945966E+08
    23   1.0884874E+08
    24   1.0825450E+08
    25   1.0767618E+08
    26   1.0711309E+08
    27   1.0656458E+08
    28   1.0603006E+08
    29   1.0550899E+08
    30   1.0500086E+08
    31   1.0450518E+08
    32   1.0402152E+08
    33   1.0354946E+08
    34   1.0308860E+08
    35   1.0263857E+08
    36   1.0219902E+08
    37   1.0176962E+08
    38   1.0135005E+08
    39   1.0094002E+08
    40   1.0053907E+08
    41   1.0014710E+08
    42   9.9763848E+07
    43   9.9389080E+07
    44   9.9022544E+07
    45   9.8664016E+07
    46   9.8313288E+07
    47   9.7970128E+07
    48   9.7634360E+07
    49   9.7305768E+07
    50   9.6984176E+07
    51   9.6669408E+07
    52   9.6361280E+07
    53   9.6059632E+07
    54   9.5764296E+07
    55   9.5475120E+07
    56   9.5191952E+07
    57   9.4914640E+07
    58   9.4643048E+07
    59   9.4377040E+07
    60   9.4116488E+07
    61   9.3861248E+07
    62   9.3611208E+07
    63   9.3366232E+07
    64   9.3126224E+07
    65   9.2891048E+07
    66   9.2660608E+07
    67   9.2434792E+07
    68   9.2213496E+07
    69   9.1996608E+07
    70   9.1784040E+07
    71   9.1575696E+07
    72   9.1371480E+07
    73   9.1171296E+07
    74   9.0975056E+07
    75   9.0782680E+07
    76   9.0594080E+07
    77   9.0409176E+07
    78   9.0227888E+07
    79   9.0050128E+07
    80   8.9875840E+07
    81   8.9704928E+07
    82   8.9537336E+07
    83   8.9372984E+07
    84   8.9211808E+07
    85   8.9053736E+07
    86   8.8898712E+07
    87   8.8746672E+07
    88   8.8597544E+07
    89   8.8451264E+07
    90   8.8307792E+07
    91   8.8167056E+07
    92   8.8029000E+07
    93   8.7893576E+07
    94   8.7760720E+07
    95   8.7630384E+07
    96   8.7502520E+07
    97   8.7377080E+07
    98   8.7254000E+07
    99   8.7133248E+07
   100   8.7014768E+07
   101   8.6898520E+07
   102   8.6784456E+07
   103   8.6672536E+07
   104   8.6562712E+07
   105   8.6454944E+07
   106   8.6349184E+07
   107   8.6245408E+07
   108   8.6143560E+07
   109   8.6043616E+07
   110   8.5945528E+07
   111   8.5849264E+07
   112   8.5754792E+07
   113   8.5662072E+07
   114   8.5571064E+07
   115   8.5481744E+07
   116   8.5394072E+07
   117   8.5308024E+07
   118   8.5223568E+07
   119   8.5140664E+07
   120   8.5059288E+07
   121   8.4979408E+07
   122   8.4901000E+07
   123   8.4824024E+07
   124   8.4748472E+07
   125   8.4674296E+07
   126   8.4601480E+07
   127   8.4530000E+07
   128   8.4459832E+07
   129   8.4390936E+07
   130   8.4323304E+07
   131   8.4256904E+07
   132   8.4191720E+07
   133   8.4127712E+07
   134   8.4064880E+07
   135   8.4003184E+07
   136   8.3942616E+07
   137   8.3883144E+07
   138   8.3824752E+07
   139   8.3767416E+07
   140   8.3711120E+07
   141   8.3655848E+07
   142   8.3601568E+07
   143   8.3548280E+07
   144   8.3495952E+07
   145   8.3444568E+07
   146   8.3394104E+07
   147   8.3344560E+07
   148   8.3295912E+07
   149   8.3248128E+07
   150   8.3201216E+07
   151   8.3155144E+07
   152   8.3109904E+07
   153   8.3065472E+07
   154   8.3021840E+07
   155   8.2978992E+07
   156   8.2936912E+07
   157   8.2895592E+07
   158   8.2855008E+07
   159   8.2815152E+07
   160   8.2776008E+07
   161   8.2737568E+07
   162   8.2699816E+07
   163   8.2662736E+07
   164   8.2626320E+07
   165   8.2590552E+07
   166   8.2555432E+07
   167   8.2520928E+07
   168   8.2487048E+07
   169   8.2453768E+07
   170   8.2421080E+07
   171   8.2388976E+07
   172   8.2357440E+07
   173   8.2326472E+07
   174   8.2296048E+07
   175   8.2266176E+07
   176   8.2236824E+07
   177   8.2208000E+07
   178   8.2179688E+07
   179   8.2151872E+07
   180   8.2124552E+07
   181   8.2097720E+07
   182   8.2071368E+07
   183   8.2045472E+07
   184   8.2020040E+07
   185   8.1995064E+07
   186   8.1970528E+07
   187   8.1946424E+07
   188   8.1922744E+07
   189   8.1899488E+07
   190   8.1876640E+07
   191   8.1854192E+07
   192   8.1832144E+07
   193   8.1810488E+07
   194   8.1789216E+07
   195   8.1768312E+07
   196   8.1747784E+07
   197   8.1727616E+07
   198   8.1707800E+07
   199   8.1688336E+07
   200   8.1669216E+07
   201   8.1650432E+07
   202   8.1631984E+07
   203   8.1613856E+07
   204   8.1596040E+07
   205   8.1578544E+07
   206   8.1561360E+07
   207   8.1544472E+07
   208   8.1527880E+07
   209   8.1511584E+07
   210   8.1495576E+07
   211   8.1479840E+07
   212   8.1464392E+07
   213   8.1449208E+07
   214   8.1434288E+07
   215   8.1419632E+07
   216   8.1405240E+07
   217   8.1391088E+07
   218   8.1377192E+07
   219   8.1363536E+07
   220   8.1350120E+07
   221   8.1336944E+07
   222   8.1323992E+07
   223   8.1311272E+07
   224   8.1298768E+07
   225   8.1286488E+07
   226   8.1274416E+07
   227   8.1262560E+07
   228   8.1250912E+07
   229   8.1239464E+07
   230   8.1228216E+07
   231   8.1217168E+07
   232   8.1206312E+07
   233   8.1195640E+07
   234   8.1185160E+07
   235   8.1174856E+07
   236   8.1164736E+07
   237   8.1154792E+07
   238   8.1145024E+07
   239   8.1135424E+07
   240   8.1125992E+07
   241   8.1116720E+07
   242   8.1107616E+07
   243   8.1098664E+07
   244   8.1089872E+07
   245   8.1081224E+07
   246   8.1072736E+07
   247   8.1064392E+07
   248   8.1056192E+07
   249   8.1048136E+07
   250   8.1040216E+07
   251   8.1032440E+07
   252   8.1024792E+07
   253   8.1017280E+07
   254   8.1009896E+07
   255   8.1002640E+07
   256   8.0995512E+07
   257   8.0988512E+07
   258   8.0981624E+07
   259   8.0974856E+07
   260   8.0968208E+07
   261   8.0961672E+07
   262   8.0955256E+07
   263   8.0948944E+07
   264   8.0942744E+07
   265   8.0936648E+07
   266   8.0930656E+07
   267   8.0924776E+07
   268   8.0918992E+07
   269   8.0913304E+07
   270   8.0907712E+07
   271   8.0902224E+07
   272   8.0896832E+07
   273   8.0891528E+07
   274   8.0886312E+07
   275   8.0881192E+07
   276   8.0876152E+07
   277   8.0871208E+07
   278   8.0866344E+07
   279   8.0861560E+07
   280   8.0856864E+07
   281   8.0852240E+07
   282   8.0847704E+07
   283   8.0843240E+07
   284   8.0838856E+07
   285   8.0834544E+07
   286   8.0830312E+07
   287   8.0826144E+07
   288   8.0822056E+07
   289   8.0818032E+07
   290   8.0814080E+07
   291   8.0810192E+07
   292   8.0806368E+07
   293   8.0802616E+07
   294   8.0798920E+07
   295   8.0795288E+07
   296   8.0791720E+07
   297   8.0788216E+07
   298   8.0784768E+07
   299   8.0781384E+07
   300   8.0778048E+07
   301   8.0774776E+07
   302   8.0771552E+07
   303   8.0768392E+07
   304   8.0765280E+07
   305   8.0762216E+07
   306   8.0759208E+07
   307   8.0756256E+07
   308   8.0753344E+07
   309   8.0750488E+07
   310   8.0747680E+07
   311   8.0744920E+07
   312   8.0742200E+07
   313   8.0739528E+07
   314   8.0736904E+07
   315   8.0734328E+07
   316   8.0731784E+07
   317   8.0729288E+07
   318   8.0726840E+07
   319   8.0724424E+07
   320   8.0722048E+07
   321   8.0719720E+07
   322   8.0717424E+07
   323   8.0715168E+07
   324   8.0712952E+07
   325   8.0710768E+07
   326   8.0708624E+07
   327   8.0706512E+07
   328   8.0704440E+07
   329   8.0702400E+07
   330   8.0700392E+07
   331   8.0698416E+07
   332   8.0696480E+07
   333   8.0694568E+07
   334   8.0692696E+07
   335   8.0690848E+07
   336   8.0689032E+07
   337   8.0687248E+07
   338   8.0685488E+07
   339   8.0683760E+07
   340   8.0682064E+07
   341   8.0680392E+07
   342   8.0678744E+07
   343   8.0677128E+07
   344   8.0675536E+07
   345   8.0673968E+07
   346   8.0672432E+07
   347   8.0670920E+07
   348   8.0669424E+07
   349   8.0667960E+07
   350   8.0666520E+07
   351   8.0665096E+07
   352   8.0663704E+07
   353   8.0662328E+07
   354   8.0660976E+07
   355   8.0659648E+07
   356   8.0658336E+07
   357   8.0657048E+07
   358   8.0655784E+07
   359   8.0654536E+07
   360   8.0653312E+07
   361   8.0652104E+07
   362   8.0650912E+07
   363   8.0649744E+07
   364   8.0648592E+07
   365   8.0647456E+07
   366   8.0646344E+07
   367   8.0645248E+07
   368   8.0644168E+07
   369   8.0643104E+07
   370   8.0642056E+07
   371   8.0641024E+07
   372   8.0640016E+07
   373   8.0639016E+07
   374   8.0638032E+07
   375   8.0637064E+07
   376   8.0636112E+07
   377   8.0635176E+07
   378   8.0634248E+07
   379   8.0633344E+07
   380   8.0632448E+07
   381   8.0631560E+07
   382   8.0630696E+07
   383   8.0629840E+07
   384   8.0629000E+07
   385   8.0628168E+07
   386   8.0627352E+07
   387   8.0626552E+07
   388   8.0625760E+07
   389   8.0624976E+07
   390   8.0624208E+07
   391   8.0623448E+07
   392   8.0622704E+07
   393   8.0621968E+07
   394   8.0621248E+07
   395   8.0620536E+07
   396   8.0619832E+07
   397   8.0619136E+07
   398   8.0618456E+07
   399   8.0617784E+07
   400   8.0617120E+07
   401   8.0616472E+07
   402   8.0615824E+07
   403   8.0615192E+07
   404   8.0614568E+07
   405   8.0613952E+07
   406   8.0613344E+07
   407   8.0612744E+07
   408   8.0612160E+07
   409   8.0611576E+07
   410   8.0611000E+07
   411   8.0610440E+07
   412   8.0609880E+07
   413   8.0609328E+07
   414   8.0608792E+07
   415   8.0608256E+07
   416   8.0607728E+07
   417   8.0607208E+07
   418   8.0606696E+07
   419   8.0606192E+07
   420   8.0605696E+07
   421   8.0605200E+07
   422   8.0604712E+07
   423   8.0604240E+07
   424   8.0603768E+07
   425   8.0603296E+07
   426   8.0602840E+07
   427   8.0602384E+07
   428   8.0601936E+07
   429   8.0601496E+07
   430   8.0601064E+07
   431   8.0600632E+07
   432   8.0600208E+07
   433   8.0599784E+07
   434   8.0599368E+07
   435   8.0598960E+07
   436   8.0598560E+07
   437   8.0598160E+07
   438   8.0597768E+07
   439   8.0597376E+07
   440   8.0597000E+07
   441   8.0596616E+07
   442   8.0596240E+07
   443   8.0595872E+07
   444   8.0595512E+07
   445   8.0595144E+07
   446   8.0594792E+07
   447   8.0594440E+07
   448   8.0594088E+07
   449   8.0593752E+07
   450   8.0593408E+07
   451   8.0593072E+07
   452   8.0592744E+07
   453   8.0592416E+07
   454   8.0592088E+07
   455   8.0591768E+07
   456   8.0591456E+07
   457   8.0591136E+07
   458   8.0590832E+07
   459   8.0590520E+07
   460   8.0590224E+07
   461   8.0589920E+07
   462   8.0589624E+07
   463   8.0589328E+07
   464   8.0589040E+07
   465   8.0588752E+07
   466   8.0588472E+07
   467   8.0588192E+07
   468   8.0587912E+07
   469   8.0587640E+07
   470   8.0587368E+07
   471   8.0587096E+07
   472   8.0586832E+07
   473   8.0586568E+07
   474   8.0586304E+07
   475   8.0586048E+07
   476   8.0585792E+07
   477   8.0585536E+07
   478   8.0585288E+07
   479   8.0585040E+07
   480   8.0584792E+07
   481   8.0584552E+07
   482   8.0584312E+07
   483   8.0584072E+07
   484   8.0583832E+07
   485   8.0583600E+07
   486   8.0583368E+07
   487   8.0583136E+07
   488   8.0582904E+07
   489   8.0582680E+07
   490   8.0582456E+07
   491   8.0582232E+07
   492   8.0582016E+07
   493   8.0581792E+07
   494   8.0581576E+07
   495   8.0581360E+07
   496   8.0581152E+07
   497   8.0580936E+07
   498   8.0580728E+07
   499   8.0580520E+07
   500   8.0580312E+07
   501   8.0580112E+07
   502   8.0579904E+07
   503   8.0579704E+07
   504   8.0579504E+07
   505   8.0579312E+07
   506   8.0579112E+07
   507   8.0578920E+07
   508   8.0578720E+07
   509   8.0578528E+07
   510   8.0578336E+07
   511   8.0578152E+07
   512   8.0577960E+07
   513   8.0577776E+07
   514   8.0577592E+07
   515   8.0577408E+07
   516   8.0577224E+07
   517   8.0577040E+07
   518   8.0576864E+07
   519   8.0576680E+07
   520   8.0576504E+07
   521   8.0576328E+07
   522   8.0576152E+07
   523   8.0575976E+07
   524   8.0575800E+07
   525   8.0575632E+07
   526   8.0575456E+07
   527   8.0575288E+07
   528   8.0575120E+07
   529   8.0574952E+07
   530   8.0574784E+07
   531   8.0574616E+07
   532   8.0574448E+07
   533   8.0574288E+07
   534   8.0574120E+07
   535   8.0573960E+07
   536   8.0573800E+07
   537   8.0573640E+07
   538   8.0573480E+07
   539   8.0573320E+07
   540   8.0573160E+07
   541   8.0573000E+07
   542   8.0572848E+07
   543   8.0572688E+07
   544   8.0572536E+07
   545   8.0572376E+07
   546   8.0572224E+07
   547   8.0572072E+07
   548   8.0571920E+07
   549   8.0571768E+07
   550   8.0571616E+07
   551   8.0571464E+07
   552   8.0571320E+07
   553   8.0571168E+07
   554   8.0571024E+07
   555   8.0570872E+07
   556   8.0570728E+07
   557   8.0570576E+07
   558   8.0570432E+07
   559   8.0570288E+07
   560   8.0570144E+07
   561   8.0570000E+07
   562   8.0569856E+07
   563   8.0569712E+07
   564   8.0569568E+07
   565   8.0569432E+07
   566   8.0569288E+07
   567   8.0569144E+07
   568   8.0569008E+07
   569   8.0568864E+07
   570   8.0568728E+07
   571   8.0568592E+07
   572   8.0568448E+07
   573   8.0568312E+07
   574   8.0568176E+07
   575   8.0568040E+07
   576   8.0567904E+07
   577   8.0567768E+07
   578   8.0567632E+07
   579   8.0567496E+07
   580   8.0567360E+07
   581   8.0567224E+07
   582   8.0567088E+07
   583   8.0566960E+07
   584   8.0566824E+07
   585   8.0566688E+07
   586   8.0566560E+07
   587   8.0566424E+07
   588   8.0566296E+07
   589   8.0566160E+07
   590   8.0566032E+07
   591   8.0565904E+07
   592   8.0565768E+07
   593   8.0565640E+07
   594   8.0565512E+07
   595   8.0565384E+07
   596   8.0565256E+07
   597   8.0565120E+07
   598   8.0564992E+07
   599   8.0564864E+07
   600   8.0564736E+07
   601   8.0564608E+07
   602   8.0564480E+07
   603   8.0564352E+07
   604   8.0564232E+07
   605   8.0564104E+07
   606   8.0563976E+07
   607   8.0563848E+07
   608   8.0563720E+07
   609   8.0563600E+07
   610   8.0563472E+07
   611   8.0563344E+07
   612   8.0563224E+07
   613   8.0563096E+07
   614   8.0562976E+07
   615   8.0562848E+07
   616   8.0562728E+07
   617   8.0562600E+07
   618   8.0562480E+07
   619   8.0562352E+07
   620   8.0562232E+07
   621   8.0562104E+07
   622   8.0561984E+07
   623   8.0561864E+07
   624   8.0561744E+07
   625   8.0561616E+07
   626   8.0561496E+07
   627   8.0561376E+07
   628   8.0561256E+07
   629   8.0561128E+07
   630   8.0561008E+07
   631   8.0560888E+07
   632   8.0560768E+07
   633   8.0560648E+07
   634   8.0560528E+07
   635   8.0560408E+07
   636   8.0560288E+07
   637   8.0560168E+07
   638   8.0560040E+07
   639   8.0559920E+07
   640   8.0559808E+07
   641   8.0559688E+07
   642   8.0559568E+07
   643   8.0559448E+07
   644   8.0559328E+07
   645   8.0559208E+07
   646   8.0559088E+07
   647   8.0558968E+07
   648   8.0558848E+07
   649   8.0558728E+07
   650   8.0558616E+07
   651   8.0558496E+07
   652   8.0558376E+07
   653   8.0558256E+07
   654   8.0558144E+07
   655   8.0558024E+07
   656   8.0557904E+07
   657   8.0557784E+07
   658   8.0557672E+07
   659   8.0557552E+07
   660   8.0557432E+07
   661   8.0557320E+07
   662   8.0557200E+07
   663   8.0557080E+07
   664   8.0556968E+07
   665   8.0556848E+07
   666   8.0556728E+07
   667   8.0556616E+07
   668   8.0556496E+07
   669   8.0556384E+07
   670   8.0556264E+07
   671   8.0556144E+07
   672   8.0556032E+07
   673   8.0555912E+07
   674   8.0555800E+07
   675   8.0555680E+07
   676   8.0555568E+07
   677   8.0555448E+07
   678   8.0555336E+07
   679   8.0555216E+07
   680   8.0555104E+07
   681   8.0554984E+07
   682   8.0554872E+07
   683   8.0554760E+07
   684   8.0554640E+07
   685   8.0554528E+07
   686   8.0554408E+07
   687   8.0554296E+07
   688   8.0554176E+07
   689   8.0554064E+07
   690   8.0553952E+07
   691   8.0553832E+07
   692   8.0553720E+07
   693   8.0553600E+07
   694   8.0553488E+07
   695   8.0553376E+07
   696   8.0553256E+07
   697   8.0553144E+07
   698   8.0553032E+07
   699   8.0552912E+07
   700   8.0552800E+07
   701   8.0552688E+07
   702   8.0552568E+07
   703   8.0552456E+07
   704   8.0552344E+07
   705   8.0552232E+07
   706   8.0552112E+07
   707   8.0552000E+07
   708   8.0551888E+07
   709   8.0551768E+07
   710   8.0551656E+07
   711   8.0551544E+07
   712   8.0551432E+07
   713   8.0551312E+07
   714   8.0551200E+07
   715   8.0551088E+07
   716   8.0550976E+07
   717   8.0550856E+07
   718   8.0550744E+07
   719   8.0550632E+07
   720   8.0550520E+07
   721   8.0550408E+07
   722   8.0550288E+07
   723   8.0550176E+07
   724   8.0550064E+07
   725   8.0549952E+07
   726   8.0549832E+07
   727   8.0549720E+07
   728   8.0549608E+07
   729   8.0549496E+07
   730   8.0549384E+07
   731   8.0549272E+07
   732   8.0549152E+07
   733   8.0549040E+07
   734   8.0548928E+07
   735   8.0548816E+07
   736   8.0548704E+07
   737   8.0548592E+07
   738   8.0548472E+07
   739   8.0548360E+07
   740   8.0548248E+07
   741   8.0548136E+07
   742   8.0548024E+07
   743   8.0547912E+07
   744   8.0547800E+07
   745   8.0547680E+07
   746   8.0547568E+07
   747   8.0547456E+07
   748   8.0547344E+07
   749   8.0547232E+07
   750   8.0547120E+07
   751   8.0547008E+07
   752   8.0546896E+07
   753   8.0546776E+07
   754   8.0546664E+07
   755   8.0546552E+07
   756   8.0546440E+07
   757   8.0546328E+07
   758   8.0546216E+07
   759   8.0546104E+07
   760   8.0545992E+07
   761   8.0545880E+07
   762   8.0545768E+07
   763   8.0545648E+07
   764   8.0545536E+07
   765   8.0545424E+07
   766   8.0545312E+07
   767   8.0545200E+07
   768   8.0545088E+07
   769   8.0544976E+07
   770   8.0544864E+07
   771   8.0544752E+07
   772   8.0544640E+07
   773   8.0544528E+07
   774   8.0544416E+07
   775   8.0544304E+07
   776   8.0544184E+07
   777   8.0544072E+07
   778   8.0543960E+07
   779   8.0543848E+07
   780   8.0543736E+07
   781   8.0543624E+07
   782   8.0543512E+07
   783   8.0543400E+07
   784   8.0543288E+07
   785   8.0543176E+07
   786   8.0543064E+07
   787   8.0542952E+07
   788   8.0542840E+07
   789   8.0542728E+07
   790   8.0542616E+07
   791   8.0542504E+07
   792   8.0542392E+07
   793   8.0542280E+07
   794   8.0542168E+07
   795   8.0542056E+07
   796   8.0541936E+07
   797   8.0541824E+07
   798   8.0541712E+07
   799   8.0541600E+07
   800   8.0541488E+07
   801   8.0541376E+07
   802   8.0541264E+07
   803   8.0541152E+07
   804   8.0541040E+07
   805   8.0540928E+07
   806   8.0540816E+07
   807   8.0540704E+07
   808   8.0540592E+07
   809   8.0540480E+07
   810   8.0540368E+07
   811   8.0540256E+07
   812   8.0540144E+07
   813   8.0540032E+07
   814   8.0539920E+07
   815   8.0539808E+07
   816   8.0539696E+07
   817   8.0539584E+07
   818   8.0539472E+07
   819   8.0539360E+07
   820   8.0539248E+07
   821   8.0539136E+07
   822   8.0539024E+07
   823   8.0538912E+07
   824   8.0538800E+07
   825   8.0538688E+07
   826   8.0538576E+07
   827   8.0538464E+07
   828   8.0538352E+07
   829   8.0538240E+07
   830   8.0538128E+07
   831   8.0538016E+07
   832   8.0537904E+07
   833   8.0537792E+07
   834   8.0537680E+07
   835   8.0537568E+07
   836   8.0537456E+07
   837   8.0537344E+07
   838   8.0537232E+07
   839   8.0537120E+07
   840   8.0537008E+07
   841   8.0536896E+07
   842   8.0536784E+07
   843   8.0536672E+07
   844   8.0536560E+07
   845   8.0536448E+07
   846   8.0536336E+07
   847   8.0536224E+07
   848   8.0536112E+07
   849   8.0536000E+07
   850   8.0535888E+07
   851   8.0535776E+07
   852   8.0535664E+07
   853   8.0535552E+07
   854   8.0535440E+07
   855   8.0535328E+07
   856   8.0535216E+07
   857   8.0535104E+07
   858   8.0534992E+07
   859   8.0534880E+07
   860   8.0534768E+07
   861   8.0534656E+07
   862   8.0534544E+07
   863   8.0534432E+07
   864   8.0534320E+07
   865   8.0534208E+07
   866   8.0534096E+07
   867   8.0533984E+07
   868   8.0533872E+07
   869   8.0533760E+07
   870   8.0533648E+07
   871   8.0533536E+07
   872   8.0533424E+07
   873   8.0533312E+07
   874   8.0533200E+07
   875   8.0533088E+07
   876   8.0532976E+07
   877   8.0532864E+07
   878   8.0532752E+07
   879   8.0532640E+07
   880   8.0532528E+07
   881   8.0532416E+07
   882   8.0532304E+07
   883   8.0532192E+07
   884   8.0532080E+07
   885   8.0531968E+07
   886   8.0531856E+07
   887   8.0531744E+07
   888   8.0531632E+07
   889   8.0531520E+07
   890   8.0531408E+07
   891   8.0531296E+07
   892   8.0531192E+07
   893   8.0531080E+07
   894   8.0530968E+07
   895   8.0530856E+07
   896   8.0530744E+07
   897   8.0530632E+07
   898   8.0530520E+07
   899   8.0530408E+07
   900   8.0530296E+07
   901   8.0530184E+07
   902   8.0530072E+07
   903   8.0529960E+07
   904   8.0529848E+07
   905   8.0529736E+07
   906   8.0529624E+07
   907   8.0529512E+07
   908   8.0529400E+07
   909   8.0529288E+07
   910   8.0529176E+07
   911   8.0529064E+07
   912   8.0528952E+07
   913   8.0528840E+07
   914   8.0528728E+07
   915   8.0528616E+07
   916   8.0528504E+07
   917   8.0528392E+07
   918   8.0528280E+07
   919   8.0528168E+07
   920   8.0528056E+07
   921   8.0527944E+07
   922   8.0527832E+07
   923   8.0527720E+07
   924   8.0527608E+07
   925   8.0527496E+07
   926   8.0527384E+07
   927   8.0527272E+07
   928   8.0527160E+07
   929   8.0527048E+07
   930   8.0526944E+07
   931   8.0526832E+07
   932   8.0526720E+07
   933   8.0526608E+07
   934   8.0526496E+07
   935   8.0526384E+07
   936   8.0526272E+07
   937   8.0526160E+07
   938   8.0526048E+07
   939   8.0525936E+07
   940   8.0525824E+07
   941   8.0525712E+07
   942   8.0525600E+07
   943   8.0525488E+07
   944   8.0525376E+07
   945   8.0525264E+07
   946   8.0525152E+07
   947   8.0525040E+07
   948   8.0524928E+07
   949   8.0524816E+07
   950   8.0524704E+07
   951   8.0524592E+07
   952   8.0524480E+07
   953   8.0524368E+07
   954   8.0524256E+07
   955   8.0524144E+07
   956   8.0524032E+07
   957   8.0523920E+07
   958   8.0523808E+07
   959   8.0523696E+07
   960   8.0523592E+07
   961   8.0523480E+07
   962   8.0523368E+07
   963   8.0523256E+07
   964   8.0523144E+07
   965   8.0523032E+07
   966   8.0522920E+07
   967   8.0522808E+07
   968   8.0522696E+07
   969   8.0522584E+07
   970   8.0522472E+07
   971   8.0522360E+07
   972   8.0522248E+07
   973   8.0522136E+07
   974   8.0522024E+07
   975   8.0521912E+07
   976   8.0521800E+07
   977   8.0521688E+07
   978   8.0521576E+07
   979   8.0521464E+07
   980   8.0521352E+07
   981   8.0521240E+07
   982   8.0521128E+07
   983   8.0521016E+07
   984   8.0520904E+07
   985   8.0520792E+07
   986   8.0520680E+07
   987   8.0520576E+07
   988   8.0520464E+07
   989   8.0520352E+07
   990   8.0520240E+07
   991   8.0520128E+07
   992   8.0520016E+07
   993   8.0519904E+07
   994   8.0519792E+07
   995   8.0519680E+07
   996   8.0519568E+07
   997   8.0519456E+07
   998   8.0519344E+07
   999   8.0519232E+07
  1000   8.0519120E+07
  1001   8.0519008E+07
  1002   8.0518896E+07
  1003   8.0518784E+07
  1004   8.0518672E+07
  1005   8.0518560E+07
  1006   8.0518448E+07
  1007   8.0518336E+07
  1008   8.0518224E+07
  1009   8.0518112E+07
  1010   8.0518000E+07
  1011   8.0517888E+07
  1012   8.0517784E+07
  1013   8.0517672E+07
  1014   8.0517560E+07
  1015   8.0517448E+07
  1016   8.0517336E+07
  1017   8.0517224E+07
  1018   8.0517112E+07
  1019   8.0517000E+07
  1020   8.0516888E+07
  1021   8.0516776E+07
  1022   8.0516664E+07
  1023   8.0516552E+07
  1024   8.0516440E+07
  1025   8.0516328E+07
  1026   8.0516216E+07
  1027   8.0516104E+07
  1028   8.0515992E+07
  1029   8.0515880E+07
  1030   8.0515768E+07
  1031   8.0515656E+07
  1032   8.0515544E+07
  1033   8.0515432E+07
  1034   8.0515320E+07
  1035   8.0515208E+07
  1036   8.0515104E+07
  1037   8.0514992E+07
  1038   8.0514880E+07
  1039   8.0514768E+07
  1040   8.0514656E+07
  1041   8.0514544E+07
  1042   8.0514432E+07
  1043   8.0514320E+07
  1044   8.0514208E+07
  1045   8.0514096E+07
  1046   8.0513984E+07
  1047   8.0513872E+07
  1048   8.0513760E+07
  1049   8.0513648E+07
  1050   8.0513536E+07
  1051   8.0513424E+07
  1052   8.0513312E+07
  1053   8.0513200E+07
  1054   8.0513088E+07
  1055   8.0512976E+07
  1056   8.0512864E+07
  1057   8.0512752E+07
  1058   8.0512648E+07
  1059   8.0512536E+07
  1060   8.0512424E+07
  1061   8.0512312E+07
  1062   8.0512200E+07
  1063   8.0512088E+07
  1064   8.0511976E+07
  1065   8.0511864E+07
  1066   8.0511752E+07
  1067   8.0511640E+07
  1068   8.0511528E+07
  1069   8.0511416E+07
  1070   8.0511304E+07
  1071   8.0511192E+07
  1072   8.0511080E+07
  1073   8.0510968E+07
  1074   8.0510856E+07
  1075   8.0510744E+07
  1076   8.0510632E+07
  1077   8.0510520E+07
  1078   8.0510408E+07
  1079   8.0510296E+07
  1080   8.0510192E+07
  1081   8.0510080E+07
  1082   8.0509968E+07
  1083   8.0509856E+07
  1084   8.0509744E+07
  1085   8.0509632E+07
  1086   8.0509520E+07
  1087   8.0509408E+07
  1088   8.0509296E+07
  1089   8.0509184E+07
  1090   8.0509072E+07
  1091   8.0508960E+07
  1092   8.0508848E+07
  1093   8.0508736E+07
  1094   8.0508624E+07
  1095   8.0508512E+07
  1096   8.0508400E+07
  1097   8.0508288E+07
  1098   8.0508176E+07
  1099   8.0508064E+07
  1100   8.0507952E+07
  1101   8.0507848E+07
  1102   8.0507736E+07
  1103   8.0507624E+07
  1104   8.0507512E+07
  1105   8.0507400E+07
  1106   8.0507288E+07
  1107   8.0507176E+07
  1108   8.0507064E+07
  1109   8.0506952E+07
  1110   8.0506840E+07
  1111   8.0506728E+07
  1112   8.0506616E+07
  1113   8.0506504E+07
  1114   8.0506392E+07
  1115   8.0506280E+07
  1116   8.0506168E+07
  1117   8.0506056E+07
  1118   8.0505944E+07
  1119   8.0505832E+07
  1120   8.0505720E+07
  1121   8.0505616E+07
  1122   8.0505504E+07
  1123   8.0505392E+07
  1124   8.0505280E+07
  1125   8.0505168E+07
  1126   8.0505056E+07
  1127   8.0504944E+07
  1128   8.0504832E+07
  1129   8.0504720E+07
  1130   8.0504608E+07
  1131   8.0504496E+07
  1132   8.0504384E+07
  1133   8.0504272E+07
  1134   8.0504160E+07
  1135   8.0504048E+07
  1136   8.0503936E+07
  1137   8.0503824E+07
  1138   8.0503712E+07
  1139   8.0503600E+07
  1140   8.0503488E+07
  1141   8.0503384E+07
  1142   8.0503272E+07
  1143   8.0503160E+07
  1144   8.0503048E+07
  1145   8.0502936E+07
  1146   8.0502824E+07
  1147   8.0502712E+07
  1148   8.0502600E+07
  1149   8.0502488E+07
  1150   8.0502376E+07
  1151   8.0502264E+07
  1152   8.0502152E+07
  1153   8.0502040E+07
  1154   8.0501928E+07
  1155   8.0501816E+07
  1156   8.0501704E+07
  1157   8.0501592E+07
  1158   8.0501480E+07
  1159   8.0501368E+07
  1160   8.0501264E+07
  1161   8.0501152E+07
  1162   8.0501040E+07
  1163   8.0500928E+07
  1164   8.0500816E+07
  1165   8.0500704E+07
  1166   8.0500592E+07
  1167   8.0500480E+07
  1168   8.0500368E+07
  1169   8.0500256E+07
  1170   8.0500144E+07
  1171   8.0500032E+07
  1172   8.0499920E+07
  1173   8.0499808E+07
  1174   8.0499696E+07
  1175   8.0499584E+07
  1176   8.0499472E+07
  1177   8.0499360E+07
  1178   8.0499248E+07
  1179   8.0499144E+07
  1180   8.0499032E+07
  1181   8.0498920E+07
  1182   8.0498808E+07
  1183   8.0498696E+07
  1184   8.0498584E+07
  1185   8.0498472E+07
  1186   8.0498360E+07
  1187   8.0498248E+07
  1188   8.0498136E+07
  1189   8.0498024E+07
  1190   8.0497912E+07
  1191   8.0497800E+07
  1192   8.0497688E+07
  1193   8.0497576E+07
  1194   8.0497464E+07
  1195   8.0497352E+07
  1196   8.0497240E+07
  1197   8.0497136E+07
  1198   8.0497024E+07
  1199   8.0496912E+07
  1200   8.0496800E+07
  1201   8.0496688E+07
  1202   8.0496576E+07
  1203   8.0496464E+07
  1204   8.0496352E+07
  1205   8.0496240E+07
  1206   8.0496128E+07
  1207   8.0496016E+07
  1208   8.0495904E+07
  1209   8.0495792E+07
  1210   8.0495680E+07
  1211   8.0495568E+07
  1212   8.0495456E+07
  1213   8.0495344E+07
  1214   8.0495240E+07
  1215   8.0495128E+07
  1216   8.0495016E+07
  1217   8.0494904E+07
  1218   8.0494792E+07
  1219   8.0494680E+07
  1220   8.0494568E+07
  1221   8.0494456E+07
  1222   8.0494344E+07
  1223   8.0494232E+07
  1224   8.0494120E+07
  1225   8.0494008E+07
  1226   8.0493896E+07
  1227   8.0493784E+07
  1228   8.0493672E+07
  1229   8.0493560E+07
  1230   8.0493448E+07
  1231   8.0493336E+07
  1232   8.0493232E+07
  1233   8.0493120E+07
  1234   8.0493008E+07
  1235   8.0492896E+07
  1236   8.0492784E+07
  1237   8.0492672E+07
  1238   8.0492560E+07
  1239   8.0492448E+07
  1240   8.0492336E+07
  1241   8.0492224E+07
  1242   8.0492112E+07
  1243   8.0492000E+07
  1244   8.0491888E+07
  1245   8.0491776E+07
  1246   8.0491664E+07
  1247   8.0491552E+07
  1248   8.0491440E+07
  1249   8.0491336E+07
  1250   8.0491224E+07
  1251   8.0491112E+07
  1252   8.0491000E+07
  1253   8.0490888E+07
  1254   8.0490776E+07
  1255   8.0490664E+07
  1256   8.0490552E+07
  1257   8.0490440E+07
  1258   8.0490328E+07
  1259   8.0490216E+07
  1260   8.0490104E+07
  1261   8.0489992E+07
  1262   8.0489880E+07
  1263   8.0489768E+07
  1264   8.0489656E+07
  1265   8.0489552E+07
  1266   8.0489440E+07
  1267   8.0489328E+07
  1268   8.0489216E+07
  1269   8.0489104E+07
  1270   8.0488992E+07
  1271   8.0488880E+07
  1272   8.0488768E+07
  1273   8.0488656E+07
  1274   8.0488544E+07
  1275   8.0488432E+07
  1276   8.0488320E+07
  1277   8.0488208E+07
  1278   8.0488096E+07
  1279   8.0487984E+07
  1280   8.0487872E+07
  1281   8.0487760E+07
  1282   8.0487656E+07
  1283   8.0487544E+07
  1284   8.0487432E+07
  1285   8.0487320E+07
  1286   8.0487208E+07
  1287   8.0487096E+07
  1288   8.0486984E+07
  1289   8.0486872E+07
  1290   8.0486760E+07
  1291   8.0486648E+07
  1292   8.0486536E+07
  1293   8.0486424E+07
  1294   8.0486312E+07
  1295   8.0486200E+07
  1296   8.0486088E+07
  1297   8.0485976E+07
  1298   8.0485872E+07
  1299   8.0485760E+07
  1300   8.0485648E+07
  1301   8.0485536E+07
  1302   8.0485424E+07
  1303   8.0485312E+07
  1304   8.0485200E+07
  1305   8.0485088E+07
  1306   8.0484976E+07
  1307   8.0484864E+07
  1308   8.0484752E+07
  1309   8.0484640E+07
  1310   8.0484528E+07
  1311   8.0484416E+07
  1312   8.0484304E+07
  1313   8.0484192E+07
  1314   8.0484088E+07
  1315   8.0483976E+07
  1316   8.0483864E+07
  1317   8.0483752E+07
  1318   8.0483640E+07
  1319   8.0483528E+07
  1320   8.0483416E+07
  1321   8.0483304E+07
  1322   8.0483192E+07
  1323   8.0483080E+07
  1324   8.0482968E+07
  1325   8.0482856E+07
  1326   8.0482744E+07
  1327   8.0482632E+07
  1328   8.0482520E+07
  1329   8.0482416E+07
  1330   8.0482304E+07
  1331   8.0482192E+07
  1332   8.0482080E+07
  1333   8.0481968E+07
  1334   8.0481856E+07
  1335   8.0481744E+07
  1336   8.0481632E+07
  1337   8.0481520E+07
  1338   8.0481408E+07
  1339   8.0481296E+07
  1340   8.0481184E+07
  1341   8.0481072E+07
  1342   8.0480960E+07
  1343   8.0480848E+07
  1344   8.0480744E+07
  1345   8.0480632E+07
  1346   8.0480520E+07
  1347   8.0480408E+07
  1348   8.0480296E+07
  1349   8.0480184E+07
  1350   8.0480072E+07
  1351   8.0479960E+07
  1352   8.0479848E+07
  1353   8.0479736E+07
  1354   8.0479624E+07
  1355   8.0479512E+07
  1356   8.0479400E+07
  1357   8.0479288E+07
  1358   8.0479176E+07
  1359   8.0479072E+07
  1360   8.0478960E+07
  1361   8.0478848E+07
  1362   8.0478736E+07
  1363   8.0478624E+07
  1364   8.0478512E+07
  1365   8.0478400E+07
  1366   8.0478288E+07
  1367   8.0478176E+07
  1368   8.0478064E+07
  1369   8.0477952E+07
  1370   8.0477840E+07
  1371   8.0477728E+07
  1372   8.0477616E+07
  1373   8.0477504E+07
  1374   8.0477400E+07
  1375   8.0477288E+07
  1376   8.0477176E+07
  1377   8.0477064E+07
  1378   8.0476952E+07
  1379   8.0476840E+07
  1380   8.0476728E+07
  1381   8.0476616E+07
  1382   8.0476504E+07
  1383   8.0476392E+07
  1384   8.0476280E+07
  1385   8.0476168E+07
  1386   8.0476056E+07
  1387   8.0475944E+07
  1388   8.0475832E+07
  1389   8.0475728E+07
  1390   8.0475616E+07
  1391   8.0475504E+07
  1392   8.0475392E+07
  1393   8.0475280E+07
  1394   8.0475168E+07
  1395   8.0475056E+07
  1396   8.0474944E+07
  1397   8.0474832E+07
  1398   8.0474720E+07
  1399   8.0474608E+07
  1400   8.0474496E+07
  1401   8.0474384E+07
  1402   8.0474272E+07
  1403   8.0474168E+07
  1404   8.0474056E+07
  1405   8.0473944E+07
  1406   8.0473832E+07
  1407   8.0473720E+07
  1408   8.0473608E+07
  1409   8.0473496E+07
  1410   8.0473384E+07
  1411   8.0473272E+07
  1412   8.0473160E+07
  1413   8.0473048E+07
  1414   8.0472936E+07
  1415   8.0472824E+07
  1416   8.0472712E+07
  1417   8.0472608E+07
  1418   8.0472496E+07
  1419   8.0472384E+07
  1420   8.0472272E+07
  1421   8.0472160E+07
  1422   8.0472048E+07
  1423   8.0471936E+07
  1424   8.0471824E+07
  1425   8.0471712E+07
  1426   8.0471600E+07
  1427   8.0471488E+07
  1428   8.0471376E+07
  1429   8.0471264E+07
  1430   8.0471152E+07
  1431   8.0471048E+07
  1432   8.0470936E+07
  1433   8.0470824E+07
  1434   8.0470712E+07
  1435   8.0470600E+07
  1436   8.0470488E+07
  1437   8.0470376E+07
  1438   8.0470264E+07
  1439   8.0470152E+07
  1440   8.0470040E+07
  1441   8.0469928E+07
  1442   8.0469816E+07
  1443   8.0469704E+07
  1444   8.0469592E+07
  1445   8.0469488E+07
  1446   8.0469376E+07
  1447   8.0469264E+07
  1448   8.0469152E+07
  1449   8.0469040E+07
  1450   8.0468928E+07
  1451   8.0468816E+07
  1452   8.0468704E+07
  1453   8.0468592E+07
  1454   8.0468480E+07
  1455   8.0468368E+07
  1456   8.0468256E+07
  1457   8.0468144E+07
  1458   8.0468040E+07
  1459   8.0467928E+07
  1460   8.0467816E+07
  1461   8.0467704E+07
  1462   8.0467592E+07
  1463   8.0467480E+07
  1464   8.0467368E+07
  1465   8.0467256E+07
  1466   8.0467144E+07
  1467   8.0467032E+07
  1468   8.0466920E+07
  1469   8.0466808E+07
  1470   8.0466696E+07
  1471   8.0466584E+07
  1472   8.0466480E+07
  1473   8.0466368E+07
  1474   8.0466256E+07
  1475   8.0466144E+07
  1476   8.0466032E+07
  1477   8.0465920E+07
  1478   8.0465808E+07
  1479   8.0465696E+07
  1480   8.0465584E+07
  1481   8.0465472E+07
  1482   8.0465360E+07
  1483   8.0465248E+07
  1484   8.0465136E+07
  1485   8.0465032E+07
  1486   8.0464920E+07
  1487   8.0464808E+07
  1488   8.0464696E+07
  1489   8.0464584E+07
  1490   8.0464472E+07
  1491   8.0464360E+07
  1492   8.0464248E+07
  1493   8.0464136E+07
  1494   8.0464024E+07
  1495   8.0463912E+07
  1496   8.0463800E+07
  1497   8.0463688E+07
  1498   8.0463584E+07
  1499   8.0463472E+07
  1500   8.0463360E+07
  1501   8.0463248E+07
  1502   8.0463136E+07
  1503   8.0463024E+07
  1504   8.0462912E+07
  1505   8.0462800E+07
  1506   8.0462688E+07
  1507   8.0462576E+07
  1508   8.0462464E+07
  1509   8.0462352E+07
  1510   8.0462240E+07
  1511   8.0462136E+07
  1512   8.0462024E+07
  1513   8.0461912E+07
  1514   8.0461800E+07
  1515   8.0461688E+07
  1516   8.0461576E+07
  1517   8.0461464E+07
  1518   8.0461352E+07
  1519   8.0461240E+07
  1520   8.0461128E+07
  1521   8.0461016E+07
  1522   8.0460904E+07
  1523   8.0460792E+07
  1524   8.0460688E+07
  1525   8.0460576E+07
  1526   8.0460464E+07
  1527   8.0460352E+07
  1528   8.0460240E+07
  1529   8.0460128E+07
  1530   8.0460016E+07
  1531   8.0459904E+07
  1532   8.0459792E+07
  1533   8.0459680E+07
  1534   8.0459568E+07
  1535   8.0459456E+07
  1536   8.0459352E+07
  1537   8.0459240E+07
  1538   8.0459128E+07
  1539   8.0459016E+07
  1540   8.0458904E+07
  1541   8.0458792E+07
  1542   8.0458680E+07
  1543   8.0458568E+07
  1544   8.0458456E+07
  1545   8.0458344E+07
  1546   8.0458232E+07
  1547   8.0458120E+07
  1548   8.0458008E+07
  1549   8.0457904E+07
  1550   8.0457792E+07
  1551   8.0457680E+07
  1552   8.0457568E+07
  1553   8.0457456E+07
  1554   8.0457344E+07
  1555   8.0457232E+07
  1556   8.0457120E+07
  1557   8.0457008E+07
  1558   8.0456896E+07
  1559   8.0456784E+07
  1560   8.0456672E+07
  1561   8.0456568E+07
  1562   8.0456456E+07
  1563   8.0456344E+07
  1564   8.0456232E+07
  1565   8.0456120E+07
  1566   8.0456008E+07
  1567   8.0455896E+07
  1568   8.0455784E+07
  1569   8.0455672E+07
  1570   8.0455560E+07
  1571   8.0455448E+07
  1572   8.0455336E+07
  1573   8.0455232E+07
  1574   8.0455120E+07
  1575   8.0455008E+07
  1576   8.0454896E+07
  1577   8.0454784E+07
  1578   8.0454672E+07
  1579   8.0454560E+07
  1580   8.0454448E+07
  1581   8.0454336E+07
  1582   8.0454224E+07
  1583   8.0454112E+07
  1584   8.0454000E+07
  1585   8.0453896E+07
  1586   8.0453784E+07
  1587   8.0453672E+07
  1588   8.0453560E+07
  1589   8.0453448E+07
  1590   8.0453336E+07
  1591   8.0453224E+07
  1592   8.0453112E+07
  1593   8.0453000E+07
  1594   8.0452888E+07
  1595   8.0452776E+07
  1596   8.0452664E+07
  1597   8.0452560E+07
  1598   8.0452448E+07
  1599   8.0452336E+07
  1600   8.0452224E+07
  1601   8.0452112E+07
  1602   8.0452000E+07
  1603   8.0451888E+07
  1604   8.0451776E+07
  1605   8.0451664E+07
  1606   8.0451552E+07
  1607   8.0451440E+07
  1608   8.0451328E+07
  1609   8.0451224E+07
  1610   8.0451112E+07
  1611   8.0451000E+07
  1612   8.0450888E+07
  1613   8.0450776E+07
  1614   8.0450664E+07
  1615   8.0450552E+07
  1616   8.0450440E+07
  1617   8.0450328E+07
  1618   8.0450216E+07
  1619   8.0450104E+07
  1620   8.0449992E+07
  1621   8.0449888E+07
  1622   8.0449776E+07
  1623   8.0449664E+07
  1624   8.0449552E+07
  1625   8.0449440E+07
  1626   8.0449328E+07
  1627   8.0449216E+07
  1628   8.0449104E+07
  1629   8.0448992E+07
  1630   8.0448880E+07
  1631   8.0448768E+07
  1632   8.0448656E+07
  1633   8.0448552E+07
  1634   8.0448440E+07
  1635   8.0448328E+07
  1636   8.0448216E+07
  1637   8.0448104E+07
  1638   8.0447992E+07
  1639   8.0447880E+07
  1640   8.0447768E+07
  1641   8.0447656E+07
  1642   8.0447544E+07
  1643   8.0447432E+07
  1644   8.0447328E+07
  1645   8.0447216E+07
  1646   8.0447104E+07
  1647   8.0446992E+07
  1648   8.0446880E+07
  1649   8.0446768E+07
  1650   8.0446656E+07
  1651   8.0446544E+07
  1652   8.0446432E+07
  1653   8.0446320E+07
  1654   8.0446208E+07
  1655   8.0446096E+07
  1656   8.0445992E+07
  1657   8.0445880E+07
  1658   8.0445768E+07
  1659   8.0445656E+07
  1660   8.0445544E+07
  1661   8.0445432E+07
  1662   8.0445320E+07
  1663   8.0445208E+07
  1664   8.0445096E+07
  1665   8.0444984E+07
  1666   8.0444872E+07
  1667   8.0444768E+07
  1668   8.0444656E+07
  1669   8.0444544E+07
  1670   8.0444432E+07
  1671   8.0444320E+07
  1672   8.0444208E+07
  1673   8.0444096E+07
  1674   8.0443984E+07
  1675   8.0443872E+07
  1676   8.0443760E+07
  1677   8.0443648E+07
  1678   8.0443544E+07
  1679   8.0443432E+07
  1680   8.0443320E+07
  1681   8.0443208E+07
  1682   8.0443096E+07
  1683   8.0442984E+07
  1684   8.0442872E+07
  1685   8.0442760E+07
  1686   8.0442648E+07
  1687   8.0442536E+07
  1688   8.0442424E+07
  1689   8.0442312E+07
  1690   8.0442208E+07
  1691   8.0442096E+07
  1692   8.0441984E+07
  1693   8.0441872E+07
  1694   8.0441760E+07
  1695   8.0441648E+07
  1696   8.0441536E+07
  1697   8.0441424E+07
  1698   8.0441312E+07
  1699   8.0441200E+07
  1700   8.0441088E+07
  1701   8.0440984E+07
  1702   8.0440872E+07
  1703   8.0440760E+07
  1704   8.0440648E+07
  1705   8.0440536E+07
  1706   8.0440424E+07
  1707   8.0440312E+07
  1708   8.0440200E+07
  1709   8.0440088E+07
  1710   8.0439976E+07
  1711   8.0439864E+07
  1712   8.0439760E+07
  1713   8.0439648E+07
  1714   8.0439536E+07
  1715   8.0439424E+07
  1716   8.0439312E+07
  1717   8.0439200E+07
  1718   8.0439088E+07
  1719   8.0438976E+07
  1720   8.0438864E+07
  1721   8.0438752E+07
  1722   8.0438640E+07
  1723   8.0438536E+07
  1724   8.0438424E+07
  1725   8.0438312E+07
  1726   8.0438200E+07
  1727   8.0438088E+07
  1728   8.0437976E+07
  1729   8.0437864E+07
  1730   8.0437752E+07
  1731   8.0437640E+07
  1732   8.0437528E+07
  1733   8.0437424E+07
  1734   8.0437312E+07
  1735   8.0437200E+07
  1736   8.0437088E+07
  1737   8.0436976E+07
  1738   8.0436864E+07
  1739   8.0436752E+07
  1740   8.0436640E+07
  1741   8.0436528E+07
  1742   8.0436416E+07
  1743   8.0436304E+07
  1744   8.0436200E+07
  1745   8.0436088E+07
  1746   8.0435976E+07
  1747   8.0435864E+07
  1748   8.0435752E+07
  1749   8.0435640E+07
  1750   8.0435528E+07
  1751   8.0435416E+07
  1752   8.0435304E+07
  1753   8.0435192E+07
  1754   8.0435080E+07
  1755   8.0434976E+07
  1756   8.0434864E+07
  1757   8.0434752E+07
  1758   8.0434640E+07
  1759   8.0434528E+07
  1760   8.0434416E+07
  1761   8.0434304E+07
  1762   8.0434192E+07
  1763   8.0434080E+07
  1764   8.0433968E+07
  1765   8.0433864E+07
  1766   8.0433752E+07
  1767   8.0433640E+07
  1768   8.0433528E+07
  1769   8.0433416E+07
  1770   8.0433304E+07
  1771   8.0433192E+07
  1772   8.0433080E+07
  1773   8.0432968E+07
  1774   8.0432856E+07
  1775   8.0432744E+07
  1776   8.0432640E+07
  1777   8.0432528E+07
  1778   8.0432416E+07
  1779   8.0432304E+07
  1780   8.0432192E+07
  1781   8.0432080E+07
  1782   8.0431968E+07
  1783   8.0431856E+07
  1784   8.0431744E+07
  1785   8.0431632E+07
  1786   8.0431528E+07
  1787   8.0431416E+07
  1788   8.0431304E+07
  1789   8.0431192E+07
  1790   8.0431080E+07
  1791   8.0430968E+07
  1792   8.0430856E+07
  1793   8.0430744E+07
  1794   8.0430632E+07
  1795   8.0430520E+07
  1796   8.0430408E+07
  1797   8.0430304E+07
  1798   8.0430192E+07
  1799   8.0430080E+07
  1800   8.0429968E+07
  1801   8.0429856E+07
  1802   8.0429744E+07
  1803   8.0429632E+07
  1804   8.0429520E+07
  1805   8.0429408E+07
  1806   8.0429296E+07
  1807   8.0429192E+07
  1808   8.0429080E+07
  1809   8.0428968E+07
  1810   8.0428856E+07
  1811   8.0428744E+07
  1812   8.0428632E+07
  1813   8.0428520E+07
  1814   8.0428408E+07
  1815   8.0428296E+07
  1816   8.0428184E+07
  1817   8.0428080E+07
  1818   8.0427968E+07
  1819   8.0427856E+07
  1820   8.0427744E+07
  1821   8.0427632E+07
  1822   8.0427520E+07
  1823   8.0427408E+07
  1824   8.0427296E+07
  1825   8.0427184E+07
  1826   8.0427072E+07
  1827   8.0426960E+07
  1828   8.0426856E+07
  1829   8.0426744E+07
  1830   8.0426632E+07
  1831   8.0426520E+07
  1832   8.0426408E+07
  1833   8.0426296E+07
  1834   8.0426184E+07
  1835   8.0426072E+07
  1836   8.0425960E+07
  1837   8.0425848E+07
  1838   8.0425744E+07
  1839   8.0425632E+07
  1840   8.0425520E+07
  1841   8.0425408E+07
  1842   8.0425296E+07
  1843   8.0425184E+07
  1844   8.0425072E+07
  1845   8.0424960E+07
  1846   8.0424848E+07
  1847   8.0424736E+07
  1848   8.0424632E+07
  1849   8.0424520E+07
  1850   8.0424408E+07
  1851   8.0424296E+07
  1852   8.0424184E+07
  1853   8.0424072E+07
  1854   8.0423960E+07
  1855   8.0423848E+07
  1856   8.0423736E+07
  1857   8.0423624E+07
  1858   8.0423520E+07
  1859   8.0423408E+07
  1860   8.0423296E+07
  1861   8.0423184E+07
  1862   8.0423072E+07
  1863   8.0422960E+07
  1864   8.0422848E+07
  1865   8.0422736E+07
  1866   8.0422624E+07
  1867   8.0422512E+07
  1868   8.0422408E+07
  1869   8.0422296E+07
  1870   8.0422184E+07
  1871   8.0422072E+07
  1872   8.0421960E+07
  1873   8.0421848E+07
  1874   8.0421736E+07
  1875   8.0421624E+07
  1876   8.0421512E+07
  1877   8.0421400E+07
  1878   8.0421296E+07
  1879   8.0421184E+07
  1880   8.0421072E+07
  1881   8.0420960E+07
  1882   8.0420848E+07
  1883   8.0420736E+07
  1884   8.0420624E+07
  1885   8.0420512E+07
  1886   8.0420400E+07
  1887   8.0420296E+07
  1888   8.0420184E+07
  1889   8.0420072E+07
  1890   8.0419960E+07
  1891   8.0419848E+07
  1892   8.0419736E+07
  1893   8.0419624E+07
  1894   8.0419512E+07
  1895   8.0419400E+07
  1896   8.0419288E+07
  1897   8.0419184E+07
  1898   8.0419072E+07
  1899   8.0418960E+07
  1900   8.0418848E+07
  1901   8.0418736E+07
  1902   8.0418624E+07
  1903   8.0418512E+07
  1904   8.0418400E+07
  1905   8.0418288E+07
  1906   8.0418176E+07
  1907   8.0418072E+07
  1908   8.0417960E+07
  1909   8.0417848E+07
  1910   8.0417736E+07
  1911   8.0417624E+07
  1912   8.0417512E+07
  1913   8.0417400E+07
  1914   8.0417288E+07
  1915   8.0417176E+07
  1916   8.0417064E+07
  1917   8.0416960E+07
  1918   8.0416848E+07
  1919   8.0416736E+07
  1920   8.0416624E+07
  1921   8.0416512E+07
  1922   8.0416400E+07
  1923   8.0416288E+07
  1924   8.0416176E+07
  1925   8.0416064E+07
  1926   8.0415960E+07
  1927   8.0415848E+07
  1928   8.0415736E+07
  1929   8.0415624E+07
  1930   8.0415512E+07
  1931   8.0415400E+07
  1932   8.0415288E+07
  1933   8.0415176E+07
  1934   8.0415064E+07
  1935   8.0414952E+07
  1936   8.0414848E+07
  1937   8.0414736E+07
  1938   8.0414624E+07
  1939   8.0414512E+07
  1940   8.0414400E+07
  1941   8.0414288E+07
  1942   8.0414176E+07
  1943   8.0414064E+07
  1944   8.0413952E+07
  1945   8.0413840E+07
  1946   8.0413736E+07
  1947   8.0413624E+07
  1948   8.0413512E+07
  1949   8.0413400E+07
  1950   8.0413288E+07
  1951   8.0413176E+07
  1952   8.0413064E+07
  1953   8.0412952E+07
  1954   8.0412840E+07
  1955   8.0412736E+07
  1956   8.0412624E+07
  1957   8.0412512E+07
  1958   8.0412400E+07
  1959   8.0412288E+07
  1960   8.0412176E+07
  1961   8.0412064E+07
  1962   8.0411952E+07
  1963   8.0411840E+07
  1964   8.0411728E+07
  1965   8.0411624E+07
  1966   8.0411512E+07
  1967   8.0411400E+07
  1968   8.0411288E+07
  1969   8.0411176E+07
  1970   8.0411064E+07
  1971   8.0410952E+07
  1972   8.0410840E+07
  1973   8.0410728E+07
  1974   8.0410624E+07
  1975   8.0410512E+07
  1976   8.0410400E+07
  1977   8.0410288E+07
  1978   8.0410176E+07
  1979   8.0410064E+07
  1980   8.0409952E+07
  1981   8.0409840E+07
  1982   8.0409728E+07
  1983   8.0409624E+07
  1984   8.0409512E+07
  1985   8.0409400E+07
  1986   8.0409288E+07
  1987   8.0409176E+07
  1988   8.0409064E+07
  1989   8.0408952E+07
  1990   8.0408840E+07
  1991   8.0408728E+07
  1992   8.0408616E+07
  1993   8.0408512E+07
  1994   8.0408400E+07
  1995   8.0408288E+07
  1996   8.0408176E+07
  1997   8.0408064E+07
  1998   8.0407952E+07
  1999   8.0407840E+07
  2000   8.0407728E+07
  2001   8.0407616E+07
  2002   8.0407512E+07
  2003   8.0407400E+07
  2004   8.0407288E+07
  2005   8.0407176E+07
  2006   8.0407064E+07
  2007   8.0406952E+07
  2008   8.0406840E+07
  2009   8.0406728E+07
  2010   8.0406616E+07
  2011   8.0406512E+07
  2012   8.0406400E+07
  2013   8.0406288E+07
  2014   8.0406176E+07
  2015   8.0406064E+07
  2016   8.0405952E+07
  2017   8.0405840E+07
  2018   8.0405728E+07
  2019   8.0405616E+07
  2020   8.0405512E+07
  2021   8.0405400E+07
  2022   8.0405288E+07
  2023   8.0405176E+07
  2024   8.0405064E+07
  2025   8.0404952E+07
  2026   8.0404840E+07
  2027   8.0404728E+07
  2028   8.0404616E+07
  2029   8.0404504E+07
  2030   8.0404400E+07
  2031   8.0404288E+07
  2032   8.0404176E+07
  2033   8.0404064E+07
  2034   8.0403952E+07
  2035   8.0403840E+07
  2036   8.0403728E+07
  2037   8.0403616E+07
  2038   8.0403504E+07
  2039   8.0403400E+07
  2040   8.0403288E+07
  2041   8.0403176E+07
  2042   8.0403064E+07
  2043   8.0402952E+07
  2044   8.0402840E+07
  2045   8.0402728E+07
  2046   8.0402616E+07
  2047   8.0402504E+07
  2048   8.0402400E+07
  2049   8.0402288E+07
  2050   8.0402176E+07
  2051   8.0402064E+07
  2052   8.0401952E+07
  2053   8.0401840E+07
  2054   8.0401728E+07
  2055   8.0401616E+07
  2056   8.0401504E+07
  2057   8.0401400E+07
  2058   8.0401288E+07
  2059   8.0401176E+07
  2060   8.0401064E+07
  2061   8.0400952E+07
  2062   8.0400840E+07
  2063   8.0400728E+07
  2064   8.0400616E+07
  2065   8.0400504E+07
  2066   8.0400400E+07
  2067   8.0400288E+07
  2068   8.0400176E+07
  2069   8.0400064E+07
  2070   8.0399952E+07
  2071   8.0399840E+07
  2072   8.0399728E+07
  2073   8.0399616E+07
  2074   8.0399504E+07
  2075   8.0399400E+07
  2076   8.0399288E+07
  2077   8.0399176E+07
  2078   8.0399064E+07
  2079   8.0398952E+07
  2080   8.0398840E+07
  2081   8.0398728E+07
  2082   8.0398616E+07
  2083   8.0398504E+07
  2084   8.0398400E+07
  2085   8.0398288E+07
  2086   8.0398176E+07
  2087   8.0398064E+07
  2088   8.0397952E+07
  2089   8.0397840E+07
  2090   8.0397728E+07
  2091   8.0397616E+07
  2092   8.0397504E+07
  2093   8.0397400E+07
  2094   8.0397288E+07
  2095   8.0397176E+07
  2096   8.0397064E+07
  2097   8.0396952E+07
  2098   8.0396840E+07
  2099   8.0396728E+07
  2100   8.0396616E+07
  2101   8.0396512E+07
  2102   8.0396400E+07
  2103   8.0396288E+07
  2104   8.0396176E+07
  2105   8.0396064E+07
  2106   8.0395952E+07
  2107   8.0395840E+07
  2108   8.0395728E+07
  2109   8.0395616E+07
  2110   8.0395512E+07
  2111   8.0395400E+07
  2112   8.0395288E+07
  2113   8.0395176E+07
  2114   8.0395064E+07
  2115   8.0394952E+07
  2116   8.0394840E+07
  2117   8.0394728E+07
  2118   8.0394616E+07
  2119   8.0394512E+07
  2120   8.0394400E+07
  2121   8.0394288E+07
  2122   8.0394176E+07
  2123   8.0394064E+07
  2124   8.0393952E+07
  2125   8.0393840E+07
  2126   8.0393728E+07
  2127   8.0393616E+07
  2128   8.0393512E+07
  2129   8.0393400E+07
  2130   8.0393288E+07
  2131   8.0393176E+07
  2132   8.0393064E+07
  2133   8.0392952E+07
  2134   8.0392840E+07
  2135   8.0392728E+07
  2136   8.0392624E+07
  2137   8.0392512E+07
  2138   8.0392400E+07
  2139   8.0392288E+07
  2140   8.0392176E+07
  2141   8.0392064E+07
  2142   8.0391952E+07
  2143   8.0391840E+07
  2144   8.0391728E+07
  2145   8.0391624E+07
  2146   8.0391512E+07
  2147   8.0391400E+07
  2148   8.0391288E+07
  2149   8.0391176E+07
  2150   8.0391064E+07
  2151   8.0390952E+07
  2152   8.0390840E+07
  2153   8.0390728E+07
  2154   8.0390624E+07
  2155   8.0390512E+07
  2156   8.0390400E+07
  2157   8.0390288E+07
  2158   8.0390176E+07
  2159   8.0390064E+07
  2160   8.0389952E+07
  2161   8.0389840E+07
  2162   8.0389736E+07
  2163   8.0389624E+07
  2164   8.0389512E+07
  2165   8.0389400E+07
  2166   8.0389288E+07
  2167   8.0389176E+07
  2168   8.0389064E+07
  2169   8.0388952E+07
  2170   8.0388840E+07
  2171   8.0388736E+07
  2172   8.0388624E+07
  2173   8.0388512E+07
  2174   8.0388400E+07
  2175   8.0388288E+07
  2176   8.0388176E+07
  2177   8.0388064E+07
  2178   8.0387952E+07
  2179   8.0387848E+07
  2180   8.0387736E+07
  2181   8.0387624E+07
  2182   8.0387512E+07
  2183   8.0387400E+07
  2184   8.0387288E+07
  2185   8.0387176E+07
  2186   8.0387064E+07
  2187   8.0386952E+07
  2188   8.0386848E+07
  2189   8.0386736E+07
  2190   8.0386624E+07
  2191   8.0386512E+07
  2192   8.0386400E+07
  2193   8.0386288E+07
  2194   8.0386176E+07
  2195   8.0386064E+07
  2196   8.0385960E+07
  2197   8.0385848E+07
  2198   8.0385736E+07
  2199   8.0385624E+07
  2200   8.0385512E+07
  2201   8.0385400E+07
  2202   8.0385288E+07
  2203   8.0385176E+07
  2204   8.0385064E+07
  2205   8.0384960E+07
  2206   8.0384848E+07
  2207   8.0384736E+07
  2208   8.0384624E+07
  2209   8.0384512E+07
  2210   8.0384400E+07
  2211   8.0384288E+07
  2212   8.0384176E+07
  2213   8.0384072E+07
  2214   8.0383960E+07
  2215   8.0383848E+07
  2216   8.0383736E+07
  2217   8.0383624E+07
  2218   8.0383512E+07
  2219   8.0383400E+07
  2220   8.0383288E+07
  2221   8.0383184E+07
  2222   8.0383072E+07
  2223   8.0382960E+07
  2224   8.0382848E+07
  2225   8.0382736E+07
  2226   8.0382624E+07
  2227   8.0382512E+07
  2228   8.0382400E+07
  2229   8.0382288E+07
  2230   8.0382184E+07
  2231   8.0382072E+07
  2232   8.0381960E+07
  2233   8.0381848E+07
  2234   8.0381736E+07
  2235   8.0381624E+07
  2236   8.0381512E+07
  2237   8.0381400E+07
  2238   8.0381296E+07
  2239   8.0381184E+07
  2240   8.0381072E+07
  2241   8.0380960E+07
  2242   8.0380848E+07
  2243   8.0380736E+07
  2244   8.0380624E+07
  2245   8.0380512E+07
  2246   8.0380408E+07
  2247   8.0380296E+07
  2248   8.0380184E+07
  2249   8.0380072E+07
  2250   8.0379960E+07
  2251   8.0379848E+07
  2252   8.0379736E+07
  2253   8.0379624E+07
  2254   8.0379512E+07
  2255   8.0379408E+07
  2256   8.0379296E+07
  2257   8.0379184E+07
  2258   8.0379072E+07
  2259   8.0378960E+07
  2260   8.0378848E+07
  2261   8.0378736E+07
  2262   8.0378624E+07
  2263   8.0378520E+07
  2264   8.0378408E+07
  2265   8.0378296E+07
  2266   8.0378184E+07
  2267   8.0378072E+07
  2268   8.0377960E+07
  2269   8.0377848E+07
  2270   8.0377736E+07
  2271   8.0377632E+07
  2272   8.0377520E+07
  2273   8.0377408E+07
  2274   8.0377296E+07
  2275   8.0377184E+07
  2276   8.0377072E+07
  2277   8.0376960E+07
  2278   8.0376848E+07
  2279   8.0376744E+07
  2280   8.0376632E+07
  2281   8.0376520E+07
  2282   8.0376408E+07
  2283   8.0376296E+07
  2284   8.0376184E+07
  2285   8.0376072E+07
  2286   8.0375960E+07
  2287   8.0375856E+07
  2288   8.0375744E+07
  2289   8.0375632E+07
  2290   8.0375520E+07
  2291   8.0375408E+07
  2292   8.0375296E+07
  2293   8.0375184E+07
  2294   8.0375072E+07
  2295   8.0374968E+07
  2296   8.0374856E+07
  2297   8.0374744E+07
  2298   8.0374632E+07
  2299   8.0374520E+07
  2300   8.0374408E+07
  2301   8.0374296E+07
  2302   8.0374184E+07
  2303   8.0374080E+07
  2304   8.0373968E+07
  2305   8.0373856E+07
  2306   8.0373744E+07
  2307   8.0373632E+07
  2308   8.0373520E+07
  2309   8.0373408E+07
  2310   8.0373296E+07
  2311   8.0373192E+07
  2312   8.0373080E+07
  2313   8.0372968E+07
  2314   8.0372856E+07
  2315   8.0372744E+07
  2316   8.0372632E+07
  2317   8.0372520E+07
  2318   8.0372408E+07
  2319   8.0372304E+07
  2320   8.0372192E+07
  2321   8.0372080E+07
  2322   8.0371968E+07
  2323   8.0371856E+07
  2324   8.0371744E+07
  2325   8.0371632E+07
  2326   8.0371520E+07
  2327   8.0371416E+07
  2328   8.0371304E+07
  2329   8.0371192E+07
  2330   8.0371080E+07
  2331   8.0370968E+07
  2332   8.0370856E+07
  2333   8.0370744E+07
  2334   8.0370632E+07
  2335   8.0370528E+07
  2336   8.0370416E+07
  2337   8.0370304E+07
  2338   8.0370192E+07
  2339   8.0370080E+07
  2340   8.0369968E+07
  2341   8.0369856E+07
  2342   8.0369744E+07
  2343   8.0369640E+07
  2344   8.0369528E+07
  2345   8.0369416E+07
  2346   8.0369304E+07
  2347   8.0369192E+07
  2348   8.0369080E+07
  2349   8.0368968E+07
  2350   8.0368856E+07
  2351   8.0368752E+07
  2352   8.0368640E+07
  2353   8.0368528E+07
  2354   8.0368416E+07
  2355   8.0368304E+07
  2356   8.0368192E+07
  2357   8.0368080E+07
  2358   8.0367976E+07
  2359   8.0367864E+07
  2360   8.0367752E+07
  2361   8.0367640E+07
  2362   8.0367528E+07
  2363   8.0367416E+07
  2364   8.0367304E+07
  2365   8.0367192E+07
  2366   8.0367088E+07
  2367   8.0366976E+07
  2368   8.0366864E+07
  2369   8.0366752E+07
  2370   8.0366640E+07
  2371   8.0366528E+07
  2372   8.0366416E+07
  2373   8.0366304E+07
  2374   8.0366200E+07
  2375   8.0366088E+07
  2376   8.0365976E+07
  2377   8.0365864E+07
  2378   8.0365752E+07
  2379   8.0365640E+07
  2380   8.0365528E+07
  2381   8.0365416E+07
  2382   8.0365312E+07
  2383   8.0365200E+07
  2384   8.0365088E+07
  2385   8.0364976E+07
  2386   8.0364864E+07
  2387   8.0364752E+07
  2388   8.0364640E+07
  2389   8.0364536E+07
  2390   8.0364424E+07
  2391   8.0364312E+07
  2392   8.0364200E+07
  2393   8.0364088E+07
  2394   8.0363976E+07
  2395   8.0363864E+07
  2396   8.0363752E+07
  2397   8.0363648E+07
  2398   8.0363536E+07
  2399   8.0363424E+07
  2400   8.0363312E+07
  2401   8.0363200E+07
  2402   8.0363088E+07
  2403   8.0362976E+07
  2404   8.0362872E+07
  2405   8.0362760E+07
  2406   8.0362648E+07
  2407   8.0362536E+07
  2408   8.0362424E+07
  2409   8.0362312E+07
  2410   8.0362200E+07
  2411   8.0362088E+07
  2412   8.0361984E+07
  2413   8.0361872E+07
  2414   8.0361760E+07
  2415   8.0361648E+07
  2416   8.0361536E+07
  2417   8.0361424E+07
  2418   8.0361312E+07
  2419   8.0361200E+07
  2420   8.0361096E+07
  2421   8.0360984E+07
  2422   8.0360872E+07
  2423   8.0360760E+07
  2424   8.0360648E+07
  2425   8.0360536E+07
  2426   8.0360424E+07
  2427   8.0360320E+07
  2428   8.0360208E+07
  2429   8.0360096E+07
  2430   8.0359984E+07
  2431   8.0359872E+07
  2432   8.0359760E+07
  2433   8.0359648E+07
  2434   8.0359536E+07
  2435   8.0359432E+07
  2436   8.0359320E+07
  2437   8.0359208E+07
  2438   8.0359096E+07
  2439   8.0358984E+07
  2440   8.0358872E+07
  2441   8.0358760E+07
  2442   8.0358656E+07
  2443   8.0358544E+07
  2444   8.0358432E+07
  2445   8.0358320E+07
  2446   8.0358208E+07
  2447   8.0358096E+07
  2448   8.0357984E+07
  2449   8.0357872E+07
  2450   8.0357768E+07
  2451   8.0357656E+07
  2452   8.0357544E+07
  2453   8.0357432E+07
  2454   8.0357320E+07
  2455   8.0357208E+07
  2456   8.0357096E+07
  2457   8.0356992E+07
  2458   8.0356880E+07
  2459   8.0356768E+07
  2460   8.0356656E+07
  2461   8.0356544E+07
  2462   8.0356432E+07
  2463   8.0356320E+07
  2464   8.0356216E+07
  2465   8.0356104E+07
  2466   8.0355992E+07
  2467   8.0355880E+07
  2468   8.0355768E+07
  2469   8.0355656E+07
  2470   8.0355544E+07
  2471   8.0355432E+07
  2472   8.0355328E+07
  2473   8.0355216E+07
  2474   8.0355104E+07
  2475   8.0354992E+07
  2476   8.0354880E+07
  2477   8.0354768E+07
  2478   8.0354656E+07
  2479   8.0354552E+07
  2480   8.0354440E+07
  2481   8.0354328E+07
  2482   8.0354216E+07
  2483   8.0354104E+07
  2484   8.0353992E+07
  2485   8.0353880E+07
  2486   8.0353776E+07
  2487   8.0353664E+07
  2488   8.0353552E+07
  2489   8.0353440E+07
  2490   8.0353328E+07
  2491   8.0353216E+07
  2492   8.0353104E+07
  2493   8.0352992E+07
  2494   8.0352888E+07
  2495   8.0352776E+07
  2496   8.0352664E+07
  2497   8.0352552E+07
  2498   8.0352440E+07
  2499   8.0352328E+07
  2500   8.0352216E+07
  2501   8.0352112E+07
  2502   8.0352000E+07
  2503   8.0351888E+07
  2504   8.0351776E+07
  2505   8.0351664E+07
  2506   8.0351552E+07
  2507   8.0351440E+07
  2508   8.0351336E+07
  2509   8.0351224E+07
  2510   8.0351112E+07
  2511   8.0351000E+07
  2512   8.0350888E+07
  2513   8.0350776E+07
  2514   8.0350664E+07
  2515   8.0350560E+07
  2516   8.0350448E+07
  2517   8.0350336E+07
  2518   8.0350224E+07
  2519   8.0350112E+07
  2520   8.0350000E+07
  2521   8.0349888E+07
  2522   8.0349776E+07
  2523   8.0349672E+07
  2524   8.0349560E+07
  2525   8.0349448E+07
  2526   8.0349336E+07
  2527   8.0349224E+07
  2528   8.0349112E+07
  2529   8.0349000E+07
  2530   8.0348896E+07
  2531   8.0348784E+07
  2532   8.0348672E+07
  2533   8.0348560E+07
  2534   8.0348448E+07
  2535   8.0348336E+07
  2536   8.0348224E+07
  2537   8.0348120E+07
  2538   8.0348008E+07
  2539   8.0347896E+07
  2540   8.0347784E+07
  2541   8.0347672E+07
  2542   8.0347560E+07
  2543   8.0347448E+07
  2544   8.0347344E+07
  2545   8.0347232E+07
  2546   8.0347120E+07
  2547   8.0347008E+07
  2548   8.0346896E+07
  2549   8.0346784E+07
  2550   8.0346672E+07
  2551   8.0346568E+07
  2552   8.0346456E+07
  2553   8.0346344E+07
  2554   8.0346232E+07
  2555   8.0346120E+07
  2556   8.0346008E+07
  2557   8.0345896E+07
  2558   8.0345792E+07
  2559   8.0345680E+07
  2560   8.0345568E+07
  2561   8.0345456E+07
  2562   8.0345344E+07
  2563   8.0345232E+07
  2564   8.0345120E+07
  2565   8.0345016E+07
  2566   8.0344904E+07
  2567   8.0344792E+07
  2568   8.0344680E+07
  2569   8.0344568E+07
  2570   8.0344456E+07
  2571   8.0344344E+07
  2572   8.0344240E+07
  2573   8.0344128E+07
  2574   8.0344016E+07
  2575   8.0343904E+07
  2576   8.0343792E+07
  2577   8.0343680E+07
  2578   8.0343568E+07
  2579   8.0343464E+07
  2580   8.0343352E+07
  2581   8.0343240E+07
  2582   8.0343128E+07
  2583   8.0343016E+07
  2584   8.0342904E+07
  2585   8.0342792E+07
  2586   8.0342688E+07
  2587   8.0342576E+07
  2588   8.0342464E+07
  2589   8.0342352E+07
  2590   8.0342240E+07
  2591   8.0342128E+07
  2592   8.0342016E+07
  2593   8.0341912E+07
  2594   8.0341800E+07
  2595   8.0341688E+07
  2596   8.0341576E+07
  2597   8.0341464E+07
  2598   8.0341352E+07
  2599   8.0341240E+07
  2600   8.0341136E+07
  2601   8.0341024E+07
  2602   8.0340912E+07
  2603   8.0340800E+07
  2604   8.0340688E+07
  2605   8.0340576E+07
  2606   8.0340464E+07
  2607   8.0340360E+07
  2608   8.0340248E+07
  2609   8.0340136E+07
  2610   8.0340024E+07
  2611   8.0339912E+07
  2612   8.0339800E+07
  2613   8.0339688E+07
  2614   8.0339584E+07
  2615   8.0339472E+07
  2616   8.0339360E+07
  2617   8.0339248E+07
  2618   8.0339136E+07
  2619   8.0339024E+07
  2620   8.0338912E+07
  2621   8.0338808E+07
  2622   8.0338696E+07
  2623   8.0338584E+07
  2624   8.0338472E+07
  2625   8.0338360E+07
  2626   8.0338248E+07
  2627   8.0338136E+07
  2628   8.0338032E+07
  2629   8.0337920E+07
  2630   8.0337808E+07
  2631   8.0337696E+07
  2632   8.0337584E+07
  2633   8.0337472E+07
  2634   8.0337360E+07
  2635   8.0337256E+07
  2636   8.0337144E+07
  2637   8.0337032E+07
  2638   8.0336920E+07
  2639   8.0336808E+07
  2640   8.0336696E+07
  2641   8.0336592E+07
  2642   8.0336480E+07
  2643   8.0336368E+07
  2644   8.0336256E+07
  2645   8.0336144E+07
  2646   8.0336032E+07
  2647   8.0335920E+07
  2648   8.0335816E+07
  2649   8.0335704E+07
  2650   8.0335592E+07
  2651   8.0335480E+07
  2652   8.0335368E+07
  2653   8.0335256E+07
  2654   8.0335144E+07
  2655   8.0335040E+07
  2656   8.0334928E+07
  2657   8.0334816E+07
  2658   8.0334704E+07
  2659   8.0334592E+07
  2660   8.0334480E+07
  2661   8.0334368E+07
  2662   8.0334264E+07
  2663   8.0334152E+07
  2664   8.0334040E+07
  2665   8.0333928E+07
  2666   8.0333816E+07
  2667   8.0333704E+07
  2668   8.0333600E+07
  2669   8.0333488E+07
  2670   8.0333376E+07
  2671   8.0333264E+07
  2672   8.0333152E+07
  2673   8.0333040E+07
  2674   8.0332928E+07
  2675   8.0332824E+07
  2676   8.0332712E+07
  2677   8.0332600E+07
  2678   8.0332488E+07
  2679   8.0332376E+07
  2680   8.0332264E+07
  2681   8.0332152E+07
  2682   8.0332048E+07
  2683   8.0331936E+07
  2684   8.0331824E+07
  2685   8.0331712E+07
  2686   8.0331600E+07
  2687   8.0331488E+07
  2688   8.0331384E+07
  2689   8.0331272E+07
  2690   8.0331160E+07
  2691   8.0331048E+07
  2692   8.0330936E+07
  2693   8.0330824E+07
  2694   8.0330712E+07
  2695   8.0330608E+07
  2696   8.0330496E+07
  2697   8.0330384E+07
  2698   8.0330272E+07
  2699   8.0330160E+07
  2700   8.0330048E+07
  2701   8.0329936E+07
  2702   8.0329832E+07
  2703   8.0329720E+07
  2704   8.0329608E+07
  2705   8.0329496E+07
  2706   8.0329384E+07
  2707   8.0329272E+07
  2708   8.0329168E+07
  2709   8.0329056E+07
  2710   8.0328944E+07
  2711   8.0328832E+07
  2712   8.0328720E+07
  2713   8.0328608E+07
  2714   8.0328496E+07
  2715   8.0328392E+07
  2716   8.0328280E+07
  2717   8.0328168E+07
  2718   8.0328056E+07
  2719   8.0327944E+07
  2720   8.0327832E+07
  2721   8.0327728E+07
  2722   8.0327616E+07
  2723   8.0327504E+07
  2724   8.0327392E+07
  2725   8.0327280E+07
  2726   8.0327168E+07
  2727   8.0327056E+07
  2728   8.0326952E+07
  2729   8.0326840E+07
  2730   8.0326728E+07
  2731   8.0326616E+07
  2732   8.0326504E+07
  2733   8.0326392E+07
  2734   8.0326280E+07
  2735   8.0326176E+07
  2736   8.0326064E+07
  2737   8.0325952E+07
  2738   8.0325840E+07
  2739   8.0325728E+07
  2740   8.0325616E+07
  2741   8.0325512E+07
  2742   8.0325400E+07
  2743   8.0325288E+07
  2744   8.0325176E+07
  2745   8.0325064E+07
  2746   8.0324952E+07
  2747   8.0324840E+07
  2748   8.0324736E+07
  2749   8.0324624E+07
  2750   8.0324512E+07
  2751   8.0324400E+07
  2752   8.0324288E+07
  2753   8.0324176E+07
  2754   8.0324072E+07
  2755   8.0323960E+07
  2756   8.0323848E+07
  2757   8.0323736E+07
  2758   8.0323624E+07
  2759   8.0323512E+07
  2760   8.0323400E+07
  2761   8.0323296E+07
  2762   8.0323184E+07
  2763   8.0323072E+07
  2764   8.0322960E+07
  2765   8.0322848E+07
  2766   8.0322736E+07
  2767   8.0322632E+07
  2768   8.0322520E+07
  2769   8.0322408E+07
  2770   8.0322296E+07
  2771   8.0322184E+07
  2772   8.0322072E+07
  2773   8.0321968E+07
  2774   8.0321856E+07
  2775   8.0321744E+07
  2776   8.0321632E+07
  2777   8.0321520E+07
  2778   8.0321408E+07
  2779   8.0321296E+07
  2780   8.0321192E+07
  2781   8.0321080E+07
  2782   8.0320968E+07
  2783   8.0320856E+07
  2784   8.0320744E+07
  2785   8.0320632E+07
  2786   8.0320528E+07
  2787   8.0320416E+07
  2788   8.0320304E+07
  2789   8.0320192E+07
  2790   8.0320080E+07
  2791   8.0319968E+07
  2792   8.0319856E+07
  2793   8.0319752E+07
  2794   8.0319640E+07
  2795   8.0319528E+07
  2796   8.0319416E+07
  2797   8.0319304E+07
  2798   8.0319192E+07
  2799   8.0319088E+07
  2800   8.0318976E+07
  2801   8.0318864E+07
  2802   8.0318752E+07
  2803   8.0318640E+07
  2804   8.0318528E+07
  2805   8.0318424E+07
  2806   8.0318312E+07
  2807   8.0318200E+07
  2808   8.0318088E+07
  2809   8.0317976E+07
  2810   8.0317864E+07
  2811   8.0317752E+07
  2812   8.0317648E+07
  2813   8.0317536E+07
  2814   8.0317424E+07
  2815   8.0317312E+07
  2816   8.0317200E+07
  2817   8.0317088E+07
  2818   8.0316984E+07
  2819   8.0316872E+07
  2820   8.0316760E+07
  2821   8.0316648E+07
  2822   8.0316536E+07
  2823   8.0316424E+07
  2824   8.0316320E+07
  2825   8.0316208E+07
  2826   8.0316096E+07
  2827   8.0315984E+07
  2828   8.0315872E+07
  2829   8.0315760E+07
  2830   8.0315656E+07
  2831   8.0315544E+07
  2832   8.0315432E+07
  2833   8.0315320E+07
  2834   8.0315208E+07
  2835   8.0315096E+07
  2836   8.0314984E+07
  2837   8.0314880E+07
  2838   8.0314768E+07
  2839   8.0314656E+07
  2840   8.0314544E+07
  2841   8.0314432E+07
  2842   8.0314320E+07
  2843   8.0314216E+07
  2844   8.0314104E+07
  2845   8.0313992E+07
  2846   8.0313880E+07
  2847   8.0313768E+07
  2848   8.0313656E+07
  2849   8.0313552E+07
  2850   8.0313440E+07
  2851   8.0313328E+07
  2852   8.0313216E+07
  2853   8.0313104E+07
  2854   8.0312992E+07
  2855   8.0312888E+07
  2856   8.0312776E+07
  2857   8.0312664E+07
  2858   8.0312552E+07
  2859   8.0312440E+07
  2860   8.0312328E+07
  2861   8.0312216E+07
  2862   8.0312112E+07
  2863   8.0312000E+07
  2864   8.0311888E+07
  2865   8.0311776E+07
  2866   8.0311664E+07
  2867   8.0311552E+07
  2868   8.0311448E+07
  2869   8.0311336E+07
  2870   8.0311224E+07
  2871   8.0311112E+07
  2872   8.0311000E+07
  2873   8.0310888E+07
  2874   8.0310784E+07
  2875   8.0310672E+07
  2876   8.0310560E+07
  2877   8.0310448E+07
  2878   8.0310336E+07
  2879   8.0310224E+07
  2880   8.0310120E+07
  2881   8.0310008E+07
  2882   8.0309896E+07
  2883   8.0309784E+07
  2884   8.0309672E+07
  2885   8.0309560E+07
  2886   8.0309456E+07
  2887   8.0309344E+07
  2888   8.0309232E+07
  2889   8.0309120E+07
  2890   8.0309008E+07
  2891   8.0308896E+07
  2892   8.0308792E+07
  2893   8.0308680E+07
  2894   8.0308568E+07
  2895   8.0308456E+07
  2896   8.0308344E+07
  2897   8.0308232E+07
  2898   8.0308128E+07
  2899   8.0308016E+07
  2900   8.0307904E+07
  2901   8.0307792E+07
  2902   8.0307680E+07
  2903   8.0307568E+07
  2904   8.0307456E+07
  2905   8.0307352E+07
  2906   8.0307240E+07
  2907   8.0307128E+07
  2908   8.0307016E+07
  2909   8.0306904E+07
  2910   8.0306792E+07
  2911   8.0306688E+07
  2912   8.0306576E+07
  2913   8.0306464E+07
  2914   8.0306352E+07
  2915   8.0306240E+07
  2916   8.0306128E+07
  2917   8.0306024E+07
  2918   8.0305912E+07
  2919   8.0305800E+07
  2920   8.0305688E+07
  2921   8.0305576E+07
  2922   8.0305464E+07
  2923   8.0305360E+07
  2924   8.0305248E+07
  2925   8.0305136E+07
  2926   8.0305024E+07
  2927   8.0304912E+07
  2928   8.0304800E+07
  2929   8.0304696E+07
  2930   8.0304584E+07
  2931   8.0304472E+07
  2932   8.0304360E+07
  2933   8.0304248E+07
  2934   8.0304136E+07
  2935   8.0304032E+07
  2936   8.0303920E+07
  2937   8.0303808E+07
  2938   8.0303696E+07
  2939   8.0303584E+07
  2940   8.0303472E+07
  2941   8.0303368E+07
  2942   8.0303256E+07
  2943   8.0303144E+07
  2944   8.0303032E+07
  2945   8.0302920E+07
  2946   8.0302808E+07
  2947   8.0302704E+07
  2948   8.0302592E+07
  2949   8.0302480E+07
  2950   8.0302368E+07
  2951   8.0302256E+07
  2952   8.0302144E+07
  2953   8.0302040E+07
  2954   8.0301928E+07
  2955   8.0301816E+07
  2956   8.0301704E+07
  2957   8.0301592E+07
  2958   8.0301480E+07
  2959   8.0301376E+07
  2960   8.0301264E+07
  2961   8.0301152E+07
  2962   8.0301040E+07
  2963   8.0300928E+07
  2964   8.0300816E+07
  2965   8.0300712E+07
  2966   8.0300600E+07
  2967   8.0300488E+07
  2968   8.0300376E+07
  2969   8.0300264E+07
  2970   8.0300152E+07
  2971   8.0300048E+07
  2972   8.0299936E+07
  2973   8.0299824E+07
  2974   8.0299712E+07
  2975   8.0299600E+07
  2976   8.0299496E+07
  2977   8.0299384E+07
  2978   8.0299272E+07
  2979   8.0299160E+07
  2980   8.0299048E+07
  2981   8.0298936E+07
  2982   8.0298832E+07
  2983   8.0298720E+07
  2984   8.0298608E+07
  2985   8.0298496E+07
  2986   8.0298384E+07
  2987   8.0298272E+07
  2988   8.0298168E+07
  2989   8.0298056E+07
  2990   8.0297944E+07
  2991   8.0297832E+07
  2992   8.0297720E+07
  2993   8.0297608E+07
  2994   8.0297504E+07
  2995   8.0297392E+07
  2996   8.0297280E+07
  2997   8.0297168E+07
  2998   8.0297056E+07
  2999   8.0296944E+07
  3000   8.0296840E+07
  3001   8.0296728E+07
  3002   8.0296616E+07
  3003   8.0296504E+07
  3004   8.0296392E+07
  3005   8.0296280E+07
  3006   8.0296176E+07
  3007   8.0296064E+07
  3008   8.0295952E+07
  3009   8.0295840E+07
  3010   8.0295728E+07
  3011   8.0295616E+07
  3012   8.0295512E+07
  3013   8.0295400E+07
  3014   8.0295288E+07
  3015   8.0295176E+07
  3016   8.0295064E+07
  3017   8.0294952E+07
  3018   8.0294848E+07
  3019   8.0294736E+07
  3020   8.0294624E+07
  3021   8.0294512E+07
  3022   8.0294400E+07
  3023   8.0294296E+07
  3024   8.0294184E+07
  3025   8.0294072E+07
  3026   8.0293960E+07
  3027   8.0293848E+07
  3028   8.0293736E+07
  3029   8.0293632E+07
  3030   8.0293520E+07
  3031   8.0293408E+07
  3032   8.0293296E+07
  3033   8.0293184E+07
  3034   8.0293072E+07
  3035   8.0292968E+07
  3036   8.0292856E+07
  3037   8.0292744E+07
  3038   8.0292632E+07
  3039   8.0292520E+07
  3040   8.0292408E+07
  3041   8.0292304E+07
  3042   8.0292192E+07
  3043   8.0292080E+07
  3044   8.0291968E+07
  3045   8.0291856E+07
  3046   8.0291752E+07
  3047   8.0291640E+07
  3048   8.0291528E+07
  3049   8.0291416E+07
  3050   8.0291304E+07
  3051   8.0291192E+07
  3052   8.0291088E+07
  3053   8.0290976E+07
  3054   8.0290864E+07
  3055   8.0290752E+07
  3056   8.0290640E+07
  3057   8.0290528E+07
  3058   8.0290424E+07
  3059   8.0290312E+07
  3060   8.0290200E+07
  3061   8.0290088E+07
  3062   8.0289976E+07
  3063   8.0289864E+07
  3064   8.0289760E+07
  3065   8.0289648E+07
  3066   8.0289536E+07
  3067   8.0289424E+07
  3068   8.0289312E+07
  3069   8.0289208E+07
  3070   8.0289096E+07
  3071   8.0288984E+07
  3072   8.0288872E+07
  3073   8.0288760E+07
  3074   8.0288648E+07
  3075   8.0288544E+07
  3076   8.0288432E+07
  3077   8.0288320E+07
  3078   8.0288208E+07
  3079   8.0288096E+07
  3080   8.0287984E+07
  3081   8.0287880E+07
  3082   8.0287768E+07
  3083   8.0287656E+07
  3084   8.0287544E+07
  3085   8.0287432E+07
  3086   8.0287328E+07
  3087   8.0287216E+07
  3088   8.0287104E+07
  3089   8.0286992E+07
  3090   8.0286880E+07
  3091   8.0286768E+07
  3092   8.0286664E+07
  3093   8.0286552E+07
  3094   8.0286440E+07
  3095   8.0286328E+07
  3096   8.0286216E+07
  3097   8.0286104E+07
  3098   8.0286000E+07
  3099   8.0285888E+07
  3100   8.0285776E+07
  3101   8.0285664E+07
  3102   8.0285552E+07
  3103   8.0285448E+07
  3104   8.0285336E+07
  3105   8.0285224E+07
  3106   8.0285112E+07
  3107   8.0285000E+07
  3108   8.0284888E+07
  3109   8.0284784E+07
  3110   8.0284672E+07
  3111   8.0284560E+07
  3112   8.0284448E+07
  3113   8.0284336E+07
  3114   8.0284224E+07
  3115   8.0284120E+07
  3116   8.0284008E+07
  3117   8.0283896E+07
  3118   8.0283784E+07
  3119   8.0283672E+07
  3120   8.0283568E+07
  3121   8.0283456E+07
  3122   8.0283344E+07
  3123   8.0283232E+07
  3124   8.0283120E+07
  3125   8.0283008E+07
  3126   8.0282904E+07
  3127   8.0282792E+07
  3128   8.0282680E+07
  3129   8.0282568E+07
  3130   8.0282456E+07
  3131   8.0282344E+07
  3132   8.0282240E+07
  3133   8.0282128E+07
  3134   8.0282016E+07
  3135   8.0281904E+07
  3136   8.0281792E+07
  3137   8.0281688E+07
  3138   8.0281576E+07
  3139   8.0281464E+07
  3140   8.0281352E+07
  3141   8.0281240E+07
  3142   8.0281128E+07
  3143   8.0281024E+07
  3144   8.0280912E+07
  3145   8.0280800E+07
  3146   8.0280688E+07
  3147   8.0280576E+07
  3148   8.0280472E+07
  3149   8.0280360E+07
  3150   8.0280248E+07
  3151   8.0280136E+07
  3152   8.0280024E+07
  3153   8.0279912E+07
  3154   8.0279808E+07
  3155   8.0279696E+07
  3156   8.0279584E+07
  3157   8.0279472E+07
  3158   8.0279360E+07
  3159   8.0279256E+07
  3160   8.0279144E+07
  3161   8.0279032E+07
  3162   8.0278920E+07
  3163   8.0278808E+07
  3164   8.0278696E+07
  3165   8.0278592E+07
  3166   8.0278480E+07
  3167   8.0278368E+07
  3168   8.0278256E+07
  3169   8.0278144E+07
  3170   8.0278040E+07
  3171   8.0277928E+07
  3172   8.0277816E+07
  3173   8.0277704E+07
  3174   8.0277592E+07
  3175   8.0277480E+07
  3176   8.0277376E+07
  3177   8.0277264E+07
  3178   8.0277152E+07
  3179   8.0277040E+07
  3180   8.0276928E+07
  3181   8.0276824E+07
  3182   8.0276712E+07
  3183   8.0276600E+07
  3184   8.0276488E+07
  3185   8.0276376E+07
  3186   8.0276264E+07
  3187   8.0276160E+07
  3188   8.0276048E+07
  3189   8.0275936E+07
  3190   8.0275824E+07
  3191   8.0275712E+07
  3192   8.0275608E+07
  3193   8.0275496E+07
  3194   8.0275384E+07
  3195   8.0275272E+07
  3196   8.0275160E+07
  3197   8.0275048E+07
  3198   8.0274944E+07
  3199   8.0274832E+07
  3200   8.0274720E+07
  3201   8.0274608E+07
  3202   8.0274496E+07
  3203   8.0274392E+07
  3204   8.0274280E+07
  3205   8.0274168E+07
  3206   8.0274056E+07
  3207   8.0273944E+07
  3208   8.0273832E+07
  3209   8.0273728E+07
  3210   8.0273616E+07
  3211   8.0273504E+07
  3212   8.0273392E+07
  3213   8.0273280E+07
  3214   8.0273176E+07
  3215   8.0273064E+07
  3216   8.0272952E+07
  3217   8.0272840E+07
  3218   8.0272728E+07
  3219   8.0272624E+07
  3220   8.0272512E+07
  3221   8.0272400E+07
  3222   8.0272288E+07
  3223   8.0272176E+07
  3224   8.0272064E+07
  3225   8.0271960E+07
  3226   8.0271848E+07
  3227   8.0271736E+07
  3228   8.0271624E+07
  3229   8.0271512E+07
  3230   8.0271408E+07
  3231   8.0271296E+07
  3232   8.0271184E+07
  3233   8.0271072E+07
  3234   8.0270960E+07
  3235   8.0270848E+07
  3236   8.0270744E+07
  3237   8.0270632E+07
  3238   8.0270520E+07
  3239   8.0270408E+07
  3240   8.0270296E+07
  3241   8.0270192E+07
  3242   8.0270080E+07
  3243   8.0269968E+07
  3244   8.0269856E+07
  3245   8.0269744E+07
  3246   8.0269640E+07
  3247   8.0269528E+07
  3248   8.0269416E+07
  3249   8.0269304E+07
  3250   8.0269192E+07
  3251   8.0269080E+07
  3252   8.0268976E+07
  3253   8.0268864E+07
  3254   8.0268752E+07
  3255   8.0268640E+07
  3256   8.0268528E+07
  3257   8.0268424E+07
  3258   8.0268312E+07
  3259   8.0268200E+07
  3260   8.0268088E+07
  3261   8.0267976E+07
  3262   8.0267872E+07
  3263   8.0267760E+07
  3264   8.0267648E+07
  3265   8.0267536E+07
  3266   8.0267424E+07
  3267   8.0267312E+07
  3268   8.0267208E+07
  3269   8.0267096E+07
  3270   8.0266984E+07
  3271   8.0266872E+07
  3272   8.0266760E+07
  3273   8.0266656E+07
  3274   8.0266544E+07
  3275   8.0266432E+07
  3276   8.0266320E+07
  3277   8.0266208E+07
  3278   8.0266104E+07
  3279   8.0265992E+07
  3280   8.0265880E+07
  3281   8.0265768E+07
  3282   8.0265656E+07
  3283   8.0265544E+07
  3284   8.0265440E+07
  3285   8.0265328E+07
  3286   8.0265216E+07
  3287   8.0265104E+07
  3288   8.0264992E+07
  3289   8.0264888E+07
  3290   8.0264776E+07
  3291   8.0264664E+07
  3292   8.0264552E+07
  3293   8.0264440E+07
  3294   8.0264336E+07
  3295   8.0264224E+07
  3296   8.0264112E+07
  3297   8.0264000E+07
  3298   8.0263888E+07
  3299   8.0263784E+07
  3300   8.0263672E+07
  3301   8.0263560E+07
  3302   8.0263448E+07
  3303   8.0263336E+07
  3304   8.0263224E+07
  3305   8.0263120E+07
  3306   8.0263008E+07
  3307   8.0262896E+07
  3308   8.0262784E+07
  3309   8.0262672E+07
  3310   8.0262568E+07
  3311   8.0262456E+07
  3312   8.0262344E+07
  3313   8.0262232E+07
  3314   8.0262120E+07
  3315   8.0262016E+07
  3316   8.0261904E+07
  3317   8.0261792E+07
  3318   8.0261680E+07
  3319   8.0261568E+07
  3320   8.0261464E+07
  3321   8.0261352E+07
  3322   8.0261240E+07
  3323   8.0261128E+07
  3324   8.0261016E+07
  3325   8.0260904E+07
  3326   8.0260800E+07
  3327   8.0260688E+07
  3328   8.0260576E+07
  3329   8.0260464E+07
  3330   8.0260352E+07
  3331   8.0260248E+07
  3332   8.0260136E+07
  3333   8.0260024E+07
  3334   8.0259912E+07
  3335   8.0259800E+07
  3336   8.0259696E+07
  3337   8.0259584E+07
  3338   8.0259472E+07
  3339   8.0259360E+07
  3340   8.0259248E+07
  3341   8.0259144E+07
  3342   8.0259032E+07
  3343   8.0258920E+07
  3344   8.0258808E+07
  3345   8.0258696E+07
  3346   8.0258592E+07
  3347   8.0258480E+07
  3348   8.0258368E+07
  3349   8.0258256E+07
  3350   8.0258144E+07
  3351   8.0258032E+07
  3352   8.0257928E+07
  3353   8.0257816E+07
  3354   8.0257704E+07
  3355   8.0257592E+07
  3356   8.0257480E+07
  3357   8.0257376E+07
  3358   8.0257264E+07
  3359   8.0257152E+07
  3360   8.0257040E+07
  3361   8.0256928E+07
  3362   8.0256824E+07
  3363   8.0256712E+07
  3364   8.0256600E+07
  3365   8.0256488E+07
  3366   8.0256376E+07
  3367   8.0256272E+07
  3368   8.0256160E+07
  3369   8.0256048E+07
  3370   8.0255936E+07
  3371   8.0255824E+07
  3372   8.0255720E+07
  3373   8.0255608E+07
  3374   8.0255496E+07
  3375   8.0255384E+07
  3376   8.0255272E+07
  3377   8.0255168E+07
  3378   8.0255056E+07
  3379   8.0254944E+07
  3380   8.0254832E+07
  3381   8.0254720E+07
  3382   8.0254608E+07
  3383   8.0254504E+07
  3384   8.0254392E+07
  3385   8.0254280E+07
  3386   8.0254168E+07
  3387   8.0254056E+07
  3388   8.0253952E+07
  3389   8.0253840E+07
  3390   8.0253728E+07
  3391   8.0253616E+07
  3392   8.0253504E+07
  3393   8.0253400E+07
  3394   8.0253288E+07
  3395   8.0253176E+07
  3396   8.0253064E+07
  3397   8.0252952E+07
  3398   8.0252848E+07
  3399   8.0252736E+07
  3400   8.0252624E+07
  3401   8.0252512E+07
  3402   8.0252400E+07
  3403   8.0252296E+07
  3404   8.0252184E+07
  3405   8.0252072E+07
  3406   8.0251960E+07
  3407   8.0251848E+07
  3408   8.0251744E+07
  3409   8.0251632E+07
  3410   8.0251520E+07
  3411   8.0251408E+07
  3412   8.0251296E+07
  3413   8.0251192E+07
  3414   8.0251080E+07
  3415   8.0250968E+07
  3416   8.0250856E+07
  3417   8.0250744E+07
  3418   8.0250640E+07
  3419   8.0250528E+07
  3420   8.0250416E+07
  3421   8.0250304E+07
  3422   8.0250192E+07
  3423   8.0250088E+07
  3424   8.0249976E+07
  3425   8.0249864E+07
  3426   8.0249752E+07
  3427   8.0249640E+07
  3428   8.0249536E+07
  3429   8.0249424E+07
  3430   8.0249312E+07
  3431   8.0249200E+07
  3432   8.0249088E+07
  3433   8.0248984E+07
  3434   8.0248872E+07
  3435   8.0248760E+07
  3436   8.0248648E+07
  3437   8.0248536E+07
  3438   8.0248432E+07
  3439   8.0248320E+07
  3440   8.0248208E+07
  3441   8.0248096E+07
  3442   8.0247984E+07
  3443   8.0247880E+07
  3444   8.0247768E+07
  3445   8.0247656E+07
  3446   8.0247544E+07
  3447   8.0247432E+07
  3448   8.0247328E+07
  3449   8.0247216E+07
  3450   8.0247104E+07
  3451   8.0246992E+07
  3452   8.0246880E+07
  3453   8.0246776E+07
  3454   8.0246664E+07
  3455   8.0246552E+07
  3456   8.0246440E+07
  3457   8.0246328E+07
  3458   8.0246224E+07
  3459   8.0246112E+07
  3460   8.0246000E+07
  3461   8.0245888E+07
  3462   8.0245776E+07
  3463   8.0245672E+07
  3464   8.0245560E+07
  3465   8.0245448E+07
  3466   8.0245336E+07
  3467   8.0245224E+07
  3468   8.0245120E+07
  3469   8.0245008E+07
  3470   8.0244896E+07
  3471   8.0244784E+07
  3472   8.0244672E+07
  3473   8.0244568E+07
  3474   8.0244456E+07
  3475   8.0244344E+07
  3476   8.0244232E+07
  3477   8.0244120E+07
  3478   8.0244016E+07
  3479   8.0243904E+07
  3480   8.0243792E+07
  3481   8.0243680E+07
  3482   8.0243568E+07
  3483   8.0243464E+07
  3484   8.0243352E+07
  3485   8.0243240E+07
  3486   8.0243128E+07
  3487   8.0243016E+07
  3488   8.0242912E+07
  3489   8.0242800E+07
  3490   8.0242688E+07
  3491   8.0242576E+07
  3492   8.0242464E+07
  3493   8.0242360E+07
  3494   8.0242248E+07
  3495   8.0242136E+07
  3496   8.0242024E+07
  3497   8.0241912E+07
  3498   8.0241808E+07
  3499   8.0241696E+07
  3500   8.0241584E+07
  3501   8.0241472E+07
  3502   8.0241360E+07
  3503   8.0241256E+07
  3504   8.0241144E+07
  3505   8.0241032E+07
  3506   8.0240920E+07
  3507   8.0240808E+07
  3508   8.0240704E+07
  3509   8.0240592E+07
  3510   8.0240480E+07
  3511   8.0240368E+07
  3512   8.0240256E+07
  3513   8.0240152E+07
  3514   8.0240040E+07
  3515   8.0239928E+07
  3516   8.0239816E+07
  3517   8.0239704E+07
  3518   8.0239600E+07
  3519   8.0239488E+07
  3520   8.0239376E+07
  3521   8.0239264E+07
  3522   8.0239152E+07
  3523   8.0239048E+07
  3524   8.0238936E+07
  3525   8.0238824E+07
  3526   8.0238712E+07
  3527   8.0238600E+07
  3528   8.0238496E+07
  3529   8.0238384E+07
  3530   8.0238272E+07
  3531   8.0238160E+07
  3532   8.0238048E+07
  3533   8.0237944E+07
  3534   8.0237832E+07
  3535   8.0237720E+07
  3536   8.0237608E+07
  3537   8.0237504E+07
  3538   8.0237392E+07
  3539   8.0237280E+07
  3540   8.0237168E+07
  3541   8.0237056E+07
  3542   8.0236952E+07
  3543   8.0236840E+07
  3544   8.0236728E+07
  3545   8.0236616E+07
  3546   8.0236504E+07
  3547   8.0236400E+07
  3548   8.0236288E+07
  3549   8.0236176E+07
  3550   8.0236064E+07
  3551   8.0235952E+07
  3552   8.0235848E+07
  3553   8.0235736E+07
  3554   8.0235624E+07
  3555   8.0235512E+07
  3556   8.0235400E+07
  3557   8.0235296E+07
  3558   8.0235184E+07
  3559   8.0235072E+07
  3560   8.0234960E+07
  3561   8.0234848E+07
  3562   8.0234744E+07
  3563   8.0234632E+07
  3564   8.0234520E+07
  3565   8.0234408E+07
  3566   8.0234296E+07
  3567   8.0234192E+07
  3568   8.0234080E+07
  3569   8.0233968E+07
  3570   8.0233856E+07
  3571   8.0233752E+07
  3572   8.0233640E+07
  3573   8.0233528E+07
  3574   8.0233416E+07
  3575   8.0233304E+07
  3576   8.0233200E+07
  3577   8.0233088E+07
  3578   8.0232976E+07
  3579   8.0232864E+07
  3580   8.0232752E+07
  3581   8.0232648E+07
  3582   8.0232536E+07
  3583   8.0232424E+07
  3584   8.0232312E+07
  3585   8.0232200E+07
  3586   8.0232096E+07
  3587   8.0231984E+07
  3588   8.0231872E+07
  3589   8.0231760E+07
  3590   8.0231648E+07
  3591   8.0231544E+07
  3592   8.0231432E+07
  3593   8.0231320E+07
  3594   8.0231208E+07
  3595   8.0231104E+07
  3596   8.0230992E+07
  3597   8.0230880E+07
  3598   8.0230768E+07
  3599   8.0230656E+07
  3600   8.0230552E+07
  3601   8.0230440E+07
  3602   8.0230328E+07
  3603   8.0230216E+07
  3604   8.0230104E+07
  3605   8.0230000E+07
  3606   8.0229888E+07
  3607   8.0229776E+07
  3608   8.0229664E+07
  3609   8.0229552E+07
  3610   8.0229448E+07
  3611   8.0229336E+07
  3612   8.0229224E+07
  3613   8.0229112E+07
  3614   8.0229008E+07
  3615   8.0228896E+07
  3616   8.0228784E+07
  3617   8.0228672E+07
  3618   8.0228560E+07
  3619   8.0228456E+07
  3620   8.0228344E+07
  3621   8.0228232E+07
  3622   8.0228120E+07
  3623   8.0228008E+07
  3624   8.0227904E+07
  3625   8.0227792E+07
  3626   8.0227680E+07
  3627   8.0227568E+07
  3628   8.0227456E+07
  3629   8.0227352E+07
  3630   8.0227240E+07
  3631   8.0227128E+07
  3632   8.0227016E+07
  3633   8.0226912E+07
  3634   8.0226800E+07
  3635   8.0226688E+07
  3636   8.0226576E+07
  3637   8.0226464E+07
  3638   8.0226360E+07
  3639   8.0226248E+07
  3640   8.0226136E+07
  3641   8.0226024E+07
  3642   8.0225912E+07
  3643   8.0225808E+07
  3644   8.0225696E+07
  3645   8.0225584E+07
  3646   8.0225472E+07
  3647   8.0225360E+07
  3648   8.0225256E+07
  3649   8.0225144E+07
  3650   8.0225032E+07
  3651   8.0224920E+07
  3652   8.0224816E+07
  3653   8.0224704E+07
  3654   8.0224592E+07
  3655   8.0224480E+07
  3656   8.0224368E+07
  3657   8.0224264E+07
  3658   8.0224152E+07
  3659   8.0224040E+07
  3660   8.0223928E+07
  3661   8.0223816E+07
  3662   8.0223712E+07
  3663   8.0223600E+07
  3664   8.0223488E+07
  3665   8.0223376E+07
  3666   8.0223272E+07
  3667   8.0223160E+07
  3668   8.0223048E+07
  3669   8.0222936E+07
  3670   8.0222824E+07
  3671   8.0222720E+07
  3672   8.0222608E+07
  3673   8.0222496E+07
  3674   8.0222384E+07
  3675   8.0222272E+07
  3676   8.0222168E+07
  3677   8.0222056E+07
  3678   8.0221944E+07
  3679   8.0221832E+07
  3680   8.0221720E+07
  3681   8.0221616E+07
  3682   8.0221504E+07
  3683   8.0221392E+07
  3684   8.0221280E+07
  3685   8.0221176E+07
  3686   8.0221064E+07
  3687   8.0220952E+07
  3688   8.0220840E+07
  3689   8.0220728E+07
  3690   8.0220624E+07
  3691   8.0220512E+07
  3692   8.0220400E+07
  3693   8.0220288E+07
  3694   8.0220184E+07
  3695   8.0220072E+07
  3696   8.0219960E+07
  3697   8.0219848E+07
  3698   8.0219736E+07
  3699   8.0219632E+07
  3700   8.0219520E+07
  3701   8.0219408E+07
  3702   8.0219296E+07
  3703   8.0219184E+07
  3704   8.0219080E+07
  3705   8.0218968E+07
  3706   8.0218856E+07
  3707   8.0218744E+07
  3708   8.0218640E+07
  3709   8.0218528E+07
  3710   8.0218416E+07
  3711   8.0218304E+07
  3712   8.0218192E+07
  3713   8.0218088E+07
  3714   8.0217976E+07
  3715   8.0217864E+07
  3716   8.0217752E+07
  3717   8.0217640E+07
  3718   8.0217536E+07
  3719   8.0217424E+07
  3720   8.0217312E+07
  3721   8.0217200E+07
  3722   8.0217096E+07
  3723   8.0216984E+07
  3724   8.0216872E+07
  3725   8.0216760E+07
  3726   8.0216648E+07
  3727   8.0216544E+07
  3728   8.0216432E+07
  3729   8.0216320E+07
  3730   8.0216208E+07
  3731   8.0216104E+07
  3732   8.0215992E+07
  3733   8.0215880E+07
  3734   8.0215768E+07
  3735   8.0215656E+07
  3736   8.0215552E+07
  3737   8.0215440E+07
  3738   8.0215328E+07
  3739   8.0215216E+07
  3740   8.0215104E+07
  3741   8.0215000E+07
  3742   8.0214888E+07
  3743   8.0214776E+07
  3744   8.0214664E+07
  3745   8.0214560E+07
  3746   8.0214448E+07
  3747   8.0214336E+07
  3748   8.0214224E+07
  3749   8.0214112E+07
  3750   8.0214008E+07
  3751   8.0213896E+07
  3752   8.0213784E+07
  3753   8.0213672E+07
  3754   8.0213568E+07
  3755   8.0213456E+07
  3756   8.0213344E+07
  3757   8.0213232E+07
  3758   8.0213120E+07
  3759   8.0213016E+07
  3760   8.0212904E+07
  3761   8.0212792E+07
  3762   8.0212680E+07
  3763   8.0212568E+07
  3764   8.0212464E+07
  3765   8.0212352E+07
  3766   8.0212240E+07
  3767   8.0212128E+07
  3768   8.0212024E+07
  3769   8.0211912E+07
  3770   8.0211800E+07
  3771   8.0211688E+07
  3772   8.0211576E+07
  3773   8.0211472E+07
  3774   8.0211360E+07
  3775   8.0211248E+07
  3776   8.0211136E+07
  3777   8.0211032E+07
  3778   8.0210920E+07
  3779   8.0210808E+07
  3780   8.0210696E+07
  3781   8.0210584E+07
  3782   8.0210480E+07
  3783   8.0210368E+07
  3784   8.0210256E+07
  3785   8.0210144E+07
  3786   8.0210040E+07
  3787   8.0209928E+07
  3788   8.0209816E+07
  3789   8.0209704E+07
  3790   8.0209592E+07
  3791   8.0209488E+07
  3792   8.0209376E+07
  3793   8.0209264E+07
  3794   8.0209152E+07
  3795   8.0209048E+07
  3796   8.0208936E+07
  3797   8.0208824E+07
  3798   8.0208712E+07
  3799   8.0208600E+07
  3800   8.0208496E+07
  3801   8.0208384E+07
  3802   8.0208272E+07
  3803   8.0208160E+07
  3804   8.0208056E+07
  3805   8.0207944E+07
  3806   8.0207832E+07
  3807   8.0207720E+07
  3808   8.0207608E+07
  3809   8.0207504E+07
  3810   8.0207392E+07
  3811   8.0207280E+07
  3812   8.0207168E+07
  3813   8.0207064E+07
  3814   8.0206952E+07
  3815   8.0206840E+07
  3816   8.0206728E+07
  3817   8.0206616E+07
  3818   8.0206512E+07
  3819   8.0206400E+07
  3820   8.0206288E+07
  3821   8.0206176E+07
  3822   8.0206072E+07
  3823   8.0205960E+07
  3824   8.0205848E+07
  3825   8.0205736E+07
  3826   8.0205624E+07
  3827   8.0205520E+07
  3828   8.0205408E+07
  3829   8.0205296E+07
  3830   8.0205184E+07
  3831   8.0205080E+07
  3832   8.0204968E+07
  3833   8.0204856E+07
  3834   8.0204744E+07
  3835   8.0204632E+07
  3836   8.0204528E+07
  3837   8.0204416E+07
  3838   8.0204304E+07
  3839   8.0204192E+07
  3840   8.0204088E+07
  3841   8.0203976E+07
  3842   8.0203864E+07
  3843   8.0203752E+07
  3844   8.0203640E+07
  3845   8.0203536E+07
  3846   8.0203424E+07
  3847   8.0203312E+07
  3848   8.0203200E+07
  3849   8.0203096E+07
  3850   8.0202984E+07
  3851   8.0202872E+07
  3852   8.0202760E+07
  3853   8.0202648E+07
  3854   8.0202544E+07
  3855   8.0202432E+07
  3856   8.0202320E+07
  3857   8.0202208E+07
  3858   8.0202104E+07
  3859   8.0201992E+07
  3860   8.0201880E+07
  3861   8.0201768E+07
  3862   8.0201664E+07
  3863   8.0201552E+07
  3864   8.0201440E+07
  3865   8.0201328E+07
  3866   8.0201216E+07
  3867   8.0201112E+07
  3868   8.0201000E+07
  3869   8.0200888E+07
  3870   8.0200776E+07
  3871   8.0200672E+07
  3872   8.0200560E+07
  3873   8.0200448E+07
  3874   8.0200336E+07
  3875   8.0200224E+07
  3876   8.0200120E+07
  3877   8.0200008E+07
  3878   8.0199896E+07
  3879   8.0199784E+07
  3880   8.0199680E+07
  3881   8.0199568E+07
  3882   8.0199456E+07
  3883   8.0199344E+07
  3884   8.0199232E+07
  3885   8.0199128E+07
  3886   8.0199016E+07
  3887   8.0198904E+07
  3888   8.0198792E+07
  3889   8.0198688E+07
  3890   8.0198576E+07
  3891   8.0198464E+07
  3892   8.0198352E+07
  3893   8.0198248E+07
  3894   8.0198136E+07
  3895   8.0198024E+07
  3896   8.0197912E+07
  3897   8.0197800E+07
  3898   8.0197696E+07
  3899   8.0197584E+07
  3900   8.0197472E+07
  3901   8.0197360E+07
  3902   8.0197256E+07
  3903   8.0197144E+07
  3904   8.0197032E+07
  3905   8.0196920E+07
  3906   8.0196808E+07
  3907   8.0196704E+07
  3908   8.0196592E+07
  3909   8.0196480E+07
  3910   8.0196368E+07
  3911   8.0196264E+07
  3912   8.0196152E+07
  3913   8.0196040E+07
  3914   8.0195928E+07
  3915   8.0195824E+07
  3916   8.0195712E+07
  3917   8.0195600E+07
  3918   8.0195488E+07
  3919   8.0195376E+07
  3920   8.0195272E+07
  3921   8.0195160E+07
  3922   8.0195048E+07
  3923   8.0194936E+07
  3924   8.0194832E+07
  3925   8.0194720E+07
  3926   8.0194608E+07
  3927   8.0194496E+07
  3928   8.0194392E+07
  3929   8.0194280E+07
  3930   8.0194168E+07
  3931   8.0194056E+07
  3932   8.0193944E+07
  3933   8.0193840E+07
  3934   8.0193728E+07
  3935   8.0193616E+07
  3936   8.0193504E+07
  3937   8.0193400E+07
  3938   8.0193288E+07
  3939   8.0193176E+07
  3940   8.0193064E+07
  3941   8.0192960E+07
  3942   8.0192848E+07
  3943   8.0192736E+07
  3944   8.0192624E+07
  3945   8.0192512E+07
  3946   8.0192408E+07
  3947   8.0192296E+07
  3948   8.0192184E+07
  3949   8.0192072E+07
  3950   8.0191968E+07
  3951   8.0191856E+07
  3952   8.0191744E+07
  3953   8.0191632E+07
  3954   8.0191528E+07
  3955   8.0191416E+07
  3956   8.0191304E+07
  3957   8.0191192E+07
  3958   8.0191080E+07
  3959   8.0190976E+07
  3960   8.0190864E+07
  3961   8.0190752E+07
  3962   8.0190640E+07
  3963   8.0190536E+07
  3964   8.0190424E+07
  3965   8.0190312E+07
  3966   8.0190200E+07
  3967   8.0190096E+07
  3968   8.0189984E+07
  3969   8.0189872E+07
  3970   8.0189760E+07
  3971   8.0189648E+07
  3972   8.0189544E+07
  3973   8.0189432E+07
  3974   8.0189320E+07
  3975   8.0189208E+07
  3976   8.0189104E+07
  3977   8.0188992E+07
  3978   8.0188880E+07
  3979   8.0188768E+07
  3980   8.0188664E+07
  3981   8.0188552E+07
  3982   8.0188440E+07
  3983   8.0188328E+07
  3984   8.0188216E+07
  3985   8.0188112E+07
  3986   8.0188000E+07
  3987   8.0187888E+07
  3988   8.0187776E+07
  3989   8.0187672E+07
  3990   8.0187560E+07
  3991   8.0187448E+07
  3992   8.0187336E+07
  3993   8.0187232E+07
  3994   8.0187120E+07
  3995   8.0187008E+07
  3996   8.0186896E+07
  3997   8.0186792E+07
  3998   8.0186680E+07
  3999   8.0186568E+07
  4000   8.0186456E+07
  4001   8.0186344E+07
  4002   8.0186240E+07
  4003   8.0186128E+07
  4004   8.0186016E+07
  4005   8.0185904E+07
  4006   8.0185800E+07
  4007   8.0185688E+07
  4008   8.0185576E+07
  4009   8.0185464E+07
  4010   8.0185360E+07
  4011   8.0185248E+07
  4012   8.0185136E+07
  4013   8.0185024E+07
  4014   8.0184912E+07
  4015   8.0184808E+07
  4016   8.0184696E+07
  4017   8.0184584E+07
  4018   8.0184472E+07
  4019   8.0184368E+07
  4020   8.0184256E+07
  4021   8.0184144E+07
  4022   8.0184032E+07
  4023   8.0183928E+07
  4024   8.0183816E+07
  4025   8.0183704E+07
  4026   8.0183592E+07
  4027   8.0183488E+07
  4028   8.0183376E+07
  4029   8.0183264E+07
  4030   8.0183152E+07
  4031   8.0183048E+07
  4032   8.0182936E+07
  4033   8.0182824E+07
  4034   8.0182712E+07
  4035   8.0182600E+07
  4036   8.0182496E+07
  4037   8.0182384E+07
  4038   8.0182272E+07
  4039   8.0182160E+07
  4040   8.0182056E+07
  4041   8.0181944E+07
  4042   8.0181832E+07
  4043   8.0181720E+07
  4044   8.0181616E+07
  4045   8.0181504E+07
  4046   8.0181392E+07
  4047   8.0181280E+07
  4048   8.0181176E+07
  4049   8.0181064E+07
  4050   8.0180952E+07
  4051   8.0180840E+07
  4052   8.0180728E+07
  4053   8.0180624E+07
  4054   8.0180512E+07
  4055   8.0180400E+07
  4056   8.0180288E+07
  4057   8.0180184E+07
  4058   8.0180072E+07
  4059   8.0179960E+07
  4060   8.0179848E+07
  4061   8.0179744E+07
  4062   8.0179632E+07
  4063   8.0179520E+07
  4064   8.0179408E+07
  4065   8.0179304E+07
  4066   8.0179192E+07
  4067   8.0179080E+07
  4068   8.0178968E+07
  4069   8.0178864E+07
  4070   8.0178752E+07
  4071   8.0178640E+07
  4072   8.0178528E+07
  4073   8.0178416E+07
  4074   8.0178312E+07
  4075   8.0178200E+07
  4076   8.0178088E+07
  4077   8.0177976E+07
  4078   8.0177872E+07
  4079   8.0177760E+07
  4080   8.0177648E+07
  4081   8.0177536E+07
  4082   8.0177432E+07
  4083   8.0177320E+07
  4084   8.0177208E+07
  4085   8.0177096E+07
  4086   8.0176992E+07
  4087   8.0176880E+07
  4088   8.0176768E+07
  4089   8.0176656E+07
  4090   8.0176552E+07
  4091   8.0176440E+07
  4092   8.0176328E+07
  4093   8.0176216E+07
  4094   8.0176104E+07
  4095   8.0176000E+07
  4096   8.0175888E+07
  4097   8.0175776E+07
  4098   8.0175664E+07
  4099   8.0175560E+07
  4100   8.0175448E+07
  4101   8.0175336E+07
  4102   8.0175224E+07
  4103   8.0175120E+07
  4104   8.0175008E+07
  4105   8.0174896E+07
  4106   8.0174784E+07
  4107   8.0174680E+07
  4108   8.0174568E+07
  4109   8.0174456E+07
  4110   8.0174344E+07
  4111   8.0174240E+07
  4112   8.0174128E+07
  4113   8.0174016E+07
  4114   8.0173904E+07
  4115   8.0173800E+07
  4116   8.0173688E+07
  4117   8.0173576E+07
  4118   8.0173464E+07
  4119   8.0173360E+07
  4120   8.0173248E+07
  4121   8.0173136E+07
  4122   8.0173024E+07
  4123   8.0172912E+07
  4124   8.0172808E+07
  4125   8.0172696E+07
  4126   8.0172584E+07
  4127   8.0172472E+07
  4128   8.0172368E+07
  4129   8.0172256E+07
  4130   8.0172144E+07
  4131   8.0172032E+07
  4132   8.0171928E+07
  4133   8.0171816E+07
  4134   8.0171704E+07
  4135   8.0171592E+07
  4136   8.0171488E+07
  4137   8.0171376E+07
  4138   8.0171264E+07
  4139   8.0171152E+07
  4140   8.0171048E+07
  4141   8.0170936E+07
  4142   8.0170824E+07
  4143   8.0170712E+07
  4144   8.0170608E+07
  4145   8.0170496E+07
  4146   8.0170384E+07
  4147   8.0170272E+07
  4148   8.0170168E+07
  4149   8.0170056E+07
  4150   8.0169944E+07
  4151   8.0169832E+07
  4152   8.0169728E+07
  4153   8.0169616E+07
  4154   8.0169504E+07
  4155   8.0169392E+07
  4156   8.0169280E+07
  4157   8.0169176E+07
  4158   8.0169064E+07
  4159   8.0168952E+07
  4160   8.0168840E+07
  4161   8.0168736E+07
  4162   8.0168624E+07
  4163   8.0168512E+07
  4164   8.0168400E+07
  4165   8.0168296E+07
  4166   8.0168184E+07
  4167   8.0168072E+07
  4168   8.0167960E+07
  4169   8.0167856E+07
  4170   8.0167744E+07
  4171   8.0167632E+07
  4172   8.0167520E+07
  4173   8.0167416E+07
  4174   8.0167304E+07
  4175   8.0167192E+07
  4176   8.0167080E+07
  4177   8.0166976E+07
  4178   8.0166864E+07
  4179   8.0166752E+07
  4180   8.0166640E+07
  4181   8.0166536E+07
  4182   8.0166424E+07
  4183   8.0166312E+07
  4184   8.0166200E+07
  4185   8.0166096E+07
  4186   8.0165984E+07
  4187   8.0165872E+07
  4188   8.0165760E+07
  4189   8.0165656E+07
  4190   8.0165544E+07
  4191   8.0165432E+07
  4192   8.0165320E+07
  4193   8.0165216E+07
  4194   8.0165104E+07
  4195   8.0164992E+07
  4196   8.0164880E+07
  4197   8.0164776E+07
  4198   8.0164664E+07
  4199   8.0164552E+07
  4200   8.0164440E+07
  4201   8.0164336E+07
  4202   8.0164224E+07
  4203   8.0164112E+07
  4204   8.0164000E+07
  4205   8.0163888E+07
  4206   8.0163784E+07
  4207   8.0163672E+07
  4208   8.0163560E+07
  4209   8.0163448E+07
  4210   8.0163344E+07
  4211   8.0163232E+07
  4212   8.0163120E+07
  4213   8.0163008E+07
  4214   8.0162904E+07
  4215   8.0162792E+07
  4216   8.0162680E+07
  4217   8.0162568E+07
  4218   8.0162464E+07
  4219   8.0162352E+07
  4220   8.0162240E+07
  4221   8.0162128E+07
  4222   8.0162024E+07
  4223   8.0161912E+07
  4224   8.0161800E+07
  4225   8.0161688E+07
  4226   8.0161584E+07
  4227   8.0161472E+07
  4228   8.0161360E+07
  4229   8.0161248E+07
  4230   8.0161144E+07
  4231   8.0161032E+07
  4232   8.0160920E+07
  4233   8.0160808E+07
  4234   8.0160704E+07
  4235   8.0160592E+07
  4236   8.0160480E+07
  4237   8.0160368E+07
  4238   8.0160264E+07
  4239   8.0160152E+07
  4240   8.0160040E+07
  4241   8.0159928E+07
  4242   8.0159824E+07
  4243   8.0159712E+07
  4244   8.0159600E+07
  4245   8.0159488E+07
  4246   8.0159384E+07
  4247   8.0159272E+07
  4248   8.0159160E+07
  4249   8.0159048E+07
  4250   8.0158944E+07
  4251   8.0158832E+07
  4252   8.0158720E+07
  4253   8.0158608E+07
  4254   8.0158504E+07
  4255   8.0158392E+07
  4256   8.0158280E+07
  4257   8.0158168E+07
  4258   8.0158064E+07
  4259   8.0157952E+07
  4260   8.0157840E+07
  4261   8.0157728E+07
  4262   8.0157624E+07
  4263   8.0157512E+07
  4264   8.0157400E+07
  4265   8.0157288E+07
  4266   8.0157184E+07
  4267   8.0157072E+07
  4268   8.0156960E+07
  4269   8.0156848E+07
  4270   8.0156744E+07
  4271   8.0156632E+07
  4272   8.0156520E+07
  4273   8.0156408E+07
  4274   8.0156304E+07
  4275   8.0156192E+07
  4276   8.0156080E+07
  4277   8.0155968E+07
  4278   8.0155864E+07
  4279   8.0155752E+07
  4280   8.0155640E+07
  4281   8.0155528E+07
  4282   8.0155424E+07
  4283   8.0155312E+07
  4284   8.0155200E+07
  4285   8.0155088E+07
  4286   8.0154984E+07
  4287   8.0154872E+07
  4288   8.0154760E+07
  4289   8.0154648E+07
  4290   8.0154544E+07
  4291   8.0154432E+07
  4292   8.0154320E+07
  4293   8.0154208E+07
  4294   8.0154104E+07
  4295   8.0153992E+07
  4296   8.0153880E+07
  4297   8.0153768E+07
  4298   8.0153664E+07
  4299   8.0153552E+07
  4300   8.0153440E+07
  4301   8.0153328E+07
  4302   8.0153224E+07
  4303   8.0153112E+07
  4304   8.0153000E+07
  4305   8.0152888E+07
  4306   8.0152784E+07
  4307   8.0152672E+07
  4308   8.0152560E+07
  4309   8.0152448E+07
  4310   8.0152344E+07
  4311   8.0152232E+07
  4312   8.0152120E+07
  4313   8.0152008E+07
  4314   8.0151904E+07
  4315   8.0151792E+07
  4316   8.0151680E+07
  4317   8.0151576E+07
  4318   8.0151464E+07
  4319   8.0151352E+07
  4320   8.0151240E+07
  4321   8.0151136E+07
  4322   8.0151024E+07
  4323   8.0150912E+07
  4324   8.0150800E+07
  4325   8.0150696E+07
  4326   8.0150584E+07
  4327   8.0150472E+07
  4328   8.0150360E+07
  4329   8.0150256E+07
  4330   8.0150144E+07
  4331   8.0150032E+07
  4332   8.0149920E+07
  4333   8.0149816E+07
  4334   8.0149704E+07
  4335   8.0149592E+07
  4336   8.0149480E+07
  4337   8.0149376E+07
  4338   8.0149264E+07
  4339   8.0149152E+07
  4340   8.0149040E+07
  4341   8.0148936E+07
  4342   8.0148824E+07
  4343   8.0148712E+07
  4344   8.0148600E+07
  4345   8.0148496E+07
  4346   8.0148384E+07
  4347   8.0148272E+07
  4348   8.0148160E+07
  4349   8.0148056E+07
  4350   8.0147944E+07
  4351   8.0147832E+07
  4352   8.0147720E+07
  4353   8.0147616E+07
  4354   8.0147504E+07
  4355   8.0147392E+07
  4356   8.0147280E+07
  4357   8.0147176E+07
  4358   8.0147064E+07
  4359   8.0146952E+07
  4360   8.0146840E+07
  4361   8.0146736E+07
  4362   8.0146624E+07
  4363   8.0146512E+07
  4364   8.0146400E+07
  4365   8.0146296E+07
  4366   8.0146184E+07
  4367   8.0146072E+07
  4368   8.0145968E+07
  4369   8.0145856E+07
  4370   8.0145744E+07
  4371   8.0145632E+07
  4372   8.0145528E+07
  4373   8.0145416E+07
  4374   8.0145304E+07
  4375   8.0145192E+07
  4376   8.0145088E+07
  4377   8.0144976E+07
  4378   8.0144864E+07
  4379   8.0144752E+07
  4380   8.0144648E+07
  4381   8.0144536E+07
  4382   8.0144424E+07
  4383   8.0144312E+07
  4384   8.0144208E+07
  4385   8.0144096E+07
  4386   8.0143984E+07
  4387   8.0143872E+07
  4388   8.0143768E+07
  4389   8.0143656E+07
  4390   8.0143544E+07
  4391   8.0143432E+07
  4392   8.0143328E+07
  4393   8.0143216E+07
  4394   8.0143104E+07
  4395   8.0142992E+07
  4396   8.0142888E+07
  4397   8.0142776E+07
  4398   8.0142664E+07
  4399   8.0142552E+07
  4400   8.0142448E+07
  4401   8.0142336E+07
  4402   8.0142224E+07
  4403   8.0142120E+07
  4404   8.0142008E+07
  4405   8.0141896E+07
  4406   8.0141784E+07
  4407   8.0141680E+07
  4408   8.0141568E+07
  4409   8.0141456E+07
  4410   8.0141344E+07
  4411   8.0141240E+07
  4412   8.0141128E+07
  4413   8.0141016E+07
  4414   8.0140904E+07
  4415   8.0140800E+07
  4416   8.0140688E+07
  4417   8.0140576E+07
  4418   8.0140464E+07
  4419   8.0140360E+07
  4420   8.0140248E+07
  4421   8.0140136E+07
  4422   8.0140024E+07
  4423   8.0139920E+07
  4424   8.0139808E+07
  4425   8.0139696E+07
  4426   8.0139584E+07
  4427   8.0139480E+07
  4428   8.0139368E+07
  4429   8.0139256E+07
  4430   8.0139152E+07
  4431   8.0139040E+07
  4432   8.0138928E+07
  4433   8.0138816E+07
  4434   8.0138712E+07
  4435   8.0138600E+07
  4436   8.0138488E+07
  4437   8.0138376E+07
  4438   8.0138272E+07
  4439   8.0138160E+07
  4440   8.0138048E+07
  4441   8.0137936E+07
  4442   8.0137832E+07
  4443   8.0137720E+07
  4444   8.0137608E+07
  4445   8.0137496E+07
  4446   8.0137392E+07
  4447   8.0137280E+07
  4448   8.0137168E+07
  4449   8.0137056E+07
  4450   8.0136952E+07
  4451   8.0136840E+07
  4452   8.0136728E+07
  4453   8.0136624E+07
  4454   8.0136512E+07
  4455   8.0136400E+07
  4456   8.0136288E+07
  4457   8.0136184E+07
  4458   8.0136072E+07
  4459   8.0135960E+07
  4460   8.0135848E+07
  4461   8.0135744E+07
  4462   8.0135632E+07
  4463   8.0135520E+07
  4464   8.0135408E+07
  4465   8.0135304E+07
  4466   8.0135192E+07
  4467   8.0135080E+07
  4468   8.0134968E+07
  4469   8.0134864E+07
  4470   8.0134752E+07
  4471   8.0134640E+07
  4472   8.0134536E+07
  4473   8.0134424E+07
  4474   8.0134312E+07
  4475   8.0134200E+07
  4476   8.0134096E+07
  4477   8.0133984E+07
  4478   8.0133872E+07
  4479   8.0133760E+07
  4480   8.0133656E+07
  4481   8.0133544E+07
  4482   8.0133432E+07
  4483   8.0133320E+07
  4484   8.0133216E+07
  4485   8.0133104E+07
  4486   8.0132992E+07
  4487   8.0132880E+07
  4488   8.0132776E+07
  4489   8.0132664E+07
  4490   8.0132552E+07
  4491   8.0132448E+07
  4492   8.0132336E+07
  4493   8.0132224E+07
  4494   8.0132112E+07
  4495   8.0132008E+07
  4496   8.0131896E+07
  4497   8.0131784E+07
  4498   8.0131672E+07
  4499   8.0131568E+07
  4500   8.0131456E+07
  4501   8.0131344E+07
  4502   8.0131232E+07
  4503   8.0131128E+07
  4504   8.0131016E+07
  4505   8.0130904E+07
  4506   8.0130800E+07
  4507   8.0130688E+07
  4508   8.0130576E+07
  4509   8.0130464E+07
  4510   8.0130360E+07
  4511   8.0130248E+07
  4512   8.0130136E+07
  4513   8.0130024E+07
  4514   8.0129920E+07
  4515   8.0129808E+07
  4516   8.0129696E+07
  4517   8.0129584E+07
  4518   8.0129480E+07
  4519   8.0129368E+07
  4520   8.0129256E+07
  4521   8.0129144E+07
  4522   8.0129040E+07
  4523   8.0128928E+07
  4524   8.0128816E+07
  4525   8.0128712E+07
  4526   8.0128600E+07
  4527   8.0128488E+07
  4528   8.0128376E+07
  4529   8.0128272E+07
  4530   8.0128160E+07
  4531   8.0128048E+07
  4532   8.0127936E+07
  4533   8.0127832E+07
  4534   8.0127720E+07
  4535   8.0127608E+07
  4536   8.0127496E+07
  4537   8.0127392E+07
  4538   8.0127280E+07
  4539   8.0127168E+07
  4540   8.0127064E+07
  4541   8.0126952E+07
  4542   8.0126840E+07
  4543   8.0126728E+07
  4544   8.0126624E+07
  4545   8.0126512E+07
  4546   8.0126400E+07
  4547   8.0126288E+07
  4548   8.0126184E+07
  4549   8.0126072E+07
  4550   8.0125960E+07
  4551   8.0125848E+07
  4552   8.0125744E+07
  4553   8.0125632E+07
  4554   8.0125520E+07
  4555   8.0125416E+07
  4556   8.0125304E+07
  4557   8.0125192E+07
  4558   8.0125080E+07
  4559   8.0124976E+07
  4560   8.0124864E+07
  4561   8.0124752E+07
  4562   8.0124640E+07
  4563   8.0124536E+07
  4564   8.0124424E+07
  4565   8.0124312E+07
  4566   8.0124208E+07
  4567   8.0124096E+07
  4568   8.0123984E+07
  4569   8.0123872E+07
  4570   8.0123768E+07
  4571   8.0123656E+07
  4572   8.0123544E+07
  4573   8.0123432E+07
  4574   8.0123328E+07
  4575   8.0123216E+07
  4576   8.0123104E+07
  4577   8.0122992E+07
  4578   8.0122888E+07
  4579   8.0122776E+07
  4580   8.0122664E+07
  4581   8.0122560E+07
  4582   8.0122448E+07
  4583   8.0122336E+07
  4584   8.0122224E+07
  4585   8.0122120E+07
  4586   8.0122008E+07
  4587   8.0121896E+07
  4588   8.0121784E+07
  4589   8.0121680E+07
  4590   8.0121568E+07
  4591   8.0121456E+07
  4592   8.0121352E+07
  4593   8.0121240E+07
  4594   8.0121128E+07
  4595   8.0121016E+07
  4596   8.0120912E+07
  4597   8.0120800E+07
  4598   8.0120688E+07
  4599   8.0120576E+07
  4600   8.0120472E+07
  4601   8.0120360E+07
  4602   8.0120248E+07
  4603   8.0120136E+07
  4604   8.0120032E+07
  4605   8.0119920E+07
  4606   8.0119808E+07
  4607   8.0119704E+07
  4608   8.0119592E+07
  4609   8.0119480E+07
  4610   8.0119368E+07
  4611   8.0119264E+07
  4612   8.0119152E+07
  4613   8.0119040E+07
  4614   8.0118928E+07
  4615   8.0118824E+07
  4616   8.0118712E+07
  4617   8.0118600E+07
  4618   8.0118496E+07
  4619   8.0118384E+07
  4620   8.0118272E+07
  4621   8.0118160E+07
  4622   8.0118056E+07
  4623   8.0117944E+07
  4624   8.0117832E+07
  4625   8.0117720E+07
  4626   8.0117616E+07
  4627   8.0117504E+07
  4628   8.0117392E+07
  4629   8.0117288E+07
  4630   8.0117176E+07
  4631   8.0117064E+07
  4632   8.0116952E+07
  4633   8.0116848E+07
  4634   8.0116736E+07
  4635   8.0116624E+07
  4636   8.0116512E+07
  4637   8.0116408E+07
  4638   8.0116296E+07
  4639   8.0116184E+07
  4640   8.0116080E+07
  4641   8.0115968E+07
  4642   8.0115856E+07
  4643   8.0115744E+07
  4644   8.0115640E+07
  4645   8.0115528E+07
  4646   8.0115416E+07
  4647   8.0115304E+07
  4648   8.0115200E+07
  4649   8.0115088E+07
  4650   8.0114976E+07
  4651   8.0114872E+07
  4652   8.0114760E+07
  4653   8.0114648E+07
  4654   8.0114536E+07
  4655   8.0114432E+07
  4656   8.0114320E+07
  4657   8.0114208E+07
  4658   8.0114096E+07
  4659   8.0113992E+07
  4660   8.0113880E+07
  4661   8.0113768E+07
  4662   8.0113664E+07
  4663   8.0113552E+07
  4664   8.0113440E+07
  4665   8.0113328E+07
  4666   8.0113224E+07
  4667   8.0113112E+07
  4668   8.0113000E+07
  4669   8.0112888E+07
  4670   8.0112784E+07
  4671   8.0112672E+07
  4672   8.0112560E+07
  4673   8.0112456E+07
  4674   8.0112344E+07
  4675   8.0112232E+07
  4676   8.0112120E+07
  4677   8.0112016E+07
  4678   8.0111904E+07
  4679   8.0111792E+07
  4680   8.0111688E+07
  4681   8.0111576E+07
  4682   8.0111464E+07
  4683   8.0111352E+07
  4684   8.0111248E+07
  4685   8.0111136E+07
  4686   8.0111024E+07
  4687   8.0110912E+07
  4688   8.0110808E+07
  4689   8.0110696E+07
  4690   8.0110584E+07
  4691   8.0110480E+07
  4692   8.0110368E+07
  4693   8.0110256E+07
  4694   8.0110144E+07
  4695   8.0110040E+07
  4696   8.0109928E+07
  4697   8.0109816E+07
  4698   8.0109704E+07
  4699   8.0109600E+07
  4700   8.0109488E+07
  4701   8.0109376E+07
  4702   8.0109272E+07
  4703   8.0109160E+07
  4704   8.0109048E+07
  4705   8.0108936E+07
  4706   8.0108832E+07
  4707   8.0108720E+07
  4708   8.0108608E+07
  4709   8.0108504E+07
  4710   8.0108392E+07
  4711   8.0108280E+07
  4712   8.0108168E+07
  4713   8.0108064E+07
  4714   8.0107952E+07
  4715   8.0107840E+07
  4716   8.0107728E+07
  4717   8.0107624E+07
  4718   8.0107512E+07
  4719   8.0107400E+07
  4720   8.0107296E+07
  4721   8.0107184E+07
  4722   8.0107072E+07
  4723   8.0106960E+07
  4724   8.0106856E+07
  4725   8.0106744E+07
  4726   8.0106632E+07
  4727   8.0106528E+07
  4728   8.0106416E+07
  4729   8.0106304E+07
  4730   8.0106192E+07
  4731   8.0106088E+07
  4732   8.0105976E+07
  4733   8.0105864E+07
  4734   8.0105752E+07
  4735   8.0105648E+07
  4736   8.0105536E+07
  4737   8.0105424E+07
  4738   8.0105320E+07
  4739   8.0105208E+07
  4740   8.0105096E+07
  4741   8.0104984E+07
  4742   8.0104880E+07
  4743   8.0104768E+07
  4744   8.0104656E+07
  4745   8.0104552E+07
  4746   8.0104440E+07
  4747   8.0104328E+07
  4748   8.0104216E+07
  4749   8.0104112E+07
  4750   8.0104000E+07
  4751   8.0103888E+07
  4752   8.0103784E+07
  4753   8.0103672E+07
  4754   8.0103560E+07
  4755   8.0103448E+07
  4756   8.0103344E+07
  4757   8.0103232E+07
  4758   8.0103120E+07
  4759   8.0103008E+07
  4760   8.0102904E+07
  4761   8.0102792E+07
  4762   8.0102680E+07
  4763   8.0102576E+07
  4764   8.0102464E+07
  4765   8.0102352E+07
  4766   8.0102240E+07
  4767   8.0102136E+07
  4768   8.0102024E+07
  4769   8.0101912E+07
  4770   8.0101808E+07
  4771   8.0101696E+07
  4772   8.0101584E+07
  4773   8.0101472E+07
  4774   8.0101368E+07
  4775   8.0101256E+07
  4776   8.0101144E+07
  4777   8.0101040E+07
  4778   8.0100928E+07
  4779   8.0100816E+07
  4780   8.0100704E+07
  4781   8.0100600E+07
  4782   8.0100488E+07
  4783   8.0100376E+07
  4784   8.0100264E+07
  4785   8.0100160E+07
  4786   8.0100048E+07
  4787   8.0099936E+07
  4788   8.0099832E+07
  4789   8.0099720E+07
  4790   8.0099608E+07
  4791   8.0099496E+07
  4792   8.0099392E+07
  4793   8.0099280E+07
  4794   8.0099168E+07
  4795   8.0099064E+07
  4796   8.0098952E+07
  4797   8.0098840E+07
  4798   8.0098728E+07
  4799   8.0098624E+07
  4800   8.0098512E+07
  4801   8.0098400E+07
  4802   8.0098296E+07
  4803   8.0098184E+07
  4804   8.0098072E+07
  4805   8.0097960E+07
  4806   8.0097856E+07
  4807   8.0097744E+07
  4808   8.0097632E+07
  4809   8.0097528E+07
  4810   8.0097416E+07
  4811   8.0097304E+07
  4812   8.0097192E+07
  4813   8.0097088E+07
  4814   8.0096976E+07
  4815   8.0096864E+07
  4816   8.0096760E+07
  4817   8.0096648E+07
  4818   8.0096536E+07
  4819   8.0096424E+07
  4820   8.0096320E+07
  4821   8.0096208E+07
  4822   8.0096096E+07
  4823   8.0095992E+07
  4824   8.0095880E+07
  4825   8.0095768E+07
  4826   8.0095656E+07
  4827   8.0095552E+07
  4828   8.0095440E+07
  4829   8.0095328E+07
  4830   8.0095224E+07
  4831   8.0095112E+07
  4832   8.0095000E+07
  4833   8.0094888E+07
  4834   8.0094784E+07
  4835   8.0094672E+07
  4836   8.0094560E+07
  4837   8.0094448E+07
  4838   8.0094344E+07
  4839   8.0094232E+07
  4840   8.0094120E+07
  4841   8.0094016E+07
  4842   8.0093904E+07
  4843   8.0093792E+07
  4844   8.0093680E+07
  4845   8.0093576E+07
  4846   8.0093464E+07
  4847   8.0093352E+07
  4848   8.0093248E+07
  4849   8.0093136E+07
  4850   8.0093024E+07
  4851   8.0092912E+07
  4852   8.0092808E+07
  4853   8.0092696E+07
  4854   8.0092584E+07
  4855   8.0092480E+07
  4856   8.0092368E+07
  4857   8.0092256E+07
  4858   8.0092144E+07
  4859   8.0092040E+07
  4860   8.0091928E+07
  4861   8.0091816E+07
  4862   8.0091712E+07
  4863   8.0091600E+07
  4864   8.0091488E+07
  4865   8.0091376E+07
  4866   8.0091272E+07
  4867   8.0091160E+07
  4868   8.0091048E+07
  4869   8.0090944E+07
  4870   8.0090832E+07
  4871   8.0090720E+07
  4872   8.0090608E+07
  4873   8.0090504E+07
  4874   8.0090392E+07
  4875   8.0090280E+07
  4876   8.0090176E+07
  4877   8.0090064E+07
  4878   8.0089952E+07
  4879   8.0089848E+07
  4880   8.0089736E+07
  4881   8.0089624E+07
  4882   8.0089512E+07
  4883   8.0089408E+07
  4884   8.0089296E+07
  4885   8.0089184E+07
  4886   8.0089080E+07
  4887   8.0088968E+07
  4888   8.0088856E+07
  4889   8.0088744E+07
  4890   8.0088640E+07
  4891   8.0088528E+07
  4892   8.0088416E+07
  4893   8.0088312E+07
  4894   8.0088200E+07
  4895   8.0088088E+07
  4896   8.0087976E+07
  4897   8.0087872E+07
  4898   8.0087760E+07
  4899   8.0087648E+07
  4900   8.0087544E+07
  4901   8.0087432E+07
  4902   8.0087320E+07
  4903   8.0087208E+07
  4904   8.0087104E+07
  4905   8.0086992E+07
  4906   8.0086880E+07
  4907   8.0086776E+07
  4908   8.0086664E+07
  4909   8.0086552E+07
  4910   8.0086440E+07
  4911   8.0086336E+07
  4912   8.0086224E+07
  4913   8.0086112E+07
  4914   8.0086008E+07
  4915   8.0085896E+07
  4916   8.0085784E+07
  4917   8.0085672E+07
  4918   8.0085568E+07
  4919   8.0085456E+07
  4920   8.0085344E+07
  4921   8.0085240E+07
  4922   8.0085128E+07
  4923   8.0085016E+07
  4924   8.0084904E+07
  4925   8.0084800E+07
  4926   8.0084688E+07
  4927   8.0084576E+07
  4928   8.0084472E+07
  4929   8.0084360E+07
  4930   8.0084248E+07
  4931   8.0084144E+07
  4932   8.0084032E+07
  4933   8.0083920E+07
  4934   8.0083808E+07
  4935   8.0083704E+07
  4936   8.0083592E+07
  4937   8.0083480E+07
  4938   8.0083376E+07
  4939   8.0083264E+07
  4940   8.0083152E+07
  4941   8.0083040E+07
  4942   8.0082936E+07
  4943   8.0082824E+07
  4944   8.0082712E+07
  4945   8.0082608E+07
  4946   8.0082496E+07
  4947   8.0082384E+07
  4948   8.0082272E+07
  4949   8.0082168E+07
  4950   8.0082056E+07
  4951   8.0081944E+07
  4952   8.0081840E+07
  4953   8.0081728E+07
  4954   8.0081616E+07
  4955   8.0081512E+07
  4956   8.0081400E+07
  4957   8.0081288E+07
  4958   8.0081176E+07
  4959   8.0081072E+07
  4960   8.0080960E+07
  4961   8.0080848E+07
  4962   8.0080744E+07
  4963   8.0080632E+07
  4964   8.0080520E+07
  4965   8.0080408E+07
  4966   8.0080304E+07
  4967   8.0080192E+07
  4968   8.0080080E+07
  4969   8.0079976E+07
  4970   8.0079864E+07
  4971   8.0079752E+07
  4972   8.0079640E+07
  4973   8.0079536E+07
  4974   8.0079424E+07
  4975   8.0079312E+07
  4976   8.0079208E+07
  4977   8.0079096E+07
  4978   8.0078984E+07
  4979   8.0078880E+07
  4980   8.0078768E+07
  4981   8.0078656E+07
  4982   8.0078544E+07
  4983   8.0078440E+07
  4984   8.0078328E+07
  4985   8.0078216E+07
  4986   8.0078112E+07
  4987   8.0078000E+07
  4988   8.0077888E+07
  4989   8.0077776E+07
  4990   8.0077672E+07
  4991   8.0077560E+07
  4992   8.0077448E+07
  4993   8.0077344E+07
  4994   8.0077232E+07
  4995   8.0077120E+07
  4996   8.0077016E+07
  4997   8.0076904E+07
  4998   8.0076792E+07
  4999   8.0076680E+07
  5000   8.0076576E+07
