     1   9.7028314E+02
     2   9.4144922E+02
     3   9.1347217E+02
     4   8.8632654E+02
     5   8.5998761E+02
     6   8.3443134E+02
     7   8.0963452E+02
     8   7.8557465E+02
     9   7.6222974E+02
    10   7.3957855E+02
    11   7.1760052E+02
    12   6.9627557E+02
    13   6.7558435E+02
    14   6.5550800E+02
    15   6.3602832E+02
    16   6.1712744E+02
    17   5.9878827E+02
    18   5.8099408E+02
    19   5.6372870E+02
    20   5.4697638E+02
    21   5.3072186E+02
    22   5.1495044E+02
    23   4.9964764E+02
    24   4.8479962E+02
    25   4.7039282E+02
    26   4.5641418E+02
    27   4.4285092E+02
    28   4.2969073E+02
    29   4.1692160E+02
    30   4.0453195E+02
    31   3.9251047E+02
    32   3.8084625E+02
    33   3.6952866E+02
    34   3.5854736E+02
    35   3.4789243E+02
    36   3.3755411E+02
    37   3.2752301E+02
    38   3.1779001E+02
    39   3.0834625E+02
    40   2.9918314E+02
    41   2.9029230E+02
    42   2.8166568E+02
    43   2.7329544E+02
    44   2.6517392E+02
    45   2.5729373E+02
    46   2.4964775E+02
    47   2.4222896E+02
    48   2.3503065E+02
    49   2.2804625E+02
    50   2.2126939E+02
    51   2.1469394E+02
    52   2.0831387E+02
    53   2.0212341E+02
    54   1.9611691E+02
    55   1.9028891E+02
    56   1.8463409E+02
    57   1.7914732E+02
    58   1.7382361E+02
    59   1.6865810E+02
    60   1.6364609E+02
    61   1.5878302E+02
    62   1.5406445E+02
    63   1.4948613E+02
    64   1.4504385E+02
    65   1.4073358E+02
    66   1.3655141E+02
    67   1.3249352E+02
    68   1.2855620E+02
    69   1.2473589E+02
    70   1.2102912E+02
    71   1.1743250E+02
    72   1.1394276E+02
    73   1.1055672E+02
    74   1.0727131E+02
    75   1.0408353E+02
    76   1.0099048E+02
    77   9.7989349E+01
    78   9.5077400E+01
    79   9.2251984E+01
    80   8.9510536E+01
    81   8.6850548E+01
    82   8.4269615E+01
    83   8.1765373E+01
    84   7.9335548E+01
    85   7.6977936E+01
    86   7.4690384E+01
    87   7.2470810E+01
    88   7.0317200E+01
    89   6.8227585E+01
    90   6.6200066E+01
    91   6.4232796E+01
    92   6.2323990E+01
    93   6.0471909E+01
    94   5.8674866E+01
    95   5.6931225E+01
    96   5.5239403E+01
    97   5.3597855E+01
    98   5.2005085E+01
    99   5.0459652E+01
   100   4.8960144E+01
   101   4.7505196E+01
   102   4.6093483E+01
   103   4.4723724E+01
   104   4.3394669E+01
   105   4.2105110E+01
   106   4.0853874E+01
   107   3.9639820E+01
   108   3.8461842E+01
   109   3.7318871E+01
   110   3.6209869E+01
   111   3.5133820E+01
   112   3.4089748E+01
   113   3.3076702E+01
   114   3.2093761E+01
   115   3.1140034E+01
   116   3.0214645E+01
   117   2.9316757E+01
   118   2.8445551E+01
   119   2.7600235E+01
   120   2.6780039E+01
   121   2.5984217E+01
   122   2.5212044E+01
   123   2.4462818E+01
   124   2.3735857E+01
   125   2.3030499E+01
   126   2.2346102E+01
   127   2.1682043E+01
   128   2.1037718E+01
   129   2.0412540E+01
   130   1.9805941E+01
   131   1.9217367E+01
   132   1.8646286E+01
   133   1.8092175E+01
   134   1.7554529E+01
   135   1.7032862E+01
   136   1.6526695E+01
   137   1.6035572E+01
   138   1.5559043E+01
   139   1.5096675E+01
   140   1.4648047E+01
   141   1.4212751E+01
   142   1.3790391E+01
   143   1.3380582E+01
   144   1.2982951E+01
   145   1.2597137E+01
   146   1.2222789E+01
   147   1.1859564E+01
   148   1.1507133E+01
   149   1.1165176E+01
   150   1.0833381E+01
   151   1.0511445E+01
   152   1.0199077E+01
   153   9.8959904E+00
   154   9.6019115E+00
   155   9.3165712E+00
   156   9.0397110E+00
   157   8.7710781E+00
   158   8.5104284E+00
   159   8.2575235E+00
   160   8.0121355E+00
   161   7.7740383E+00
   162   7.5430174E+00
   163   7.3188620E+00
   164   7.1013670E+00
   165   6.8903360E+00
   166   6.6855760E+00
   167   6.4869008E+00
   168   6.2941294E+00
   169   6.1070871E+00
   170   5.9256029E+00
   171   5.7495117E+00
   172   5.5786533E+00
   173   5.4128728E+00
   174   5.2520185E+00
   175   5.0959444E+00
   176   4.9445081E+00
   177   4.7975721E+00
   178   4.6550026E+00
   179   4.5166702E+00
   180   4.3824482E+00
   181   4.2522149E+00
   182   4.1258521E+00
   183   4.0032439E+00
   184   3.8842797E+00
   185   3.7688506E+00
   186   3.6568518E+00
   187   3.5481811E+00
   188   3.4427400E+00
   189   3.3404319E+00
   190   3.2411644E+00
   191   3.1448467E+00
   192   3.0513914E+00
   193   2.9607131E+00
   194   2.8727298E+00
   195   2.7873609E+00
   196   2.7045288E+00
   197   2.6241584E+00
   198   2.5461762E+00
   199   2.4705117E+00
   200   2.3970954E+00
   201   2.3258610E+00
   202   2.2567434E+00
   203   2.1896799E+00
   204   2.1246090E+00
   205   2.0614722E+00
   206   2.0002112E+00
   207   1.9407711E+00
   208   1.8830972E+00
   209   1.8271372E+00
   210   1.7728401E+00
   211   1.7201567E+00
   212   1.6690389E+00
   213   1.6194401E+00
   214   1.5713152E+00
   215   1.5246204E+00
   216   1.4793133E+00
   217   1.4353526E+00
   218   1.3926982E+00
   219   1.3513113E+00
   220   1.3111545E+00
   221   1.2721909E+00
   222   1.2343853E+00
   223   1.1977030E+00
   224   1.1621109E+00
   225   1.1275765E+00
   226   1.0940683E+00
   227   1.0615559E+00
   228   1.0300096E+00
   229   9.9940079E-01
   230   9.6970165E-01
   231   9.4088501E-01
   232   9.1292477E-01
   233   8.8579535E-01
   234   8.5947222E-01
   235   8.3393127E-01
   236   8.0914932E-01
   237   7.8510386E-01
   238   7.6177293E-01
   239   7.3913532E-01
   240   7.1717048E-01
   241   6.9585830E-01
   242   6.7517948E-01
   243   6.5511519E-01
   244   6.3564712E-01
   245   6.1675763E-01
   246   5.9842944E-01
   247   5.8064592E-01
   248   5.6339085E-01
   249   5.4664856E-01
   250   5.3040385E-01
   251   5.1464182E-01
   252   4.9934822E-01
   253   4.8450908E-01
   254   4.7011095E-01
   255   4.5614067E-01
   256   4.4258553E-01
   257   4.2943323E-01
   258   4.1667175E-01
   259   4.0428954E-01
   260   3.9227527E-01
   261   3.8061804E-01
   262   3.6930719E-01
   263   3.5833251E-01
   264   3.4768394E-01
   265   3.3735183E-01
   266   3.2732674E-01
   267   3.1759956E-01
   268   3.0816147E-01
   269   2.9900384E-01
   270   2.9011834E-01
   271   2.8149691E-01
   272   2.7313167E-01
   273   2.6501501E-01
   274   2.5713956E-01
   275   2.4949814E-01
   276   2.4208380E-01
   277   2.3488981E-01
   278   2.2790959E-01
   279   2.2113681E-01
   280   2.1456528E-01
   281   2.0818904E-01
   282   2.0200230E-01
   283   1.9599940E-01
   284   1.9017488E-01
   285   1.8452346E-01
   286   1.7903997E-01
   287   1.7371945E-01
   288   1.6855703E-01
   289   1.6354802E-01
   290   1.5868786E-01
   291   1.5397213E-01
   292   1.4939655E-01
   293   1.4495693E-01
   294   1.4064924E-01
   295   1.3646957E-01
   296   1.3241412E-01
   297   1.2847917E-01
   298   1.2466115E-01
   299   1.2095660E-01
   300   1.1736213E-01
   301   1.1387448E-01
   302   1.1049047E-01
   303   1.0720703E-01
   304   1.0402116E-01
   305   1.0092996E-01
   306   9.7930625E-02
   307   9.5020428E-02
   308   9.2196703E-02
   309   8.9456894E-02
   310   8.6798504E-02
   311   8.4219113E-02
   312   8.1716374E-02
   313   7.9288013E-02
   314   7.6931812E-02
   315   7.4645631E-02
   316   7.2427385E-02
   317   7.0275061E-02
   318   6.8186700E-02
   319   6.6160396E-02
   320   6.4194307E-02
   321   6.2286645E-02
   322   6.0435675E-02
   323   5.8639709E-02
   324   5.6897111E-02
   325   5.5206303E-02
   326   5.3565737E-02
   327   5.1973924E-02
   328   5.0429415E-02
   329   4.8930805E-02
   330   4.7476728E-02
   331   4.6065863E-02
   332   4.4696923E-02
   333   4.3368667E-02
   334   4.2079881E-02
   335   4.0829390E-02
   336   3.9616067E-02
   337   3.8438797E-02
   338   3.7296511E-02
   339   3.6188170E-02
   340   3.5112765E-02
   341   3.4069322E-02
   342   3.3056881E-02
   343   3.2074533E-02
   344   3.1121373E-02
   345   3.0196540E-02
   346   2.9299190E-02
   347   2.8428506E-02
   348   2.7583696E-02
   349   2.6763992E-02
   350   2.5968647E-02
   351   2.5196936E-02
   352   2.4448160E-02
   353   2.3721633E-02
   354   2.3016699E-02
   355   2.2332711E-02
   356   2.1669051E-02
   357   2.1025112E-02
   358   2.0400308E-02
   359   1.9794073E-02
   360   1.9205851E-02
   361   1.8635113E-02
   362   1.8081332E-02
   363   1.7544009E-02
   364   1.7022654E-02
   365   1.6516792E-02
   366   1.6025962E-02
   367   1.5549719E-02
   368   1.5087629E-02
   369   1.4639270E-02
   370   1.4204235E-02
   371   1.3782128E-02
   372   1.3372565E-02
   373   1.2975172E-02
   374   1.2589589E-02
   375   1.2215464E-02
   376   1.1852457E-02
   377   1.1500238E-02
   378   1.1158486E-02
   379   1.0826889E-02
   380   1.0505146E-02
   381   1.0192965E-02
   382   9.8900609E-03
   383   9.5961578E-03
   384   9.3109887E-03
   385   9.0342946E-03
   386   8.7658223E-03
   387   8.5053286E-03
   388   8.2525760E-03
   389   8.0073345E-03
   390   7.7693802E-03
   391   7.5384974E-03
   392   7.3144762E-03
   393   7.0971120E-03
   394   6.8862070E-03
   395   6.6815699E-03
   396   6.4830137E-03
   397   6.2903580E-03
   398   6.1034276E-03
   399   5.9220521E-03
   400   5.7460666E-03
   401   5.5753104E-03
   402   5.4096291E-03
   403   5.2488712E-03
   404   5.0928905E-03
   405   4.9415454E-03
   406   4.7946973E-03
   407   4.6522133E-03
   408   4.5139636E-03
   409   4.3798224E-03
   410   4.2496673E-03
   411   4.1233799E-03
   412   4.0008454E-03
   413   3.8819523E-03
   414   3.7665924E-03
   415   3.6546604E-03
   416   3.5460549E-03
   417   3.4406770E-03
   418   3.3384303E-03
   419   3.2392223E-03
   420   3.1429622E-03
   421   3.0495629E-03
   422   2.9589392E-03
   423   2.8710084E-03
   424   2.7856906E-03
   425   2.7029084E-03
   426   2.6225860E-03
   427   2.5446506E-03
   428   2.4690311E-03
   429   2.3956590E-03
   430   2.3244673E-03
   431   2.2553911E-03
   432   2.1883678E-03
   433   2.1233361E-03
   434   2.0602369E-03
   435   1.9990129E-03
   436   1.9396081E-03
   437   1.8819688E-03
   438   1.8260424E-03
   439   1.7717779E-03
   440   1.7191260E-03
   441   1.6680388E-03
   442   1.6184696E-03
   443   1.5703735E-03
   444   1.5237068E-03
   445   1.4784269E-03
   446   1.4344924E-03
   447   1.3918637E-03
   448   1.3505017E-03
   449   1.3103688E-03
   450   1.2714285E-03
   451   1.2336456E-03
   452   1.1969854E-03
   453   1.1614145E-03
   454   1.1269008E-03
   455   1.0934126E-03
   456   1.0609197E-03
   457   1.0293924E-03
   458   9.9880190E-04
   459   9.6912059E-04
   460   9.4032125E-04
   461   9.1237773E-04
   462   8.8526460E-04
   463   8.5895718E-04
   464   8.3343155E-04
   465   8.0866448E-04
   466   7.8463339E-04
   467   7.6131645E-04
   468   7.3869241E-04
   469   7.1674073E-04
   470   6.9544133E-04
   471   6.7477493E-04
   472   6.5472262E-04
   473   6.3526625E-04
   474   6.1638805E-04
   475   5.9807085E-04
   476   5.8029796E-04
   477   5.6305330E-04
   478   5.4632104E-04
   479   5.3008599E-04
   480   5.1433343E-04
   481   4.9904903E-04
   482   4.8421876E-04
   483   4.6982925E-04
   484   4.5586732E-04
   485   4.4232034E-04
   486   4.2917591E-04
   487   4.1642209E-04
   488   4.0404728E-04
   489   3.9204021E-04
   490   3.8038995E-04
   491   3.6908590E-04
   492   3.5811777E-04
   493   3.4747561E-04
   494   3.3714966E-04
   495   3.2713061E-04
   496   3.1740926E-04
   497   3.0797682E-04
   498   2.9882466E-04
   499   2.8994450E-04
   500   2.8132822E-04
   501   2.7296800E-04
   502   2.6485621E-04
   503   2.5698548E-04
   504   2.4934864E-04
   505   2.4193875E-04
   506   2.3474905E-04
   507   2.2777302E-04
   508   2.2100429E-04
   509   2.1443672E-04
   510   2.0806430E-04
   511   2.0188125E-04
   512   1.9588195E-04
   513   1.9006093E-04
   514   1.8441289E-04
   515   1.7893269E-04
   516   1.7361535E-04
   517   1.6845603E-04
   518   1.6345002E-04
   519   1.5859278E-04
   520   1.5387988E-04
   521   1.4930703E-04
   522   1.4487008E-04
   523   1.4056497E-04
   524   1.3638781E-04
   525   1.3233477E-04
   526   1.2840217E-04
   527   1.2458646E-04
   528   1.2088412E-04
   529   1.1729181E-04
   530   1.1380624E-04
   531   1.1042427E-04
   532   1.0714279E-04
   533   1.0395883E-04
   534   1.0086948E-04
   535   9.7871947E-05
   536   9.7871947E-05
   537   9.7871947E-05
   538   9.7871947E-05
   539   9.7871947E-05
   540   9.7871947E-05
   541   9.7871947E-05
   542   9.7871947E-05
   543   9.7871947E-05
   544   9.7871947E-05
   545   9.7871947E-05
   546   9.7871947E-05
   547   9.7871947E-05
   548   9.7871947E-05
   549   9.7871947E-05
   550   9.7871947E-05
   551   9.7871947E-05
   552   9.7871947E-05
   553   9.7871947E-05
   554   9.7871947E-05
   555   9.7871947E-05
   556   9.7871947E-05
   557   9.7871947E-05
   558   9.7871947E-05
   559   9.7871947E-05
   560   9.7871947E-05
   561   9.7871947E-05
   562   9.7871947E-05
   563   9.7871947E-05
   564   9.7871947E-05
   565   9.7871947E-05
   566   9.7871947E-05
   567   9.7871947E-05
   568   9.7871947E-05
   569   9.7871947E-05
   570   9.7871947E-05
   571   9.7871947E-05
   572   9.7871947E-05
   573   9.7871947E-05
   574   9.7871947E-05
   575   9.7871947E-05
   576   9.7871947E-05
   577   9.7871947E-05
   578   9.7871947E-05
   579   9.7871947E-05
   580   9.7871947E-05
   581   9.7871947E-05
   582   9.7871947E-05
   583   9.7871947E-05
   584   9.7871947E-05
   585   9.7871947E-05
   586   9.7871947E-05
   587   9.7871947E-05
   588   9.7871947E-05
   589   9.7871947E-05
   590   9.7871947E-05
   591   9.7871947E-05
   592   9.7871947E-05
   593   9.7871947E-05
   594   9.7871947E-05
   595   9.7871947E-05
   596   9.7871947E-05
   597   9.7871947E-05
   598   9.7871947E-05
   599   9.7871947E-05
   600   9.7871947E-05
   601   9.7871947E-05
   602   9.7871947E-05
   603   9.7871947E-05
   604   9.7871947E-05
   605   9.7871947E-05
   606   9.7871947E-05
   607   9.7871947E-05
   608   9.7871947E-05
   609   9.7871947E-05
   610   9.7871947E-05
   611   9.7871947E-05
   612   9.7871947E-05
   613   9.7871947E-05
   614   9.7871947E-05
   615   9.7871947E-05
   616   9.7871947E-05
   617   9.7871947E-05
   618   9.7871947E-05
   619   9.7871947E-05
   620   9.7871947E-05
   621   9.7871947E-05
   622   9.7871947E-05
   623   9.7871947E-05
   624   9.7871947E-05
   625   9.7871947E-05
   626   9.7871947E-05
   627   9.7871947E-05
   628   9.7871947E-05
   629   9.7871947E-05
   630   9.7871947E-05
   631   9.7871947E-05
   632   9.7871947E-05
   633   9.7871947E-05
   634   9.7871947E-05
   635   9.7871947E-05
   636   9.7871947E-05
   637   9.7871947E-05
   638   9.7871947E-05
   639   9.7871947E-05
   640   9.7871947E-05
   641   9.7871947E-05
   642   9.7871947E-05
   643   9.7871947E-05
   644   9.7871947E-05
   645   9.7871947E-05
   646   9.7871947E-05
   647   9.7871947E-05
   648   9.7871947E-05
   649   9.7871947E-05
   650   9.7871947E-05
   651   9.7871947E-05
   652   9.7871947E-05
   653   9.7871947E-05
   654   9.7871947E-05
   655   9.7871947E-05
   656   9.7871947E-05
   657   9.7871947E-05
   658   9.7871947E-05
   659   9.7871947E-05
   660   9.7871947E-05
   661   9.7871947E-05
   662   9.7871947E-05
   663   9.7871947E-05
   664   9.7871947E-05
   665   9.7871947E-05
   666   9.7871947E-05
   667   9.7871947E-05
   668   9.7871947E-05
   669   9.7871947E-05
   670   9.7871947E-05
   671   9.7871947E-05
   672   9.7871947E-05
   673   9.7871947E-05
   674   9.7871947E-05
   675   9.7871947E-05
   676   9.7871947E-05
   677   9.7871947E-05
   678   9.7871947E-05
   679   9.7871947E-05
   680   9.7871947E-05
   681   9.7871947E-05
   682   9.7871947E-05
   683   9.7871947E-05
   684   9.7871947E-05
   685   9.7871947E-05
   686   9.7871947E-05
   687   9.7871947E-05
   688   9.7871947E-05
   689   9.7871947E-05
   690   9.7871947E-05
   691   9.7871947E-05
   692   9.7871947E-05
   693   9.7871947E-05
   694   9.7871947E-05
   695   9.7871947E-05
   696   9.7871947E-05
   697   9.7871947E-05
   698   9.7871947E-05
   699   9.7871947E-05
   700   9.7871947E-05
   701   9.7871947E-05
   702   9.7871947E-05
   703   9.7871947E-05
   704   9.7871947E-05
   705   9.7871947E-05
   706   9.7871947E-05
   707   9.7871947E-05
   708   9.7871947E-05
   709   9.7871947E-05
   710   9.7871947E-05
   711   9.7871947E-05
   712   9.7871947E-05
   713   9.7871947E-05
   714   9.7871947E-05
   715   9.7871947E-05
   716   9.7871947E-05
   717   9.7871947E-05
   718   9.7871947E-05
   719   9.7871947E-05
   720   9.7871947E-05
   721   9.7871947E-05
   722   9.7871947E-05
   723   9.7871947E-05
   724   9.7871947E-05
   725   9.7871947E-05
   726   9.7871947E-05
   727   9.7871947E-05
   728   9.7871947E-05
   729   9.7871947E-05
   730   9.7871947E-05
   731   9.7871947E-05
   732   9.7871947E-05
   733   9.7871947E-05
   734   9.7871947E-05
   735   9.7871947E-05
   736   9.7871947E-05
   737   9.7871947E-05
   738   9.7871947E-05
   739   9.7871947E-05
   740   9.7871947E-05
   741   9.7871947E-05
   742   9.7871947E-05
   743   9.7871947E-05
   744   9.7871947E-05
   745   9.7871947E-05
   746   9.7871947E-05
   747   9.7871947E-05
   748   9.7871947E-05
   749   9.7871947E-05
   750   9.7871947E-05
   751   9.7871947E-05
   752   9.7871947E-05
   753   9.7871947E-05
   754   9.7871947E-05
   755   9.7871947E-05
   756   9.7871947E-05
   757   9.7871947E-05
   758   9.7871947E-05
   759   9.7871947E-05
   760   9.7871947E-05
   761   9.7871947E-05
   762   9.7871947E-05
   763   9.7871947E-05
   764   9.7871947E-05
   765   9.7871947E-05
   766   9.7871947E-05
   767   9.7871947E-05
   768   9.7871947E-05
   769   9.7871947E-05
   770   9.7871947E-05
   771   9.7871947E-05
   772   9.7871947E-05
   773   9.7871947E-05
   774   9.7871947E-05
   775   9.7871947E-05
   776   9.7871947E-05
   777   9.7871947E-05
   778   9.7871947E-05
   779   9.7871947E-05
   780   9.7871947E-05
   781   9.7871947E-05
   782   9.7871947E-05
   783   9.7871947E-05
   784   9.7871947E-05
   785   9.7871947E-05
   786   9.7871947E-05
   787   9.7871947E-05
   788   9.7871947E-05
   789   9.7871947E-05
   790   9.7871947E-05
   791   9.7871947E-05
   792   9.7871947E-05
   793   9.7871947E-05
   794   9.7871947E-05
   795   9.7871947E-05
   796   9.7871947E-05
   797   9.7871947E-05
   798   9.7871947E-05
   799   9.7871947E-05
   800   9.7871947E-05
   801   9.7871947E-05
   802   9.7871947E-05
   803   9.7871947E-05
   804   9.7871947E-05
   805   9.7871947E-05
   806   9.7871947E-05
   807   9.7871947E-05
   808   9.7871947E-05
   809   9.7871947E-05
   810   9.7871947E-05
   811   9.7871947E-05
   812   9.7871947E-05
   813   9.7871947E-05
   814   9.7871947E-05
   815   9.7871947E-05
   816   9.7871947E-05
   817   9.7871947E-05
   818   9.7871947E-05
   819   9.7871947E-05
   820   9.7871947E-05
   821   9.7871947E-05
   822   9.7871947E-05
   823   9.7871947E-05
   824   9.7871947E-05
   825   9.7871947E-05
   826   9.7871947E-05
   827   9.7871947E-05
   828   9.7871947E-05
   829   9.7871947E-05
   830   9.7871947E-05
   831   9.7871947E-05
   832   9.7871947E-05
   833   9.7871947E-05
   834   9.7871947E-05
   835   9.7871947E-05
   836   9.7871947E-05
   837   9.7871947E-05
   838   9.7871947E-05
   839   9.7871947E-05
   840   9.7871947E-05
   841   9.7871947E-05
   842   9.7871947E-05
   843   9.7871947E-05
   844   9.7871947E-05
   845   9.7871947E-05
   846   9.7871947E-05
   847   9.7871947E-05
   848   9.7871947E-05
   849   9.7871947E-05
   850   9.7871947E-05
   851   9.7871947E-05
   852   9.7871947E-05
   853   9.7871947E-05
   854   9.7871947E-05
   855   9.7871947E-05
   856   9.7871947E-05
   857   9.7871947E-05
   858   9.7871947E-05
   859   9.7871947E-05
   860   9.7871947E-05
   861   9.7871947E-05
   862   9.7871947E-05
   863   9.7871947E-05
   864   9.7871947E-05
   865   9.7871947E-05
   866   9.7871947E-05
   867   9.7871947E-05
   868   9.7871947E-05
   869   9.7871947E-05
   870   9.7871947E-05
   871   9.7871947E-05
   872   9.7871947E-05
   873   9.7871947E-05
   874   9.7871947E-05
   875   9.7871947E-05
   876   9.7871947E-05
   877   9.7871947E-05
   878   9.7871947E-05
   879   9.7871947E-05
   880   9.7871947E-05
   881   9.7871947E-05
   882   9.7871947E-05
   883   9.7871947E-05
   884   9.7871947E-05
   885   9.7871947E-05
   886   9.7871947E-05
   887   9.7871947E-05
   888   9.7871947E-05
   889   9.7871947E-05
   890   9.7871947E-05
   891   9.7871947E-05
   892   9.7871947E-05
   893   9.7871947E-05
   894   9.7871947E-05
   895   9.7871947E-05
   896   9.7871947E-05
   897   9.7871947E-05
   898   9.7871947E-05
   899   9.7871947E-05
   900   9.7871947E-05
   901   9.7871947E-05
   902   9.7871947E-05
   903   9.7871947E-05
   904   9.7871947E-05
   905   9.7871947E-05
   906   9.7871947E-05
   907   9.7871947E-05
   908   9.7871947E-05
   909   9.7871947E-05
   910   9.7871947E-05
   911   9.7871947E-05
   912   9.7871947E-05
   913   9.7871947E-05
   914   9.7871947E-05
   915   9.7871947E-05
   916   9.7871947E-05
   917   9.7871947E-05
   918   9.7871947E-05
   919   9.7871947E-05
   920   9.7871947E-05
   921   9.7871947E-05
   922   9.7871947E-05
   923   9.7871947E-05
   924   9.7871947E-05
   925   9.7871947E-05
   926   9.7871947E-05
   927   9.7871947E-05
   928   9.7871947E-05
   929   9.7871947E-05
   930   9.7871947E-05
   931   9.7871947E-05
   932   9.7871947E-05
   933   9.7871947E-05
   934   9.7871947E-05
   935   9.7871947E-05
   936   9.7871947E-05
   937   9.7871947E-05
   938   9.7871947E-05
   939   9.7871947E-05
   940   9.7871947E-05
   941   9.7871947E-05
   942   9.7871947E-05
   943   9.7871947E-05
   944   9.7871947E-05
   945   9.7871947E-05
   946   9.7871947E-05
   947   9.7871947E-05
   948   9.7871947E-05
   949   9.7871947E-05
   950   9.7871947E-05
   951   9.7871947E-05
   952   9.7871947E-05
   953   9.7871947E-05
   954   9.7871947E-05
   955   9.7871947E-05
   956   9.7871947E-05
   957   9.7871947E-05
   958   9.7871947E-05
   959   9.7871947E-05
   960   9.7871947E-05
   961   9.7871947E-05
   962   9.7871947E-05
   963   9.7871947E-05
   964   9.7871947E-05
   965   9.7871947E-05
   966   9.7871947E-05
   967   9.7871947E-05
   968   9.7871947E-05
   969   9.7871947E-05
   970   9.7871947E-05
   971   9.7871947E-05
   972   9.7871947E-05
   973   9.7871947E-05
   974   9.7871947E-05
   975   9.7871947E-05
   976   9.7871947E-05
   977   9.7871947E-05
   978   9.7871947E-05
   979   9.7871947E-05
   980   9.7871947E-05
   981   9.7871947E-05
   982   9.7871947E-05
   983   9.7871947E-05
   984   9.7871947E-05
   985   9.7871947E-05
   986   9.7871947E-05
   987   9.7871947E-05
   988   9.7871947E-05
   989   9.7871947E-05
   990   9.7871947E-05
   991   9.7871947E-05
   992   9.7871947E-05
   993   9.7871947E-05
   994   9.7871947E-05
   995   9.7871947E-05
   996   9.7871947E-05
   997   9.7871947E-05
   998   9.7871947E-05
   999   9.7871947E-05
  1000   9.7871947E-05
  1001   9.7871947E-05
  1002   9.7871947E-05
  1003   9.7871947E-05
  1004   9.7871947E-05
  1005   9.7871947E-05
  1006   9.7871947E-05
  1007   9.7871947E-05
  1008   9.7871947E-05
  1009   9.7871947E-05
  1010   9.7871947E-05
  1011   9.7871947E-05
  1012   9.7871947E-05
  1013   9.7871947E-05
  1014   9.7871947E-05
  1015   9.7871947E-05
  1016   9.7871947E-05
  1017   9.7871947E-05
  1018   9.7871947E-05
  1019   9.7871947E-05
  1020   9.7871947E-05
  1021   9.7871947E-05
  1022   9.7871947E-05
  1023   9.7871947E-05
  1024   9.7871947E-05
  1025   9.7871947E-05
  1026   9.7871947E-05
  1027   9.7871947E-05
  1028   9.7871947E-05
  1029   9.7871947E-05
  1030   9.7871947E-05
  1031   9.7871947E-05
  1032   9.7871947E-05
  1033   9.7871947E-05
  1034   9.7871947E-05
  1035   9.7871947E-05
  1036   9.7871947E-05
  1037   9.7871947E-05
  1038   9.7871947E-05
  1039   9.7871947E-05
  1040   9.7871947E-05
  1041   9.7871947E-05
  1042   9.7871947E-05
  1043   9.7871947E-05
  1044   9.7871947E-05
  1045   9.7871947E-05
  1046   9.7871947E-05
  1047   9.7871947E-05
  1048   9.7871947E-05
  1049   9.7871947E-05
  1050   9.7871947E-05
  1051   9.7871947E-05
  1052   9.7871947E-05
  1053   9.7871947E-05
  1054   9.7871947E-05
  1055   9.7871947E-05
  1056   9.7871947E-05
  1057   9.7871947E-05
  1058   9.7871947E-05
  1059   9.7871947E-05
  1060   9.7871947E-05
  1061   9.7871947E-05
  1062   9.7871947E-05
  1063   9.7871947E-05
  1064   9.7871947E-05
  1065   9.7871947E-05
  1066   9.7871947E-05
  1067   9.7871947E-05
  1068   9.7871947E-05
  1069   9.7871947E-05
  1070   9.7871947E-05
  1071   9.7871947E-05
  1072   9.7871947E-05
  1073   9.7871947E-05
  1074   9.7871947E-05
  1075   9.7871947E-05
  1076   9.7871947E-05
  1077   9.7871947E-05
  1078   9.7871947E-05
  1079   9.7871947E-05
  1080   9.7871947E-05
  1081   9.7871947E-05
  1082   9.7871947E-05
  1083   9.7871947E-05
  1084   9.7871947E-05
  1085   9.7871947E-05
  1086   9.7871947E-05
  1087   9.7871947E-05
  1088   9.7871947E-05
  1089   9.7871947E-05
  1090   9.7871947E-05
  1091   9.7871947E-05
  1092   9.7871947E-05
  1093   9.7871947E-05
  1094   9.7871947E-05
  1095   9.7871947E-05
  1096   9.7871947E-05
  1097   9.7871947E-05
  1098   9.7871947E-05
  1099   9.7871947E-05
  1100   9.7871947E-05
  1101   9.7871947E-05
  1102   9.7871947E-05
  1103   9.7871947E-05
  1104   9.7871947E-05
  1105   9.7871947E-05
  1106   9.7871947E-05
  1107   9.7871947E-05
  1108   9.7871947E-05
  1109   9.7871947E-05
  1110   9.7871947E-05
  1111   9.7871947E-05
  1112   9.7871947E-05
  1113   9.7871947E-05
  1114   9.7871947E-05
  1115   9.7871947E-05
  1116   9.7871947E-05
  1117   9.7871947E-05
  1118   9.7871947E-05
  1119   9.7871947E-05
  1120   9.7871947E-05
  1121   9.7871947E-05
  1122   9.7871947E-05
  1123   9.7871947E-05
  1124   9.7871947E-05
  1125   9.7871947E-05
  1126   9.7871947E-05
  1127   9.7871947E-05
  1128   9.7871947E-05
  1129   9.7871947E-05
  1130   9.7871947E-05
  1131   9.7871947E-05
  1132   9.7871947E-05
  1133   9.7871947E-05
  1134   9.7871947E-05
  1135   9.7871947E-05
  1136   9.7871947E-05
  1137   9.7871947E-05
  1138   9.7871947E-05
  1139   9.7871947E-05
  1140   9.7871947E-05
  1141   9.7871947E-05
  1142   9.7871947E-05
  1143   9.7871947E-05
  1144   9.7871947E-05
  1145   9.7871947E-05
  1146   9.7871947E-05
  1147   9.7871947E-05
  1148   9.7871947E-05
  1149   9.7871947E-05
  1150   9.7871947E-05
  1151   9.7871947E-05
  1152   9.7871947E-05
  1153   9.7871947E-05
  1154   9.7871947E-05
  1155   9.7871947E-05
  1156   9.7871947E-05
  1157   9.7871947E-05
  1158   9.7871947E-05
  1159   9.7871947E-05
  1160   9.7871947E-05
  1161   9.7871947E-05
  1162   9.7871947E-05
  1163   9.7871947E-05
  1164   9.7871947E-05
  1165   9.7871947E-05
  1166   9.7871947E-05
  1167   9.7871947E-05
  1168   9.7871947E-05
  1169   9.7871947E-05
  1170   9.7871947E-05
  1171   9.7871947E-05
  1172   9.7871947E-05
  1173   9.7871947E-05
  1174   9.7871947E-05
  1175   9.7871947E-05
  1176   9.7871947E-05
  1177   9.7871947E-05
  1178   9.7871947E-05
  1179   9.7871947E-05
  1180   9.7871947E-05
  1181   9.7871947E-05
  1182   9.7871947E-05
  1183   9.7871947E-05
  1184   9.7871947E-05
  1185   9.7871947E-05
  1186   9.7871947E-05
  1187   9.7871947E-05
  1188   9.7871947E-05
  1189   9.7871947E-05
  1190   9.7871947E-05
  1191   9.7871947E-05
  1192   9.7871947E-05
  1193   9.7871947E-05
  1194   9.7871947E-05
  1195   9.7871947E-05
  1196   9.7871947E-05
  1197   9.7871947E-05
  1198   9.7871947E-05
  1199   9.7871947E-05
  1200   9.7871947E-05
  1201   9.7871947E-05
  1202   9.7871947E-05
  1203   9.7871947E-05
  1204   9.7871947E-05
  1205   9.7871947E-05
  1206   9.7871947E-05
  1207   9.7871947E-05
  1208   9.7871947E-05
  1209   9.7871947E-05
  1210   9.7871947E-05
  1211   9.7871947E-05
  1212   9.7871947E-05
  1213   9.7871947E-05
  1214   9.7871947E-05
  1215   9.7871947E-05
  1216   9.7871947E-05
  1217   9.7871947E-05
  1218   9.7871947E-05
  1219   9.7871947E-05
  1220   9.7871947E-05
  1221   9.7871947E-05
  1222   9.7871947E-05
  1223   9.7871947E-05
  1224   9.7871947E-05
  1225   9.7871947E-05
  1226   9.7871947E-05
  1227   9.7871947E-05
  1228   9.7871947E-05
  1229   9.7871947E-05
  1230   9.7871947E-05
  1231   9.7871947E-05
  1232   9.7871947E-05
  1233   9.7871947E-05
  1234   9.7871947E-05
  1235   9.7871947E-05
  1236   9.7871947E-05
  1237   9.7871947E-05
  1238   9.7871947E-05
  1239   9.7871947E-05
  1240   9.7871947E-05
  1241   9.7871947E-05
  1242   9.7871947E-05
  1243   9.7871947E-05
  1244   9.7871947E-05
  1245   9.7871947E-05
  1246   9.7871947E-05
  1247   9.7871947E-05
  1248   9.7871947E-05
  1249   9.7871947E-05
  1250   9.7871947E-05
  1251   9.7871947E-05
  1252   9.7871947E-05
  1253   9.7871947E-05
  1254   9.7871947E-05
  1255   9.7871947E-05
  1256   9.7871947E-05
  1257   9.7871947E-05
  1258   9.7871947E-05
  1259   9.7871947E-05
  1260   9.7871947E-05
  1261   9.7871947E-05
  1262   9.7871947E-05
  1263   9.7871947E-05
  1264   9.7871947E-05
  1265   9.7871947E-05
  1266   9.7871947E-05
  1267   9.7871947E-05
  1268   9.7871947E-05
  1269   9.7871947E-05
  1270   9.7871947E-05
  1271   9.7871947E-05
  1272   9.7871947E-05
  1273   9.7871947E-05
  1274   9.7871947E-05
  1275   9.7871947E-05
  1276   9.7871947E-05
  1277   9.7871947E-05
  1278   9.7871947E-05
  1279   9.7871947E-05
  1280   9.7871947E-05
  1281   9.7871947E-05
  1282   9.7871947E-05
  1283   9.7871947E-05
  1284   9.7871947E-05
  1285   9.7871947E-05
  1286   9.7871947E-05
  1287   9.7871947E-05
  1288   9.7871947E-05
  1289   9.7871947E-05
  1290   9.7871947E-05
  1291   9.7871947E-05
  1292   9.7871947E-05
  1293   9.7871947E-05
  1294   9.7871947E-05
  1295   9.7871947E-05
  1296   9.7871947E-05
  1297   9.7871947E-05
  1298   9.7871947E-05
  1299   9.7871947E-05
  1300   9.7871947E-05
  1301   9.7871947E-05
  1302   9.7871947E-05
  1303   9.7871947E-05
  1304   9.7871947E-05
  1305   9.7871947E-05
  1306   9.7871947E-05
  1307   9.7871947E-05
  1308   9.7871947E-05
  1309   9.7871947E-05
  1310   9.7871947E-05
  1311   9.7871947E-05
  1312   9.7871947E-05
  1313   9.7871947E-05
  1314   9.7871947E-05
  1315   9.7871947E-05
  1316   9.7871947E-05
  1317   9.7871947E-05
  1318   9.7871947E-05
  1319   9.7871947E-05
  1320   9.7871947E-05
  1321   9.7871947E-05
  1322   9.7871947E-05
  1323   9.7871947E-05
  1324   9.7871947E-05
  1325   9.7871947E-05
  1326   9.7871947E-05
  1327   9.7871947E-05
  1328   9.7871947E-05
  1329   9.7871947E-05
  1330   9.7871947E-05
  1331   9.7871947E-05
  1332   9.7871947E-05
  1333   9.7871947E-05
  1334   9.7871947E-05
  1335   9.7871947E-05
  1336   9.7871947E-05
  1337   9.7871947E-05
  1338   9.7871947E-05
  1339   9.7871947E-05
  1340   9.7871947E-05
  1341   9.7871947E-05
  1342   9.7871947E-05
  1343   9.7871947E-05
  1344   9.7871947E-05
  1345   9.7871947E-05
  1346   9.7871947E-05
  1347   9.7871947E-05
  1348   9.7871947E-05
  1349   9.7871947E-05
  1350   9.7871947E-05
  1351   9.7871947E-05
  1352   9.7871947E-05
  1353   9.7871947E-05
  1354   9.7871947E-05
  1355   9.7871947E-05
  1356   9.7871947E-05
  1357   9.7871947E-05
  1358   9.7871947E-05
  1359   9.7871947E-05
  1360   9.7871947E-05
  1361   9.7871947E-05
  1362   9.7871947E-05
  1363   9.7871947E-05
  1364   9.7871947E-05
  1365   9.7871947E-05
  1366   9.7871947E-05
  1367   9.7871947E-05
  1368   9.7871947E-05
  1369   9.7871947E-05
  1370   9.7871947E-05
  1371   9.7871947E-05
  1372   9.7871947E-05
  1373   9.7871947E-05
  1374   9.7871947E-05
  1375   9.7871947E-05
  1376   9.7871947E-05
  1377   9.7871947E-05
  1378   9.7871947E-05
  1379   9.7871947E-05
  1380   9.7871947E-05
  1381   9.7871947E-05
  1382   9.7871947E-05
  1383   9.7871947E-05
  1384   9.7871947E-05
  1385   9.7871947E-05
  1386   9.7871947E-05
  1387   9.7871947E-05
  1388   9.7871947E-05
  1389   9.7871947E-05
  1390   9.7871947E-05
  1391   9.7871947E-05
  1392   9.7871947E-05
  1393   9.7871947E-05
  1394   9.7871947E-05
  1395   9.7871947E-05
  1396   9.7871947E-05
  1397   9.7871947E-05
  1398   9.7871947E-05
  1399   9.7871947E-05
  1400   9.7871947E-05
  1401   9.7871947E-05
  1402   9.7871947E-05
  1403   9.7871947E-05
  1404   9.7871947E-05
  1405   9.7871947E-05
  1406   9.7871947E-05
  1407   9.7871947E-05
  1408   9.7871947E-05
  1409   9.7871947E-05
  1410   9.7871947E-05
  1411   9.7871947E-05
  1412   9.7871947E-05
  1413   9.7871947E-05
  1414   9.7871947E-05
  1415   9.7871947E-05
  1416   9.7871947E-05
  1417   9.7871947E-05
  1418   9.7871947E-05
  1419   9.7871947E-05
  1420   9.7871947E-05
  1421   9.7871947E-05
  1422   9.7871947E-05
  1423   9.7871947E-05
  1424   9.7871947E-05
  1425   9.7871947E-05
  1426   9.7871947E-05
  1427   9.7871947E-05
  1428   9.7871947E-05
  1429   9.7871947E-05
  1430   9.7871947E-05
  1431   9.7871947E-05
  1432   9.7871947E-05
  1433   9.7871947E-05
  1434   9.7871947E-05
  1435   9.7871947E-05
  1436   9.7871947E-05
  1437   9.7871947E-05
  1438   9.7871947E-05
  1439   9.7871947E-05
  1440   9.7871947E-05
  1441   9.7871947E-05
  1442   9.7871947E-05
  1443   9.7871947E-05
  1444   9.7871947E-05
  1445   9.7871947E-05
  1446   9.7871947E-05
  1447   9.7871947E-05
  1448   9.7871947E-05
  1449   9.7871947E-05
  1450   9.7871947E-05
  1451   9.7871947E-05
  1452   9.7871947E-05
  1453   9.7871947E-05
  1454   9.7871947E-05
  1455   9.7871947E-05
  1456   9.7871947E-05
  1457   9.7871947E-05
  1458   9.7871947E-05
  1459   9.7871947E-05
  1460   9.7871947E-05
  1461   9.7871947E-05
  1462   9.7871947E-05
  1463   9.7871947E-05
  1464   9.7871947E-05
  1465   9.7871947E-05
  1466   9.7871947E-05
  1467   9.7871947E-05
  1468   9.7871947E-05
  1469   9.7871947E-05
  1470   9.7871947E-05
  1471   9.7871947E-05
  1472   9.7871947E-05
  1473   9.7871947E-05
  1474   9.7871947E-05
  1475   9.7871947E-05
  1476   9.7871947E-05
  1477   9.7871947E-05
  1478   9.7871947E-05
  1479   9.7871947E-05
  1480   9.7871947E-05
  1481   9.7871947E-05
  1482   9.7871947E-05
  1483   9.7871947E-05
  1484   9.7871947E-05
  1485   9.7871947E-05
  1486   9.7871947E-05
  1487   9.7871947E-05
  1488   9.7871947E-05
  1489   9.7871947E-05
  1490   9.7871947E-05
  1491   9.7871947E-05
  1492   9.7871947E-05
  1493   9.7871947E-05
  1494   9.7871947E-05
  1495   9.7871947E-05
  1496   9.7871947E-05
  1497   9.7871947E-05
  1498   9.7871947E-05
  1499   9.7871947E-05
  1500   9.7871947E-05
  1501   9.7871947E-05
  1502   9.7871947E-05
  1503   9.7871947E-05
  1504   9.7871947E-05
  1505   9.7871947E-05
  1506   9.7871947E-05
  1507   9.7871947E-05
  1508   9.7871947E-05
  1509   9.7871947E-05
  1510   9.7871947E-05
  1511   9.7871947E-05
  1512   9.7871947E-05
  1513   9.7871947E-05
  1514   9.7871947E-05
  1515   9.7871947E-05
  1516   9.7871947E-05
  1517   9.7871947E-05
  1518   9.7871947E-05
  1519   9.7871947E-05
  1520   9.7871947E-05
  1521   9.7871947E-05
  1522   9.7871947E-05
  1523   9.7871947E-05
  1524   9.7871947E-05
  1525   9.7871947E-05
  1526   9.7871947E-05
  1527   9.7871947E-05
  1528   9.7871947E-05
  1529   9.7871947E-05
  1530   9.7871947E-05
  1531   9.7871947E-05
  1532   9.7871947E-05
  1533   9.7871947E-05
  1534   9.7871947E-05
  1535   9.7871947E-05
  1536   9.7871947E-05
  1537   9.7871947E-05
  1538   9.7871947E-05
  1539   9.7871947E-05
  1540   9.7871947E-05
  1541   9.7871947E-05
  1542   9.7871947E-05
  1543   9.7871947E-05
  1544   9.7871947E-05
  1545   9.7871947E-05
  1546   9.7871947E-05
  1547   9.7871947E-05
  1548   9.7871947E-05
  1549   9.7871947E-05
  1550   9.7871947E-05
  1551   9.7871947E-05
  1552   9.7871947E-05
  1553   9.7871947E-05
  1554   9.7871947E-05
  1555   9.7871947E-05
  1556   9.7871947E-05
  1557   9.7871947E-05
  1558   9.7871947E-05
  1559   9.7871947E-05
  1560   9.7871947E-05
  1561   9.7871947E-05
  1562   9.7871947E-05
  1563   9.7871947E-05
  1564   9.7871947E-05
  1565   9.7871947E-05
  1566   9.7871947E-05
  1567   9.7871947E-05
  1568   9.7871947E-05
  1569   9.7871947E-05
  1570   9.7871947E-05
  1571   9.7871947E-05
  1572   9.7871947E-05
  1573   9.7871947E-05
  1574   9.7871947E-05
  1575   9.7871947E-05
  1576   9.7871947E-05
  1577   9.7871947E-05
  1578   9.7871947E-05
  1579   9.7871947E-05
  1580   9.7871947E-05
  1581   9.7871947E-05
  1582   9.7871947E-05
  1583   9.7871947E-05
  1584   9.7871947E-05
  1585   9.7871947E-05
  1586   9.7871947E-05
  1587   9.7871947E-05
  1588   9.7871947E-05
  1589   9.7871947E-05
  1590   9.7871947E-05
  1591   9.7871947E-05
  1592   9.7871947E-05
  1593   9.7871947E-05
  1594   9.7871947E-05
  1595   9.7871947E-05
  1596   9.7871947E-05
  1597   9.7871947E-05
  1598   9.7871947E-05
  1599   9.7871947E-05
  1600   9.7871947E-05
  1601   9.7871947E-05
  1602   9.7871947E-05
  1603   9.7871947E-05
  1604   9.7871947E-05
  1605   9.7871947E-05
  1606   9.7871947E-05
  1607   9.7871947E-05
  1608   9.7871947E-05
  1609   9.7871947E-05
  1610   9.7871947E-05
  1611   9.7871947E-05
  1612   9.7871947E-05
  1613   9.7871947E-05
  1614   9.7871947E-05
  1615   9.7871947E-05
  1616   9.7871947E-05
  1617   9.7871947E-05
  1618   9.7871947E-05
  1619   9.7871947E-05
  1620   9.7871947E-05
  1621   9.7871947E-05
  1622   9.7871947E-05
  1623   9.7871947E-05
  1624   9.7871947E-05
  1625   9.7871947E-05
  1626   9.7871947E-05
  1627   9.7871947E-05
  1628   9.7871947E-05
  1629   9.7871947E-05
  1630   9.7871947E-05
  1631   9.7871947E-05
  1632   9.7871947E-05
  1633   9.7871947E-05
  1634   9.7871947E-05
  1635   9.7871947E-05
  1636   9.7871947E-05
  1637   9.7871947E-05
  1638   9.7871947E-05
  1639   9.7871947E-05
  1640   9.7871947E-05
  1641   9.7871947E-05
  1642   9.7871947E-05
  1643   9.7871947E-05
  1644   9.7871947E-05
  1645   9.7871947E-05
  1646   9.7871947E-05
  1647   9.7871947E-05
  1648   9.7871947E-05
  1649   9.7871947E-05
  1650   9.7871947E-05
  1651   9.7871947E-05
  1652   9.7871947E-05
  1653   9.7871947E-05
  1654   9.7871947E-05
  1655   9.7871947E-05
  1656   9.7871947E-05
  1657   9.7871947E-05
  1658   9.7871947E-05
  1659   9.7871947E-05
  1660   9.7871947E-05
  1661   9.7871947E-05
  1662   9.7871947E-05
  1663   9.7871947E-05
  1664   9.7871947E-05
  1665   9.7871947E-05
  1666   9.7871947E-05
  1667   9.7871947E-05
  1668   9.7871947E-05
  1669   9.7871947E-05
  1670   9.7871947E-05
  1671   9.7871947E-05
  1672   9.7871947E-05
  1673   9.7871947E-05
  1674   9.7871947E-05
  1675   9.7871947E-05
  1676   9.7871947E-05
  1677   9.7871947E-05
  1678   9.7871947E-05
  1679   9.7871947E-05
  1680   9.7871947E-05
  1681   9.7871947E-05
  1682   9.7871947E-05
  1683   9.7871947E-05
  1684   9.7871947E-05
  1685   9.7871947E-05
  1686   9.7871947E-05
  1687   9.7871947E-05
  1688   9.7871947E-05
  1689   9.7871947E-05
  1690   9.7871947E-05
  1691   9.7871947E-05
  1692   9.7871947E-05
  1693   9.7871947E-05
  1694   9.7871947E-05
  1695   9.7871947E-05
  1696   9.7871947E-05
  1697   9.7871947E-05
  1698   9.7871947E-05
  1699   9.7871947E-05
  1700   9.7871947E-05
  1701   9.7871947E-05
  1702   9.7871947E-05
  1703   9.7871947E-05
  1704   9.7871947E-05
  1705   9.7871947E-05
  1706   9.7871947E-05
  1707   9.7871947E-05
  1708   9.7871947E-05
  1709   9.7871947E-05
  1710   9.7871947E-05
  1711   9.7871947E-05
  1712   9.7871947E-05
  1713   9.7871947E-05
  1714   9.7871947E-05
  1715   9.7871947E-05
  1716   9.7871947E-05
  1717   9.7871947E-05
  1718   9.7871947E-05
  1719   9.7871947E-05
  1720   9.7871947E-05
  1721   9.7871947E-05
  1722   9.7871947E-05
  1723   9.7871947E-05
  1724   9.7871947E-05
  1725   9.7871947E-05
  1726   9.7871947E-05
  1727   9.7871947E-05
  1728   9.7871947E-05
  1729   9.7871947E-05
  1730   9.7871947E-05
  1731   9.7871947E-05
  1732   9.7871947E-05
  1733   9.7871947E-05
  1734   9.7871947E-05
  1735   9.7871947E-05
  1736   9.7871947E-05
  1737   9.7871947E-05
  1738   9.7871947E-05
  1739   9.7871947E-05
  1740   9.7871947E-05
  1741   9.7871947E-05
  1742   9.7871947E-05
  1743   9.7871947E-05
  1744   9.7871947E-05
  1745   9.7871947E-05
  1746   9.7871947E-05
  1747   9.7871947E-05
  1748   9.7871947E-05
  1749   9.7871947E-05
  1750   9.7871947E-05
  1751   9.7871947E-05
  1752   9.7871947E-05
  1753   9.7871947E-05
  1754   9.7871947E-05
  1755   9.7871947E-05
  1756   9.7871947E-05
  1757   9.7871947E-05
  1758   9.7871947E-05
  1759   9.7871947E-05
  1760   9.7871947E-05
  1761   9.7871947E-05
  1762   9.7871947E-05
  1763   9.7871947E-05
  1764   9.7871947E-05
  1765   9.7871947E-05
  1766   9.7871947E-05
  1767   9.7871947E-05
  1768   9.7871947E-05
  1769   9.7871947E-05
  1770   9.7871947E-05
  1771   9.7871947E-05
  1772   9.7871947E-05
  1773   9.7871947E-05
  1774   9.7871947E-05
  1775   9.7871947E-05
  1776   9.7871947E-05
  1777   9.7871947E-05
  1778   9.7871947E-05
  1779   9.7871947E-05
  1780   9.7871947E-05
  1781   9.7871947E-05
  1782   9.7871947E-05
  1783   9.7871947E-05
  1784   9.7871947E-05
  1785   9.7871947E-05
  1786   9.7871947E-05
  1787   9.7871947E-05
  1788   9.7871947E-05
  1789   9.7871947E-05
  1790   9.7871947E-05
  1791   9.7871947E-05
  1792   9.7871947E-05
  1793   9.7871947E-05
  1794   9.7871947E-05
  1795   9.7871947E-05
  1796   9.7871947E-05
  1797   9.7871947E-05
  1798   9.7871947E-05
  1799   9.7871947E-05
  1800   9.7871947E-05
  1801   9.7871947E-05
  1802   9.7871947E-05
  1803   9.7871947E-05
  1804   9.7871947E-05
  1805   9.7871947E-05
  1806   9.7871947E-05
  1807   9.7871947E-05
  1808   9.7871947E-05
  1809   9.7871947E-05
  1810   9.7871947E-05
  1811   9.7871947E-05
  1812   9.7871947E-05
  1813   9.7871947E-05
  1814   9.7871947E-05
  1815   9.7871947E-05
  1816   9.7871947E-05
  1817   9.7871947E-05
  1818   9.7871947E-05
  1819   9.7871947E-05
  1820   9.7871947E-05
  1821   9.7871947E-05
  1822   9.7871947E-05
  1823   9.7871947E-05
  1824   9.7871947E-05
  1825   9.7871947E-05
  1826   9.7871947E-05
  1827   9.7871947E-05
  1828   9.7871947E-05
  1829   9.7871947E-05
  1830   9.7871947E-05
  1831   9.7871947E-05
  1832   9.7871947E-05
  1833   9.7871947E-05
  1834   9.7871947E-05
  1835   9.7871947E-05
  1836   9.7871947E-05
  1837   9.7871947E-05
  1838   9.7871947E-05
  1839   9.7871947E-05
  1840   9.7871947E-05
  1841   9.7871947E-05
  1842   9.7871947E-05
  1843   9.7871947E-05
  1844   9.7871947E-05
  1845   9.7871947E-05
  1846   9.7871947E-05
  1847   9.7871947E-05
  1848   9.7871947E-05
  1849   9.7871947E-05
  1850   9.7871947E-05
  1851   9.7871947E-05
  1852   9.7871947E-05
  1853   9.7871947E-05
  1854   9.7871947E-05
  1855   9.7871947E-05
  1856   9.7871947E-05
  1857   9.7871947E-05
  1858   9.7871947E-05
  1859   9.7871947E-05
  1860   9.7871947E-05
  1861   9.7871947E-05
  1862   9.7871947E-05
  1863   9.7871947E-05
  1864   9.7871947E-05
  1865   9.7871947E-05
  1866   9.7871947E-05
  1867   9.7871947E-05
  1868   9.7871947E-05
  1869   9.7871947E-05
  1870   9.7871947E-05
  1871   9.7871947E-05
  1872   9.7871947E-05
  1873   9.7871947E-05
  1874   9.7871947E-05
  1875   9.7871947E-05
  1876   9.7871947E-05
  1877   9.7871947E-05
  1878   9.7871947E-05
  1879   9.7871947E-05
  1880   9.7871947E-05
  1881   9.7871947E-05
  1882   9.7871947E-05
  1883   9.7871947E-05
  1884   9.7871947E-05
  1885   9.7871947E-05
  1886   9.7871947E-05
  1887   9.7871947E-05
  1888   9.7871947E-05
  1889   9.7871947E-05
  1890   9.7871947E-05
  1891   9.7871947E-05
  1892   9.7871947E-05
  1893   9.7871947E-05
  1894   9.7871947E-05
  1895   9.7871947E-05
  1896   9.7871947E-05
  1897   9.7871947E-05
  1898   9.7871947E-05
  1899   9.7871947E-05
  1900   9.7871947E-05
  1901   9.7871947E-05
  1902   9.7871947E-05
  1903   9.7871947E-05
  1904   9.7871947E-05
  1905   9.7871947E-05
  1906   9.7871947E-05
  1907   9.7871947E-05
  1908   9.7871947E-05
  1909   9.7871947E-05
  1910   9.7871947E-05
  1911   9.7871947E-05
  1912   9.7871947E-05
  1913   9.7871947E-05
  1914   9.7871947E-05
  1915   9.7871947E-05
  1916   9.7871947E-05
  1917   9.7871947E-05
  1918   9.7871947E-05
  1919   9.7871947E-05
  1920   9.7871947E-05
  1921   9.7871947E-05
  1922   9.7871947E-05
  1923   9.7871947E-05
  1924   9.7871947E-05
  1925   9.7871947E-05
  1926   9.7871947E-05
  1927   9.7871947E-05
  1928   9.7871947E-05
  1929   9.7871947E-05
  1930   9.7871947E-05
  1931   9.7871947E-05
  1932   9.7871947E-05
  1933   9.7871947E-05
  1934   9.7871947E-05
  1935   9.7871947E-05
  1936   9.7871947E-05
  1937   9.7871947E-05
  1938   9.7871947E-05
  1939   9.7871947E-05
  1940   9.7871947E-05
  1941   9.7871947E-05
  1942   9.7871947E-05
  1943   9.7871947E-05
  1944   9.7871947E-05
  1945   9.7871947E-05
  1946   9.7871947E-05
  1947   9.7871947E-05
  1948   9.7871947E-05
  1949   9.7871947E-05
  1950   9.7871947E-05
  1951   9.7871947E-05
  1952   9.7871947E-05
  1953   9.7871947E-05
  1954   9.7871947E-05
  1955   9.7871947E-05
  1956   9.7871947E-05
  1957   9.7871947E-05
  1958   9.7871947E-05
  1959   9.7871947E-05
  1960   9.7871947E-05
  1961   9.7871947E-05
  1962   9.7871947E-05
  1963   9.7871947E-05
  1964   9.7871947E-05
  1965   9.7871947E-05
  1966   9.7871947E-05
  1967   9.7871947E-05
  1968   9.7871947E-05
  1969   9.7871947E-05
  1970   9.7871947E-05
  1971   9.7871947E-05
  1972   9.7871947E-05
  1973   9.7871947E-05
  1974   9.7871947E-05
  1975   9.7871947E-05
  1976   9.7871947E-05
  1977   9.7871947E-05
  1978   9.7871947E-05
  1979   9.7871947E-05
  1980   9.7871947E-05
  1981   9.7871947E-05
  1982   9.7871947E-05
  1983   9.7871947E-05
  1984   9.7871947E-05
  1985   9.7871947E-05
  1986   9.7871947E-05
  1987   9.7871947E-05
  1988   9.7871947E-05
  1989   9.7871947E-05
  1990   9.7871947E-05
  1991   9.7871947E-05
  1992   9.7871947E-05
  1993   9.7871947E-05
  1994   9.7871947E-05
  1995   9.7871947E-05
  1996   9.7871947E-05
  1997   9.7871947E-05
  1998   9.7871947E-05
  1999   9.7871947E-05
  2000   9.7871947E-05
  2001   9.7871947E-05
  2002   9.7871947E-05
  2003   9.7871947E-05
  2004   9.7871947E-05
  2005   9.7871947E-05
  2006   9.7871947E-05
  2007   9.7871947E-05
  2008   9.7871947E-05
  2009   9.7871947E-05
  2010   9.7871947E-05
  2011   9.7871947E-05
  2012   9.7871947E-05
  2013   9.7871947E-05
  2014   9.7871947E-05
  2015   9.7871947E-05
  2016   9.7871947E-05
  2017   9.7871947E-05
  2018   9.7871947E-05
  2019   9.7871947E-05
  2020   9.7871947E-05
  2021   9.7871947E-05
  2022   9.7871947E-05
  2023   9.7871947E-05
  2024   9.7871947E-05
  2025   9.7871947E-05
  2026   9.7871947E-05
  2027   9.7871947E-05
  2028   9.7871947E-05
  2029   9.7871947E-05
  2030   9.7871947E-05
  2031   9.7871947E-05
  2032   9.7871947E-05
  2033   9.7871947E-05
  2034   9.7871947E-05
  2035   9.7871947E-05
  2036   9.7871947E-05
  2037   9.7871947E-05
  2038   9.7871947E-05
  2039   9.7871947E-05
  2040   9.7871947E-05
  2041   9.7871947E-05
  2042   9.7871947E-05
  2043   9.7871947E-05
  2044   9.7871947E-05
  2045   9.7871947E-05
  2046   9.7871947E-05
  2047   9.7871947E-05
  2048   9.7871947E-05
  2049   9.7871947E-05
  2050   9.7871947E-05
  2051   9.7871947E-05
  2052   9.7871947E-05
  2053   9.7871947E-05
  2054   9.7871947E-05
  2055   9.7871947E-05
  2056   9.7871947E-05
  2057   9.7871947E-05
  2058   9.7871947E-05
  2059   9.7871947E-05
  2060   9.7871947E-05
  2061   9.7871947E-05
  2062   9.7871947E-05
  2063   9.7871947E-05
  2064   9.7871947E-05
  2065   9.7871947E-05
  2066   9.7871947E-05
  2067   9.7871947E-05
  2068   9.7871947E-05
  2069   9.7871947E-05
  2070   9.7871947E-05
  2071   9.7871947E-05
  2072   9.7871947E-05
  2073   9.7871947E-05
  2074   9.7871947E-05
  2075   9.7871947E-05
  2076   9.7871947E-05
  2077   9.7871947E-05
  2078   9.7871947E-05
  2079   9.7871947E-05
  2080   9.7871947E-05
  2081   9.7871947E-05
  2082   9.7871947E-05
  2083   9.7871947E-05
  2084   9.7871947E-05
  2085   9.7871947E-05
  2086   9.7871947E-05
  2087   9.7871947E-05
  2088   9.7871947E-05
  2089   9.7871947E-05
  2090   9.7871947E-05
  2091   9.7871947E-05
  2092   9.7871947E-05
  2093   9.7871947E-05
  2094   9.7871947E-05
  2095   9.7871947E-05
  2096   9.7871947E-05
  2097   9.7871947E-05
  2098   9.7871947E-05
  2099   9.7871947E-05
  2100   9.7871947E-05
  2101   9.7871947E-05
  2102   9.7871947E-05
  2103   9.7871947E-05
  2104   9.7871947E-05
  2105   9.7871947E-05
  2106   9.7871947E-05
  2107   9.7871947E-05
  2108   9.7871947E-05
  2109   9.7871947E-05
  2110   9.7871947E-05
  2111   9.7871947E-05
  2112   9.7871947E-05
  2113   9.7871947E-05
  2114   9.7871947E-05
  2115   9.7871947E-05
  2116   9.7871947E-05
  2117   9.7871947E-05
  2118   9.7871947E-05
  2119   9.7871947E-05
  2120   9.7871947E-05
  2121   9.7871947E-05
  2122   9.7871947E-05
  2123   9.7871947E-05
  2124   9.7871947E-05
  2125   9.7871947E-05
  2126   9.7871947E-05
  2127   9.7871947E-05
  2128   9.7871947E-05
  2129   9.7871947E-05
  2130   9.7871947E-05
  2131   9.7871947E-05
  2132   9.7871947E-05
  2133   9.7871947E-05
  2134   9.7871947E-05
  2135   9.7871947E-05
  2136   9.7871947E-05
  2137   9.7871947E-05
  2138   9.7871947E-05
  2139   9.7871947E-05
  2140   9.7871947E-05
  2141   9.7871947E-05
  2142   9.7871947E-05
  2143   9.7871947E-05
  2144   9.7871947E-05
  2145   9.7871947E-05
  2146   9.7871947E-05
  2147   9.7871947E-05
  2148   9.7871947E-05
  2149   9.7871947E-05
  2150   9.7871947E-05
  2151   9.7871947E-05
  2152   9.7871947E-05
  2153   9.7871947E-05
  2154   9.7871947E-05
  2155   9.7871947E-05
  2156   9.7871947E-05
  2157   9.7871947E-05
  2158   9.7871947E-05
  2159   9.7871947E-05
  2160   9.7871947E-05
  2161   9.7871947E-05
  2162   9.7871947E-05
  2163   9.7871947E-05
  2164   9.7871947E-05
  2165   9.7871947E-05
  2166   9.7871947E-05
  2167   9.7871947E-05
  2168   9.7871947E-05
  2169   9.7871947E-05
  2170   9.7871947E-05
  2171   9.7871947E-05
  2172   9.7871947E-05
  2173   9.7871947E-05
  2174   9.7871947E-05
  2175   9.7871947E-05
  2176   9.7871947E-05
  2177   9.7871947E-05
  2178   9.7871947E-05
  2179   9.7871947E-05
  2180   9.7871947E-05
  2181   9.7871947E-05
  2182   9.7871947E-05
  2183   9.7871947E-05
  2184   9.7871947E-05
  2185   9.7871947E-05
  2186   9.7871947E-05
  2187   9.7871947E-05
  2188   9.7871947E-05
  2189   9.7871947E-05
  2190   9.7871947E-05
  2191   9.7871947E-05
  2192   9.7871947E-05
  2193   9.7871947E-05
  2194   9.7871947E-05
  2195   9.7871947E-05
  2196   9.7871947E-05
  2197   9.7871947E-05
  2198   9.7871947E-05
  2199   9.7871947E-05
  2200   9.7871947E-05
  2201   9.7871947E-05
  2202   9.7871947E-05
  2203   9.7871947E-05
  2204   9.7871947E-05
  2205   9.7871947E-05
  2206   9.7871947E-05
  2207   9.7871947E-05
  2208   9.7871947E-05
  2209   9.7871947E-05
  2210   9.7871947E-05
  2211   9.7871947E-05
  2212   9.7871947E-05
  2213   9.7871947E-05
  2214   9.7871947E-05
  2215   9.7871947E-05
  2216   9.7871947E-05
  2217   9.7871947E-05
  2218   9.7871947E-05
  2219   9.7871947E-05
  2220   9.7871947E-05
  2221   9.7871947E-05
  2222   9.7871947E-05
  2223   9.7871947E-05
  2224   9.7871947E-05
  2225   9.7871947E-05
  2226   9.7871947E-05
  2227   9.7871947E-05
  2228   9.7871947E-05
  2229   9.7871947E-05
  2230   9.7871947E-05
  2231   9.7871947E-05
  2232   9.7871947E-05
  2233   9.7871947E-05
  2234   9.7871947E-05
  2235   9.7871947E-05
  2236   9.7871947E-05
  2237   9.7871947E-05
  2238   9.7871947E-05
  2239   9.7871947E-05
  2240   9.7871947E-05
  2241   9.7871947E-05
  2242   9.7871947E-05
  2243   9.7871947E-05
  2244   9.7871947E-05
  2245   9.7871947E-05
  2246   9.7871947E-05
  2247   9.7871947E-05
  2248   9.7871947E-05
  2249   9.7871947E-05
  2250   9.7871947E-05
  2251   9.7871947E-05
  2252   9.7871947E-05
  2253   9.7871947E-05
  2254   9.7871947E-05
  2255   9.7871947E-05
  2256   9.7871947E-05
  2257   9.7871947E-05
  2258   9.7871947E-05
  2259   9.7871947E-05
  2260   9.7871947E-05
  2261   9.7871947E-05
  2262   9.7871947E-05
  2263   9.7871947E-05
  2264   9.7871947E-05
  2265   9.7871947E-05
  2266   9.7871947E-05
  2267   9.7871947E-05
  2268   9.7871947E-05
  2269   9.7871947E-05
  2270   9.7871947E-05
  2271   9.7871947E-05
  2272   9.7871947E-05
  2273   9.7871947E-05
  2274   9.7871947E-05
  2275   9.7871947E-05
  2276   9.7871947E-05
  2277   9.7871947E-05
  2278   9.7871947E-05
  2279   9.7871947E-05
  2280   9.7871947E-05
  2281   9.7871947E-05
  2282   9.7871947E-05
  2283   9.7871947E-05
  2284   9.7871947E-05
  2285   9.7871947E-05
  2286   9.7871947E-05
  2287   9.7871947E-05
  2288   9.7871947E-05
  2289   9.7871947E-05
  2290   9.7871947E-05
  2291   9.7871947E-05
  2292   9.7871947E-05
  2293   9.7871947E-05
  2294   9.7871947E-05
  2295   9.7871947E-05
  2296   9.7871947E-05
  2297   9.7871947E-05
  2298   9.7871947E-05
  2299   9.7871947E-05
  2300   9.7871947E-05
  2301   9.7871947E-05
  2302   9.7871947E-05
  2303   9.7871947E-05
  2304   9.7871947E-05
  2305   9.7871947E-05
  2306   9.7871947E-05
  2307   9.7871947E-05
  2308   9.7871947E-05
  2309   9.7871947E-05
  2310   9.7871947E-05
  2311   9.7871947E-05
  2312   9.7871947E-05
  2313   9.7871947E-05
  2314   9.7871947E-05
  2315   9.7871947E-05
  2316   9.7871947E-05
  2317   9.7871947E-05
  2318   9.7871947E-05
  2319   9.7871947E-05
  2320   9.7871947E-05
  2321   9.7871947E-05
  2322   9.7871947E-05
  2323   9.7871947E-05
  2324   9.7871947E-05
  2325   9.7871947E-05
  2326   9.7871947E-05
  2327   9.7871947E-05
  2328   9.7871947E-05
  2329   9.7871947E-05
  2330   9.7871947E-05
  2331   9.7871947E-05
  2332   9.7871947E-05
  2333   9.7871947E-05
  2334   9.7871947E-05
  2335   9.7871947E-05
  2336   9.7871947E-05
  2337   9.7871947E-05
  2338   9.7871947E-05
  2339   9.7871947E-05
  2340   9.7871947E-05
  2341   9.7871947E-05
  2342   9.7871947E-05
  2343   9.7871947E-05
  2344   9.7871947E-05
  2345   9.7871947E-05
  2346   9.7871947E-05
  2347   9.7871947E-05
  2348   9.7871947E-05
  2349   9.7871947E-05
  2350   9.7871947E-05
  2351   9.7871947E-05
  2352   9.7871947E-05
  2353   9.7871947E-05
  2354   9.7871947E-05
  2355   9.7871947E-05
  2356   9.7871947E-05
  2357   9.7871947E-05
  2358   9.7871947E-05
  2359   9.7871947E-05
  2360   9.7871947E-05
  2361   9.7871947E-05
  2362   9.7871947E-05
  2363   9.7871947E-05
  2364   9.7871947E-05
  2365   9.7871947E-05
  2366   9.7871947E-05
  2367   9.7871947E-05
  2368   9.7871947E-05
  2369   9.7871947E-05
  2370   9.7871947E-05
  2371   9.7871947E-05
  2372   9.7871947E-05
  2373   9.7871947E-05
  2374   9.7871947E-05
  2375   9.7871947E-05
  2376   9.7871947E-05
  2377   9.7871947E-05
  2378   9.7871947E-05
  2379   9.7871947E-05
  2380   9.7871947E-05
  2381   9.7871947E-05
  2382   9.7871947E-05
  2383   9.7871947E-05
  2384   9.7871947E-05
  2385   9.7871947E-05
  2386   9.7871947E-05
  2387   9.7871947E-05
  2388   9.7871947E-05
  2389   9.7871947E-05
  2390   9.7871947E-05
  2391   9.7871947E-05
  2392   9.7871947E-05
  2393   9.7871947E-05
  2394   9.7871947E-05
  2395   9.7871947E-05
  2396   9.7871947E-05
  2397   9.7871947E-05
  2398   9.7871947E-05
  2399   9.7871947E-05
  2400   9.7871947E-05
  2401   9.7871947E-05
  2402   9.7871947E-05
  2403   9.7871947E-05
  2404   9.7871947E-05
  2405   9.7871947E-05
  2406   9.7871947E-05
  2407   9.7871947E-05
  2408   9.7871947E-05
  2409   9.7871947E-05
  2410   9.7871947E-05
  2411   9.7871947E-05
  2412   9.7871947E-05
  2413   9.7871947E-05
  2414   9.7871947E-05
  2415   9.7871947E-05
  2416   9.7871947E-05
  2417   9.7871947E-05
  2418   9.7871947E-05
  2419   9.7871947E-05
  2420   9.7871947E-05
  2421   9.7871947E-05
  2422   9.7871947E-05
  2423   9.7871947E-05
  2424   9.7871947E-05
  2425   9.7871947E-05
  2426   9.7871947E-05
  2427   9.7871947E-05
  2428   9.7871947E-05
  2429   9.7871947E-05
  2430   9.7871947E-05
  2431   9.7871947E-05
  2432   9.7871947E-05
  2433   9.7871947E-05
  2434   9.7871947E-05
  2435   9.7871947E-05
  2436   9.7871947E-05
  2437   9.7871947E-05
  2438   9.7871947E-05
  2439   9.7871947E-05
  2440   9.7871947E-05
  2441   9.7871947E-05
  2442   9.7871947E-05
  2443   9.7871947E-05
  2444   9.7871947E-05
  2445   9.7871947E-05
  2446   9.7871947E-05
  2447   9.7871947E-05
  2448   9.7871947E-05
  2449   9.7871947E-05
  2450   9.7871947E-05
  2451   9.7871947E-05
  2452   9.7871947E-05
  2453   9.7871947E-05
  2454   9.7871947E-05
  2455   9.7871947E-05
  2456   9.7871947E-05
  2457   9.7871947E-05
  2458   9.7871947E-05
  2459   9.7871947E-05
  2460   9.7871947E-05
  2461   9.7871947E-05
  2462   9.7871947E-05
  2463   9.7871947E-05
  2464   9.7871947E-05
  2465   9.7871947E-05
  2466   9.7871947E-05
  2467   9.7871947E-05
  2468   9.7871947E-05
  2469   9.7871947E-05
  2470   9.7871947E-05
  2471   9.7871947E-05
  2472   9.7871947E-05
  2473   9.7871947E-05
  2474   9.7871947E-05
  2475   9.7871947E-05
  2476   9.7871947E-05
  2477   9.7871947E-05
  2478   9.7871947E-05
  2479   9.7871947E-05
  2480   9.7871947E-05
  2481   9.7871947E-05
  2482   9.7871947E-05
  2483   9.7871947E-05
  2484   9.7871947E-05
  2485   9.7871947E-05
  2486   9.7871947E-05
  2487   9.7871947E-05
  2488   9.7871947E-05
  2489   9.7871947E-05
  2490   9.7871947E-05
  2491   9.7871947E-05
  2492   9.7871947E-05
  2493   9.7871947E-05
  2494   9.7871947E-05
  2495   9.7871947E-05
  2496   9.7871947E-05
  2497   9.7871947E-05
  2498   9.7871947E-05
  2499   9.7871947E-05
  2500   9.7871947E-05
  2501   9.7871947E-05
  2502   9.7871947E-05
  2503   9.7871947E-05
  2504   9.7871947E-05
  2505   9.7871947E-05
  2506   9.7871947E-05
  2507   9.7871947E-05
  2508   9.7871947E-05
  2509   9.7871947E-05
  2510   9.7871947E-05
  2511   9.7871947E-05
  2512   9.7871947E-05
  2513   9.7871947E-05
  2514   9.7871947E-05
  2515   9.7871947E-05
  2516   9.7871947E-05
  2517   9.7871947E-05
  2518   9.7871947E-05
  2519   9.7871947E-05
  2520   9.7871947E-05
  2521   9.7871947E-05
  2522   9.7871947E-05
  2523   9.7871947E-05
  2524   9.7871947E-05
  2525   9.7871947E-05
  2526   9.7871947E-05
  2527   9.7871947E-05
  2528   9.7871947E-05
  2529   9.7871947E-05
  2530   9.7871947E-05
  2531   9.7871947E-05
  2532   9.7871947E-05
  2533   9.7871947E-05
  2534   9.7871947E-05
  2535   9.7871947E-05
  2536   9.7871947E-05
  2537   9.7871947E-05
  2538   9.7871947E-05
  2539   9.7871947E-05
  2540   9.7871947E-05
  2541   9.7871947E-05
  2542   9.7871947E-05
  2543   9.7871947E-05
  2544   9.7871947E-05
  2545   9.7871947E-05
  2546   9.7871947E-05
  2547   9.7871947E-05
  2548   9.7871947E-05
  2549   9.7871947E-05
  2550   9.7871947E-05
  2551   9.7871947E-05
  2552   9.7871947E-05
  2553   9.7871947E-05
  2554   9.7871947E-05
  2555   9.7871947E-05
  2556   9.7871947E-05
  2557   9.7871947E-05
  2558   9.7871947E-05
  2559   9.7871947E-05
  2560   9.7871947E-05
  2561   9.7871947E-05
  2562   9.7871947E-05
  2563   9.7871947E-05
  2564   9.7871947E-05
  2565   9.7871947E-05
  2566   9.7871947E-05
  2567   9.7871947E-05
  2568   9.7871947E-05
  2569   9.7871947E-05
  2570   9.7871947E-05
  2571   9.7871947E-05
  2572   9.7871947E-05
  2573   9.7871947E-05
  2574   9.7871947E-05
  2575   9.7871947E-05
  2576   9.7871947E-05
  2577   9.7871947E-05
  2578   9.7871947E-05
  2579   9.7871947E-05
  2580   9.7871947E-05
  2581   9.7871947E-05
  2582   9.7871947E-05
  2583   9.7871947E-05
  2584   9.7871947E-05
  2585   9.7871947E-05
  2586   9.7871947E-05
  2587   9.7871947E-05
  2588   9.7871947E-05
  2589   9.7871947E-05
  2590   9.7871947E-05
  2591   9.7871947E-05
  2592   9.7871947E-05
  2593   9.7871947E-05
  2594   9.7871947E-05
  2595   9.7871947E-05
  2596   9.7871947E-05
  2597   9.7871947E-05
  2598   9.7871947E-05
  2599   9.7871947E-05
  2600   9.7871947E-05
  2601   9.7871947E-05
  2602   9.7871947E-05
  2603   9.7871947E-05
  2604   9.7871947E-05
  2605   9.7871947E-05
  2606   9.7871947E-05
  2607   9.7871947E-05
  2608   9.7871947E-05
  2609   9.7871947E-05
  2610   9.7871947E-05
  2611   9.7871947E-05
  2612   9.7871947E-05
  2613   9.7871947E-05
  2614   9.7871947E-05
  2615   9.7871947E-05
  2616   9.7871947E-05
  2617   9.7871947E-05
  2618   9.7871947E-05
  2619   9.7871947E-05
  2620   9.7871947E-05
  2621   9.7871947E-05
  2622   9.7871947E-05
  2623   9.7871947E-05
  2624   9.7871947E-05
  2625   9.7871947E-05
  2626   9.7871947E-05
  2627   9.7871947E-05
  2628   9.7871947E-05
  2629   9.7871947E-05
  2630   9.7871947E-05
  2631   9.7871947E-05
  2632   9.7871947E-05
  2633   9.7871947E-05
  2634   9.7871947E-05
  2635   9.7871947E-05
  2636   9.7871947E-05
  2637   9.7871947E-05
  2638   9.7871947E-05
  2639   9.7871947E-05
  2640   9.7871947E-05
  2641   9.7871947E-05
  2642   9.7871947E-05
  2643   9.7871947E-05
  2644   9.7871947E-05
  2645   9.7871947E-05
  2646   9.7871947E-05
  2647   9.7871947E-05
  2648   9.7871947E-05
  2649   9.7871947E-05
  2650   9.7871947E-05
  2651   9.7871947E-05
  2652   9.7871947E-05
  2653   9.7871947E-05
  2654   9.7871947E-05
  2655   9.7871947E-05
  2656   9.7871947E-05
  2657   9.7871947E-05
  2658   9.7871947E-05
  2659   9.7871947E-05
  2660   9.7871947E-05
  2661   9.7871947E-05
  2662   9.7871947E-05
  2663   9.7871947E-05
  2664   9.7871947E-05
  2665   9.7871947E-05
  2666   9.7871947E-05
  2667   9.7871947E-05
  2668   9.7871947E-05
  2669   9.7871947E-05
  2670   9.7871947E-05
  2671   9.7871947E-05
  2672   9.7871947E-05
  2673   9.7871947E-05
  2674   9.7871947E-05
  2675   9.7871947E-05
  2676   9.7871947E-05
  2677   9.7871947E-05
  2678   9.7871947E-05
  2679   9.7871947E-05
  2680   9.7871947E-05
  2681   9.7871947E-05
  2682   9.7871947E-05
  2683   9.7871947E-05
  2684   9.7871947E-05
  2685   9.7871947E-05
  2686   9.7871947E-05
  2687   9.7871947E-05
  2688   9.7871947E-05
  2689   9.7871947E-05
  2690   9.7871947E-05
  2691   9.7871947E-05
  2692   9.7871947E-05
  2693   9.7871947E-05
  2694   9.7871947E-05
  2695   9.7871947E-05
  2696   9.7871947E-05
  2697   9.7871947E-05
  2698   9.7871947E-05
  2699   9.7871947E-05
  2700   9.7871947E-05
  2701   9.7871947E-05
  2702   9.7871947E-05
  2703   9.7871947E-05
  2704   9.7871947E-05
  2705   9.7871947E-05
  2706   9.7871947E-05
  2707   9.7871947E-05
  2708   9.7871947E-05
  2709   9.7871947E-05
  2710   9.7871947E-05
  2711   9.7871947E-05
  2712   9.7871947E-05
  2713   9.7871947E-05
  2714   9.7871947E-05
  2715   9.7871947E-05
  2716   9.7871947E-05
  2717   9.7871947E-05
  2718   9.7871947E-05
  2719   9.7871947E-05
  2720   9.7871947E-05
  2721   9.7871947E-05
  2722   9.7871947E-05
  2723   9.7871947E-05
  2724   9.7871947E-05
  2725   9.7871947E-05
  2726   9.7871947E-05
  2727   9.7871947E-05
  2728   9.7871947E-05
  2729   9.7871947E-05
  2730   9.7871947E-05
  2731   9.7871947E-05
  2732   9.7871947E-05
  2733   9.7871947E-05
  2734   9.7871947E-05
  2735   9.7871947E-05
  2736   9.7871947E-05
  2737   9.7871947E-05
  2738   9.7871947E-05
  2739   9.7871947E-05
  2740   9.7871947E-05
  2741   9.7871947E-05
  2742   9.7871947E-05
  2743   9.7871947E-05
  2744   9.7871947E-05
  2745   9.7871947E-05
  2746   9.7871947E-05
  2747   9.7871947E-05
  2748   9.7871947E-05
  2749   9.7871947E-05
  2750   9.7871947E-05
  2751   9.7871947E-05
  2752   9.7871947E-05
  2753   9.7871947E-05
  2754   9.7871947E-05
  2755   9.7871947E-05
  2756   9.7871947E-05
  2757   9.7871947E-05
  2758   9.7871947E-05
  2759   9.7871947E-05
  2760   9.7871947E-05
  2761   9.7871947E-05
  2762   9.7871947E-05
  2763   9.7871947E-05
  2764   9.7871947E-05
  2765   9.7871947E-05
  2766   9.7871947E-05
  2767   9.7871947E-05
  2768   9.7871947E-05
  2769   9.7871947E-05
  2770   9.7871947E-05
  2771   9.7871947E-05
  2772   9.7871947E-05
  2773   9.7871947E-05
  2774   9.7871947E-05
  2775   9.7871947E-05
  2776   9.7871947E-05
  2777   9.7871947E-05
  2778   9.7871947E-05
  2779   9.7871947E-05
  2780   9.7871947E-05
  2781   9.7871947E-05
  2782   9.7871947E-05
  2783   9.7871947E-05
  2784   9.7871947E-05
  2785   9.7871947E-05
  2786   9.7871947E-05
  2787   9.7871947E-05
  2788   9.7871947E-05
  2789   9.7871947E-05
  2790   9.7871947E-05
  2791   9.7871947E-05
  2792   9.7871947E-05
  2793   9.7871947E-05
  2794   9.7871947E-05
  2795   9.7871947E-05
  2796   9.7871947E-05
  2797   9.7871947E-05
  2798   9.7871947E-05
  2799   9.7871947E-05
  2800   9.7871947E-05
  2801   9.7871947E-05
  2802   9.7871947E-05
  2803   9.7871947E-05
  2804   9.7871947E-05
  2805   9.7871947E-05
  2806   9.7871947E-05
  2807   9.7871947E-05
  2808   9.7871947E-05
  2809   9.7871947E-05
  2810   9.7871947E-05
  2811   9.7871947E-05
  2812   9.7871947E-05
  2813   9.7871947E-05
  2814   9.7871947E-05
  2815   9.7871947E-05
  2816   9.7871947E-05
  2817   9.7871947E-05
  2818   9.7871947E-05
  2819   9.7871947E-05
  2820   9.7871947E-05
  2821   9.7871947E-05
  2822   9.7871947E-05
  2823   9.7871947E-05
  2824   9.7871947E-05
  2825   9.7871947E-05
  2826   9.7871947E-05
  2827   9.7871947E-05
  2828   9.7871947E-05
  2829   9.7871947E-05
  2830   9.7871947E-05
  2831   9.7871947E-05
  2832   9.7871947E-05
  2833   9.7871947E-05
  2834   9.7871947E-05
  2835   9.7871947E-05
  2836   9.7871947E-05
  2837   9.7871947E-05
  2838   9.7871947E-05
  2839   9.7871947E-05
  2840   9.7871947E-05
  2841   9.7871947E-05
  2842   9.7871947E-05
  2843   9.7871947E-05
  2844   9.7871947E-05
  2845   9.7871947E-05
  2846   9.7871947E-05
  2847   9.7871947E-05
  2848   9.7871947E-05
  2849   9.7871947E-05
  2850   9.7871947E-05
  2851   9.7871947E-05
  2852   9.7871947E-05
  2853   9.7871947E-05
  2854   9.7871947E-05
  2855   9.7871947E-05
  2856   9.7871947E-05
  2857   9.7871947E-05
  2858   9.7871947E-05
  2859   9.7871947E-05
  2860   9.7871947E-05
  2861   9.7871947E-05
  2862   9.7871947E-05
  2863   9.7871947E-05
  2864   9.7871947E-05
  2865   9.7871947E-05
  2866   9.7871947E-05
  2867   9.7871947E-05
  2868   9.7871947E-05
  2869   9.7871947E-05
  2870   9.7871947E-05
  2871   9.7871947E-05
  2872   9.7871947E-05
  2873   9.7871947E-05
  2874   9.7871947E-05
  2875   9.7871947E-05
  2876   9.7871947E-05
  2877   9.7871947E-05
  2878   9.7871947E-05
  2879   9.7871947E-05
  2880   9.7871947E-05
  2881   9.7871947E-05
  2882   9.7871947E-05
  2883   9.7871947E-05
  2884   9.7871947E-05
  2885   9.7871947E-05
  2886   9.7871947E-05
  2887   9.7871947E-05
  2888   9.7871947E-05
  2889   9.7871947E-05
  2890   9.7871947E-05
  2891   9.7871947E-05
  2892   9.7871947E-05
  2893   9.7871947E-05
  2894   9.7871947E-05
  2895   9.7871947E-05
  2896   9.7871947E-05
  2897   9.7871947E-05
  2898   9.7871947E-05
  2899   9.7871947E-05
  2900   9.7871947E-05
  2901   9.7871947E-05
  2902   9.7871947E-05
  2903   9.7871947E-05
  2904   9.7871947E-05
  2905   9.7871947E-05
  2906   9.7871947E-05
  2907   9.7871947E-05
  2908   9.7871947E-05
  2909   9.7871947E-05
  2910   9.7871947E-05
  2911   9.7871947E-05
  2912   9.7871947E-05
  2913   9.7871947E-05
  2914   9.7871947E-05
  2915   9.7871947E-05
  2916   9.7871947E-05
  2917   9.7871947E-05
  2918   9.7871947E-05
  2919   9.7871947E-05
  2920   9.7871947E-05
  2921   9.7871947E-05
  2922   9.7871947E-05
  2923   9.7871947E-05
  2924   9.7871947E-05
  2925   9.7871947E-05
  2926   9.7871947E-05
  2927   9.7871947E-05
  2928   9.7871947E-05
  2929   9.7871947E-05
  2930   9.7871947E-05
  2931   9.7871947E-05
  2932   9.7871947E-05
  2933   9.7871947E-05
  2934   9.7871947E-05
  2935   9.7871947E-05
  2936   9.7871947E-05
  2937   9.7871947E-05
  2938   9.7871947E-05
  2939   9.7871947E-05
  2940   9.7871947E-05
  2941   9.7871947E-05
  2942   9.7871947E-05
  2943   9.7871947E-05
  2944   9.7871947E-05
  2945   9.7871947E-05
  2946   9.7871947E-05
  2947   9.7871947E-05
  2948   9.7871947E-05
  2949   9.7871947E-05
  2950   9.7871947E-05
  2951   9.7871947E-05
  2952   9.7871947E-05
  2953   9.7871947E-05
  2954   9.7871947E-05
  2955   9.7871947E-05
  2956   9.7871947E-05
  2957   9.7871947E-05
  2958   9.7871947E-05
  2959   9.7871947E-05
  2960   9.7871947E-05
  2961   9.7871947E-05
  2962   9.7871947E-05
  2963   9.7871947E-05
  2964   9.7871947E-05
  2965   9.7871947E-05
  2966   9.7871947E-05
  2967   9.7871947E-05
  2968   9.7871947E-05
  2969   9.7871947E-05
  2970   9.7871947E-05
  2971   9.7871947E-05
  2972   9.7871947E-05
  2973   9.7871947E-05
  2974   9.7871947E-05
  2975   9.7871947E-05
  2976   9.7871947E-05
  2977   9.7871947E-05
  2978   9.7871947E-05
  2979   9.7871947E-05
  2980   9.7871947E-05
  2981   9.7871947E-05
  2982   9.7871947E-05
  2983   9.7871947E-05
  2984   9.7871947E-05
  2985   9.7871947E-05
  2986   9.7871947E-05
  2987   9.7871947E-05
  2988   9.7871947E-05
  2989   9.7871947E-05
  2990   9.7871947E-05
  2991   9.7871947E-05
  2992   9.7871947E-05
  2993   9.7871947E-05
  2994   9.7871947E-05
  2995   9.7871947E-05
  2996   9.7871947E-05
  2997   9.7871947E-05
  2998   9.7871947E-05
  2999   9.7871947E-05
  3000   9.7871947E-05
  3001   9.7871947E-05
  3002   9.7871947E-05
  3003   9.7871947E-05
  3004   9.7871947E-05
  3005   9.7871947E-05
  3006   9.7871947E-05
  3007   9.7871947E-05
  3008   9.7871947E-05
  3009   9.7871947E-05
  3010   9.7871947E-05
  3011   9.7871947E-05
  3012   9.7871947E-05
  3013   9.7871947E-05
  3014   9.7871947E-05
  3015   9.7871947E-05
  3016   9.7871947E-05
  3017   9.7871947E-05
  3018   9.7871947E-05
  3019   9.7871947E-05
  3020   9.7871947E-05
  3021   9.7871947E-05
  3022   9.7871947E-05
  3023   9.7871947E-05
  3024   9.7871947E-05
  3025   9.7871947E-05
  3026   9.7871947E-05
  3027   9.7871947E-05
  3028   9.7871947E-05
  3029   9.7871947E-05
  3030   9.7871947E-05
  3031   9.7871947E-05
  3032   9.7871947E-05
  3033   9.7871947E-05
  3034   9.7871947E-05
  3035   9.7871947E-05
  3036   9.7871947E-05
  3037   9.7871947E-05
  3038   9.7871947E-05
  3039   9.7871947E-05
  3040   9.7871947E-05
  3041   9.7871947E-05
  3042   9.7871947E-05
  3043   9.7871947E-05
  3044   9.7871947E-05
  3045   9.7871947E-05
  3046   9.7871947E-05
  3047   9.7871947E-05
  3048   9.7871947E-05
  3049   9.7871947E-05
  3050   9.7871947E-05
  3051   9.7871947E-05
  3052   9.7871947E-05
  3053   9.7871947E-05
  3054   9.7871947E-05
  3055   9.7871947E-05
  3056   9.7871947E-05
  3057   9.7871947E-05
  3058   9.7871947E-05
  3059   9.7871947E-05
  3060   9.7871947E-05
  3061   9.7871947E-05
  3062   9.7871947E-05
  3063   9.7871947E-05
  3064   9.7871947E-05
  3065   9.7871947E-05
  3066   9.7871947E-05
  3067   9.7871947E-05
  3068   9.7871947E-05
  3069   9.7871947E-05
  3070   9.7871947E-05
  3071   9.7871947E-05
  3072   9.7871947E-05
  3073   9.7871947E-05
  3074   9.7871947E-05
  3075   9.7871947E-05
  3076   9.7871947E-05
  3077   9.7871947E-05
  3078   9.7871947E-05
  3079   9.7871947E-05
  3080   9.7871947E-05
  3081   9.7871947E-05
  3082   9.7871947E-05
  3083   9.7871947E-05
  3084   9.7871947E-05
  3085   9.7871947E-05
  3086   9.7871947E-05
  3087   9.7871947E-05
  3088   9.7871947E-05
  3089   9.7871947E-05
  3090   9.7871947E-05
  3091   9.7871947E-05
  3092   9.7871947E-05
  3093   9.7871947E-05
  3094   9.7871947E-05
  3095   9.7871947E-05
  3096   9.7871947E-05
  3097   9.7871947E-05
  3098   9.7871947E-05
  3099   9.7871947E-05
  3100   9.7871947E-05
  3101   9.7871947E-05
  3102   9.7871947E-05
  3103   9.7871947E-05
  3104   9.7871947E-05
  3105   9.7871947E-05
  3106   9.7871947E-05
  3107   9.7871947E-05
  3108   9.7871947E-05
  3109   9.7871947E-05
  3110   9.7871947E-05
  3111   9.7871947E-05
  3112   9.7871947E-05
  3113   9.7871947E-05
  3114   9.7871947E-05
  3115   9.7871947E-05
  3116   9.7871947E-05
  3117   9.7871947E-05
  3118   9.7871947E-05
  3119   9.7871947E-05
  3120   9.7871947E-05
  3121   9.7871947E-05
  3122   9.7871947E-05
  3123   9.7871947E-05
  3124   9.7871947E-05
  3125   9.7871947E-05
  3126   9.7871947E-05
  3127   9.7871947E-05
  3128   9.7871947E-05
  3129   9.7871947E-05
  3130   9.7871947E-05
  3131   9.7871947E-05
  3132   9.7871947E-05
  3133   9.7871947E-05
  3134   9.7871947E-05
  3135   9.7871947E-05
  3136   9.7871947E-05
  3137   9.7871947E-05
  3138   9.7871947E-05
  3139   9.7871947E-05
  3140   9.7871947E-05
  3141   9.7871947E-05
  3142   9.7871947E-05
  3143   9.7871947E-05
  3144   9.7871947E-05
  3145   9.7871947E-05
  3146   9.7871947E-05
  3147   9.7871947E-05
  3148   9.7871947E-05
  3149   9.7871947E-05
  3150   9.7871947E-05
  3151   9.7871947E-05
  3152   9.7871947E-05
  3153   9.7871947E-05
  3154   9.7871947E-05
  3155   9.7871947E-05
  3156   9.7871947E-05
  3157   9.7871947E-05
  3158   9.7871947E-05
  3159   9.7871947E-05
  3160   9.7871947E-05
  3161   9.7871947E-05
  3162   9.7871947E-05
  3163   9.7871947E-05
  3164   9.7871947E-05
  3165   9.7871947E-05
  3166   9.7871947E-05
  3167   9.7871947E-05
  3168   9.7871947E-05
  3169   9.7871947E-05
  3170   9.7871947E-05
  3171   9.7871947E-05
  3172   9.7871947E-05
  3173   9.7871947E-05
  3174   9.7871947E-05
  3175   9.7871947E-05
  3176   9.7871947E-05
  3177   9.7871947E-05
  3178   9.7871947E-05
  3179   9.7871947E-05
  3180   9.7871947E-05
  3181   9.7871947E-05
  3182   9.7871947E-05
  3183   9.7871947E-05
  3184   9.7871947E-05
  3185   9.7871947E-05
  3186   9.7871947E-05
  3187   9.7871947E-05
  3188   9.7871947E-05
  3189   9.7871947E-05
  3190   9.7871947E-05
  3191   9.7871947E-05
  3192   9.7871947E-05
  3193   9.7871947E-05
  3194   9.7871947E-05
  3195   9.7871947E-05
  3196   9.7871947E-05
  3197   9.7871947E-05
  3198   9.7871947E-05
  3199   9.7871947E-05
  3200   9.7871947E-05
  3201   9.7871947E-05
  3202   9.7871947E-05
  3203   9.7871947E-05
  3204   9.7871947E-05
  3205   9.7871947E-05
  3206   9.7871947E-05
  3207   9.7871947E-05
  3208   9.7871947E-05
  3209   9.7871947E-05
  3210   9.7871947E-05
  3211   9.7871947E-05
  3212   9.7871947E-05
  3213   9.7871947E-05
  3214   9.7871947E-05
  3215   9.7871947E-05
  3216   9.7871947E-05
  3217   9.7871947E-05
  3218   9.7871947E-05
  3219   9.7871947E-05
  3220   9.7871947E-05
  3221   9.7871947E-05
  3222   9.7871947E-05
  3223   9.7871947E-05
  3224   9.7871947E-05
  3225   9.7871947E-05
  3226   9.7871947E-05
  3227   9.7871947E-05
  3228   9.7871947E-05
  3229   9.7871947E-05
  3230   9.7871947E-05
  3231   9.7871947E-05
  3232   9.7871947E-05
  3233   9.7871947E-05
  3234   9.7871947E-05
  3235   9.7871947E-05
  3236   9.7871947E-05
  3237   9.7871947E-05
  3238   9.7871947E-05
  3239   9.7871947E-05
  3240   9.7871947E-05
  3241   9.7871947E-05
  3242   9.7871947E-05
  3243   9.7871947E-05
  3244   9.7871947E-05
  3245   9.7871947E-05
  3246   9.7871947E-05
  3247   9.7871947E-05
  3248   9.7871947E-05
  3249   9.7871947E-05
  3250   9.7871947E-05
  3251   9.7871947E-05
  3252   9.7871947E-05
  3253   9.7871947E-05
  3254   9.7871947E-05
  3255   9.7871947E-05
  3256   9.7871947E-05
  3257   9.7871947E-05
  3258   9.7871947E-05
  3259   9.7871947E-05
  3260   9.7871947E-05
  3261   9.7871947E-05
  3262   9.7871947E-05
  3263   9.7871947E-05
  3264   9.7871947E-05
  3265   9.7871947E-05
  3266   9.7871947E-05
  3267   9.7871947E-05
  3268   9.7871947E-05
  3269   9.7871947E-05
  3270   9.7871947E-05
  3271   9.7871947E-05
  3272   9.7871947E-05
  3273   9.7871947E-05
  3274   9.7871947E-05
  3275   9.7871947E-05
  3276   9.7871947E-05
  3277   9.7871947E-05
  3278   9.7871947E-05
  3279   9.7871947E-05
  3280   9.7871947E-05
  3281   9.7871947E-05
  3282   9.7871947E-05
  3283   9.7871947E-05
  3284   9.7871947E-05
  3285   9.7871947E-05
  3286   9.7871947E-05
  3287   9.7871947E-05
  3288   9.7871947E-05
  3289   9.7871947E-05
  3290   9.7871947E-05
  3291   9.7871947E-05
  3292   9.7871947E-05
  3293   9.7871947E-05
  3294   9.7871947E-05
  3295   9.7871947E-05
  3296   9.7871947E-05
  3297   9.7871947E-05
  3298   9.7871947E-05
  3299   9.7871947E-05
  3300   9.7871947E-05
  3301   9.7871947E-05
  3302   9.7871947E-05
  3303   9.7871947E-05
  3304   9.7871947E-05
  3305   9.7871947E-05
  3306   9.7871947E-05
  3307   9.7871947E-05
  3308   9.7871947E-05
  3309   9.7871947E-05
  3310   9.7871947E-05
  3311   9.7871947E-05
  3312   9.7871947E-05
  3313   9.7871947E-05
  3314   9.7871947E-05
  3315   9.7871947E-05
  3316   9.7871947E-05
  3317   9.7871947E-05
  3318   9.7871947E-05
  3319   9.7871947E-05
  3320   9.7871947E-05
  3321   9.7871947E-05
  3322   9.7871947E-05
  3323   9.7871947E-05
  3324   9.7871947E-05
  3325   9.7871947E-05
  3326   9.7871947E-05
  3327   9.7871947E-05
  3328   9.7871947E-05
  3329   9.7871947E-05
  3330   9.7871947E-05
  3331   9.7871947E-05
  3332   9.7871947E-05
  3333   9.7871947E-05
  3334   9.7871947E-05
  3335   9.7871947E-05
  3336   9.7871947E-05
  3337   9.7871947E-05
  3338   9.7871947E-05
  3339   9.7871947E-05
  3340   9.7871947E-05
  3341   9.7871947E-05
  3342   9.7871947E-05
  3343   9.7871947E-05
  3344   9.7871947E-05
  3345   9.7871947E-05
  3346   9.7871947E-05
  3347   9.7871947E-05
  3348   9.7871947E-05
  3349   9.7871947E-05
  3350   9.7871947E-05
  3351   9.7871947E-05
  3352   9.7871947E-05
  3353   9.7871947E-05
  3354   9.7871947E-05
  3355   9.7871947E-05
  3356   9.7871947E-05
  3357   9.7871947E-05
  3358   9.7871947E-05
  3359   9.7871947E-05
  3360   9.7871947E-05
  3361   9.7871947E-05
  3362   9.7871947E-05
  3363   9.7871947E-05
  3364   9.7871947E-05
  3365   9.7871947E-05
  3366   9.7871947E-05
  3367   9.7871947E-05
  3368   9.7871947E-05
  3369   9.7871947E-05
  3370   9.7871947E-05
  3371   9.7871947E-05
  3372   9.7871947E-05
  3373   9.7871947E-05
  3374   9.7871947E-05
  3375   9.7871947E-05
  3376   9.7871947E-05
  3377   9.7871947E-05
  3378   9.7871947E-05
  3379   9.7871947E-05
  3380   9.7871947E-05
  3381   9.7871947E-05
  3382   9.7871947E-05
  3383   9.7871947E-05
  3384   9.7871947E-05
  3385   9.7871947E-05
  3386   9.7871947E-05
  3387   9.7871947E-05
  3388   9.7871947E-05
  3389   9.7871947E-05
  3390   9.7871947E-05
  3391   9.7871947E-05
  3392   9.7871947E-05
  3393   9.7871947E-05
  3394   9.7871947E-05
  3395   9.7871947E-05
  3396   9.7871947E-05
  3397   9.7871947E-05
  3398   9.7871947E-05
  3399   9.7871947E-05
  3400   9.7871947E-05
  3401   9.7871947E-05
  3402   9.7871947E-05
  3403   9.7871947E-05
  3404   9.7871947E-05
  3405   9.7871947E-05
  3406   9.7871947E-05
  3407   9.7871947E-05
  3408   9.7871947E-05
  3409   9.7871947E-05
  3410   9.7871947E-05
  3411   9.7871947E-05
  3412   9.7871947E-05
  3413   9.7871947E-05
  3414   9.7871947E-05
  3415   9.7871947E-05
  3416   9.7871947E-05
  3417   9.7871947E-05
  3418   9.7871947E-05
  3419   9.7871947E-05
  3420   9.7871947E-05
  3421   9.7871947E-05
  3422   9.7871947E-05
  3423   9.7871947E-05
  3424   9.7871947E-05
  3425   9.7871947E-05
  3426   9.7871947E-05
  3427   9.7871947E-05
  3428   9.7871947E-05
  3429   9.7871947E-05
  3430   9.7871947E-05
  3431   9.7871947E-05
  3432   9.7871947E-05
  3433   9.7871947E-05
  3434   9.7871947E-05
  3435   9.7871947E-05
  3436   9.7871947E-05
  3437   9.7871947E-05
  3438   9.7871947E-05
  3439   9.7871947E-05
  3440   9.7871947E-05
  3441   9.7871947E-05
  3442   9.7871947E-05
  3443   9.7871947E-05
  3444   9.7871947E-05
  3445   9.7871947E-05
  3446   9.7871947E-05
  3447   9.7871947E-05
  3448   9.7871947E-05
  3449   9.7871947E-05
  3450   9.7871947E-05
  3451   9.7871947E-05
  3452   9.7871947E-05
  3453   9.7871947E-05
  3454   9.7871947E-05
  3455   9.7871947E-05
  3456   9.7871947E-05
  3457   9.7871947E-05
  3458   9.7871947E-05
  3459   9.7871947E-05
  3460   9.7871947E-05
  3461   9.7871947E-05
  3462   9.7871947E-05
  3463   9.7871947E-05
  3464   9.7871947E-05
  3465   9.7871947E-05
  3466   9.7871947E-05
  3467   9.7871947E-05
  3468   9.7871947E-05
  3469   9.7871947E-05
  3470   9.7871947E-05
  3471   9.7871947E-05
  3472   9.7871947E-05
  3473   9.7871947E-05
  3474   9.7871947E-05
  3475   9.7871947E-05
  3476   9.7871947E-05
  3477   9.7871947E-05
  3478   9.7871947E-05
  3479   9.7871947E-05
  3480   9.7871947E-05
  3481   9.7871947E-05
  3482   9.7871947E-05
  3483   9.7871947E-05
  3484   9.7871947E-05
  3485   9.7871947E-05
  3486   9.7871947E-05
  3487   9.7871947E-05
  3488   9.7871947E-05
  3489   9.7871947E-05
  3490   9.7871947E-05
  3491   9.7871947E-05
  3492   9.7871947E-05
  3493   9.7871947E-05
  3494   9.7871947E-05
  3495   9.7871947E-05
  3496   9.7871947E-05
  3497   9.7871947E-05
  3498   9.7871947E-05
  3499   9.7871947E-05
  3500   9.7871947E-05
  3501   9.7871947E-05
  3502   9.7871947E-05
  3503   9.7871947E-05
  3504   9.7871947E-05
  3505   9.7871947E-05
  3506   9.7871947E-05
  3507   9.7871947E-05
  3508   9.7871947E-05
  3509   9.7871947E-05
  3510   9.7871947E-05
  3511   9.7871947E-05
  3512   9.7871947E-05
  3513   9.7871947E-05
  3514   9.7871947E-05
  3515   9.7871947E-05
  3516   9.7871947E-05
  3517   9.7871947E-05
  3518   9.7871947E-05
  3519   9.7871947E-05
  3520   9.7871947E-05
  3521   9.7871947E-05
  3522   9.7871947E-05
  3523   9.7871947E-05
  3524   9.7871947E-05
  3525   9.7871947E-05
  3526   9.7871947E-05
  3527   9.7871947E-05
  3528   9.7871947E-05
  3529   9.7871947E-05
  3530   9.7871947E-05
  3531   9.7871947E-05
  3532   9.7871947E-05
  3533   9.7871947E-05
  3534   9.7871947E-05
  3535   9.7871947E-05
  3536   9.7871947E-05
  3537   9.7871947E-05
  3538   9.7871947E-05
  3539   9.7871947E-05
  3540   9.7871947E-05
  3541   9.7871947E-05
  3542   9.7871947E-05
  3543   9.7871947E-05
  3544   9.7871947E-05
  3545   9.7871947E-05
  3546   9.7871947E-05
  3547   9.7871947E-05
  3548   9.7871947E-05
  3549   9.7871947E-05
  3550   9.7871947E-05
  3551   9.7871947E-05
  3552   9.7871947E-05
  3553   9.7871947E-05
  3554   9.7871947E-05
  3555   9.7871947E-05
  3556   9.7871947E-05
  3557   9.7871947E-05
  3558   9.7871947E-05
  3559   9.7871947E-05
  3560   9.7871947E-05
  3561   9.7871947E-05
  3562   9.7871947E-05
  3563   9.7871947E-05
  3564   9.7871947E-05
  3565   9.7871947E-05
  3566   9.7871947E-05
  3567   9.7871947E-05
  3568   9.7871947E-05
  3569   9.7871947E-05
  3570   9.7871947E-05
  3571   9.7871947E-05
  3572   9.7871947E-05
  3573   9.7871947E-05
  3574   9.7871947E-05
  3575   9.7871947E-05
  3576   9.7871947E-05
  3577   9.7871947E-05
  3578   9.7871947E-05
  3579   9.7871947E-05
  3580   9.7871947E-05
  3581   9.7871947E-05
  3582   9.7871947E-05
  3583   9.7871947E-05
  3584   9.7871947E-05
  3585   9.7871947E-05
  3586   9.7871947E-05
  3587   9.7871947E-05
  3588   9.7871947E-05
  3589   9.7871947E-05
  3590   9.7871947E-05
  3591   9.7871947E-05
  3592   9.7871947E-05
  3593   9.7871947E-05
  3594   9.7871947E-05
  3595   9.7871947E-05
  3596   9.7871947E-05
  3597   9.7871947E-05
  3598   9.7871947E-05
  3599   9.7871947E-05
  3600   9.7871947E-05
  3601   9.7871947E-05
  3602   9.7871947E-05
  3603   9.7871947E-05
  3604   9.7871947E-05
  3605   9.7871947E-05
  3606   9.7871947E-05
  3607   9.7871947E-05
  3608   9.7871947E-05
  3609   9.7871947E-05
  3610   9.7871947E-05
  3611   9.7871947E-05
  3612   9.7871947E-05
  3613   9.7871947E-05
  3614   9.7871947E-05
  3615   9.7871947E-05
  3616   9.7871947E-05
  3617   9.7871947E-05
  3618   9.7871947E-05
  3619   9.7871947E-05
  3620   9.7871947E-05
  3621   9.7871947E-05
  3622   9.7871947E-05
  3623   9.7871947E-05
  3624   9.7871947E-05
  3625   9.7871947E-05
  3626   9.7871947E-05
  3627   9.7871947E-05
  3628   9.7871947E-05
  3629   9.7871947E-05
  3630   9.7871947E-05
  3631   9.7871947E-05
  3632   9.7871947E-05
  3633   9.7871947E-05
  3634   9.7871947E-05
  3635   9.7871947E-05
  3636   9.7871947E-05
  3637   9.7871947E-05
  3638   9.7871947E-05
  3639   9.7871947E-05
  3640   9.7871947E-05
  3641   9.7871947E-05
  3642   9.7871947E-05
  3643   9.7871947E-05
  3644   9.7871947E-05
  3645   9.7871947E-05
  3646   9.7871947E-05
  3647   9.7871947E-05
  3648   9.7871947E-05
  3649   9.7871947E-05
  3650   9.7871947E-05
  3651   9.7871947E-05
  3652   9.7871947E-05
  3653   9.7871947E-05
  3654   9.7871947E-05
  3655   9.7871947E-05
  3656   9.7871947E-05
  3657   9.7871947E-05
  3658   9.7871947E-05
  3659   9.7871947E-05
  3660   9.7871947E-05
  3661   9.7871947E-05
  3662   9.7871947E-05
  3663   9.7871947E-05
  3664   9.7871947E-05
  3665   9.7871947E-05
  3666   9.7871947E-05
  3667   9.7871947E-05
  3668   9.7871947E-05
  3669   9.7871947E-05
  3670   9.7871947E-05
  3671   9.7871947E-05
  3672   9.7871947E-05
  3673   9.7871947E-05
  3674   9.7871947E-05
  3675   9.7871947E-05
  3676   9.7871947E-05
  3677   9.7871947E-05
  3678   9.7871947E-05
  3679   9.7871947E-05
  3680   9.7871947E-05
  3681   9.7871947E-05
  3682   9.7871947E-05
  3683   9.7871947E-05
  3684   9.7871947E-05
  3685   9.7871947E-05
  3686   9.7871947E-05
  3687   9.7871947E-05
  3688   9.7871947E-05
  3689   9.7871947E-05
  3690   9.7871947E-05
  3691   9.7871947E-05
  3692   9.7871947E-05
  3693   9.7871947E-05
  3694   9.7871947E-05
  3695   9.7871947E-05
  3696   9.7871947E-05
  3697   9.7871947E-05
  3698   9.7871947E-05
  3699   9.7871947E-05
  3700   9.7871947E-05
  3701   9.7871947E-05
  3702   9.7871947E-05
  3703   9.7871947E-05
  3704   9.7871947E-05
  3705   9.7871947E-05
  3706   9.7871947E-05
  3707   9.7871947E-05
  3708   9.7871947E-05
  3709   9.7871947E-05
  3710   9.7871947E-05
  3711   9.7871947E-05
  3712   9.7871947E-05
  3713   9.7871947E-05
  3714   9.7871947E-05
  3715   9.7871947E-05
  3716   9.7871947E-05
  3717   9.7871947E-05
  3718   9.7871947E-05
  3719   9.7871947E-05
  3720   9.7871947E-05
  3721   9.7871947E-05
  3722   9.7871947E-05
  3723   9.7871947E-05
  3724   9.7871947E-05
  3725   9.7871947E-05
  3726   9.7871947E-05
  3727   9.7871947E-05
  3728   9.7871947E-05
  3729   9.7871947E-05
  3730   9.7871947E-05
  3731   9.7871947E-05
  3732   9.7871947E-05
  3733   9.7871947E-05
  3734   9.7871947E-05
  3735   9.7871947E-05
  3736   9.7871947E-05
  3737   9.7871947E-05
  3738   9.7871947E-05
  3739   9.7871947E-05
  3740   9.7871947E-05
  3741   9.7871947E-05
  3742   9.7871947E-05
  3743   9.7871947E-05
  3744   9.7871947E-05
  3745   9.7871947E-05
  3746   9.7871947E-05
  3747   9.7871947E-05
  3748   9.7871947E-05
  3749   9.7871947E-05
  3750   9.7871947E-05
  3751   9.7871947E-05
  3752   9.7871947E-05
  3753   9.7871947E-05
  3754   9.7871947E-05
  3755   9.7871947E-05
  3756   9.7871947E-05
  3757   9.7871947E-05
  3758   9.7871947E-05
  3759   9.7871947E-05
  3760   9.7871947E-05
  3761   9.7871947E-05
  3762   9.7871947E-05
  3763   9.7871947E-05
  3764   9.7871947E-05
  3765   9.7871947E-05
  3766   9.7871947E-05
  3767   9.7871947E-05
  3768   9.7871947E-05
  3769   9.7871947E-05
  3770   9.7871947E-05
  3771   9.7871947E-05
  3772   9.7871947E-05
  3773   9.7871947E-05
  3774   9.7871947E-05
  3775   9.7871947E-05
  3776   9.7871947E-05
  3777   9.7871947E-05
  3778   9.7871947E-05
  3779   9.7871947E-05
  3780   9.7871947E-05
  3781   9.7871947E-05
  3782   9.7871947E-05
  3783   9.7871947E-05
  3784   9.7871947E-05
  3785   9.7871947E-05
  3786   9.7871947E-05
  3787   9.7871947E-05
  3788   9.7871947E-05
  3789   9.7871947E-05
  3790   9.7871947E-05
  3791   9.7871947E-05
  3792   9.7871947E-05
  3793   9.7871947E-05
  3794   9.7871947E-05
  3795   9.7871947E-05
  3796   9.7871947E-05
  3797   9.7871947E-05
  3798   9.7871947E-05
  3799   9.7871947E-05
  3800   9.7871947E-05
  3801   9.7871947E-05
  3802   9.7871947E-05
  3803   9.7871947E-05
  3804   9.7871947E-05
  3805   9.7871947E-05
  3806   9.7871947E-05
  3807   9.7871947E-05
  3808   9.7871947E-05
  3809   9.7871947E-05
  3810   9.7871947E-05
  3811   9.7871947E-05
  3812   9.7871947E-05
  3813   9.7871947E-05
  3814   9.7871947E-05
  3815   9.7871947E-05
  3816   9.7871947E-05
  3817   9.7871947E-05
  3818   9.7871947E-05
  3819   9.7871947E-05
  3820   9.7871947E-05
  3821   9.7871947E-05
  3822   9.7871947E-05
  3823   9.7871947E-05
  3824   9.7871947E-05
  3825   9.7871947E-05
  3826   9.7871947E-05
  3827   9.7871947E-05
  3828   9.7871947E-05
  3829   9.7871947E-05
  3830   9.7871947E-05
  3831   9.7871947E-05
  3832   9.7871947E-05
  3833   9.7871947E-05
  3834   9.7871947E-05
  3835   9.7871947E-05
  3836   9.7871947E-05
  3837   9.7871947E-05
  3838   9.7871947E-05
  3839   9.7871947E-05
  3840   9.7871947E-05
  3841   9.7871947E-05
  3842   9.7871947E-05
  3843   9.7871947E-05
  3844   9.7871947E-05
  3845   9.7871947E-05
  3846   9.7871947E-05
  3847   9.7871947E-05
  3848   9.7871947E-05
  3849   9.7871947E-05
  3850   9.7871947E-05
  3851   9.7871947E-05
  3852   9.7871947E-05
  3853   9.7871947E-05
  3854   9.7871947E-05
  3855   9.7871947E-05
  3856   9.7871947E-05
  3857   9.7871947E-05
  3858   9.7871947E-05
  3859   9.7871947E-05
  3860   9.7871947E-05
  3861   9.7871947E-05
  3862   9.7871947E-05
  3863   9.7871947E-05
  3864   9.7871947E-05
  3865   9.7871947E-05
  3866   9.7871947E-05
  3867   9.7871947E-05
  3868   9.7871947E-05
  3869   9.7871947E-05
  3870   9.7871947E-05
  3871   9.7871947E-05
  3872   9.7871947E-05
  3873   9.7871947E-05
  3874   9.7871947E-05
  3875   9.7871947E-05
  3876   9.7871947E-05
  3877   9.7871947E-05
  3878   9.7871947E-05
  3879   9.7871947E-05
  3880   9.7871947E-05
  3881   9.7871947E-05
  3882   9.7871947E-05
  3883   9.7871947E-05
  3884   9.7871947E-05
  3885   9.7871947E-05
  3886   9.7871947E-05
  3887   9.7871947E-05
  3888   9.7871947E-05
  3889   9.7871947E-05
  3890   9.7871947E-05
  3891   9.7871947E-05
  3892   9.7871947E-05
  3893   9.7871947E-05
  3894   9.7871947E-05
  3895   9.7871947E-05
  3896   9.7871947E-05
  3897   9.7871947E-05
  3898   9.7871947E-05
  3899   9.7871947E-05
  3900   9.7871947E-05
  3901   9.7871947E-05
  3902   9.7871947E-05
  3903   9.7871947E-05
  3904   9.7871947E-05
  3905   9.7871947E-05
  3906   9.7871947E-05
  3907   9.7871947E-05
  3908   9.7871947E-05
  3909   9.7871947E-05
  3910   9.7871947E-05
  3911   9.7871947E-05
  3912   9.7871947E-05
  3913   9.7871947E-05
  3914   9.7871947E-05
  3915   9.7871947E-05
  3916   9.7871947E-05
  3917   9.7871947E-05
  3918   9.7871947E-05
  3919   9.7871947E-05
  3920   9.7871947E-05
  3921   9.7871947E-05
  3922   9.7871947E-05
  3923   9.7871947E-05
  3924   9.7871947E-05
  3925   9.7871947E-05
  3926   9.7871947E-05
  3927   9.7871947E-05
  3928   9.7871947E-05
  3929   9.7871947E-05
  3930   9.7871947E-05
  3931   9.7871947E-05
  3932   9.7871947E-05
  3933   9.7871947E-05
  3934   9.7871947E-05
  3935   9.7871947E-05
  3936   9.7871947E-05
  3937   9.7871947E-05
  3938   9.7871947E-05
  3939   9.7871947E-05
  3940   9.7871947E-05
  3941   9.7871947E-05
  3942   9.7871947E-05
  3943   9.7871947E-05
  3944   9.7871947E-05
  3945   9.7871947E-05
  3946   9.7871947E-05
  3947   9.7871947E-05
  3948   9.7871947E-05
  3949   9.7871947E-05
  3950   9.7871947E-05
  3951   9.7871947E-05
  3952   9.7871947E-05
  3953   9.7871947E-05
  3954   9.7871947E-05
  3955   9.7871947E-05
  3956   9.7871947E-05
  3957   9.7871947E-05
  3958   9.7871947E-05
  3959   9.7871947E-05
  3960   9.7871947E-05
  3961   9.7871947E-05
  3962   9.7871947E-05
  3963   9.7871947E-05
  3964   9.7871947E-05
  3965   9.7871947E-05
  3966   9.7871947E-05
  3967   9.7871947E-05
  3968   9.7871947E-05
  3969   9.7871947E-05
  3970   9.7871947E-05
  3971   9.7871947E-05
  3972   9.7871947E-05
  3973   9.7871947E-05
  3974   9.7871947E-05
  3975   9.7871947E-05
  3976   9.7871947E-05
  3977   9.7871947E-05
  3978   9.7871947E-05
  3979   9.7871947E-05
  3980   9.7871947E-05
  3981   9.7871947E-05
  3982   9.7871947E-05
  3983   9.7871947E-05
  3984   9.7871947E-05
  3985   9.7871947E-05
  3986   9.7871947E-05
  3987   9.7871947E-05
  3988   9.7871947E-05
  3989   9.7871947E-05
  3990   9.7871947E-05
  3991   9.7871947E-05
  3992   9.7871947E-05
  3993   9.7871947E-05
  3994   9.7871947E-05
  3995   9.7871947E-05
  3996   9.7871947E-05
  3997   9.7871947E-05
  3998   9.7871947E-05
  3999   9.7871947E-05
  4000   9.7871947E-05
  4001   9.7871947E-05
  4002   9.7871947E-05
  4003   9.7871947E-05
  4004   9.7871947E-05
  4005   9.7871947E-05
  4006   9.7871947E-05
  4007   9.7871947E-05
  4008   9.7871947E-05
  4009   9.7871947E-05
  4010   9.7871947E-05
  4011   9.7871947E-05
  4012   9.7871947E-05
  4013   9.7871947E-05
  4014   9.7871947E-05
  4015   9.7871947E-05
  4016   9.7871947E-05
  4017   9.7871947E-05
  4018   9.7871947E-05
  4019   9.7871947E-05
  4020   9.7871947E-05
  4021   9.7871947E-05
  4022   9.7871947E-05
  4023   9.7871947E-05
  4024   9.7871947E-05
  4025   9.7871947E-05
  4026   9.7871947E-05
  4027   9.7871947E-05
  4028   9.7871947E-05
  4029   9.7871947E-05
  4030   9.7871947E-05
  4031   9.7871947E-05
  4032   9.7871947E-05
  4033   9.7871947E-05
  4034   9.7871947E-05
  4035   9.7871947E-05
  4036   9.7871947E-05
  4037   9.7871947E-05
  4038   9.7871947E-05
  4039   9.7871947E-05
  4040   9.7871947E-05
  4041   9.7871947E-05
  4042   9.7871947E-05
  4043   9.7871947E-05
  4044   9.7871947E-05
  4045   9.7871947E-05
  4046   9.7871947E-05
  4047   9.7871947E-05
  4048   9.7871947E-05
  4049   9.7871947E-05
  4050   9.7871947E-05
  4051   9.7871947E-05
  4052   9.7871947E-05
  4053   9.7871947E-05
  4054   9.7871947E-05
  4055   9.7871947E-05
  4056   9.7871947E-05
  4057   9.7871947E-05
  4058   9.7871947E-05
  4059   9.7871947E-05
  4060   9.7871947E-05
  4061   9.7871947E-05
  4062   9.7871947E-05
  4063   9.7871947E-05
  4064   9.7871947E-05
  4065   9.7871947E-05
  4066   9.7871947E-05
  4067   9.7871947E-05
  4068   9.7871947E-05
  4069   9.7871947E-05
  4070   9.7871947E-05
  4071   9.7871947E-05
  4072   9.7871947E-05
  4073   9.7871947E-05
  4074   9.7871947E-05
  4075   9.7871947E-05
  4076   9.7871947E-05
  4077   9.7871947E-05
  4078   9.7871947E-05
  4079   9.7871947E-05
  4080   9.7871947E-05
  4081   9.7871947E-05
  4082   9.7871947E-05
  4083   9.7871947E-05
  4084   9.7871947E-05
  4085   9.7871947E-05
  4086   9.7871947E-05
  4087   9.7871947E-05
  4088   9.7871947E-05
  4089   9.7871947E-05
  4090   9.7871947E-05
  4091   9.7871947E-05
  4092   9.7871947E-05
  4093   9.7871947E-05
  4094   9.7871947E-05
  4095   9.7871947E-05
  4096   9.7871947E-05
  4097   9.7871947E-05
  4098   9.7871947E-05
  4099   9.7871947E-05
  4100   9.7871947E-05
  4101   9.7871947E-05
  4102   9.7871947E-05
  4103   9.7871947E-05
  4104   9.7871947E-05
  4105   9.7871947E-05
  4106   9.7871947E-05
  4107   9.7871947E-05
  4108   9.7871947E-05
  4109   9.7871947E-05
  4110   9.7871947E-05
  4111   9.7871947E-05
  4112   9.7871947E-05
  4113   9.7871947E-05
  4114   9.7871947E-05
  4115   9.7871947E-05
  4116   9.7871947E-05
  4117   9.7871947E-05
  4118   9.7871947E-05
  4119   9.7871947E-05
  4120   9.7871947E-05
  4121   9.7871947E-05
  4122   9.7871947E-05
  4123   9.7871947E-05
  4124   9.7871947E-05
  4125   9.7871947E-05
  4126   9.7871947E-05
  4127   9.7871947E-05
  4128   9.7871947E-05
  4129   9.7871947E-05
  4130   9.7871947E-05
  4131   9.7871947E-05
  4132   9.7871947E-05
  4133   9.7871947E-05
  4134   9.7871947E-05
  4135   9.7871947E-05
  4136   9.7871947E-05
  4137   9.7871947E-05
  4138   9.7871947E-05
  4139   9.7871947E-05
  4140   9.7871947E-05
  4141   9.7871947E-05
  4142   9.7871947E-05
  4143   9.7871947E-05
  4144   9.7871947E-05
  4145   9.7871947E-05
  4146   9.7871947E-05
  4147   9.7871947E-05
  4148   9.7871947E-05
  4149   9.7871947E-05
  4150   9.7871947E-05
  4151   9.7871947E-05
  4152   9.7871947E-05
  4153   9.7871947E-05
  4154   9.7871947E-05
  4155   9.7871947E-05
  4156   9.7871947E-05
  4157   9.7871947E-05
  4158   9.7871947E-05
  4159   9.7871947E-05
  4160   9.7871947E-05
  4161   9.7871947E-05
  4162   9.7871947E-05
  4163   9.7871947E-05
  4164   9.7871947E-05
  4165   9.7871947E-05
  4166   9.7871947E-05
  4167   9.7871947E-05
  4168   9.7871947E-05
  4169   9.7871947E-05
  4170   9.7871947E-05
  4171   9.7871947E-05
  4172   9.7871947E-05
  4173   9.7871947E-05
  4174   9.7871947E-05
  4175   9.7871947E-05
  4176   9.7871947E-05
  4177   9.7871947E-05
  4178   9.7871947E-05
  4179   9.7871947E-05
  4180   9.7871947E-05
  4181   9.7871947E-05
  4182   9.7871947E-05
  4183   9.7871947E-05
  4184   9.7871947E-05
  4185   9.7871947E-05
  4186   9.7871947E-05
  4187   9.7871947E-05
  4188   9.7871947E-05
  4189   9.7871947E-05
  4190   9.7871947E-05
  4191   9.7871947E-05
  4192   9.7871947E-05
  4193   9.7871947E-05
  4194   9.7871947E-05
  4195   9.7871947E-05
  4196   9.7871947E-05
  4197   9.7871947E-05
  4198   9.7871947E-05
  4199   9.7871947E-05
  4200   9.7871947E-05
  4201   9.7871947E-05
  4202   9.7871947E-05
  4203   9.7871947E-05
  4204   9.7871947E-05
  4205   9.7871947E-05
  4206   9.7871947E-05
  4207   9.7871947E-05
  4208   9.7871947E-05
  4209   9.7871947E-05
  4210   9.7871947E-05
  4211   9.7871947E-05
  4212   9.7871947E-05
  4213   9.7871947E-05
  4214   9.7871947E-05
  4215   9.7871947E-05
  4216   9.7871947E-05
  4217   9.7871947E-05
  4218   9.7871947E-05
  4219   9.7871947E-05
  4220   9.7871947E-05
  4221   9.7871947E-05
  4222   9.7871947E-05
  4223   9.7871947E-05
  4224   9.7871947E-05
  4225   9.7871947E-05
  4226   9.7871947E-05
  4227   9.7871947E-05
  4228   9.7871947E-05
  4229   9.7871947E-05
  4230   9.7871947E-05
  4231   9.7871947E-05
  4232   9.7871947E-05
  4233   9.7871947E-05
  4234   9.7871947E-05
  4235   9.7871947E-05
  4236   9.7871947E-05
  4237   9.7871947E-05
  4238   9.7871947E-05
  4239   9.7871947E-05
  4240   9.7871947E-05
  4241   9.7871947E-05
  4242   9.7871947E-05
  4243   9.7871947E-05
  4244   9.7871947E-05
  4245   9.7871947E-05
  4246   9.7871947E-05
  4247   9.7871947E-05
  4248   9.7871947E-05
  4249   9.7871947E-05
  4250   9.7871947E-05
  4251   9.7871947E-05
  4252   9.7871947E-05
  4253   9.7871947E-05
  4254   9.7871947E-05
  4255   9.7871947E-05
  4256   9.7871947E-05
  4257   9.7871947E-05
  4258   9.7871947E-05
  4259   9.7871947E-05
  4260   9.7871947E-05
  4261   9.7871947E-05
  4262   9.7871947E-05
  4263   9.7871947E-05
  4264   9.7871947E-05
  4265   9.7871947E-05
  4266   9.7871947E-05
  4267   9.7871947E-05
  4268   9.7871947E-05
  4269   9.7871947E-05
  4270   9.7871947E-05
  4271   9.7871947E-05
  4272   9.7871947E-05
  4273   9.7871947E-05
  4274   9.7871947E-05
  4275   9.7871947E-05
  4276   9.7871947E-05
  4277   9.7871947E-05
  4278   9.7871947E-05
  4279   9.7871947E-05
  4280   9.7871947E-05
  4281   9.7871947E-05
  4282   9.7871947E-05
  4283   9.7871947E-05
  4284   9.7871947E-05
  4285   9.7871947E-05
  4286   9.7871947E-05
  4287   9.7871947E-05
  4288   9.7871947E-05
  4289   9.7871947E-05
  4290   9.7871947E-05
  4291   9.7871947E-05
  4292   9.7871947E-05
  4293   9.7871947E-05
  4294   9.7871947E-05
  4295   9.7871947E-05
  4296   9.7871947E-05
  4297   9.7871947E-05
  4298   9.7871947E-05
  4299   9.7871947E-05
  4300   9.7871947E-05
  4301   9.7871947E-05
  4302   9.7871947E-05
  4303   9.7871947E-05
  4304   9.7871947E-05
  4305   9.7871947E-05
  4306   9.7871947E-05
  4307   9.7871947E-05
  4308   9.7871947E-05
  4309   9.7871947E-05
  4310   9.7871947E-05
  4311   9.7871947E-05
  4312   9.7871947E-05
  4313   9.7871947E-05
  4314   9.7871947E-05
  4315   9.7871947E-05
  4316   9.7871947E-05
  4317   9.7871947E-05
  4318   9.7871947E-05
  4319   9.7871947E-05
  4320   9.7871947E-05
  4321   9.7871947E-05
  4322   9.7871947E-05
  4323   9.7871947E-05
  4324   9.7871947E-05
  4325   9.7871947E-05
  4326   9.7871947E-05
  4327   9.7871947E-05
  4328   9.7871947E-05
  4329   9.7871947E-05
  4330   9.7871947E-05
  4331   9.7871947E-05
  4332   9.7871947E-05
  4333   9.7871947E-05
  4334   9.7871947E-05
  4335   9.7871947E-05
  4336   9.7871947E-05
  4337   9.7871947E-05
  4338   9.7871947E-05
  4339   9.7871947E-05
  4340   9.7871947E-05
  4341   9.7871947E-05
  4342   9.7871947E-05
  4343   9.7871947E-05
  4344   9.7871947E-05
  4345   9.7871947E-05
  4346   9.7871947E-05
  4347   9.7871947E-05
  4348   9.7871947E-05
  4349   9.7871947E-05
  4350   9.7871947E-05
  4351   9.7871947E-05
  4352   9.7871947E-05
  4353   9.7871947E-05
  4354   9.7871947E-05
  4355   9.7871947E-05
  4356   9.7871947E-05
  4357   9.7871947E-05
  4358   9.7871947E-05
  4359   9.7871947E-05
  4360   9.7871947E-05
  4361   9.7871947E-05
  4362   9.7871947E-05
  4363   9.7871947E-05
  4364   9.7871947E-05
  4365   9.7871947E-05
  4366   9.7871947E-05
  4367   9.7871947E-05
  4368   9.7871947E-05
  4369   9.7871947E-05
  4370   9.7871947E-05
  4371   9.7871947E-05
  4372   9.7871947E-05
  4373   9.7871947E-05
  4374   9.7871947E-05
  4375   9.7871947E-05
  4376   9.7871947E-05
  4377   9.7871947E-05
  4378   9.7871947E-05
  4379   9.7871947E-05
  4380   9.7871947E-05
  4381   9.7871947E-05
  4382   9.7871947E-05
  4383   9.7871947E-05
  4384   9.7871947E-05
  4385   9.7871947E-05
  4386   9.7871947E-05
  4387   9.7871947E-05
  4388   9.7871947E-05
  4389   9.7871947E-05
  4390   9.7871947E-05
  4391   9.7871947E-05
  4392   9.7871947E-05
  4393   9.7871947E-05
  4394   9.7871947E-05
  4395   9.7871947E-05
  4396   9.7871947E-05
  4397   9.7871947E-05
  4398   9.7871947E-05
  4399   9.7871947E-05
  4400   9.7871947E-05
  4401   9.7871947E-05
  4402   9.7871947E-05
  4403   9.7871947E-05
  4404   9.7871947E-05
  4405   9.7871947E-05
  4406   9.7871947E-05
  4407   9.7871947E-05
  4408   9.7871947E-05
  4409   9.7871947E-05
  4410   9.7871947E-05
  4411   9.7871947E-05
  4412   9.7871947E-05
  4413   9.7871947E-05
  4414   9.7871947E-05
  4415   9.7871947E-05
  4416   9.7871947E-05
  4417   9.7871947E-05
  4418   9.7871947E-05
  4419   9.7871947E-05
  4420   9.7871947E-05
  4421   9.7871947E-05
  4422   9.7871947E-05
  4423   9.7871947E-05
  4424   9.7871947E-05
  4425   9.7871947E-05
  4426   9.7871947E-05
  4427   9.7871947E-05
  4428   9.7871947E-05
  4429   9.7871947E-05
  4430   9.7871947E-05
  4431   9.7871947E-05
  4432   9.7871947E-05
  4433   9.7871947E-05
  4434   9.7871947E-05
  4435   9.7871947E-05
  4436   9.7871947E-05
  4437   9.7871947E-05
  4438   9.7871947E-05
  4439   9.7871947E-05
  4440   9.7871947E-05
  4441   9.7871947E-05
  4442   9.7871947E-05
  4443   9.7871947E-05
  4444   9.7871947E-05
  4445   9.7871947E-05
  4446   9.7871947E-05
  4447   9.7871947E-05
  4448   9.7871947E-05
  4449   9.7871947E-05
  4450   9.7871947E-05
  4451   9.7871947E-05
  4452   9.7871947E-05
  4453   9.7871947E-05
  4454   9.7871947E-05
  4455   9.7871947E-05
  4456   9.7871947E-05
  4457   9.7871947E-05
  4458   9.7871947E-05
  4459   9.7871947E-05
  4460   9.7871947E-05
  4461   9.7871947E-05
  4462   9.7871947E-05
  4463   9.7871947E-05
  4464   9.7871947E-05
  4465   9.7871947E-05
  4466   9.7871947E-05
  4467   9.7871947E-05
  4468   9.7871947E-05
  4469   9.7871947E-05
  4470   9.7871947E-05
  4471   9.7871947E-05
  4472   9.7871947E-05
  4473   9.7871947E-05
  4474   9.7871947E-05
  4475   9.7871947E-05
  4476   9.7871947E-05
  4477   9.7871947E-05
  4478   9.7871947E-05
  4479   9.7871947E-05
  4480   9.7871947E-05
  4481   9.7871947E-05
  4482   9.7871947E-05
  4483   9.7871947E-05
  4484   9.7871947E-05
  4485   9.7871947E-05
  4486   9.7871947E-05
  4487   9.7871947E-05
  4488   9.7871947E-05
  4489   9.7871947E-05
  4490   9.7871947E-05
  4491   9.7871947E-05
  4492   9.7871947E-05
  4493   9.7871947E-05
  4494   9.7871947E-05
  4495   9.7871947E-05
  4496   9.7871947E-05
  4497   9.7871947E-05
  4498   9.7871947E-05
  4499   9.7871947E-05
  4500   9.7871947E-05
  4501   9.7871947E-05
  4502   9.7871947E-05
  4503   9.7871947E-05
  4504   9.7871947E-05
  4505   9.7871947E-05
  4506   9.7871947E-05
  4507   9.7871947E-05
  4508   9.7871947E-05
  4509   9.7871947E-05
  4510   9.7871947E-05
  4511   9.7871947E-05
  4512   9.7871947E-05
  4513   9.7871947E-05
  4514   9.7871947E-05
  4515   9.7871947E-05
  4516   9.7871947E-05
  4517   9.7871947E-05
  4518   9.7871947E-05
  4519   9.7871947E-05
  4520   9.7871947E-05
  4521   9.7871947E-05
  4522   9.7871947E-05
  4523   9.7871947E-05
  4524   9.7871947E-05
  4525   9.7871947E-05
  4526   9.7871947E-05
  4527   9.7871947E-05
  4528   9.7871947E-05
  4529   9.7871947E-05
  4530   9.7871947E-05
  4531   9.7871947E-05
  4532   9.7871947E-05
  4533   9.7871947E-05
  4534   9.7871947E-05
  4535   9.7871947E-05
  4536   9.7871947E-05
  4537   9.7871947E-05
  4538   9.7871947E-05
  4539   9.7871947E-05
  4540   9.7871947E-05
  4541   9.7871947E-05
  4542   9.7871947E-05
  4543   9.7871947E-05
  4544   9.7871947E-05
  4545   9.7871947E-05
  4546   9.7871947E-05
  4547   9.7871947E-05
  4548   9.7871947E-05
  4549   9.7871947E-05
  4550   9.7871947E-05
  4551   9.7871947E-05
  4552   9.7871947E-05
  4553   9.7871947E-05
  4554   9.7871947E-05
  4555   9.7871947E-05
  4556   9.7871947E-05
  4557   9.7871947E-05
  4558   9.7871947E-05
  4559   9.7871947E-05
  4560   9.7871947E-05
  4561   9.7871947E-05
  4562   9.7871947E-05
  4563   9.7871947E-05
  4564   9.7871947E-05
  4565   9.7871947E-05
  4566   9.7871947E-05
  4567   9.7871947E-05
  4568   9.7871947E-05
  4569   9.7871947E-05
  4570   9.7871947E-05
  4571   9.7871947E-05
  4572   9.7871947E-05
  4573   9.7871947E-05
  4574   9.7871947E-05
  4575   9.7871947E-05
  4576   9.7871947E-05
  4577   9.7871947E-05
  4578   9.7871947E-05
  4579   9.7871947E-05
  4580   9.7871947E-05
  4581   9.7871947E-05
  4582   9.7871947E-05
  4583   9.7871947E-05
  4584   9.7871947E-05
  4585   9.7871947E-05
  4586   9.7871947E-05
  4587   9.7871947E-05
  4588   9.7871947E-05
  4589   9.7871947E-05
  4590   9.7871947E-05
  4591   9.7871947E-05
  4592   9.7871947E-05
  4593   9.7871947E-05
  4594   9.7871947E-05
  4595   9.7871947E-05
  4596   9.7871947E-05
  4597   9.7871947E-05
  4598   9.7871947E-05
  4599   9.7871947E-05
  4600   9.7871947E-05
  4601   9.7871947E-05
  4602   9.7871947E-05
  4603   9.7871947E-05
  4604   9.7871947E-05
  4605   9.7871947E-05
  4606   9.7871947E-05
  4607   9.7871947E-05
  4608   9.7871947E-05
  4609   9.7871947E-05
  4610   9.7871947E-05
  4611   9.7871947E-05
  4612   9.7871947E-05
  4613   9.7871947E-05
  4614   9.7871947E-05
  4615   9.7871947E-05
  4616   9.7871947E-05
  4617   9.7871947E-05
  4618   9.7871947E-05
  4619   9.7871947E-05
  4620   9.7871947E-05
  4621   9.7871947E-05
  4622   9.7871947E-05
  4623   9.7871947E-05
  4624   9.7871947E-05
  4625   9.7871947E-05
  4626   9.7871947E-05
  4627   9.7871947E-05
  4628   9.7871947E-05
  4629   9.7871947E-05
  4630   9.7871947E-05
  4631   9.7871947E-05
  4632   9.7871947E-05
  4633   9.7871947E-05
  4634   9.7871947E-05
  4635   9.7871947E-05
  4636   9.7871947E-05
  4637   9.7871947E-05
  4638   9.7871947E-05
  4639   9.7871947E-05
  4640   9.7871947E-05
  4641   9.7871947E-05
  4642   9.7871947E-05
  4643   9.7871947E-05
  4644   9.7871947E-05
  4645   9.7871947E-05
  4646   9.7871947E-05
  4647   9.7871947E-05
  4648   9.7871947E-05
  4649   9.7871947E-05
  4650   9.7871947E-05
  4651   9.7871947E-05
  4652   9.7871947E-05
  4653   9.7871947E-05
  4654   9.7871947E-05
  4655   9.7871947E-05
  4656   9.7871947E-05
  4657   9.7871947E-05
  4658   9.7871947E-05
  4659   9.7871947E-05
  4660   9.7871947E-05
  4661   9.7871947E-05
  4662   9.7871947E-05
  4663   9.7871947E-05
  4664   9.7871947E-05
  4665   9.7871947E-05
  4666   9.7871947E-05
  4667   9.7871947E-05
  4668   9.7871947E-05
  4669   9.7871947E-05
  4670   9.7871947E-05
  4671   9.7871947E-05
  4672   9.7871947E-05
  4673   9.7871947E-05
  4674   9.7871947E-05
  4675   9.7871947E-05
  4676   9.7871947E-05
  4677   9.7871947E-05
  4678   9.7871947E-05
  4679   9.7871947E-05
  4680   9.7871947E-05
  4681   9.7871947E-05
  4682   9.7871947E-05
  4683   9.7871947E-05
  4684   9.7871947E-05
  4685   9.7871947E-05
  4686   9.7871947E-05
  4687   9.7871947E-05
  4688   9.7871947E-05
  4689   9.7871947E-05
  4690   9.7871947E-05
  4691   9.7871947E-05
  4692   9.7871947E-05
  4693   9.7871947E-05
  4694   9.7871947E-05
  4695   9.7871947E-05
  4696   9.7871947E-05
  4697   9.7871947E-05
  4698   9.7871947E-05
  4699   9.7871947E-05
  4700   9.7871947E-05
  4701   9.7871947E-05
  4702   9.7871947E-05
  4703   9.7871947E-05
  4704   9.7871947E-05
  4705   9.7871947E-05
  4706   9.7871947E-05
  4707   9.7871947E-05
  4708   9.7871947E-05
  4709   9.7871947E-05
  4710   9.7871947E-05
  4711   9.7871947E-05
  4712   9.7871947E-05
  4713   9.7871947E-05
  4714   9.7871947E-05
  4715   9.7871947E-05
  4716   9.7871947E-05
  4717   9.7871947E-05
  4718   9.7871947E-05
  4719   9.7871947E-05
  4720   9.7871947E-05
  4721   9.7871947E-05
  4722   9.7871947E-05
  4723   9.7871947E-05
  4724   9.7871947E-05
  4725   9.7871947E-05
  4726   9.7871947E-05
  4727   9.7871947E-05
  4728   9.7871947E-05
  4729   9.7871947E-05
  4730   9.7871947E-05
  4731   9.7871947E-05
  4732   9.7871947E-05
  4733   9.7871947E-05
  4734   9.7871947E-05
  4735   9.7871947E-05
  4736   9.7871947E-05
  4737   9.7871947E-05
  4738   9.7871947E-05
  4739   9.7871947E-05
  4740   9.7871947E-05
  4741   9.7871947E-05
  4742   9.7871947E-05
  4743   9.7871947E-05
  4744   9.7871947E-05
  4745   9.7871947E-05
  4746   9.7871947E-05
  4747   9.7871947E-05
  4748   9.7871947E-05
  4749   9.7871947E-05
  4750   9.7871947E-05
  4751   9.7871947E-05
  4752   9.7871947E-05
  4753   9.7871947E-05
  4754   9.7871947E-05
  4755   9.7871947E-05
  4756   9.7871947E-05
  4757   9.7871947E-05
  4758   9.7871947E-05
  4759   9.7871947E-05
  4760   9.7871947E-05
  4761   9.7871947E-05
  4762   9.7871947E-05
  4763   9.7871947E-05
  4764   9.7871947E-05
  4765   9.7871947E-05
  4766   9.7871947E-05
  4767   9.7871947E-05
  4768   9.7871947E-05
  4769   9.7871947E-05
  4770   9.7871947E-05
  4771   9.7871947E-05
  4772   9.7871947E-05
  4773   9.7871947E-05
  4774   9.7871947E-05
  4775   9.7871947E-05
  4776   9.7871947E-05
  4777   9.7871947E-05
  4778   9.7871947E-05
  4779   9.7871947E-05
  4780   9.7871947E-05
  4781   9.7871947E-05
  4782   9.7871947E-05
  4783   9.7871947E-05
  4784   9.7871947E-05
  4785   9.7871947E-05
  4786   9.7871947E-05
  4787   9.7871947E-05
  4788   9.7871947E-05
  4789   9.7871947E-05
  4790   9.7871947E-05
  4791   9.7871947E-05
  4792   9.7871947E-05
  4793   9.7871947E-05
  4794   9.7871947E-05
  4795   9.7871947E-05
  4796   9.7871947E-05
  4797   9.7871947E-05
  4798   9.7871947E-05
  4799   9.7871947E-05
  4800   9.7871947E-05
  4801   9.7871947E-05
  4802   9.7871947E-05
  4803   9.7871947E-05
  4804   9.7871947E-05
  4805   9.7871947E-05
  4806   9.7871947E-05
  4807   9.7871947E-05
  4808   9.7871947E-05
  4809   9.7871947E-05
  4810   9.7871947E-05
  4811   9.7871947E-05
  4812   9.7871947E-05
  4813   9.7871947E-05
  4814   9.7871947E-05
  4815   9.7871947E-05
  4816   9.7871947E-05
  4817   9.7871947E-05
  4818   9.7871947E-05
  4819   9.7871947E-05
  4820   9.7871947E-05
  4821   9.7871947E-05
  4822   9.7871947E-05
  4823   9.7871947E-05
  4824   9.7871947E-05
  4825   9.7871947E-05
  4826   9.7871947E-05
  4827   9.7871947E-05
  4828   9.7871947E-05
  4829   9.7871947E-05
  4830   9.7871947E-05
  4831   9.7871947E-05
  4832   9.7871947E-05
  4833   9.7871947E-05
  4834   9.7871947E-05
  4835   9.7871947E-05
  4836   9.7871947E-05
  4837   9.7871947E-05
  4838   9.7871947E-05
  4839   9.7871947E-05
  4840   9.7871947E-05
  4841   9.7871947E-05
  4842   9.7871947E-05
  4843   9.7871947E-05
  4844   9.7871947E-05
  4845   9.7871947E-05
  4846   9.7871947E-05
  4847   9.7871947E-05
  4848   9.7871947E-05
  4849   9.7871947E-05
  4850   9.7871947E-05
  4851   9.7871947E-05
  4852   9.7871947E-05
  4853   9.7871947E-05
  4854   9.7871947E-05
  4855   9.7871947E-05
  4856   9.7871947E-05
  4857   9.7871947E-05
  4858   9.7871947E-05
  4859   9.7871947E-05
  4860   9.7871947E-05
  4861   9.7871947E-05
  4862   9.7871947E-05
  4863   9.7871947E-05
  4864   9.7871947E-05
  4865   9.7871947E-05
  4866   9.7871947E-05
  4867   9.7871947E-05
  4868   9.7871947E-05
  4869   9.7871947E-05
  4870   9.7871947E-05
  4871   9.7871947E-05
  4872   9.7871947E-05
  4873   9.7871947E-05
  4874   9.7871947E-05
  4875   9.7871947E-05
  4876   9.7871947E-05
  4877   9.7871947E-05
  4878   9.7871947E-05
  4879   9.7871947E-05
  4880   9.7871947E-05
  4881   9.7871947E-05
  4882   9.7871947E-05
  4883   9.7871947E-05
  4884   9.7871947E-05
  4885   9.7871947E-05
  4886   9.7871947E-05
  4887   9.7871947E-05
  4888   9.7871947E-05
  4889   9.7871947E-05
  4890   9.7871947E-05
  4891   9.7871947E-05
  4892   9.7871947E-05
  4893   9.7871947E-05
  4894   9.7871947E-05
  4895   9.7871947E-05
  4896   9.7871947E-05
  4897   9.7871947E-05
  4898   9.7871947E-05
  4899   9.7871947E-05
  4900   9.7871947E-05
  4901   9.7871947E-05
  4902   9.7871947E-05
  4903   9.7871947E-05
  4904   9.7871947E-05
  4905   9.7871947E-05
  4906   9.7871947E-05
  4907   9.7871947E-05
  4908   9.7871947E-05
  4909   9.7871947E-05
  4910   9.7871947E-05
  4911   9.7871947E-05
  4912   9.7871947E-05
  4913   9.7871947E-05
  4914   9.7871947E-05
  4915   9.7871947E-05
  4916   9.7871947E-05
  4917   9.7871947E-05
  4918   9.7871947E-05
  4919   9.7871947E-05
  4920   9.7871947E-05
  4921   9.7871947E-05
  4922   9.7871947E-05
  4923   9.7871947E-05
  4924   9.7871947E-05
  4925   9.7871947E-05
  4926   9.7871947E-05
  4927   9.7871947E-05
  4928   9.7871947E-05
  4929   9.7871947E-05
  4930   9.7871947E-05
  4931   9.7871947E-05
  4932   9.7871947E-05
  4933   9.7871947E-05
  4934   9.7871947E-05
  4935   9.7871947E-05
  4936   9.7871947E-05
  4937   9.7871947E-05
  4938   9.7871947E-05
  4939   9.7871947E-05
  4940   9.7871947E-05
  4941   9.7871947E-05
  4942   9.7871947E-05
  4943   9.7871947E-05
  4944   9.7871947E-05
  4945   9.7871947E-05
  4946   9.7871947E-05
  4947   9.7871947E-05
  4948   9.7871947E-05
  4949   9.7871947E-05
  4950   9.7871947E-05
  4951   9.7871947E-05
  4952   9.7871947E-05
  4953   9.7871947E-05
  4954   9.7871947E-05
  4955   9.7871947E-05
  4956   9.7871947E-05
  4957   9.7871947E-05
  4958   9.7871947E-05
  4959   9.7871947E-05
  4960   9.7871947E-05
  4961   9.7871947E-05
  4962   9.7871947E-05
  4963   9.7871947E-05
  4964   9.7871947E-05
  4965   9.7871947E-05
  4966   9.7871947E-05
  4967   9.7871947E-05
  4968   9.7871947E-05
  4969   9.7871947E-05
  4970   9.7871947E-05
  4971   9.7871947E-05
  4972   9.7871947E-05
  4973   9.7871947E-05
  4974   9.7871947E-05
  4975   9.7871947E-05
  4976   9.7871947E-05
  4977   9.7871947E-05
  4978   9.7871947E-05
  4979   9.7871947E-05
  4980   9.7871947E-05
  4981   9.7871947E-05
  4982   9.7871947E-05
  4983   9.7871947E-05
  4984   9.7871947E-05
  4985   9.7871947E-05
  4986   9.7871947E-05
  4987   9.7871947E-05
  4988   9.7871947E-05
  4989   9.7871947E-05
  4990   9.7871947E-05
  4991   9.7871947E-05
  4992   9.7871947E-05
  4993   9.7871947E-05
  4994   9.7871947E-05
  4995   9.7871947E-05
  4996   9.7871947E-05
  4997   9.7871947E-05
  4998   9.7871947E-05
  4999   9.7871947E-05
  5000   9.7871947E-05
