     1   9.9835568E+07
     2   8.2836032E+07
     3   7.1029456E+07
     4   6.1888376E+07
     5   5.4524304E+07
     6   4.8386640E+07
     7   4.3170488E+07
     8   3.8686140E+07
     9   3.4805504E+07
    10   3.1405294E+07
    11   2.8417952E+07
    12   2.5778070E+07
    13   2.3426294E+07
    14   2.1329982E+07
    15   1.9454598E+07
    16   1.7771532E+07
    17   1.6244556E+07
    18   1.4868100E+07
    19   1.3622460E+07
    20   1.2494943E+07
    21   1.1472444E+07
    22   1.0543604E+07
    23   9.6985300E+06
    24   8.9285650E+06
    25   8.2261055E+06
    26   7.5844450E+06
    27   6.9976515E+06
    28   6.4604615E+06
    29   5.9681905E+06
    30   5.5166600E+06
    31   5.1021335E+06
    32   4.7212615E+06
    33   4.3710365E+06
    34   4.0487540E+06
    35   3.7519742E+06
    36   3.4784962E+06
    37   3.2263292E+06
    38   2.9936710E+06
    39   2.7788870E+06
    40   2.5804138E+06
    41   2.3969950E+06
    42   2.2274020E+06
    43   2.0705160E+06
    44   1.9253162E+06
    45   1.7908712E+06
    46   1.6663300E+06
    47   1.5509142E+06
    48   1.4439119E+06
    49   1.3446706E+06
    50   1.2525928E+06
    51   1.1671298E+06
    52   1.0877781E+06
    53   1.0140756E+06
    54   9.4559725E+05
    55   8.8195212E+05
    56   8.2278056E+05
    57   7.6775125E+05
    58   7.1655925E+05
    59   6.6892312E+05
    60   6.2458350E+05
    61   5.8330112E+05
    62   5.4485494E+05
    63   5.0904084E+05
    64   4.7567031E+05
    65   4.4456900E+05
    66   4.1557566E+05
    67   3.8854119E+05
    68   3.6332747E+05
    69   3.3980669E+05
    70   3.1786044E+05
    71   2.9737900E+05
    72   2.7826066E+05
    73   2.6041114E+05
    74   2.4374294E+05
    75   2.2817489E+05
    76   2.1363164E+05
    77   2.0004327E+05
    78   1.8734477E+05
    79   1.7547581E+05
    80   1.6438028E+05
    81   1.5400606E+05
    82   1.4430466E+05
    83   1.3523097E+05
    84   1.2674305E+05
    85   1.1880188E+05
    86   1.1137109E+05
    87   1.0441688E+05
    88   9.7907734E+04
    89   9.1814297E+04
    90   8.6109242E+04
    91   8.0767086E+04
    92   7.5764070E+04
    93   7.1078070E+04
    94   6.6688422E+04
    95   6.2575883E+04
    96   5.8722480E+04
    97   5.5111449E+04
    98   5.1727152E+04
    99   4.8554984E+04
   100   4.5581309E+04
   101   4.2793402E+04
   102   4.0179367E+04
   103   3.7728105E+04
   104   3.5429238E+04
   105   3.3273070E+04
   106   3.1250539E+04
   107   2.9353176E+04
   108   2.7573061E+04
   109   2.5902789E+04
   110   2.4335439E+04
   111   2.2864533E+04
   112   2.1484014E+04
   113   2.0188211E+04
   114   1.8971824E+04
   115   1.7829885E+04
   116   1.6757752E+04
   117   1.5751073E+04
   118   1.4805779E+04
   119   1.3918055E+04
   120   1.3084332E+04
   121   1.2301265E+04
   122   1.1565722E+04
   123   1.0874769E+04
   124   1.0225654E+04
   125   9.6158047E+03
   126   9.0428037E+03
   127   8.5043887E+03
   128   7.9984390E+03
   129   7.5229658E+03
   130   7.0761050E+03
   131   6.6561079E+03
   132   6.2613354E+03
   133   5.8902505E+03
   134   5.5414106E+03
   135   5.2134634E+03
   136   4.9051401E+03
   137   4.6152500E+03
   138   4.3426758E+03
   139   4.0863696E+03
   140   3.8453474E+03
   141   3.6186863E+03
   142   3.4055193E+03
   143   3.2050332E+03
   144   3.0164641E+03
   145   2.8390952E+03
   146   2.6722534E+03
   147   2.5153064E+03
   148   2.3676606E+03
   149   2.2287585E+03
   150   2.0980767E+03
   151   1.9751232E+03
   152   1.8594359E+03
   153   1.7505811E+03
   154   1.6481508E+03
   155   1.5517621E+03
   156   1.4610549E+03
   157   1.3756912E+03
   158   1.2953529E+03
   159   1.2197415E+03
   160   1.1485760E+03
   161   1.0815928E+03
   162   1.0185438E+03
   163   9.5919580E+02
   164   9.0332965E+02
   165   8.5073932E+02
   166   8.0123102E+02
   167   7.5462274E+02
   168   7.1074304E+02
   169   6.6943103E+02
   170   6.3053516E+02
   171   5.9391302E+02
   172   5.5943073E+02
   173   5.2696222E+02
   174   4.9638910E+02
   175   4.6759982E+02
   176   4.4048962E+02
   177   4.1495984E+02
   178   3.9091769E+02
   179   3.6827594E+02
   180   3.4695242E+02
   181   3.2686990E+02
   182   3.0795569E+02
   183   2.9014136E+02
   184   2.7336258E+02
   185   2.5755875E+02
   186   2.4267288E+02
   187   2.2865135E+02
   188   2.1544366E+02
   189   2.0300230E+02
   190   1.9128256E+02
   191   1.8024236E+02
   192   1.6984206E+02
   193   1.6004439E+02
   194   1.5081422E+02
   195   1.4211855E+02
   196   1.3392622E+02
   197   1.2620798E+02
   198   1.1893625E+02
   199   1.1208507E+02
   200   1.0563000E+02
   201   9.9548042E+01
   202   9.3817520E+01
   203   8.8418037E+01
   204   8.3330383E+01
   205   7.8536469E+01
   206   7.4019264E+01
   207   6.9762726E+01
   208   6.5751755E+01
   209   6.1972118E+01
   210   5.8410427E+01
   211   5.5054062E+01
   212   5.1891136E+01
   213   4.8910461E+01
   214   4.6101498E+01
   215   4.3454315E+01
   216   4.0959560E+01
   217   3.8608429E+01
   218   3.6392620E+01
   219   3.4304317E+01
   220   3.2336163E+01
   221   3.0481216E+01
   222   2.8732948E+01
   223   2.7085201E+01
   224   2.5532179E+01
   225   2.4068417E+01
   226   2.2688772E+01
   227   2.1388393E+01
   228   2.0162714E+01
   229   1.9007429E+01
   230   1.7918488E+01
   231   1.6892065E+01
   232   1.5924564E+01
   233   1.5012594E+01
   234   1.4152957E+01
   235   1.3342644E+01
   236   1.2578815E+01
   237   1.1858800E+01
   238   1.1180077E+01
   239   1.0540273E+01
   240   9.9371510E+00
   241   9.3686028E+00
   242   8.8326416E+00
   243   8.3273964E+00
   244   7.8511014E+00
   245   7.4020948E+00
   246   6.9788103E+00
   247   6.5797706E+00
   248   6.2035842E+00
   249   5.8489399E+00
   250   5.5146008E+00
   251   5.1994028E+00
   252   4.9022479E+00
   253   4.6221008E+00
   254   4.3579865E+00
   255   4.1089854E+00
   256   3.8742316E+00
   257   3.6529081E+00
   258   3.4442453E+00
   259   3.2475178E+00
   260   3.0620415E+00
   261   2.8871722E+00
   262   2.7223020E+00
   263   2.5668581E+00
   264   2.4203012E+00
   265   2.2821219E+00
   266   2.1518409E+00
   267   2.0290062E+00
   268   1.9131911E+00
   269   1.8039942E+00
   270   1.7010366E+00
   271   1.6039613E+00
   272   1.5124320E+00
   273   1.4261311E+00
   274   1.3447597E+00
   275   1.2680359E+00
   276   1.1956939E+00
   277   1.1274829E+00
   278   1.0631670E+00
   279   1.0025234E+00
   280   9.4534206E-01
   281   8.9142525E-01
   282   8.4058630E-01
   283   7.9264927E-01
   284   7.4744838E-01
   285   7.0482725E-01
   286   6.6463852E-01
   287   6.2674320E-01
   288   5.9101027E-01
   289   5.5731630E-01
   290   5.2554470E-01
   291   4.9558571E-01
   292   4.6733588E-01
   293   4.4069755E-01
   294   4.1557872E-01
   295   3.9189264E-01
   296   3.6955753E-01
   297   3.4849623E-01
   298   3.2863605E-01
   299   3.0990842E-01
   300   2.9224870E-01
   301   2.7559596E-01
   302   2.5989273E-01
   303   2.4508479E-01
   304   2.3112111E-01
   305   2.1795347E-01
   306   2.0553648E-01
   307   1.9382733E-01
   308   1.8278560E-01
   309   1.7237325E-01
   310   1.6255435E-01
   311   1.5329508E-01
   312   1.4456353E-01
   313   1.3632956E-01
   314   1.2856483E-01
   315   1.2124257E-01
   316   1.1433755E-01
   317   1.0782598E-01
   318   1.0168542E-01
   319   9.5894732E-02
   320   9.0433963E-02
   321   8.5284300E-02
   322   8.0428012E-02
   323   7.5848378E-02
   324   7.1529627E-02
   325   6.7456894E-02
   326   6.3616142E-02
   327   5.9994165E-02
   328   5.6578491E-02
   329   5.3357359E-02
   330   5.0319687E-02
   331   4.7455017E-02
   332   4.4753496E-02
   333   4.2205825E-02
   334   3.9803240E-02
   335   3.7537470E-02
   336   3.5400730E-02
   337   3.3385657E-02
   338   3.1485327E-02
   339   2.9693201E-02
   340   2.8003117E-02
   341   2.6409263E-02
   342   2.4906155E-02
   343   2.3488624E-02
   344   2.2151798E-02
   345   2.0891080E-02
   346   1.9702133E-02
   347   1.8580873E-02
   348   1.7523443E-02
   349   1.6526209E-02
   350   1.5585742E-02
   351   1.4698809E-02
   352   1.3862363E-02
   353   1.3073529E-02
   354   1.2329595E-02
   355   1.1628005E-02
   356   1.0966348E-02
   357   1.0342350E-02
   358   9.7538671E-03
   359   9.1988780E-03
   360   8.6754747E-03
   361   8.1818588E-03
   362   7.7163363E-03
   363   7.2773062E-03
   364   6.8632611E-03
   365   6.4727785E-03
   366   6.1045173E-03
   367   5.7572122E-03
   368   5.4296707E-03
   369   5.1207677E-03
   370   4.8294426E-03
   371   4.5546945E-03
   372   4.2955801E-03
   373   4.0512094E-03
   374   3.8207434E-03
   375   3.6033909E-03
   376   3.3984052E-03
   377   3.2050828E-03
   378   3.0227597E-03
   379   2.8508101E-03
   380   2.6886435E-03
   381   2.5357034E-03
   382   2.3914645E-03
   383   2.2554318E-03
   384   2.1271382E-03
   385   2.0061436E-03
   386   1.8920323E-03
   387   1.7844129E-03
   388   1.6829158E-03
   389   1.5871928E-03
   390   1.4969152E-03
   391   1.4117734E-03
   392   1.3314749E-03
   393   1.2557443E-03
   394   1.1843217E-03
   395   1.1169619E-03
   396   1.0534339E-03
   397   9.9351944E-04
   398   9.3701325E-04
   399   8.8372122E-04
   400   8.3346054E-04
   401   7.8605872E-04
   402   7.4135320E-04
   403   6.9919054E-04
   404   6.5942603E-04
   405   6.2192330E-04
   406   5.8655371E-04
   407   5.5319589E-04
   408   5.2173535E-04
   409   4.9206417E-04
   410   4.6408063E-04
   411   4.3768866E-04
   412   4.1279776E-04
   413   3.8932252E-04
   414   3.6718245E-04
   415   3.4630156E-04
   416   3.2660828E-04
   417   3.0803500E-04
   418   2.9051802E-04
   419   2.7399728E-04
   420   2.5841614E-04
   421   2.4372111E-04
   422   2.2986181E-04
   423   2.1679068E-04
   424   2.0446292E-04
   425   1.9283625E-04
   426   1.8187078E-04
   427   1.7152891E-04
   428   1.6177517E-04
   429   1.5257610E-04
   430   1.4390018E-04
   431   1.3571764E-04
   432   1.2800041E-04
   433   1.2072204E-04
   434   1.1385758E-04
   435   1.0738346E-04
   436   1.0127750E-04
   437   9.5518764E-05
   438   9.5518764E-05
   439   9.5518764E-05
   440   9.5518764E-05
   441   9.5518764E-05
   442   9.5518764E-05
   443   9.5518764E-05
   444   9.5518764E-05
   445   9.5518764E-05
   446   9.5518764E-05
   447   9.5518764E-05
   448   9.5518764E-05
   449   9.5518764E-05
   450   9.5518764E-05
   451   9.5518764E-05
   452   9.5518764E-05
   453   9.5518764E-05
   454   9.5518764E-05
   455   9.5518764E-05
   456   9.5518764E-05
   457   9.5518764E-05
   458   9.5518764E-05
   459   9.5518764E-05
   460   9.5518764E-05
   461   9.5518764E-05
   462   9.5518764E-05
   463   9.5518764E-05
   464   9.5518764E-05
   465   9.5518764E-05
   466   9.5518764E-05
   467   9.5518764E-05
   468   9.5518764E-05
   469   9.5518764E-05
   470   9.5518764E-05
   471   9.5518764E-05
   472   9.5518764E-05
   473   9.5518764E-05
   474   9.5518764E-05
   475   9.5518764E-05
   476   9.5518764E-05
   477   9.5518764E-05
   478   9.5518764E-05
   479   9.5518764E-05
   480   9.5518764E-05
   481   9.5518764E-05
   482   9.5518764E-05
   483   9.5518764E-05
   484   9.5518764E-05
   485   9.5518764E-05
   486   9.5518764E-05
   487   9.5518764E-05
   488   9.5518764E-05
   489   9.5518764E-05
   490   9.5518764E-05
   491   9.5518764E-05
   492   9.5518764E-05
   493   9.5518764E-05
   494   9.5518764E-05
   495   9.5518764E-05
   496   9.5518764E-05
   497   9.5518764E-05
   498   9.5518764E-05
   499   9.5518764E-05
   500   9.5518764E-05
   501   9.5518764E-05
   502   9.5518764E-05
   503   9.5518764E-05
   504   9.5518764E-05
   505   9.5518764E-05
   506   9.5518764E-05
   507   9.5518764E-05
   508   9.5518764E-05
   509   9.5518764E-05
   510   9.5518764E-05
   511   9.5518764E-05
   512   9.5518764E-05
   513   9.5518764E-05
   514   9.5518764E-05
   515   9.5518764E-05
   516   9.5518764E-05
   517   9.5518764E-05
   518   9.5518764E-05
   519   9.5518764E-05
   520   9.5518764E-05
   521   9.5518764E-05
   522   9.5518764E-05
   523   9.5518764E-05
   524   9.5518764E-05
   525   9.5518764E-05
   526   9.5518764E-05
   527   9.5518764E-05
   528   9.5518764E-05
   529   9.5518764E-05
   530   9.5518764E-05
   531   9.5518764E-05
   532   9.5518764E-05
   533   9.5518764E-05
   534   9.5518764E-05
   535   9.5518764E-05
   536   9.5518764E-05
   537   9.5518764E-05
   538   9.5518764E-05
   539   9.5518764E-05
   540   9.5518764E-05
   541   9.5518764E-05
   542   9.5518764E-05
   543   9.5518764E-05
   544   9.5518764E-05
   545   9.5518764E-05
   546   9.5518764E-05
   547   9.5518764E-05
   548   9.5518764E-05
   549   9.5518764E-05
   550   9.5518764E-05
   551   9.5518764E-05
   552   9.5518764E-05
   553   9.5518764E-05
   554   9.5518764E-05
   555   9.5518764E-05
   556   9.5518764E-05
   557   9.5518764E-05
   558   9.5518764E-05
   559   9.5518764E-05
   560   9.5518764E-05
   561   9.5518764E-05
   562   9.5518764E-05
   563   9.5518764E-05
   564   9.5518764E-05
   565   9.5518764E-05
   566   9.5518764E-05
   567   9.5518764E-05
   568   9.5518764E-05
   569   9.5518764E-05
   570   9.5518764E-05
   571   9.5518764E-05
   572   9.5518764E-05
   573   9.5518764E-05
   574   9.5518764E-05
   575   9.5518764E-05
   576   9.5518764E-05
   577   9.5518764E-05
   578   9.5518764E-05
   579   9.5518764E-05
   580   9.5518764E-05
   581   9.5518764E-05
   582   9.5518764E-05
   583   9.5518764E-05
   584   9.5518764E-05
   585   9.5518764E-05
   586   9.5518764E-05
   587   9.5518764E-05
   588   9.5518764E-05
   589   9.5518764E-05
   590   9.5518764E-05
   591   9.5518764E-05
   592   9.5518764E-05
   593   9.5518764E-05
   594   9.5518764E-05
   595   9.5518764E-05
   596   9.5518764E-05
   597   9.5518764E-05
   598   9.5518764E-05
   599   9.5518764E-05
   600   9.5518764E-05
   601   9.5518764E-05
   602   9.5518764E-05
   603   9.5518764E-05
   604   9.5518764E-05
   605   9.5518764E-05
   606   9.5518764E-05
   607   9.5518764E-05
   608   9.5518764E-05
   609   9.5518764E-05
   610   9.5518764E-05
   611   9.5518764E-05
   612   9.5518764E-05
   613   9.5518764E-05
   614   9.5518764E-05
   615   9.5518764E-05
   616   9.5518764E-05
   617   9.5518764E-05
   618   9.5518764E-05
   619   9.5518764E-05
   620   9.5518764E-05
   621   9.5518764E-05
   622   9.5518764E-05
   623   9.5518764E-05
   624   9.5518764E-05
   625   9.5518764E-05
   626   9.5518764E-05
   627   9.5518764E-05
   628   9.5518764E-05
   629   9.5518764E-05
   630   9.5518764E-05
   631   9.5518764E-05
   632   9.5518764E-05
   633   9.5518764E-05
   634   9.5518764E-05
   635   9.5518764E-05
   636   9.5518764E-05
   637   9.5518764E-05
   638   9.5518764E-05
   639   9.5518764E-05
   640   9.5518764E-05
   641   9.5518764E-05
   642   9.5518764E-05
   643   9.5518764E-05
   644   9.5518764E-05
   645   9.5518764E-05
   646   9.5518764E-05
   647   9.5518764E-05
   648   9.5518764E-05
   649   9.5518764E-05
   650   9.5518764E-05
   651   9.5518764E-05
   652   9.5518764E-05
   653   9.5518764E-05
   654   9.5518764E-05
   655   9.5518764E-05
   656   9.5518764E-05
   657   9.5518764E-05
   658   9.5518764E-05
   659   9.5518764E-05
   660   9.5518764E-05
   661   9.5518764E-05
   662   9.5518764E-05
   663   9.5518764E-05
   664   9.5518764E-05
   665   9.5518764E-05
   666   9.5518764E-05
   667   9.5518764E-05
   668   9.5518764E-05
   669   9.5518764E-05
   670   9.5518764E-05
   671   9.5518764E-05
   672   9.5518764E-05
   673   9.5518764E-05
   674   9.5518764E-05
   675   9.5518764E-05
   676   9.5518764E-05
   677   9.5518764E-05
   678   9.5518764E-05
   679   9.5518764E-05
   680   9.5518764E-05
   681   9.5518764E-05
   682   9.5518764E-05
   683   9.5518764E-05
   684   9.5518764E-05
   685   9.5518764E-05
   686   9.5518764E-05
   687   9.5518764E-05
   688   9.5518764E-05
   689   9.5518764E-05
   690   9.5518764E-05
   691   9.5518764E-05
   692   9.5518764E-05
   693   9.5518764E-05
   694   9.5518764E-05
   695   9.5518764E-05
   696   9.5518764E-05
   697   9.5518764E-05
   698   9.5518764E-05
   699   9.5518764E-05
   700   9.5518764E-05
   701   9.5518764E-05
   702   9.5518764E-05
   703   9.5518764E-05
   704   9.5518764E-05
   705   9.5518764E-05
   706   9.5518764E-05
   707   9.5518764E-05
   708   9.5518764E-05
   709   9.5518764E-05
   710   9.5518764E-05
   711   9.5518764E-05
   712   9.5518764E-05
   713   9.5518764E-05
   714   9.5518764E-05
   715   9.5518764E-05
   716   9.5518764E-05
   717   9.5518764E-05
   718   9.5518764E-05
   719   9.5518764E-05
   720   9.5518764E-05
   721   9.5518764E-05
   722   9.5518764E-05
   723   9.5518764E-05
   724   9.5518764E-05
   725   9.5518764E-05
   726   9.5518764E-05
   727   9.5518764E-05
   728   9.5518764E-05
   729   9.5518764E-05
   730   9.5518764E-05
   731   9.5518764E-05
   732   9.5518764E-05
   733   9.5518764E-05
   734   9.5518764E-05
   735   9.5518764E-05
   736   9.5518764E-05
   737   9.5518764E-05
   738   9.5518764E-05
   739   9.5518764E-05
   740   9.5518764E-05
   741   9.5518764E-05
   742   9.5518764E-05
   743   9.5518764E-05
   744   9.5518764E-05
   745   9.5518764E-05
   746   9.5518764E-05
   747   9.5518764E-05
   748   9.5518764E-05
   749   9.5518764E-05
   750   9.5518764E-05
   751   9.5518764E-05
   752   9.5518764E-05
   753   9.5518764E-05
   754   9.5518764E-05
   755   9.5518764E-05
   756   9.5518764E-05
   757   9.5518764E-05
   758   9.5518764E-05
   759   9.5518764E-05
   760   9.5518764E-05
   761   9.5518764E-05
   762   9.5518764E-05
   763   9.5518764E-05
   764   9.5518764E-05
   765   9.5518764E-05
   766   9.5518764E-05
   767   9.5518764E-05
   768   9.5518764E-05
   769   9.5518764E-05
   770   9.5518764E-05
   771   9.5518764E-05
   772   9.5518764E-05
   773   9.5518764E-05
   774   9.5518764E-05
   775   9.5518764E-05
   776   9.5518764E-05
   777   9.5518764E-05
   778   9.5518764E-05
   779   9.5518764E-05
   780   9.5518764E-05
   781   9.5518764E-05
   782   9.5518764E-05
   783   9.5518764E-05
   784   9.5518764E-05
   785   9.5518764E-05
   786   9.5518764E-05
   787   9.5518764E-05
   788   9.5518764E-05
   789   9.5518764E-05
   790   9.5518764E-05
   791   9.5518764E-05
   792   9.5518764E-05
   793   9.5518764E-05
   794   9.5518764E-05
   795   9.5518764E-05
   796   9.5518764E-05
   797   9.5518764E-05
   798   9.5518764E-05
   799   9.5518764E-05
   800   9.5518764E-05
   801   9.5518764E-05
   802   9.5518764E-05
   803   9.5518764E-05
   804   9.5518764E-05
   805   9.5518764E-05
   806   9.5518764E-05
   807   9.5518764E-05
   808   9.5518764E-05
   809   9.5518764E-05
   810   9.5518764E-05
   811   9.5518764E-05
   812   9.5518764E-05
   813   9.5518764E-05
   814   9.5518764E-05
   815   9.5518764E-05
   816   9.5518764E-05
   817   9.5518764E-05
   818   9.5518764E-05
   819   9.5518764E-05
   820   9.5518764E-05
   821   9.5518764E-05
   822   9.5518764E-05
   823   9.5518764E-05
   824   9.5518764E-05
   825   9.5518764E-05
   826   9.5518764E-05
   827   9.5518764E-05
   828   9.5518764E-05
   829   9.5518764E-05
   830   9.5518764E-05
   831   9.5518764E-05
   832   9.5518764E-05
   833   9.5518764E-05
   834   9.5518764E-05
   835   9.5518764E-05
   836   9.5518764E-05
   837   9.5518764E-05
   838   9.5518764E-05
   839   9.5518764E-05
   840   9.5518764E-05
   841   9.5518764E-05
   842   9.5518764E-05
   843   9.5518764E-05
   844   9.5518764E-05
   845   9.5518764E-05
   846   9.5518764E-05
   847   9.5518764E-05
   848   9.5518764E-05
   849   9.5518764E-05
   850   9.5518764E-05
   851   9.5518764E-05
   852   9.5518764E-05
   853   9.5518764E-05
   854   9.5518764E-05
   855   9.5518764E-05
   856   9.5518764E-05
   857   9.5518764E-05
   858   9.5518764E-05
   859   9.5518764E-05
   860   9.5518764E-05
   861   9.5518764E-05
   862   9.5518764E-05
   863   9.5518764E-05
   864   9.5518764E-05
   865   9.5518764E-05
   866   9.5518764E-05
   867   9.5518764E-05
   868   9.5518764E-05
   869   9.5518764E-05
   870   9.5518764E-05
   871   9.5518764E-05
   872   9.5518764E-05
   873   9.5518764E-05
   874   9.5518764E-05
   875   9.5518764E-05
   876   9.5518764E-05
   877   9.5518764E-05
   878   9.5518764E-05
   879   9.5518764E-05
   880   9.5518764E-05
   881   9.5518764E-05
   882   9.5518764E-05
   883   9.5518764E-05
   884   9.5518764E-05
   885   9.5518764E-05
   886   9.5518764E-05
   887   9.5518764E-05
   888   9.5518764E-05
   889   9.5518764E-05
   890   9.5518764E-05
   891   9.5518764E-05
   892   9.5518764E-05
   893   9.5518764E-05
   894   9.5518764E-05
   895   9.5518764E-05
   896   9.5518764E-05
   897   9.5518764E-05
   898   9.5518764E-05
   899   9.5518764E-05
   900   9.5518764E-05
   901   9.5518764E-05
   902   9.5518764E-05
   903   9.5518764E-05
   904   9.5518764E-05
   905   9.5518764E-05
   906   9.5518764E-05
   907   9.5518764E-05
   908   9.5518764E-05
   909   9.5518764E-05
   910   9.5518764E-05
   911   9.5518764E-05
   912   9.5518764E-05
   913   9.5518764E-05
   914   9.5518764E-05
   915   9.5518764E-05
   916   9.5518764E-05
   917   9.5518764E-05
   918   9.5518764E-05
   919   9.5518764E-05
   920   9.5518764E-05
   921   9.5518764E-05
   922   9.5518764E-05
   923   9.5518764E-05
   924   9.5518764E-05
   925   9.5518764E-05
   926   9.5518764E-05
   927   9.5518764E-05
   928   9.5518764E-05
   929   9.5518764E-05
   930   9.5518764E-05
   931   9.5518764E-05
   932   9.5518764E-05
   933   9.5518764E-05
   934   9.5518764E-05
   935   9.5518764E-05
   936   9.5518764E-05
   937   9.5518764E-05
   938   9.5518764E-05
   939   9.5518764E-05
   940   9.5518764E-05
   941   9.5518764E-05
   942   9.5518764E-05
   943   9.5518764E-05
   944   9.5518764E-05
   945   9.5518764E-05
   946   9.5518764E-05
   947   9.5518764E-05
   948   9.5518764E-05
   949   9.5518764E-05
   950   9.5518764E-05
   951   9.5518764E-05
   952   9.5518764E-05
   953   9.5518764E-05
   954   9.5518764E-05
   955   9.5518764E-05
   956   9.5518764E-05
   957   9.5518764E-05
   958   9.5518764E-05
   959   9.5518764E-05
   960   9.5518764E-05
   961   9.5518764E-05
   962   9.5518764E-05
   963   9.5518764E-05
   964   9.5518764E-05
   965   9.5518764E-05
   966   9.5518764E-05
   967   9.5518764E-05
   968   9.5518764E-05
   969   9.5518764E-05
   970   9.5518764E-05
   971   9.5518764E-05
   972   9.5518764E-05
   973   9.5518764E-05
   974   9.5518764E-05
   975   9.5518764E-05
   976   9.5518764E-05
   977   9.5518764E-05
   978   9.5518764E-05
   979   9.5518764E-05
   980   9.5518764E-05
   981   9.5518764E-05
   982   9.5518764E-05
   983   9.5518764E-05
   984   9.5518764E-05
   985   9.5518764E-05
   986   9.5518764E-05
   987   9.5518764E-05
   988   9.5518764E-05
   989   9.5518764E-05
   990   9.5518764E-05
   991   9.5518764E-05
   992   9.5518764E-05
   993   9.5518764E-05
   994   9.5518764E-05
   995   9.5518764E-05
   996   9.5518764E-05
   997   9.5518764E-05
   998   9.5518764E-05
   999   9.5518764E-05
  1000   9.5518764E-05
  1001   9.5518764E-05
  1002   9.5518764E-05
  1003   9.5518764E-05
  1004   9.5518764E-05
  1005   9.5518764E-05
  1006   9.5518764E-05
  1007   9.5518764E-05
  1008   9.5518764E-05
  1009   9.5518764E-05
  1010   9.5518764E-05
  1011   9.5518764E-05
  1012   9.5518764E-05
  1013   9.5518764E-05
  1014   9.5518764E-05
  1015   9.5518764E-05
  1016   9.5518764E-05
  1017   9.5518764E-05
  1018   9.5518764E-05
  1019   9.5518764E-05
  1020   9.5518764E-05
  1021   9.5518764E-05
  1022   9.5518764E-05
  1023   9.5518764E-05
  1024   9.5518764E-05
  1025   9.5518764E-05
  1026   9.5518764E-05
  1027   9.5518764E-05
  1028   9.5518764E-05
  1029   9.5518764E-05
  1030   9.5518764E-05
  1031   9.5518764E-05
  1032   9.5518764E-05
  1033   9.5518764E-05
  1034   9.5518764E-05
  1035   9.5518764E-05
  1036   9.5518764E-05
  1037   9.5518764E-05
  1038   9.5518764E-05
  1039   9.5518764E-05
  1040   9.5518764E-05
  1041   9.5518764E-05
  1042   9.5518764E-05
  1043   9.5518764E-05
  1044   9.5518764E-05
  1045   9.5518764E-05
  1046   9.5518764E-05
  1047   9.5518764E-05
  1048   9.5518764E-05
  1049   9.5518764E-05
  1050   9.5518764E-05
  1051   9.5518764E-05
  1052   9.5518764E-05
  1053   9.5518764E-05
  1054   9.5518764E-05
  1055   9.5518764E-05
  1056   9.5518764E-05
  1057   9.5518764E-05
  1058   9.5518764E-05
  1059   9.5518764E-05
  1060   9.5518764E-05
  1061   9.5518764E-05
  1062   9.5518764E-05
  1063   9.5518764E-05
  1064   9.5518764E-05
  1065   9.5518764E-05
  1066   9.5518764E-05
  1067   9.5518764E-05
  1068   9.5518764E-05
  1069   9.5518764E-05
  1070   9.5518764E-05
  1071   9.5518764E-05
  1072   9.5518764E-05
  1073   9.5518764E-05
  1074   9.5518764E-05
  1075   9.5518764E-05
  1076   9.5518764E-05
  1077   9.5518764E-05
  1078   9.5518764E-05
  1079   9.5518764E-05
  1080   9.5518764E-05
  1081   9.5518764E-05
  1082   9.5518764E-05
  1083   9.5518764E-05
  1084   9.5518764E-05
  1085   9.5518764E-05
  1086   9.5518764E-05
  1087   9.5518764E-05
  1088   9.5518764E-05
  1089   9.5518764E-05
  1090   9.5518764E-05
  1091   9.5518764E-05
  1092   9.5518764E-05
  1093   9.5518764E-05
  1094   9.5518764E-05
  1095   9.5518764E-05
  1096   9.5518764E-05
  1097   9.5518764E-05
  1098   9.5518764E-05
  1099   9.5518764E-05
  1100   9.5518764E-05
  1101   9.5518764E-05
  1102   9.5518764E-05
  1103   9.5518764E-05
  1104   9.5518764E-05
  1105   9.5518764E-05
  1106   9.5518764E-05
  1107   9.5518764E-05
  1108   9.5518764E-05
  1109   9.5518764E-05
  1110   9.5518764E-05
  1111   9.5518764E-05
  1112   9.5518764E-05
  1113   9.5518764E-05
  1114   9.5518764E-05
  1115   9.5518764E-05
  1116   9.5518764E-05
  1117   9.5518764E-05
  1118   9.5518764E-05
  1119   9.5518764E-05
  1120   9.5518764E-05
  1121   9.5518764E-05
  1122   9.5518764E-05
  1123   9.5518764E-05
  1124   9.5518764E-05
  1125   9.5518764E-05
  1126   9.5518764E-05
  1127   9.5518764E-05
  1128   9.5518764E-05
  1129   9.5518764E-05
  1130   9.5518764E-05
  1131   9.5518764E-05
  1132   9.5518764E-05
  1133   9.5518764E-05
  1134   9.5518764E-05
  1135   9.5518764E-05
  1136   9.5518764E-05
  1137   9.5518764E-05
  1138   9.5518764E-05
  1139   9.5518764E-05
  1140   9.5518764E-05
  1141   9.5518764E-05
  1142   9.5518764E-05
  1143   9.5518764E-05
  1144   9.5518764E-05
  1145   9.5518764E-05
  1146   9.5518764E-05
  1147   9.5518764E-05
  1148   9.5518764E-05
  1149   9.5518764E-05
  1150   9.5518764E-05
  1151   9.5518764E-05
  1152   9.5518764E-05
  1153   9.5518764E-05
  1154   9.5518764E-05
  1155   9.5518764E-05
  1156   9.5518764E-05
  1157   9.5518764E-05
  1158   9.5518764E-05
  1159   9.5518764E-05
  1160   9.5518764E-05
  1161   9.5518764E-05
  1162   9.5518764E-05
  1163   9.5518764E-05
  1164   9.5518764E-05
  1165   9.5518764E-05
  1166   9.5518764E-05
  1167   9.5518764E-05
  1168   9.5518764E-05
  1169   9.5518764E-05
  1170   9.5518764E-05
  1171   9.5518764E-05
  1172   9.5518764E-05
  1173   9.5518764E-05
  1174   9.5518764E-05
  1175   9.5518764E-05
  1176   9.5518764E-05
  1177   9.5518764E-05
  1178   9.5518764E-05
  1179   9.5518764E-05
  1180   9.5518764E-05
  1181   9.5518764E-05
  1182   9.5518764E-05
  1183   9.5518764E-05
  1184   9.5518764E-05
  1185   9.5518764E-05
  1186   9.5518764E-05
  1187   9.5518764E-05
  1188   9.5518764E-05
  1189   9.5518764E-05
  1190   9.5518764E-05
  1191   9.5518764E-05
  1192   9.5518764E-05
  1193   9.5518764E-05
  1194   9.5518764E-05
  1195   9.5518764E-05
  1196   9.5518764E-05
  1197   9.5518764E-05
  1198   9.5518764E-05
  1199   9.5518764E-05
  1200   9.5518764E-05
  1201   9.5518764E-05
  1202   9.5518764E-05
  1203   9.5518764E-05
  1204   9.5518764E-05
  1205   9.5518764E-05
  1206   9.5518764E-05
  1207   9.5518764E-05
  1208   9.5518764E-05
  1209   9.5518764E-05
  1210   9.5518764E-05
  1211   9.5518764E-05
  1212   9.5518764E-05
  1213   9.5518764E-05
  1214   9.5518764E-05
  1215   9.5518764E-05
  1216   9.5518764E-05
  1217   9.5518764E-05
  1218   9.5518764E-05
  1219   9.5518764E-05
  1220   9.5518764E-05
  1221   9.5518764E-05
  1222   9.5518764E-05
  1223   9.5518764E-05
  1224   9.5518764E-05
  1225   9.5518764E-05
  1226   9.5518764E-05
  1227   9.5518764E-05
  1228   9.5518764E-05
  1229   9.5518764E-05
  1230   9.5518764E-05
  1231   9.5518764E-05
  1232   9.5518764E-05
  1233   9.5518764E-05
  1234   9.5518764E-05
  1235   9.5518764E-05
  1236   9.5518764E-05
  1237   9.5518764E-05
  1238   9.5518764E-05
  1239   9.5518764E-05
  1240   9.5518764E-05
  1241   9.5518764E-05
  1242   9.5518764E-05
  1243   9.5518764E-05
  1244   9.5518764E-05
  1245   9.5518764E-05
  1246   9.5518764E-05
  1247   9.5518764E-05
  1248   9.5518764E-05
  1249   9.5518764E-05
  1250   9.5518764E-05
  1251   9.5518764E-05
  1252   9.5518764E-05
  1253   9.5518764E-05
  1254   9.5518764E-05
  1255   9.5518764E-05
  1256   9.5518764E-05
  1257   9.5518764E-05
  1258   9.5518764E-05
  1259   9.5518764E-05
  1260   9.5518764E-05
  1261   9.5518764E-05
  1262   9.5518764E-05
  1263   9.5518764E-05
  1264   9.5518764E-05
  1265   9.5518764E-05
  1266   9.5518764E-05
  1267   9.5518764E-05
  1268   9.5518764E-05
  1269   9.5518764E-05
  1270   9.5518764E-05
  1271   9.5518764E-05
  1272   9.5518764E-05
  1273   9.5518764E-05
  1274   9.5518764E-05
  1275   9.5518764E-05
  1276   9.5518764E-05
  1277   9.5518764E-05
  1278   9.5518764E-05
  1279   9.5518764E-05
  1280   9.5518764E-05
  1281   9.5518764E-05
  1282   9.5518764E-05
  1283   9.5518764E-05
  1284   9.5518764E-05
  1285   9.5518764E-05
  1286   9.5518764E-05
  1287   9.5518764E-05
  1288   9.5518764E-05
  1289   9.5518764E-05
  1290   9.5518764E-05
  1291   9.5518764E-05
  1292   9.5518764E-05
  1293   9.5518764E-05
  1294   9.5518764E-05
  1295   9.5518764E-05
  1296   9.5518764E-05
  1297   9.5518764E-05
  1298   9.5518764E-05
  1299   9.5518764E-05
  1300   9.5518764E-05
  1301   9.5518764E-05
  1302   9.5518764E-05
  1303   9.5518764E-05
  1304   9.5518764E-05
  1305   9.5518764E-05
  1306   9.5518764E-05
  1307   9.5518764E-05
  1308   9.5518764E-05
  1309   9.5518764E-05
  1310   9.5518764E-05
  1311   9.5518764E-05
  1312   9.5518764E-05
  1313   9.5518764E-05
  1314   9.5518764E-05
  1315   9.5518764E-05
  1316   9.5518764E-05
  1317   9.5518764E-05
  1318   9.5518764E-05
  1319   9.5518764E-05
  1320   9.5518764E-05
  1321   9.5518764E-05
  1322   9.5518764E-05
  1323   9.5518764E-05
  1324   9.5518764E-05
  1325   9.5518764E-05
  1326   9.5518764E-05
  1327   9.5518764E-05
  1328   9.5518764E-05
  1329   9.5518764E-05
  1330   9.5518764E-05
  1331   9.5518764E-05
  1332   9.5518764E-05
  1333   9.5518764E-05
  1334   9.5518764E-05
  1335   9.5518764E-05
  1336   9.5518764E-05
  1337   9.5518764E-05
  1338   9.5518764E-05
  1339   9.5518764E-05
  1340   9.5518764E-05
  1341   9.5518764E-05
  1342   9.5518764E-05
  1343   9.5518764E-05
  1344   9.5518764E-05
  1345   9.5518764E-05
  1346   9.5518764E-05
  1347   9.5518764E-05
  1348   9.5518764E-05
  1349   9.5518764E-05
  1350   9.5518764E-05
  1351   9.5518764E-05
  1352   9.5518764E-05
  1353   9.5518764E-05
  1354   9.5518764E-05
  1355   9.5518764E-05
  1356   9.5518764E-05
  1357   9.5518764E-05
  1358   9.5518764E-05
  1359   9.5518764E-05
  1360   9.5518764E-05
  1361   9.5518764E-05
  1362   9.5518764E-05
  1363   9.5518764E-05
  1364   9.5518764E-05
  1365   9.5518764E-05
  1366   9.5518764E-05
  1367   9.5518764E-05
  1368   9.5518764E-05
  1369   9.5518764E-05
  1370   9.5518764E-05
  1371   9.5518764E-05
  1372   9.5518764E-05
  1373   9.5518764E-05
  1374   9.5518764E-05
  1375   9.5518764E-05
  1376   9.5518764E-05
  1377   9.5518764E-05
  1378   9.5518764E-05
  1379   9.5518764E-05
  1380   9.5518764E-05
  1381   9.5518764E-05
  1382   9.5518764E-05
  1383   9.5518764E-05
  1384   9.5518764E-05
  1385   9.5518764E-05
  1386   9.5518764E-05
  1387   9.5518764E-05
  1388   9.5518764E-05
  1389   9.5518764E-05
  1390   9.5518764E-05
  1391   9.5518764E-05
  1392   9.5518764E-05
  1393   9.5518764E-05
  1394   9.5518764E-05
  1395   9.5518764E-05
  1396   9.5518764E-05
  1397   9.5518764E-05
  1398   9.5518764E-05
  1399   9.5518764E-05
  1400   9.5518764E-05
  1401   9.5518764E-05
  1402   9.5518764E-05
  1403   9.5518764E-05
  1404   9.5518764E-05
  1405   9.5518764E-05
  1406   9.5518764E-05
  1407   9.5518764E-05
  1408   9.5518764E-05
  1409   9.5518764E-05
  1410   9.5518764E-05
  1411   9.5518764E-05
  1412   9.5518764E-05
  1413   9.5518764E-05
  1414   9.5518764E-05
  1415   9.5518764E-05
  1416   9.5518764E-05
  1417   9.5518764E-05
  1418   9.5518764E-05
  1419   9.5518764E-05
  1420   9.5518764E-05
  1421   9.5518764E-05
  1422   9.5518764E-05
  1423   9.5518764E-05
  1424   9.5518764E-05
  1425   9.5518764E-05
  1426   9.5518764E-05
  1427   9.5518764E-05
  1428   9.5518764E-05
  1429   9.5518764E-05
  1430   9.5518764E-05
  1431   9.5518764E-05
  1432   9.5518764E-05
  1433   9.5518764E-05
  1434   9.5518764E-05
  1435   9.5518764E-05
  1436   9.5518764E-05
  1437   9.5518764E-05
  1438   9.5518764E-05
  1439   9.5518764E-05
  1440   9.5518764E-05
  1441   9.5518764E-05
  1442   9.5518764E-05
  1443   9.5518764E-05
  1444   9.5518764E-05
  1445   9.5518764E-05
  1446   9.5518764E-05
  1447   9.5518764E-05
  1448   9.5518764E-05
  1449   9.5518764E-05
  1450   9.5518764E-05
  1451   9.5518764E-05
  1452   9.5518764E-05
  1453   9.5518764E-05
  1454   9.5518764E-05
  1455   9.5518764E-05
  1456   9.5518764E-05
  1457   9.5518764E-05
  1458   9.5518764E-05
  1459   9.5518764E-05
  1460   9.5518764E-05
  1461   9.5518764E-05
  1462   9.5518764E-05
  1463   9.5518764E-05
  1464   9.5518764E-05
  1465   9.5518764E-05
  1466   9.5518764E-05
  1467   9.5518764E-05
  1468   9.5518764E-05
  1469   9.5518764E-05
  1470   9.5518764E-05
  1471   9.5518764E-05
  1472   9.5518764E-05
  1473   9.5518764E-05
  1474   9.5518764E-05
  1475   9.5518764E-05
  1476   9.5518764E-05
  1477   9.5518764E-05
  1478   9.5518764E-05
  1479   9.5518764E-05
  1480   9.5518764E-05
  1481   9.5518764E-05
  1482   9.5518764E-05
  1483   9.5518764E-05
  1484   9.5518764E-05
  1485   9.5518764E-05
  1486   9.5518764E-05
  1487   9.5518764E-05
  1488   9.5518764E-05
  1489   9.5518764E-05
  1490   9.5518764E-05
  1491   9.5518764E-05
  1492   9.5518764E-05
  1493   9.5518764E-05
  1494   9.5518764E-05
  1495   9.5518764E-05
  1496   9.5518764E-05
  1497   9.5518764E-05
  1498   9.5518764E-05
  1499   9.5518764E-05
  1500   9.5518764E-05
  1501   9.5518764E-05
  1502   9.5518764E-05
  1503   9.5518764E-05
  1504   9.5518764E-05
  1505   9.5518764E-05
  1506   9.5518764E-05
  1507   9.5518764E-05
  1508   9.5518764E-05
  1509   9.5518764E-05
  1510   9.5518764E-05
  1511   9.5518764E-05
  1512   9.5518764E-05
  1513   9.5518764E-05
  1514   9.5518764E-05
  1515   9.5518764E-05
  1516   9.5518764E-05
  1517   9.5518764E-05
  1518   9.5518764E-05
  1519   9.5518764E-05
  1520   9.5518764E-05
  1521   9.5518764E-05
  1522   9.5518764E-05
  1523   9.5518764E-05
  1524   9.5518764E-05
  1525   9.5518764E-05
  1526   9.5518764E-05
  1527   9.5518764E-05
  1528   9.5518764E-05
  1529   9.5518764E-05
  1530   9.5518764E-05
  1531   9.5518764E-05
  1532   9.5518764E-05
  1533   9.5518764E-05
  1534   9.5518764E-05
  1535   9.5518764E-05
  1536   9.5518764E-05
  1537   9.5518764E-05
  1538   9.5518764E-05
  1539   9.5518764E-05
  1540   9.5518764E-05
  1541   9.5518764E-05
  1542   9.5518764E-05
  1543   9.5518764E-05
  1544   9.5518764E-05
  1545   9.5518764E-05
  1546   9.5518764E-05
  1547   9.5518764E-05
  1548   9.5518764E-05
  1549   9.5518764E-05
  1550   9.5518764E-05
  1551   9.5518764E-05
  1552   9.5518764E-05
  1553   9.5518764E-05
  1554   9.5518764E-05
  1555   9.5518764E-05
  1556   9.5518764E-05
  1557   9.5518764E-05
  1558   9.5518764E-05
  1559   9.5518764E-05
  1560   9.5518764E-05
  1561   9.5518764E-05
  1562   9.5518764E-05
  1563   9.5518764E-05
  1564   9.5518764E-05
  1565   9.5518764E-05
  1566   9.5518764E-05
  1567   9.5518764E-05
  1568   9.5518764E-05
  1569   9.5518764E-05
  1570   9.5518764E-05
  1571   9.5518764E-05
  1572   9.5518764E-05
  1573   9.5518764E-05
  1574   9.5518764E-05
  1575   9.5518764E-05
  1576   9.5518764E-05
  1577   9.5518764E-05
  1578   9.5518764E-05
  1579   9.5518764E-05
  1580   9.5518764E-05
  1581   9.5518764E-05
  1582   9.5518764E-05
  1583   9.5518764E-05
  1584   9.5518764E-05
  1585   9.5518764E-05
  1586   9.5518764E-05
  1587   9.5518764E-05
  1588   9.5518764E-05
  1589   9.5518764E-05
  1590   9.5518764E-05
  1591   9.5518764E-05
  1592   9.5518764E-05
  1593   9.5518764E-05
  1594   9.5518764E-05
  1595   9.5518764E-05
  1596   9.5518764E-05
  1597   9.5518764E-05
  1598   9.5518764E-05
  1599   9.5518764E-05
  1600   9.5518764E-05
  1601   9.5518764E-05
  1602   9.5518764E-05
  1603   9.5518764E-05
  1604   9.5518764E-05
  1605   9.5518764E-05
  1606   9.5518764E-05
  1607   9.5518764E-05
  1608   9.5518764E-05
  1609   9.5518764E-05
  1610   9.5518764E-05
  1611   9.5518764E-05
  1612   9.5518764E-05
  1613   9.5518764E-05
  1614   9.5518764E-05
  1615   9.5518764E-05
  1616   9.5518764E-05
  1617   9.5518764E-05
  1618   9.5518764E-05
  1619   9.5518764E-05
  1620   9.5518764E-05
  1621   9.5518764E-05
  1622   9.5518764E-05
  1623   9.5518764E-05
  1624   9.5518764E-05
  1625   9.5518764E-05
  1626   9.5518764E-05
  1627   9.5518764E-05
  1628   9.5518764E-05
  1629   9.5518764E-05
  1630   9.5518764E-05
  1631   9.5518764E-05
  1632   9.5518764E-05
  1633   9.5518764E-05
  1634   9.5518764E-05
  1635   9.5518764E-05
  1636   9.5518764E-05
  1637   9.5518764E-05
  1638   9.5518764E-05
  1639   9.5518764E-05
  1640   9.5518764E-05
  1641   9.5518764E-05
  1642   9.5518764E-05
  1643   9.5518764E-05
  1644   9.5518764E-05
  1645   9.5518764E-05
  1646   9.5518764E-05
  1647   9.5518764E-05
  1648   9.5518764E-05
  1649   9.5518764E-05
  1650   9.5518764E-05
  1651   9.5518764E-05
  1652   9.5518764E-05
  1653   9.5518764E-05
  1654   9.5518764E-05
  1655   9.5518764E-05
  1656   9.5518764E-05
  1657   9.5518764E-05
  1658   9.5518764E-05
  1659   9.5518764E-05
  1660   9.5518764E-05
  1661   9.5518764E-05
  1662   9.5518764E-05
  1663   9.5518764E-05
  1664   9.5518764E-05
  1665   9.5518764E-05
  1666   9.5518764E-05
  1667   9.5518764E-05
  1668   9.5518764E-05
  1669   9.5518764E-05
  1670   9.5518764E-05
  1671   9.5518764E-05
  1672   9.5518764E-05
  1673   9.5518764E-05
  1674   9.5518764E-05
  1675   9.5518764E-05
  1676   9.5518764E-05
  1677   9.5518764E-05
  1678   9.5518764E-05
  1679   9.5518764E-05
  1680   9.5518764E-05
  1681   9.5518764E-05
  1682   9.5518764E-05
  1683   9.5518764E-05
  1684   9.5518764E-05
  1685   9.5518764E-05
  1686   9.5518764E-05
  1687   9.5518764E-05
  1688   9.5518764E-05
  1689   9.5518764E-05
  1690   9.5518764E-05
  1691   9.5518764E-05
  1692   9.5518764E-05
  1693   9.5518764E-05
  1694   9.5518764E-05
  1695   9.5518764E-05
  1696   9.5518764E-05
  1697   9.5518764E-05
  1698   9.5518764E-05
  1699   9.5518764E-05
  1700   9.5518764E-05
  1701   9.5518764E-05
  1702   9.5518764E-05
  1703   9.5518764E-05
  1704   9.5518764E-05
  1705   9.5518764E-05
  1706   9.5518764E-05
  1707   9.5518764E-05
  1708   9.5518764E-05
  1709   9.5518764E-05
  1710   9.5518764E-05
  1711   9.5518764E-05
  1712   9.5518764E-05
  1713   9.5518764E-05
  1714   9.5518764E-05
  1715   9.5518764E-05
  1716   9.5518764E-05
  1717   9.5518764E-05
  1718   9.5518764E-05
  1719   9.5518764E-05
  1720   9.5518764E-05
  1721   9.5518764E-05
  1722   9.5518764E-05
  1723   9.5518764E-05
  1724   9.5518764E-05
  1725   9.5518764E-05
  1726   9.5518764E-05
  1727   9.5518764E-05
  1728   9.5518764E-05
  1729   9.5518764E-05
  1730   9.5518764E-05
  1731   9.5518764E-05
  1732   9.5518764E-05
  1733   9.5518764E-05
  1734   9.5518764E-05
  1735   9.5518764E-05
  1736   9.5518764E-05
  1737   9.5518764E-05
  1738   9.5518764E-05
  1739   9.5518764E-05
  1740   9.5518764E-05
  1741   9.5518764E-05
  1742   9.5518764E-05
  1743   9.5518764E-05
  1744   9.5518764E-05
  1745   9.5518764E-05
  1746   9.5518764E-05
  1747   9.5518764E-05
  1748   9.5518764E-05
  1749   9.5518764E-05
  1750   9.5518764E-05
  1751   9.5518764E-05
  1752   9.5518764E-05
  1753   9.5518764E-05
  1754   9.5518764E-05
  1755   9.5518764E-05
  1756   9.5518764E-05
  1757   9.5518764E-05
  1758   9.5518764E-05
  1759   9.5518764E-05
  1760   9.5518764E-05
  1761   9.5518764E-05
  1762   9.5518764E-05
  1763   9.5518764E-05
  1764   9.5518764E-05
  1765   9.5518764E-05
  1766   9.5518764E-05
  1767   9.5518764E-05
  1768   9.5518764E-05
  1769   9.5518764E-05
  1770   9.5518764E-05
  1771   9.5518764E-05
  1772   9.5518764E-05
  1773   9.5518764E-05
  1774   9.5518764E-05
  1775   9.5518764E-05
  1776   9.5518764E-05
  1777   9.5518764E-05
  1778   9.5518764E-05
  1779   9.5518764E-05
  1780   9.5518764E-05
  1781   9.5518764E-05
  1782   9.5518764E-05
  1783   9.5518764E-05
  1784   9.5518764E-05
  1785   9.5518764E-05
  1786   9.5518764E-05
  1787   9.5518764E-05
  1788   9.5518764E-05
  1789   9.5518764E-05
  1790   9.5518764E-05
  1791   9.5518764E-05
  1792   9.5518764E-05
  1793   9.5518764E-05
  1794   9.5518764E-05
  1795   9.5518764E-05
  1796   9.5518764E-05
  1797   9.5518764E-05
  1798   9.5518764E-05
  1799   9.5518764E-05
  1800   9.5518764E-05
  1801   9.5518764E-05
  1802   9.5518764E-05
  1803   9.5518764E-05
  1804   9.5518764E-05
  1805   9.5518764E-05
  1806   9.5518764E-05
  1807   9.5518764E-05
  1808   9.5518764E-05
  1809   9.5518764E-05
  1810   9.5518764E-05
  1811   9.5518764E-05
  1812   9.5518764E-05
  1813   9.5518764E-05
  1814   9.5518764E-05
  1815   9.5518764E-05
  1816   9.5518764E-05
  1817   9.5518764E-05
  1818   9.5518764E-05
  1819   9.5518764E-05
  1820   9.5518764E-05
  1821   9.5518764E-05
  1822   9.5518764E-05
  1823   9.5518764E-05
  1824   9.5518764E-05
  1825   9.5518764E-05
  1826   9.5518764E-05
  1827   9.5518764E-05
  1828   9.5518764E-05
  1829   9.5518764E-05
  1830   9.5518764E-05
  1831   9.5518764E-05
  1832   9.5518764E-05
  1833   9.5518764E-05
  1834   9.5518764E-05
  1835   9.5518764E-05
  1836   9.5518764E-05
  1837   9.5518764E-05
  1838   9.5518764E-05
  1839   9.5518764E-05
  1840   9.5518764E-05
  1841   9.5518764E-05
  1842   9.5518764E-05
  1843   9.5518764E-05
  1844   9.5518764E-05
  1845   9.5518764E-05
  1846   9.5518764E-05
  1847   9.5518764E-05
  1848   9.5518764E-05
  1849   9.5518764E-05
  1850   9.5518764E-05
  1851   9.5518764E-05
  1852   9.5518764E-05
  1853   9.5518764E-05
  1854   9.5518764E-05
  1855   9.5518764E-05
  1856   9.5518764E-05
  1857   9.5518764E-05
  1858   9.5518764E-05
  1859   9.5518764E-05
  1860   9.5518764E-05
  1861   9.5518764E-05
  1862   9.5518764E-05
  1863   9.5518764E-05
  1864   9.5518764E-05
  1865   9.5518764E-05
  1866   9.5518764E-05
  1867   9.5518764E-05
  1868   9.5518764E-05
  1869   9.5518764E-05
  1870   9.5518764E-05
  1871   9.5518764E-05
  1872   9.5518764E-05
  1873   9.5518764E-05
  1874   9.5518764E-05
  1875   9.5518764E-05
  1876   9.5518764E-05
  1877   9.5518764E-05
  1878   9.5518764E-05
  1879   9.5518764E-05
  1880   9.5518764E-05
  1881   9.5518764E-05
  1882   9.5518764E-05
  1883   9.5518764E-05
  1884   9.5518764E-05
  1885   9.5518764E-05
  1886   9.5518764E-05
  1887   9.5518764E-05
  1888   9.5518764E-05
  1889   9.5518764E-05
  1890   9.5518764E-05
  1891   9.5518764E-05
  1892   9.5518764E-05
  1893   9.5518764E-05
  1894   9.5518764E-05
  1895   9.5518764E-05
  1896   9.5518764E-05
  1897   9.5518764E-05
  1898   9.5518764E-05
  1899   9.5518764E-05
  1900   9.5518764E-05
  1901   9.5518764E-05
  1902   9.5518764E-05
  1903   9.5518764E-05
  1904   9.5518764E-05
  1905   9.5518764E-05
  1906   9.5518764E-05
  1907   9.5518764E-05
  1908   9.5518764E-05
  1909   9.5518764E-05
  1910   9.5518764E-05
  1911   9.5518764E-05
  1912   9.5518764E-05
  1913   9.5518764E-05
  1914   9.5518764E-05
  1915   9.5518764E-05
  1916   9.5518764E-05
  1917   9.5518764E-05
  1918   9.5518764E-05
  1919   9.5518764E-05
  1920   9.5518764E-05
  1921   9.5518764E-05
  1922   9.5518764E-05
  1923   9.5518764E-05
  1924   9.5518764E-05
  1925   9.5518764E-05
  1926   9.5518764E-05
  1927   9.5518764E-05
  1928   9.5518764E-05
  1929   9.5518764E-05
  1930   9.5518764E-05
  1931   9.5518764E-05
  1932   9.5518764E-05
  1933   9.5518764E-05
  1934   9.5518764E-05
  1935   9.5518764E-05
  1936   9.5518764E-05
  1937   9.5518764E-05
  1938   9.5518764E-05
  1939   9.5518764E-05
  1940   9.5518764E-05
  1941   9.5518764E-05
  1942   9.5518764E-05
  1943   9.5518764E-05
  1944   9.5518764E-05
  1945   9.5518764E-05
  1946   9.5518764E-05
  1947   9.5518764E-05
  1948   9.5518764E-05
  1949   9.5518764E-05
  1950   9.5518764E-05
  1951   9.5518764E-05
  1952   9.5518764E-05
  1953   9.5518764E-05
  1954   9.5518764E-05
  1955   9.5518764E-05
  1956   9.5518764E-05
  1957   9.5518764E-05
  1958   9.5518764E-05
  1959   9.5518764E-05
  1960   9.5518764E-05
  1961   9.5518764E-05
  1962   9.5518764E-05
  1963   9.5518764E-05
  1964   9.5518764E-05
  1965   9.5518764E-05
  1966   9.5518764E-05
  1967   9.5518764E-05
  1968   9.5518764E-05
  1969   9.5518764E-05
  1970   9.5518764E-05
  1971   9.5518764E-05
  1972   9.5518764E-05
  1973   9.5518764E-05
  1974   9.5518764E-05
  1975   9.5518764E-05
  1976   9.5518764E-05
  1977   9.5518764E-05
  1978   9.5518764E-05
  1979   9.5518764E-05
  1980   9.5518764E-05
  1981   9.5518764E-05
  1982   9.5518764E-05
  1983   9.5518764E-05
  1984   9.5518764E-05
  1985   9.5518764E-05
  1986   9.5518764E-05
  1987   9.5518764E-05
  1988   9.5518764E-05
  1989   9.5518764E-05
  1990   9.5518764E-05
  1991   9.5518764E-05
  1992   9.5518764E-05
  1993   9.5518764E-05
  1994   9.5518764E-05
  1995   9.5518764E-05
  1996   9.5518764E-05
  1997   9.5518764E-05
  1998   9.5518764E-05
  1999   9.5518764E-05
  2000   9.5518764E-05
  2001   9.5518764E-05
  2002   9.5518764E-05
  2003   9.5518764E-05
  2004   9.5518764E-05
  2005   9.5518764E-05
  2006   9.5518764E-05
  2007   9.5518764E-05
  2008   9.5518764E-05
  2009   9.5518764E-05
  2010   9.5518764E-05
  2011   9.5518764E-05
  2012   9.5518764E-05
  2013   9.5518764E-05
  2014   9.5518764E-05
  2015   9.5518764E-05
  2016   9.5518764E-05
  2017   9.5518764E-05
  2018   9.5518764E-05
  2019   9.5518764E-05
  2020   9.5518764E-05
  2021   9.5518764E-05
  2022   9.5518764E-05
  2023   9.5518764E-05
  2024   9.5518764E-05
  2025   9.5518764E-05
  2026   9.5518764E-05
  2027   9.5518764E-05
  2028   9.5518764E-05
  2029   9.5518764E-05
  2030   9.5518764E-05
  2031   9.5518764E-05
  2032   9.5518764E-05
  2033   9.5518764E-05
  2034   9.5518764E-05
  2035   9.5518764E-05
  2036   9.5518764E-05
  2037   9.5518764E-05
  2038   9.5518764E-05
  2039   9.5518764E-05
  2040   9.5518764E-05
  2041   9.5518764E-05
  2042   9.5518764E-05
  2043   9.5518764E-05
  2044   9.5518764E-05
  2045   9.5518764E-05
  2046   9.5518764E-05
  2047   9.5518764E-05
  2048   9.5518764E-05
  2049   9.5518764E-05
  2050   9.5518764E-05
  2051   9.5518764E-05
  2052   9.5518764E-05
  2053   9.5518764E-05
  2054   9.5518764E-05
  2055   9.5518764E-05
  2056   9.5518764E-05
  2057   9.5518764E-05
  2058   9.5518764E-05
  2059   9.5518764E-05
  2060   9.5518764E-05
  2061   9.5518764E-05
  2062   9.5518764E-05
  2063   9.5518764E-05
  2064   9.5518764E-05
  2065   9.5518764E-05
  2066   9.5518764E-05
  2067   9.5518764E-05
  2068   9.5518764E-05
  2069   9.5518764E-05
  2070   9.5518764E-05
  2071   9.5518764E-05
  2072   9.5518764E-05
  2073   9.5518764E-05
  2074   9.5518764E-05
  2075   9.5518764E-05
  2076   9.5518764E-05
  2077   9.5518764E-05
  2078   9.5518764E-05
  2079   9.5518764E-05
  2080   9.5518764E-05
  2081   9.5518764E-05
  2082   9.5518764E-05
  2083   9.5518764E-05
  2084   9.5518764E-05
  2085   9.5518764E-05
  2086   9.5518764E-05
  2087   9.5518764E-05
  2088   9.5518764E-05
  2089   9.5518764E-05
  2090   9.5518764E-05
  2091   9.5518764E-05
  2092   9.5518764E-05
  2093   9.5518764E-05
  2094   9.5518764E-05
  2095   9.5518764E-05
  2096   9.5518764E-05
  2097   9.5518764E-05
  2098   9.5518764E-05
  2099   9.5518764E-05
  2100   9.5518764E-05
  2101   9.5518764E-05
  2102   9.5518764E-05
  2103   9.5518764E-05
  2104   9.5518764E-05
  2105   9.5518764E-05
  2106   9.5518764E-05
  2107   9.5518764E-05
  2108   9.5518764E-05
  2109   9.5518764E-05
  2110   9.5518764E-05
  2111   9.5518764E-05
  2112   9.5518764E-05
  2113   9.5518764E-05
  2114   9.5518764E-05
  2115   9.5518764E-05
  2116   9.5518764E-05
  2117   9.5518764E-05
  2118   9.5518764E-05
  2119   9.5518764E-05
  2120   9.5518764E-05
  2121   9.5518764E-05
  2122   9.5518764E-05
  2123   9.5518764E-05
  2124   9.5518764E-05
  2125   9.5518764E-05
  2126   9.5518764E-05
  2127   9.5518764E-05
  2128   9.5518764E-05
  2129   9.5518764E-05
  2130   9.5518764E-05
  2131   9.5518764E-05
  2132   9.5518764E-05
  2133   9.5518764E-05
  2134   9.5518764E-05
  2135   9.5518764E-05
  2136   9.5518764E-05
  2137   9.5518764E-05
  2138   9.5518764E-05
  2139   9.5518764E-05
  2140   9.5518764E-05
  2141   9.5518764E-05
  2142   9.5518764E-05
  2143   9.5518764E-05
  2144   9.5518764E-05
  2145   9.5518764E-05
  2146   9.5518764E-05
  2147   9.5518764E-05
  2148   9.5518764E-05
  2149   9.5518764E-05
  2150   9.5518764E-05
  2151   9.5518764E-05
  2152   9.5518764E-05
  2153   9.5518764E-05
  2154   9.5518764E-05
  2155   9.5518764E-05
  2156   9.5518764E-05
  2157   9.5518764E-05
  2158   9.5518764E-05
  2159   9.5518764E-05
  2160   9.5518764E-05
  2161   9.5518764E-05
  2162   9.5518764E-05
  2163   9.5518764E-05
  2164   9.5518764E-05
  2165   9.5518764E-05
  2166   9.5518764E-05
  2167   9.5518764E-05
  2168   9.5518764E-05
  2169   9.5518764E-05
  2170   9.5518764E-05
  2171   9.5518764E-05
  2172   9.5518764E-05
  2173   9.5518764E-05
  2174   9.5518764E-05
  2175   9.5518764E-05
  2176   9.5518764E-05
  2177   9.5518764E-05
  2178   9.5518764E-05
  2179   9.5518764E-05
  2180   9.5518764E-05
  2181   9.5518764E-05
  2182   9.5518764E-05
  2183   9.5518764E-05
  2184   9.5518764E-05
  2185   9.5518764E-05
  2186   9.5518764E-05
  2187   9.5518764E-05
  2188   9.5518764E-05
  2189   9.5518764E-05
  2190   9.5518764E-05
  2191   9.5518764E-05
  2192   9.5518764E-05
  2193   9.5518764E-05
  2194   9.5518764E-05
  2195   9.5518764E-05
  2196   9.5518764E-05
  2197   9.5518764E-05
  2198   9.5518764E-05
  2199   9.5518764E-05
  2200   9.5518764E-05
  2201   9.5518764E-05
  2202   9.5518764E-05
  2203   9.5518764E-05
  2204   9.5518764E-05
  2205   9.5518764E-05
  2206   9.5518764E-05
  2207   9.5518764E-05
  2208   9.5518764E-05
  2209   9.5518764E-05
  2210   9.5518764E-05
  2211   9.5518764E-05
  2212   9.5518764E-05
  2213   9.5518764E-05
  2214   9.5518764E-05
  2215   9.5518764E-05
  2216   9.5518764E-05
  2217   9.5518764E-05
  2218   9.5518764E-05
  2219   9.5518764E-05
  2220   9.5518764E-05
  2221   9.5518764E-05
  2222   9.5518764E-05
  2223   9.5518764E-05
  2224   9.5518764E-05
  2225   9.5518764E-05
  2226   9.5518764E-05
  2227   9.5518764E-05
  2228   9.5518764E-05
  2229   9.5518764E-05
  2230   9.5518764E-05
  2231   9.5518764E-05
  2232   9.5518764E-05
  2233   9.5518764E-05
  2234   9.5518764E-05
  2235   9.5518764E-05
  2236   9.5518764E-05
  2237   9.5518764E-05
  2238   9.5518764E-05
  2239   9.5518764E-05
  2240   9.5518764E-05
  2241   9.5518764E-05
  2242   9.5518764E-05
  2243   9.5518764E-05
  2244   9.5518764E-05
  2245   9.5518764E-05
  2246   9.5518764E-05
  2247   9.5518764E-05
  2248   9.5518764E-05
  2249   9.5518764E-05
  2250   9.5518764E-05
  2251   9.5518764E-05
  2252   9.5518764E-05
  2253   9.5518764E-05
  2254   9.5518764E-05
  2255   9.5518764E-05
  2256   9.5518764E-05
  2257   9.5518764E-05
  2258   9.5518764E-05
  2259   9.5518764E-05
  2260   9.5518764E-05
  2261   9.5518764E-05
  2262   9.5518764E-05
  2263   9.5518764E-05
  2264   9.5518764E-05
  2265   9.5518764E-05
  2266   9.5518764E-05
  2267   9.5518764E-05
  2268   9.5518764E-05
  2269   9.5518764E-05
  2270   9.5518764E-05
  2271   9.5518764E-05
  2272   9.5518764E-05
  2273   9.5518764E-05
  2274   9.5518764E-05
  2275   9.5518764E-05
  2276   9.5518764E-05
  2277   9.5518764E-05
  2278   9.5518764E-05
  2279   9.5518764E-05
  2280   9.5518764E-05
  2281   9.5518764E-05
  2282   9.5518764E-05
  2283   9.5518764E-05
  2284   9.5518764E-05
  2285   9.5518764E-05
  2286   9.5518764E-05
  2287   9.5518764E-05
  2288   9.5518764E-05
  2289   9.5518764E-05
  2290   9.5518764E-05
  2291   9.5518764E-05
  2292   9.5518764E-05
  2293   9.5518764E-05
  2294   9.5518764E-05
  2295   9.5518764E-05
  2296   9.5518764E-05
  2297   9.5518764E-05
  2298   9.5518764E-05
  2299   9.5518764E-05
  2300   9.5518764E-05
  2301   9.5518764E-05
  2302   9.5518764E-05
  2303   9.5518764E-05
  2304   9.5518764E-05
  2305   9.5518764E-05
  2306   9.5518764E-05
  2307   9.5518764E-05
  2308   9.5518764E-05
  2309   9.5518764E-05
  2310   9.5518764E-05
  2311   9.5518764E-05
  2312   9.5518764E-05
  2313   9.5518764E-05
  2314   9.5518764E-05
  2315   9.5518764E-05
  2316   9.5518764E-05
  2317   9.5518764E-05
  2318   9.5518764E-05
  2319   9.5518764E-05
  2320   9.5518764E-05
  2321   9.5518764E-05
  2322   9.5518764E-05
  2323   9.5518764E-05
  2324   9.5518764E-05
  2325   9.5518764E-05
  2326   9.5518764E-05
  2327   9.5518764E-05
  2328   9.5518764E-05
  2329   9.5518764E-05
  2330   9.5518764E-05
  2331   9.5518764E-05
  2332   9.5518764E-05
  2333   9.5518764E-05
  2334   9.5518764E-05
  2335   9.5518764E-05
  2336   9.5518764E-05
  2337   9.5518764E-05
  2338   9.5518764E-05
  2339   9.5518764E-05
  2340   9.5518764E-05
  2341   9.5518764E-05
  2342   9.5518764E-05
  2343   9.5518764E-05
  2344   9.5518764E-05
  2345   9.5518764E-05
  2346   9.5518764E-05
  2347   9.5518764E-05
  2348   9.5518764E-05
  2349   9.5518764E-05
  2350   9.5518764E-05
  2351   9.5518764E-05
  2352   9.5518764E-05
  2353   9.5518764E-05
  2354   9.5518764E-05
  2355   9.5518764E-05
  2356   9.5518764E-05
  2357   9.5518764E-05
  2358   9.5518764E-05
  2359   9.5518764E-05
  2360   9.5518764E-05
  2361   9.5518764E-05
  2362   9.5518764E-05
  2363   9.5518764E-05
  2364   9.5518764E-05
  2365   9.5518764E-05
  2366   9.5518764E-05
  2367   9.5518764E-05
  2368   9.5518764E-05
  2369   9.5518764E-05
  2370   9.5518764E-05
  2371   9.5518764E-05
  2372   9.5518764E-05
  2373   9.5518764E-05
  2374   9.5518764E-05
  2375   9.5518764E-05
  2376   9.5518764E-05
  2377   9.5518764E-05
  2378   9.5518764E-05
  2379   9.5518764E-05
  2380   9.5518764E-05
  2381   9.5518764E-05
  2382   9.5518764E-05
  2383   9.5518764E-05
  2384   9.5518764E-05
  2385   9.5518764E-05
  2386   9.5518764E-05
  2387   9.5518764E-05
  2388   9.5518764E-05
  2389   9.5518764E-05
  2390   9.5518764E-05
  2391   9.5518764E-05
  2392   9.5518764E-05
  2393   9.5518764E-05
  2394   9.5518764E-05
  2395   9.5518764E-05
  2396   9.5518764E-05
  2397   9.5518764E-05
  2398   9.5518764E-05
  2399   9.5518764E-05
  2400   9.5518764E-05
  2401   9.5518764E-05
  2402   9.5518764E-05
  2403   9.5518764E-05
  2404   9.5518764E-05
  2405   9.5518764E-05
  2406   9.5518764E-05
  2407   9.5518764E-05
  2408   9.5518764E-05
  2409   9.5518764E-05
  2410   9.5518764E-05
  2411   9.5518764E-05
  2412   9.5518764E-05
  2413   9.5518764E-05
  2414   9.5518764E-05
  2415   9.5518764E-05
  2416   9.5518764E-05
  2417   9.5518764E-05
  2418   9.5518764E-05
  2419   9.5518764E-05
  2420   9.5518764E-05
  2421   9.5518764E-05
  2422   9.5518764E-05
  2423   9.5518764E-05
  2424   9.5518764E-05
  2425   9.5518764E-05
  2426   9.5518764E-05
  2427   9.5518764E-05
  2428   9.5518764E-05
  2429   9.5518764E-05
  2430   9.5518764E-05
  2431   9.5518764E-05
  2432   9.5518764E-05
  2433   9.5518764E-05
  2434   9.5518764E-05
  2435   9.5518764E-05
  2436   9.5518764E-05
  2437   9.5518764E-05
  2438   9.5518764E-05
  2439   9.5518764E-05
  2440   9.5518764E-05
  2441   9.5518764E-05
  2442   9.5518764E-05
  2443   9.5518764E-05
  2444   9.5518764E-05
  2445   9.5518764E-05
  2446   9.5518764E-05
  2447   9.5518764E-05
  2448   9.5518764E-05
  2449   9.5518764E-05
  2450   9.5518764E-05
  2451   9.5518764E-05
  2452   9.5518764E-05
  2453   9.5518764E-05
  2454   9.5518764E-05
  2455   9.5518764E-05
  2456   9.5518764E-05
  2457   9.5518764E-05
  2458   9.5518764E-05
  2459   9.5518764E-05
  2460   9.5518764E-05
  2461   9.5518764E-05
  2462   9.5518764E-05
  2463   9.5518764E-05
  2464   9.5518764E-05
  2465   9.5518764E-05
  2466   9.5518764E-05
  2467   9.5518764E-05
  2468   9.5518764E-05
  2469   9.5518764E-05
  2470   9.5518764E-05
  2471   9.5518764E-05
  2472   9.5518764E-05
  2473   9.5518764E-05
  2474   9.5518764E-05
  2475   9.5518764E-05
  2476   9.5518764E-05
  2477   9.5518764E-05
  2478   9.5518764E-05
  2479   9.5518764E-05
  2480   9.5518764E-05
  2481   9.5518764E-05
  2482   9.5518764E-05
  2483   9.5518764E-05
  2484   9.5518764E-05
  2485   9.5518764E-05
  2486   9.5518764E-05
  2487   9.5518764E-05
  2488   9.5518764E-05
  2489   9.5518764E-05
  2490   9.5518764E-05
  2491   9.5518764E-05
  2492   9.5518764E-05
  2493   9.5518764E-05
  2494   9.5518764E-05
  2495   9.5518764E-05
  2496   9.5518764E-05
  2497   9.5518764E-05
  2498   9.5518764E-05
  2499   9.5518764E-05
  2500   9.5518764E-05
  2501   9.5518764E-05
  2502   9.5518764E-05
  2503   9.5518764E-05
  2504   9.5518764E-05
  2505   9.5518764E-05
  2506   9.5518764E-05
  2507   9.5518764E-05
  2508   9.5518764E-05
  2509   9.5518764E-05
  2510   9.5518764E-05
  2511   9.5518764E-05
  2512   9.5518764E-05
  2513   9.5518764E-05
  2514   9.5518764E-05
  2515   9.5518764E-05
  2516   9.5518764E-05
  2517   9.5518764E-05
  2518   9.5518764E-05
  2519   9.5518764E-05
  2520   9.5518764E-05
  2521   9.5518764E-05
  2522   9.5518764E-05
  2523   9.5518764E-05
  2524   9.5518764E-05
  2525   9.5518764E-05
  2526   9.5518764E-05
  2527   9.5518764E-05
  2528   9.5518764E-05
  2529   9.5518764E-05
  2530   9.5518764E-05
  2531   9.5518764E-05
  2532   9.5518764E-05
  2533   9.5518764E-05
  2534   9.5518764E-05
  2535   9.5518764E-05
  2536   9.5518764E-05
  2537   9.5518764E-05
  2538   9.5518764E-05
  2539   9.5518764E-05
  2540   9.5518764E-05
  2541   9.5518764E-05
  2542   9.5518764E-05
  2543   9.5518764E-05
  2544   9.5518764E-05
  2545   9.5518764E-05
  2546   9.5518764E-05
  2547   9.5518764E-05
  2548   9.5518764E-05
  2549   9.5518764E-05
  2550   9.5518764E-05
  2551   9.5518764E-05
  2552   9.5518764E-05
  2553   9.5518764E-05
  2554   9.5518764E-05
  2555   9.5518764E-05
  2556   9.5518764E-05
  2557   9.5518764E-05
  2558   9.5518764E-05
  2559   9.5518764E-05
  2560   9.5518764E-05
  2561   9.5518764E-05
  2562   9.5518764E-05
  2563   9.5518764E-05
  2564   9.5518764E-05
  2565   9.5518764E-05
  2566   9.5518764E-05
  2567   9.5518764E-05
  2568   9.5518764E-05
  2569   9.5518764E-05
  2570   9.5518764E-05
  2571   9.5518764E-05
  2572   9.5518764E-05
  2573   9.5518764E-05
  2574   9.5518764E-05
  2575   9.5518764E-05
  2576   9.5518764E-05
  2577   9.5518764E-05
  2578   9.5518764E-05
  2579   9.5518764E-05
  2580   9.5518764E-05
  2581   9.5518764E-05
  2582   9.5518764E-05
  2583   9.5518764E-05
  2584   9.5518764E-05
  2585   9.5518764E-05
  2586   9.5518764E-05
  2587   9.5518764E-05
  2588   9.5518764E-05
  2589   9.5518764E-05
  2590   9.5518764E-05
  2591   9.5518764E-05
  2592   9.5518764E-05
  2593   9.5518764E-05
  2594   9.5518764E-05
  2595   9.5518764E-05
  2596   9.5518764E-05
  2597   9.5518764E-05
  2598   9.5518764E-05
  2599   9.5518764E-05
  2600   9.5518764E-05
  2601   9.5518764E-05
  2602   9.5518764E-05
  2603   9.5518764E-05
  2604   9.5518764E-05
  2605   9.5518764E-05
  2606   9.5518764E-05
  2607   9.5518764E-05
  2608   9.5518764E-05
  2609   9.5518764E-05
  2610   9.5518764E-05
  2611   9.5518764E-05
  2612   9.5518764E-05
  2613   9.5518764E-05
  2614   9.5518764E-05
  2615   9.5518764E-05
  2616   9.5518764E-05
  2617   9.5518764E-05
  2618   9.5518764E-05
  2619   9.5518764E-05
  2620   9.5518764E-05
  2621   9.5518764E-05
  2622   9.5518764E-05
  2623   9.5518764E-05
  2624   9.5518764E-05
  2625   9.5518764E-05
  2626   9.5518764E-05
  2627   9.5518764E-05
  2628   9.5518764E-05
  2629   9.5518764E-05
  2630   9.5518764E-05
  2631   9.5518764E-05
  2632   9.5518764E-05
  2633   9.5518764E-05
  2634   9.5518764E-05
  2635   9.5518764E-05
  2636   9.5518764E-05
  2637   9.5518764E-05
  2638   9.5518764E-05
  2639   9.5518764E-05
  2640   9.5518764E-05
  2641   9.5518764E-05
  2642   9.5518764E-05
  2643   9.5518764E-05
  2644   9.5518764E-05
  2645   9.5518764E-05
  2646   9.5518764E-05
  2647   9.5518764E-05
  2648   9.5518764E-05
  2649   9.5518764E-05
  2650   9.5518764E-05
  2651   9.5518764E-05
  2652   9.5518764E-05
  2653   9.5518764E-05
  2654   9.5518764E-05
  2655   9.5518764E-05
  2656   9.5518764E-05
  2657   9.5518764E-05
  2658   9.5518764E-05
  2659   9.5518764E-05
  2660   9.5518764E-05
  2661   9.5518764E-05
  2662   9.5518764E-05
  2663   9.5518764E-05
  2664   9.5518764E-05
  2665   9.5518764E-05
  2666   9.5518764E-05
  2667   9.5518764E-05
  2668   9.5518764E-05
  2669   9.5518764E-05
  2670   9.5518764E-05
  2671   9.5518764E-05
  2672   9.5518764E-05
  2673   9.5518764E-05
  2674   9.5518764E-05
  2675   9.5518764E-05
  2676   9.5518764E-05
  2677   9.5518764E-05
  2678   9.5518764E-05
  2679   9.5518764E-05
  2680   9.5518764E-05
  2681   9.5518764E-05
  2682   9.5518764E-05
  2683   9.5518764E-05
  2684   9.5518764E-05
  2685   9.5518764E-05
  2686   9.5518764E-05
  2687   9.5518764E-05
  2688   9.5518764E-05
  2689   9.5518764E-05
  2690   9.5518764E-05
  2691   9.5518764E-05
  2692   9.5518764E-05
  2693   9.5518764E-05
  2694   9.5518764E-05
  2695   9.5518764E-05
  2696   9.5518764E-05
  2697   9.5518764E-05
  2698   9.5518764E-05
  2699   9.5518764E-05
  2700   9.5518764E-05
  2701   9.5518764E-05
  2702   9.5518764E-05
  2703   9.5518764E-05
  2704   9.5518764E-05
  2705   9.5518764E-05
  2706   9.5518764E-05
  2707   9.5518764E-05
  2708   9.5518764E-05
  2709   9.5518764E-05
  2710   9.5518764E-05
  2711   9.5518764E-05
  2712   9.5518764E-05
  2713   9.5518764E-05
  2714   9.5518764E-05
  2715   9.5518764E-05
  2716   9.5518764E-05
  2717   9.5518764E-05
  2718   9.5518764E-05
  2719   9.5518764E-05
  2720   9.5518764E-05
  2721   9.5518764E-05
  2722   9.5518764E-05
  2723   9.5518764E-05
  2724   9.5518764E-05
  2725   9.5518764E-05
  2726   9.5518764E-05
  2727   9.5518764E-05
  2728   9.5518764E-05
  2729   9.5518764E-05
  2730   9.5518764E-05
  2731   9.5518764E-05
  2732   9.5518764E-05
  2733   9.5518764E-05
  2734   9.5518764E-05
  2735   9.5518764E-05
  2736   9.5518764E-05
  2737   9.5518764E-05
  2738   9.5518764E-05
  2739   9.5518764E-05
  2740   9.5518764E-05
  2741   9.5518764E-05
  2742   9.5518764E-05
  2743   9.5518764E-05
  2744   9.5518764E-05
  2745   9.5518764E-05
  2746   9.5518764E-05
  2747   9.5518764E-05
  2748   9.5518764E-05
  2749   9.5518764E-05
  2750   9.5518764E-05
  2751   9.5518764E-05
  2752   9.5518764E-05
  2753   9.5518764E-05
  2754   9.5518764E-05
  2755   9.5518764E-05
  2756   9.5518764E-05
  2757   9.5518764E-05
  2758   9.5518764E-05
  2759   9.5518764E-05
  2760   9.5518764E-05
  2761   9.5518764E-05
  2762   9.5518764E-05
  2763   9.5518764E-05
  2764   9.5518764E-05
  2765   9.5518764E-05
  2766   9.5518764E-05
  2767   9.5518764E-05
  2768   9.5518764E-05
  2769   9.5518764E-05
  2770   9.5518764E-05
  2771   9.5518764E-05
  2772   9.5518764E-05
  2773   9.5518764E-05
  2774   9.5518764E-05
  2775   9.5518764E-05
  2776   9.5518764E-05
  2777   9.5518764E-05
  2778   9.5518764E-05
  2779   9.5518764E-05
  2780   9.5518764E-05
  2781   9.5518764E-05
  2782   9.5518764E-05
  2783   9.5518764E-05
  2784   9.5518764E-05
  2785   9.5518764E-05
  2786   9.5518764E-05
  2787   9.5518764E-05
  2788   9.5518764E-05
  2789   9.5518764E-05
  2790   9.5518764E-05
  2791   9.5518764E-05
  2792   9.5518764E-05
  2793   9.5518764E-05
  2794   9.5518764E-05
  2795   9.5518764E-05
  2796   9.5518764E-05
  2797   9.5518764E-05
  2798   9.5518764E-05
  2799   9.5518764E-05
  2800   9.5518764E-05
  2801   9.5518764E-05
  2802   9.5518764E-05
  2803   9.5518764E-05
  2804   9.5518764E-05
  2805   9.5518764E-05
  2806   9.5518764E-05
  2807   9.5518764E-05
  2808   9.5518764E-05
  2809   9.5518764E-05
  2810   9.5518764E-05
  2811   9.5518764E-05
  2812   9.5518764E-05
  2813   9.5518764E-05
  2814   9.5518764E-05
  2815   9.5518764E-05
  2816   9.5518764E-05
  2817   9.5518764E-05
  2818   9.5518764E-05
  2819   9.5518764E-05
  2820   9.5518764E-05
  2821   9.5518764E-05
  2822   9.5518764E-05
  2823   9.5518764E-05
  2824   9.5518764E-05
  2825   9.5518764E-05
  2826   9.5518764E-05
  2827   9.5518764E-05
  2828   9.5518764E-05
  2829   9.5518764E-05
  2830   9.5518764E-05
  2831   9.5518764E-05
  2832   9.5518764E-05
  2833   9.5518764E-05
  2834   9.5518764E-05
  2835   9.5518764E-05
  2836   9.5518764E-05
  2837   9.5518764E-05
  2838   9.5518764E-05
  2839   9.5518764E-05
  2840   9.5518764E-05
  2841   9.5518764E-05
  2842   9.5518764E-05
  2843   9.5518764E-05
  2844   9.5518764E-05
  2845   9.5518764E-05
  2846   9.5518764E-05
  2847   9.5518764E-05
  2848   9.5518764E-05
  2849   9.5518764E-05
  2850   9.5518764E-05
  2851   9.5518764E-05
  2852   9.5518764E-05
  2853   9.5518764E-05
  2854   9.5518764E-05
  2855   9.5518764E-05
  2856   9.5518764E-05
  2857   9.5518764E-05
  2858   9.5518764E-05
  2859   9.5518764E-05
  2860   9.5518764E-05
  2861   9.5518764E-05
  2862   9.5518764E-05
  2863   9.5518764E-05
  2864   9.5518764E-05
  2865   9.5518764E-05
  2866   9.5518764E-05
  2867   9.5518764E-05
  2868   9.5518764E-05
  2869   9.5518764E-05
  2870   9.5518764E-05
  2871   9.5518764E-05
  2872   9.5518764E-05
  2873   9.5518764E-05
  2874   9.5518764E-05
  2875   9.5518764E-05
  2876   9.5518764E-05
  2877   9.5518764E-05
  2878   9.5518764E-05
  2879   9.5518764E-05
  2880   9.5518764E-05
  2881   9.5518764E-05
  2882   9.5518764E-05
  2883   9.5518764E-05
  2884   9.5518764E-05
  2885   9.5518764E-05
  2886   9.5518764E-05
  2887   9.5518764E-05
  2888   9.5518764E-05
  2889   9.5518764E-05
  2890   9.5518764E-05
  2891   9.5518764E-05
  2892   9.5518764E-05
  2893   9.5518764E-05
  2894   9.5518764E-05
  2895   9.5518764E-05
  2896   9.5518764E-05
  2897   9.5518764E-05
  2898   9.5518764E-05
  2899   9.5518764E-05
  2900   9.5518764E-05
  2901   9.5518764E-05
  2902   9.5518764E-05
  2903   9.5518764E-05
  2904   9.5518764E-05
  2905   9.5518764E-05
  2906   9.5518764E-05
  2907   9.5518764E-05
  2908   9.5518764E-05
  2909   9.5518764E-05
  2910   9.5518764E-05
  2911   9.5518764E-05
  2912   9.5518764E-05
  2913   9.5518764E-05
  2914   9.5518764E-05
  2915   9.5518764E-05
  2916   9.5518764E-05
  2917   9.5518764E-05
  2918   9.5518764E-05
  2919   9.5518764E-05
  2920   9.5518764E-05
  2921   9.5518764E-05
  2922   9.5518764E-05
  2923   9.5518764E-05
  2924   9.5518764E-05
  2925   9.5518764E-05
  2926   9.5518764E-05
  2927   9.5518764E-05
  2928   9.5518764E-05
  2929   9.5518764E-05
  2930   9.5518764E-05
  2931   9.5518764E-05
  2932   9.5518764E-05
  2933   9.5518764E-05
  2934   9.5518764E-05
  2935   9.5518764E-05
  2936   9.5518764E-05
  2937   9.5518764E-05
  2938   9.5518764E-05
  2939   9.5518764E-05
  2940   9.5518764E-05
  2941   9.5518764E-05
  2942   9.5518764E-05
  2943   9.5518764E-05
  2944   9.5518764E-05
  2945   9.5518764E-05
  2946   9.5518764E-05
  2947   9.5518764E-05
  2948   9.5518764E-05
  2949   9.5518764E-05
  2950   9.5518764E-05
  2951   9.5518764E-05
  2952   9.5518764E-05
  2953   9.5518764E-05
  2954   9.5518764E-05
  2955   9.5518764E-05
  2956   9.5518764E-05
  2957   9.5518764E-05
  2958   9.5518764E-05
  2959   9.5518764E-05
  2960   9.5518764E-05
  2961   9.5518764E-05
  2962   9.5518764E-05
  2963   9.5518764E-05
  2964   9.5518764E-05
  2965   9.5518764E-05
  2966   9.5518764E-05
  2967   9.5518764E-05
  2968   9.5518764E-05
  2969   9.5518764E-05
  2970   9.5518764E-05
  2971   9.5518764E-05
  2972   9.5518764E-05
  2973   9.5518764E-05
  2974   9.5518764E-05
  2975   9.5518764E-05
  2976   9.5518764E-05
  2977   9.5518764E-05
  2978   9.5518764E-05
  2979   9.5518764E-05
  2980   9.5518764E-05
  2981   9.5518764E-05
  2982   9.5518764E-05
  2983   9.5518764E-05
  2984   9.5518764E-05
  2985   9.5518764E-05
  2986   9.5518764E-05
  2987   9.5518764E-05
  2988   9.5518764E-05
  2989   9.5518764E-05
  2990   9.5518764E-05
  2991   9.5518764E-05
  2992   9.5518764E-05
  2993   9.5518764E-05
  2994   9.5518764E-05
  2995   9.5518764E-05
  2996   9.5518764E-05
  2997   9.5518764E-05
  2998   9.5518764E-05
  2999   9.5518764E-05
  3000   9.5518764E-05
  3001   9.5518764E-05
  3002   9.5518764E-05
  3003   9.5518764E-05
  3004   9.5518764E-05
  3005   9.5518764E-05
  3006   9.5518764E-05
  3007   9.5518764E-05
  3008   9.5518764E-05
  3009   9.5518764E-05
  3010   9.5518764E-05
  3011   9.5518764E-05
  3012   9.5518764E-05
  3013   9.5518764E-05
  3014   9.5518764E-05
  3015   9.5518764E-05
  3016   9.5518764E-05
  3017   9.5518764E-05
  3018   9.5518764E-05
  3019   9.5518764E-05
  3020   9.5518764E-05
  3021   9.5518764E-05
  3022   9.5518764E-05
  3023   9.5518764E-05
  3024   9.5518764E-05
  3025   9.5518764E-05
  3026   9.5518764E-05
  3027   9.5518764E-05
  3028   9.5518764E-05
  3029   9.5518764E-05
  3030   9.5518764E-05
  3031   9.5518764E-05
  3032   9.5518764E-05
  3033   9.5518764E-05
  3034   9.5518764E-05
  3035   9.5518764E-05
  3036   9.5518764E-05
  3037   9.5518764E-05
  3038   9.5518764E-05
  3039   9.5518764E-05
  3040   9.5518764E-05
  3041   9.5518764E-05
  3042   9.5518764E-05
  3043   9.5518764E-05
  3044   9.5518764E-05
  3045   9.5518764E-05
  3046   9.5518764E-05
  3047   9.5518764E-05
  3048   9.5518764E-05
  3049   9.5518764E-05
  3050   9.5518764E-05
  3051   9.5518764E-05
  3052   9.5518764E-05
  3053   9.5518764E-05
  3054   9.5518764E-05
  3055   9.5518764E-05
  3056   9.5518764E-05
  3057   9.5518764E-05
  3058   9.5518764E-05
  3059   9.5518764E-05
  3060   9.5518764E-05
  3061   9.5518764E-05
  3062   9.5518764E-05
  3063   9.5518764E-05
  3064   9.5518764E-05
  3065   9.5518764E-05
  3066   9.5518764E-05
  3067   9.5518764E-05
  3068   9.5518764E-05
  3069   9.5518764E-05
  3070   9.5518764E-05
  3071   9.5518764E-05
  3072   9.5518764E-05
  3073   9.5518764E-05
  3074   9.5518764E-05
  3075   9.5518764E-05
  3076   9.5518764E-05
  3077   9.5518764E-05
  3078   9.5518764E-05
  3079   9.5518764E-05
  3080   9.5518764E-05
  3081   9.5518764E-05
  3082   9.5518764E-05
  3083   9.5518764E-05
  3084   9.5518764E-05
  3085   9.5518764E-05
  3086   9.5518764E-05
  3087   9.5518764E-05
  3088   9.5518764E-05
  3089   9.5518764E-05
  3090   9.5518764E-05
  3091   9.5518764E-05
  3092   9.5518764E-05
  3093   9.5518764E-05
  3094   9.5518764E-05
  3095   9.5518764E-05
  3096   9.5518764E-05
  3097   9.5518764E-05
  3098   9.5518764E-05
  3099   9.5518764E-05
  3100   9.5518764E-05
  3101   9.5518764E-05
  3102   9.5518764E-05
  3103   9.5518764E-05
  3104   9.5518764E-05
  3105   9.5518764E-05
  3106   9.5518764E-05
  3107   9.5518764E-05
  3108   9.5518764E-05
  3109   9.5518764E-05
  3110   9.5518764E-05
  3111   9.5518764E-05
  3112   9.5518764E-05
  3113   9.5518764E-05
  3114   9.5518764E-05
  3115   9.5518764E-05
  3116   9.5518764E-05
  3117   9.5518764E-05
  3118   9.5518764E-05
  3119   9.5518764E-05
  3120   9.5518764E-05
  3121   9.5518764E-05
  3122   9.5518764E-05
  3123   9.5518764E-05
  3124   9.5518764E-05
  3125   9.5518764E-05
  3126   9.5518764E-05
  3127   9.5518764E-05
  3128   9.5518764E-05
  3129   9.5518764E-05
  3130   9.5518764E-05
  3131   9.5518764E-05
  3132   9.5518764E-05
  3133   9.5518764E-05
  3134   9.5518764E-05
  3135   9.5518764E-05
  3136   9.5518764E-05
  3137   9.5518764E-05
  3138   9.5518764E-05
  3139   9.5518764E-05
  3140   9.5518764E-05
  3141   9.5518764E-05
  3142   9.5518764E-05
  3143   9.5518764E-05
  3144   9.5518764E-05
  3145   9.5518764E-05
  3146   9.5518764E-05
  3147   9.5518764E-05
  3148   9.5518764E-05
  3149   9.5518764E-05
  3150   9.5518764E-05
  3151   9.5518764E-05
  3152   9.5518764E-05
  3153   9.5518764E-05
  3154   9.5518764E-05
  3155   9.5518764E-05
  3156   9.5518764E-05
  3157   9.5518764E-05
  3158   9.5518764E-05
  3159   9.5518764E-05
  3160   9.5518764E-05
  3161   9.5518764E-05
  3162   9.5518764E-05
  3163   9.5518764E-05
  3164   9.5518764E-05
  3165   9.5518764E-05
  3166   9.5518764E-05
  3167   9.5518764E-05
  3168   9.5518764E-05
  3169   9.5518764E-05
  3170   9.5518764E-05
  3171   9.5518764E-05
  3172   9.5518764E-05
  3173   9.5518764E-05
  3174   9.5518764E-05
  3175   9.5518764E-05
  3176   9.5518764E-05
  3177   9.5518764E-05
  3178   9.5518764E-05
  3179   9.5518764E-05
  3180   9.5518764E-05
  3181   9.5518764E-05
  3182   9.5518764E-05
  3183   9.5518764E-05
  3184   9.5518764E-05
  3185   9.5518764E-05
  3186   9.5518764E-05
  3187   9.5518764E-05
  3188   9.5518764E-05
  3189   9.5518764E-05
  3190   9.5518764E-05
  3191   9.5518764E-05
  3192   9.5518764E-05
  3193   9.5518764E-05
  3194   9.5518764E-05
  3195   9.5518764E-05
  3196   9.5518764E-05
  3197   9.5518764E-05
  3198   9.5518764E-05
  3199   9.5518764E-05
  3200   9.5518764E-05
  3201   9.5518764E-05
  3202   9.5518764E-05
  3203   9.5518764E-05
  3204   9.5518764E-05
  3205   9.5518764E-05
  3206   9.5518764E-05
  3207   9.5518764E-05
  3208   9.5518764E-05
  3209   9.5518764E-05
  3210   9.5518764E-05
  3211   9.5518764E-05
  3212   9.5518764E-05
  3213   9.5518764E-05
  3214   9.5518764E-05
  3215   9.5518764E-05
  3216   9.5518764E-05
  3217   9.5518764E-05
  3218   9.5518764E-05
  3219   9.5518764E-05
  3220   9.5518764E-05
  3221   9.5518764E-05
  3222   9.5518764E-05
  3223   9.5518764E-05
  3224   9.5518764E-05
  3225   9.5518764E-05
  3226   9.5518764E-05
  3227   9.5518764E-05
  3228   9.5518764E-05
  3229   9.5518764E-05
  3230   9.5518764E-05
  3231   9.5518764E-05
  3232   9.5518764E-05
  3233   9.5518764E-05
  3234   9.5518764E-05
  3235   9.5518764E-05
  3236   9.5518764E-05
  3237   9.5518764E-05
  3238   9.5518764E-05
  3239   9.5518764E-05
  3240   9.5518764E-05
  3241   9.5518764E-05
  3242   9.5518764E-05
  3243   9.5518764E-05
  3244   9.5518764E-05
  3245   9.5518764E-05
  3246   9.5518764E-05
  3247   9.5518764E-05
  3248   9.5518764E-05
  3249   9.5518764E-05
  3250   9.5518764E-05
  3251   9.5518764E-05
  3252   9.5518764E-05
  3253   9.5518764E-05
  3254   9.5518764E-05
  3255   9.5518764E-05
  3256   9.5518764E-05
  3257   9.5518764E-05
  3258   9.5518764E-05
  3259   9.5518764E-05
  3260   9.5518764E-05
  3261   9.5518764E-05
  3262   9.5518764E-05
  3263   9.5518764E-05
  3264   9.5518764E-05
  3265   9.5518764E-05
  3266   9.5518764E-05
  3267   9.5518764E-05
  3268   9.5518764E-05
  3269   9.5518764E-05
  3270   9.5518764E-05
  3271   9.5518764E-05
  3272   9.5518764E-05
  3273   9.5518764E-05
  3274   9.5518764E-05
  3275   9.5518764E-05
  3276   9.5518764E-05
  3277   9.5518764E-05
  3278   9.5518764E-05
  3279   9.5518764E-05
  3280   9.5518764E-05
  3281   9.5518764E-05
  3282   9.5518764E-05
  3283   9.5518764E-05
  3284   9.5518764E-05
  3285   9.5518764E-05
  3286   9.5518764E-05
  3287   9.5518764E-05
  3288   9.5518764E-05
  3289   9.5518764E-05
  3290   9.5518764E-05
  3291   9.5518764E-05
  3292   9.5518764E-05
  3293   9.5518764E-05
  3294   9.5518764E-05
  3295   9.5518764E-05
  3296   9.5518764E-05
  3297   9.5518764E-05
  3298   9.5518764E-05
  3299   9.5518764E-05
  3300   9.5518764E-05
  3301   9.5518764E-05
  3302   9.5518764E-05
  3303   9.5518764E-05
  3304   9.5518764E-05
  3305   9.5518764E-05
  3306   9.5518764E-05
  3307   9.5518764E-05
  3308   9.5518764E-05
  3309   9.5518764E-05
  3310   9.5518764E-05
  3311   9.5518764E-05
  3312   9.5518764E-05
  3313   9.5518764E-05
  3314   9.5518764E-05
  3315   9.5518764E-05
  3316   9.5518764E-05
  3317   9.5518764E-05
  3318   9.5518764E-05
  3319   9.5518764E-05
  3320   9.5518764E-05
  3321   9.5518764E-05
  3322   9.5518764E-05
  3323   9.5518764E-05
  3324   9.5518764E-05
  3325   9.5518764E-05
  3326   9.5518764E-05
  3327   9.5518764E-05
  3328   9.5518764E-05
  3329   9.5518764E-05
  3330   9.5518764E-05
  3331   9.5518764E-05
  3332   9.5518764E-05
  3333   9.5518764E-05
  3334   9.5518764E-05
  3335   9.5518764E-05
  3336   9.5518764E-05
  3337   9.5518764E-05
  3338   9.5518764E-05
  3339   9.5518764E-05
  3340   9.5518764E-05
  3341   9.5518764E-05
  3342   9.5518764E-05
  3343   9.5518764E-05
  3344   9.5518764E-05
  3345   9.5518764E-05
  3346   9.5518764E-05
  3347   9.5518764E-05
  3348   9.5518764E-05
  3349   9.5518764E-05
  3350   9.5518764E-05
  3351   9.5518764E-05
  3352   9.5518764E-05
  3353   9.5518764E-05
  3354   9.5518764E-05
  3355   9.5518764E-05
  3356   9.5518764E-05
  3357   9.5518764E-05
  3358   9.5518764E-05
  3359   9.5518764E-05
  3360   9.5518764E-05
  3361   9.5518764E-05
  3362   9.5518764E-05
  3363   9.5518764E-05
  3364   9.5518764E-05
  3365   9.5518764E-05
  3366   9.5518764E-05
  3367   9.5518764E-05
  3368   9.5518764E-05
  3369   9.5518764E-05
  3370   9.5518764E-05
  3371   9.5518764E-05
  3372   9.5518764E-05
  3373   9.5518764E-05
  3374   9.5518764E-05
  3375   9.5518764E-05
  3376   9.5518764E-05
  3377   9.5518764E-05
  3378   9.5518764E-05
  3379   9.5518764E-05
  3380   9.5518764E-05
  3381   9.5518764E-05
  3382   9.5518764E-05
  3383   9.5518764E-05
  3384   9.5518764E-05
  3385   9.5518764E-05
  3386   9.5518764E-05
  3387   9.5518764E-05
  3388   9.5518764E-05
  3389   9.5518764E-05
  3390   9.5518764E-05
  3391   9.5518764E-05
  3392   9.5518764E-05
  3393   9.5518764E-05
  3394   9.5518764E-05
  3395   9.5518764E-05
  3396   9.5518764E-05
  3397   9.5518764E-05
  3398   9.5518764E-05
  3399   9.5518764E-05
  3400   9.5518764E-05
  3401   9.5518764E-05
  3402   9.5518764E-05
  3403   9.5518764E-05
  3404   9.5518764E-05
  3405   9.5518764E-05
  3406   9.5518764E-05
  3407   9.5518764E-05
  3408   9.5518764E-05
  3409   9.5518764E-05
  3410   9.5518764E-05
  3411   9.5518764E-05
  3412   9.5518764E-05
  3413   9.5518764E-05
  3414   9.5518764E-05
  3415   9.5518764E-05
  3416   9.5518764E-05
  3417   9.5518764E-05
  3418   9.5518764E-05
  3419   9.5518764E-05
  3420   9.5518764E-05
  3421   9.5518764E-05
  3422   9.5518764E-05
  3423   9.5518764E-05
  3424   9.5518764E-05
  3425   9.5518764E-05
  3426   9.5518764E-05
  3427   9.5518764E-05
  3428   9.5518764E-05
  3429   9.5518764E-05
  3430   9.5518764E-05
  3431   9.5518764E-05
  3432   9.5518764E-05
  3433   9.5518764E-05
  3434   9.5518764E-05
  3435   9.5518764E-05
  3436   9.5518764E-05
  3437   9.5518764E-05
  3438   9.5518764E-05
  3439   9.5518764E-05
  3440   9.5518764E-05
  3441   9.5518764E-05
  3442   9.5518764E-05
  3443   9.5518764E-05
  3444   9.5518764E-05
  3445   9.5518764E-05
  3446   9.5518764E-05
  3447   9.5518764E-05
  3448   9.5518764E-05
  3449   9.5518764E-05
  3450   9.5518764E-05
  3451   9.5518764E-05
  3452   9.5518764E-05
  3453   9.5518764E-05
  3454   9.5518764E-05
  3455   9.5518764E-05
  3456   9.5518764E-05
  3457   9.5518764E-05
  3458   9.5518764E-05
  3459   9.5518764E-05
  3460   9.5518764E-05
  3461   9.5518764E-05
  3462   9.5518764E-05
  3463   9.5518764E-05
  3464   9.5518764E-05
  3465   9.5518764E-05
  3466   9.5518764E-05
  3467   9.5518764E-05
  3468   9.5518764E-05
  3469   9.5518764E-05
  3470   9.5518764E-05
  3471   9.5518764E-05
  3472   9.5518764E-05
  3473   9.5518764E-05
  3474   9.5518764E-05
  3475   9.5518764E-05
  3476   9.5518764E-05
  3477   9.5518764E-05
  3478   9.5518764E-05
  3479   9.5518764E-05
  3480   9.5518764E-05
  3481   9.5518764E-05
  3482   9.5518764E-05
  3483   9.5518764E-05
  3484   9.5518764E-05
  3485   9.5518764E-05
  3486   9.5518764E-05
  3487   9.5518764E-05
  3488   9.5518764E-05
  3489   9.5518764E-05
  3490   9.5518764E-05
  3491   9.5518764E-05
  3492   9.5518764E-05
  3493   9.5518764E-05
  3494   9.5518764E-05
  3495   9.5518764E-05
  3496   9.5518764E-05
  3497   9.5518764E-05
  3498   9.5518764E-05
  3499   9.5518764E-05
  3500   9.5518764E-05
  3501   9.5518764E-05
  3502   9.5518764E-05
  3503   9.5518764E-05
  3504   9.5518764E-05
  3505   9.5518764E-05
  3506   9.5518764E-05
  3507   9.5518764E-05
  3508   9.5518764E-05
  3509   9.5518764E-05
  3510   9.5518764E-05
  3511   9.5518764E-05
  3512   9.5518764E-05
  3513   9.5518764E-05
  3514   9.5518764E-05
  3515   9.5518764E-05
  3516   9.5518764E-05
  3517   9.5518764E-05
  3518   9.5518764E-05
  3519   9.5518764E-05
  3520   9.5518764E-05
  3521   9.5518764E-05
  3522   9.5518764E-05
  3523   9.5518764E-05
  3524   9.5518764E-05
  3525   9.5518764E-05
  3526   9.5518764E-05
  3527   9.5518764E-05
  3528   9.5518764E-05
  3529   9.5518764E-05
  3530   9.5518764E-05
  3531   9.5518764E-05
  3532   9.5518764E-05
  3533   9.5518764E-05
  3534   9.5518764E-05
  3535   9.5518764E-05
  3536   9.5518764E-05
  3537   9.5518764E-05
  3538   9.5518764E-05
  3539   9.5518764E-05
  3540   9.5518764E-05
  3541   9.5518764E-05
  3542   9.5518764E-05
  3543   9.5518764E-05
  3544   9.5518764E-05
  3545   9.5518764E-05
  3546   9.5518764E-05
  3547   9.5518764E-05
  3548   9.5518764E-05
  3549   9.5518764E-05
  3550   9.5518764E-05
  3551   9.5518764E-05
  3552   9.5518764E-05
  3553   9.5518764E-05
  3554   9.5518764E-05
  3555   9.5518764E-05
  3556   9.5518764E-05
  3557   9.5518764E-05
  3558   9.5518764E-05
  3559   9.5518764E-05
  3560   9.5518764E-05
  3561   9.5518764E-05
  3562   9.5518764E-05
  3563   9.5518764E-05
  3564   9.5518764E-05
  3565   9.5518764E-05
  3566   9.5518764E-05
  3567   9.5518764E-05
  3568   9.5518764E-05
  3569   9.5518764E-05
  3570   9.5518764E-05
  3571   9.5518764E-05
  3572   9.5518764E-05
  3573   9.5518764E-05
  3574   9.5518764E-05
  3575   9.5518764E-05
  3576   9.5518764E-05
  3577   9.5518764E-05
  3578   9.5518764E-05
  3579   9.5518764E-05
  3580   9.5518764E-05
  3581   9.5518764E-05
  3582   9.5518764E-05
  3583   9.5518764E-05
  3584   9.5518764E-05
  3585   9.5518764E-05
  3586   9.5518764E-05
  3587   9.5518764E-05
  3588   9.5518764E-05
  3589   9.5518764E-05
  3590   9.5518764E-05
  3591   9.5518764E-05
  3592   9.5518764E-05
  3593   9.5518764E-05
  3594   9.5518764E-05
  3595   9.5518764E-05
  3596   9.5518764E-05
  3597   9.5518764E-05
  3598   9.5518764E-05
  3599   9.5518764E-05
  3600   9.5518764E-05
  3601   9.5518764E-05
  3602   9.5518764E-05
  3603   9.5518764E-05
  3604   9.5518764E-05
  3605   9.5518764E-05
  3606   9.5518764E-05
  3607   9.5518764E-05
  3608   9.5518764E-05
  3609   9.5518764E-05
  3610   9.5518764E-05
  3611   9.5518764E-05
  3612   9.5518764E-05
  3613   9.5518764E-05
  3614   9.5518764E-05
  3615   9.5518764E-05
  3616   9.5518764E-05
  3617   9.5518764E-05
  3618   9.5518764E-05
  3619   9.5518764E-05
  3620   9.5518764E-05
  3621   9.5518764E-05
  3622   9.5518764E-05
  3623   9.5518764E-05
  3624   9.5518764E-05
  3625   9.5518764E-05
  3626   9.5518764E-05
  3627   9.5518764E-05
  3628   9.5518764E-05
  3629   9.5518764E-05
  3630   9.5518764E-05
  3631   9.5518764E-05
  3632   9.5518764E-05
  3633   9.5518764E-05
  3634   9.5518764E-05
  3635   9.5518764E-05
  3636   9.5518764E-05
  3637   9.5518764E-05
  3638   9.5518764E-05
  3639   9.5518764E-05
  3640   9.5518764E-05
  3641   9.5518764E-05
  3642   9.5518764E-05
  3643   9.5518764E-05
  3644   9.5518764E-05
  3645   9.5518764E-05
  3646   9.5518764E-05
  3647   9.5518764E-05
  3648   9.5518764E-05
  3649   9.5518764E-05
  3650   9.5518764E-05
  3651   9.5518764E-05
  3652   9.5518764E-05
  3653   9.5518764E-05
  3654   9.5518764E-05
  3655   9.5518764E-05
  3656   9.5518764E-05
  3657   9.5518764E-05
  3658   9.5518764E-05
  3659   9.5518764E-05
  3660   9.5518764E-05
  3661   9.5518764E-05
  3662   9.5518764E-05
  3663   9.5518764E-05
  3664   9.5518764E-05
  3665   9.5518764E-05
  3666   9.5518764E-05
  3667   9.5518764E-05
  3668   9.5518764E-05
  3669   9.5518764E-05
  3670   9.5518764E-05
  3671   9.5518764E-05
  3672   9.5518764E-05
  3673   9.5518764E-05
  3674   9.5518764E-05
  3675   9.5518764E-05
  3676   9.5518764E-05
  3677   9.5518764E-05
  3678   9.5518764E-05
  3679   9.5518764E-05
  3680   9.5518764E-05
  3681   9.5518764E-05
  3682   9.5518764E-05
  3683   9.5518764E-05
  3684   9.5518764E-05
  3685   9.5518764E-05
  3686   9.5518764E-05
  3687   9.5518764E-05
  3688   9.5518764E-05
  3689   9.5518764E-05
  3690   9.5518764E-05
  3691   9.5518764E-05
  3692   9.5518764E-05
  3693   9.5518764E-05
  3694   9.5518764E-05
  3695   9.5518764E-05
  3696   9.5518764E-05
  3697   9.5518764E-05
  3698   9.5518764E-05
  3699   9.5518764E-05
  3700   9.5518764E-05
  3701   9.5518764E-05
  3702   9.5518764E-05
  3703   9.5518764E-05
  3704   9.5518764E-05
  3705   9.5518764E-05
  3706   9.5518764E-05
  3707   9.5518764E-05
  3708   9.5518764E-05
  3709   9.5518764E-05
  3710   9.5518764E-05
  3711   9.5518764E-05
  3712   9.5518764E-05
  3713   9.5518764E-05
  3714   9.5518764E-05
  3715   9.5518764E-05
  3716   9.5518764E-05
  3717   9.5518764E-05
  3718   9.5518764E-05
  3719   9.5518764E-05
  3720   9.5518764E-05
  3721   9.5518764E-05
  3722   9.5518764E-05
  3723   9.5518764E-05
  3724   9.5518764E-05
  3725   9.5518764E-05
  3726   9.5518764E-05
  3727   9.5518764E-05
  3728   9.5518764E-05
  3729   9.5518764E-05
  3730   9.5518764E-05
  3731   9.5518764E-05
  3732   9.5518764E-05
  3733   9.5518764E-05
  3734   9.5518764E-05
  3735   9.5518764E-05
  3736   9.5518764E-05
  3737   9.5518764E-05
  3738   9.5518764E-05
  3739   9.5518764E-05
  3740   9.5518764E-05
  3741   9.5518764E-05
  3742   9.5518764E-05
  3743   9.5518764E-05
  3744   9.5518764E-05
  3745   9.5518764E-05
  3746   9.5518764E-05
  3747   9.5518764E-05
  3748   9.5518764E-05
  3749   9.5518764E-05
  3750   9.5518764E-05
  3751   9.5518764E-05
  3752   9.5518764E-05
  3753   9.5518764E-05
  3754   9.5518764E-05
  3755   9.5518764E-05
  3756   9.5518764E-05
  3757   9.5518764E-05
  3758   9.5518764E-05
  3759   9.5518764E-05
  3760   9.5518764E-05
  3761   9.5518764E-05
  3762   9.5518764E-05
  3763   9.5518764E-05
  3764   9.5518764E-05
  3765   9.5518764E-05
  3766   9.5518764E-05
  3767   9.5518764E-05
  3768   9.5518764E-05
  3769   9.5518764E-05
  3770   9.5518764E-05
  3771   9.5518764E-05
  3772   9.5518764E-05
  3773   9.5518764E-05
  3774   9.5518764E-05
  3775   9.5518764E-05
  3776   9.5518764E-05
  3777   9.5518764E-05
  3778   9.5518764E-05
  3779   9.5518764E-05
  3780   9.5518764E-05
  3781   9.5518764E-05
  3782   9.5518764E-05
  3783   9.5518764E-05
  3784   9.5518764E-05
  3785   9.5518764E-05
  3786   9.5518764E-05
  3787   9.5518764E-05
  3788   9.5518764E-05
  3789   9.5518764E-05
  3790   9.5518764E-05
  3791   9.5518764E-05
  3792   9.5518764E-05
  3793   9.5518764E-05
  3794   9.5518764E-05
  3795   9.5518764E-05
  3796   9.5518764E-05
  3797   9.5518764E-05
  3798   9.5518764E-05
  3799   9.5518764E-05
  3800   9.5518764E-05
  3801   9.5518764E-05
  3802   9.5518764E-05
  3803   9.5518764E-05
  3804   9.5518764E-05
  3805   9.5518764E-05
  3806   9.5518764E-05
  3807   9.5518764E-05
  3808   9.5518764E-05
  3809   9.5518764E-05
  3810   9.5518764E-05
  3811   9.5518764E-05
  3812   9.5518764E-05
  3813   9.5518764E-05
  3814   9.5518764E-05
  3815   9.5518764E-05
  3816   9.5518764E-05
  3817   9.5518764E-05
  3818   9.5518764E-05
  3819   9.5518764E-05
  3820   9.5518764E-05
  3821   9.5518764E-05
  3822   9.5518764E-05
  3823   9.5518764E-05
  3824   9.5518764E-05
  3825   9.5518764E-05
  3826   9.5518764E-05
  3827   9.5518764E-05
  3828   9.5518764E-05
  3829   9.5518764E-05
  3830   9.5518764E-05
  3831   9.5518764E-05
  3832   9.5518764E-05
  3833   9.5518764E-05
  3834   9.5518764E-05
  3835   9.5518764E-05
  3836   9.5518764E-05
  3837   9.5518764E-05
  3838   9.5518764E-05
  3839   9.5518764E-05
  3840   9.5518764E-05
  3841   9.5518764E-05
  3842   9.5518764E-05
  3843   9.5518764E-05
  3844   9.5518764E-05
  3845   9.5518764E-05
  3846   9.5518764E-05
  3847   9.5518764E-05
  3848   9.5518764E-05
  3849   9.5518764E-05
  3850   9.5518764E-05
  3851   9.5518764E-05
  3852   9.5518764E-05
  3853   9.5518764E-05
  3854   9.5518764E-05
  3855   9.5518764E-05
  3856   9.5518764E-05
  3857   9.5518764E-05
  3858   9.5518764E-05
  3859   9.5518764E-05
  3860   9.5518764E-05
  3861   9.5518764E-05
  3862   9.5518764E-05
  3863   9.5518764E-05
  3864   9.5518764E-05
  3865   9.5518764E-05
  3866   9.5518764E-05
  3867   9.5518764E-05
  3868   9.5518764E-05
  3869   9.5518764E-05
  3870   9.5518764E-05
  3871   9.5518764E-05
  3872   9.5518764E-05
  3873   9.5518764E-05
  3874   9.5518764E-05
  3875   9.5518764E-05
  3876   9.5518764E-05
  3877   9.5518764E-05
  3878   9.5518764E-05
  3879   9.5518764E-05
  3880   9.5518764E-05
  3881   9.5518764E-05
  3882   9.5518764E-05
  3883   9.5518764E-05
  3884   9.5518764E-05
  3885   9.5518764E-05
  3886   9.5518764E-05
  3887   9.5518764E-05
  3888   9.5518764E-05
  3889   9.5518764E-05
  3890   9.5518764E-05
  3891   9.5518764E-05
  3892   9.5518764E-05
  3893   9.5518764E-05
  3894   9.5518764E-05
  3895   9.5518764E-05
  3896   9.5518764E-05
  3897   9.5518764E-05
  3898   9.5518764E-05
  3899   9.5518764E-05
  3900   9.5518764E-05
  3901   9.5518764E-05
  3902   9.5518764E-05
  3903   9.5518764E-05
  3904   9.5518764E-05
  3905   9.5518764E-05
  3906   9.5518764E-05
  3907   9.5518764E-05
  3908   9.5518764E-05
  3909   9.5518764E-05
  3910   9.5518764E-05
  3911   9.5518764E-05
  3912   9.5518764E-05
  3913   9.5518764E-05
  3914   9.5518764E-05
  3915   9.5518764E-05
  3916   9.5518764E-05
  3917   9.5518764E-05
  3918   9.5518764E-05
  3919   9.5518764E-05
  3920   9.5518764E-05
  3921   9.5518764E-05
  3922   9.5518764E-05
  3923   9.5518764E-05
  3924   9.5518764E-05
  3925   9.5518764E-05
  3926   9.5518764E-05
  3927   9.5518764E-05
  3928   9.5518764E-05
  3929   9.5518764E-05
  3930   9.5518764E-05
  3931   9.5518764E-05
  3932   9.5518764E-05
  3933   9.5518764E-05
  3934   9.5518764E-05
  3935   9.5518764E-05
  3936   9.5518764E-05
  3937   9.5518764E-05
  3938   9.5518764E-05
  3939   9.5518764E-05
  3940   9.5518764E-05
  3941   9.5518764E-05
  3942   9.5518764E-05
  3943   9.5518764E-05
  3944   9.5518764E-05
  3945   9.5518764E-05
  3946   9.5518764E-05
  3947   9.5518764E-05
  3948   9.5518764E-05
  3949   9.5518764E-05
  3950   9.5518764E-05
  3951   9.5518764E-05
  3952   9.5518764E-05
  3953   9.5518764E-05
  3954   9.5518764E-05
  3955   9.5518764E-05
  3956   9.5518764E-05
  3957   9.5518764E-05
  3958   9.5518764E-05
  3959   9.5518764E-05
  3960   9.5518764E-05
  3961   9.5518764E-05
  3962   9.5518764E-05
  3963   9.5518764E-05
  3964   9.5518764E-05
  3965   9.5518764E-05
  3966   9.5518764E-05
  3967   9.5518764E-05
  3968   9.5518764E-05
  3969   9.5518764E-05
  3970   9.5518764E-05
  3971   9.5518764E-05
  3972   9.5518764E-05
  3973   9.5518764E-05
  3974   9.5518764E-05
  3975   9.5518764E-05
  3976   9.5518764E-05
  3977   9.5518764E-05
  3978   9.5518764E-05
  3979   9.5518764E-05
  3980   9.5518764E-05
  3981   9.5518764E-05
  3982   9.5518764E-05
  3983   9.5518764E-05
  3984   9.5518764E-05
  3985   9.5518764E-05
  3986   9.5518764E-05
  3987   9.5518764E-05
  3988   9.5518764E-05
  3989   9.5518764E-05
  3990   9.5518764E-05
  3991   9.5518764E-05
  3992   9.5518764E-05
  3993   9.5518764E-05
  3994   9.5518764E-05
  3995   9.5518764E-05
  3996   9.5518764E-05
  3997   9.5518764E-05
  3998   9.5518764E-05
  3999   9.5518764E-05
  4000   9.5518764E-05
  4001   9.5518764E-05
  4002   9.5518764E-05
  4003   9.5518764E-05
  4004   9.5518764E-05
  4005   9.5518764E-05
  4006   9.5518764E-05
  4007   9.5518764E-05
  4008   9.5518764E-05
  4009   9.5518764E-05
  4010   9.5518764E-05
  4011   9.5518764E-05
  4012   9.5518764E-05
  4013   9.5518764E-05
  4014   9.5518764E-05
  4015   9.5518764E-05
  4016   9.5518764E-05
  4017   9.5518764E-05
  4018   9.5518764E-05
  4019   9.5518764E-05
  4020   9.5518764E-05
  4021   9.5518764E-05
  4022   9.5518764E-05
  4023   9.5518764E-05
  4024   9.5518764E-05
  4025   9.5518764E-05
  4026   9.5518764E-05
  4027   9.5518764E-05
  4028   9.5518764E-05
  4029   9.5518764E-05
  4030   9.5518764E-05
  4031   9.5518764E-05
  4032   9.5518764E-05
  4033   9.5518764E-05
  4034   9.5518764E-05
  4035   9.5518764E-05
  4036   9.5518764E-05
  4037   9.5518764E-05
  4038   9.5518764E-05
  4039   9.5518764E-05
  4040   9.5518764E-05
  4041   9.5518764E-05
  4042   9.5518764E-05
  4043   9.5518764E-05
  4044   9.5518764E-05
  4045   9.5518764E-05
  4046   9.5518764E-05
  4047   9.5518764E-05
  4048   9.5518764E-05
  4049   9.5518764E-05
  4050   9.5518764E-05
  4051   9.5518764E-05
  4052   9.5518764E-05
  4053   9.5518764E-05
  4054   9.5518764E-05
  4055   9.5518764E-05
  4056   9.5518764E-05
  4057   9.5518764E-05
  4058   9.5518764E-05
  4059   9.5518764E-05
  4060   9.5518764E-05
  4061   9.5518764E-05
  4062   9.5518764E-05
  4063   9.5518764E-05
  4064   9.5518764E-05
  4065   9.5518764E-05
  4066   9.5518764E-05
  4067   9.5518764E-05
  4068   9.5518764E-05
  4069   9.5518764E-05
  4070   9.5518764E-05
  4071   9.5518764E-05
  4072   9.5518764E-05
  4073   9.5518764E-05
  4074   9.5518764E-05
  4075   9.5518764E-05
  4076   9.5518764E-05
  4077   9.5518764E-05
  4078   9.5518764E-05
  4079   9.5518764E-05
  4080   9.5518764E-05
  4081   9.5518764E-05
  4082   9.5518764E-05
  4083   9.5518764E-05
  4084   9.5518764E-05
  4085   9.5518764E-05
  4086   9.5518764E-05
  4087   9.5518764E-05
  4088   9.5518764E-05
  4089   9.5518764E-05
  4090   9.5518764E-05
  4091   9.5518764E-05
  4092   9.5518764E-05
  4093   9.5518764E-05
  4094   9.5518764E-05
  4095   9.5518764E-05
  4096   9.5518764E-05
  4097   9.5518764E-05
  4098   9.5518764E-05
  4099   9.5518764E-05
  4100   9.5518764E-05
  4101   9.5518764E-05
  4102   9.5518764E-05
  4103   9.5518764E-05
  4104   9.5518764E-05
  4105   9.5518764E-05
  4106   9.5518764E-05
  4107   9.5518764E-05
  4108   9.5518764E-05
  4109   9.5518764E-05
  4110   9.5518764E-05
  4111   9.5518764E-05
  4112   9.5518764E-05
  4113   9.5518764E-05
  4114   9.5518764E-05
  4115   9.5518764E-05
  4116   9.5518764E-05
  4117   9.5518764E-05
  4118   9.5518764E-05
  4119   9.5518764E-05
  4120   9.5518764E-05
  4121   9.5518764E-05
  4122   9.5518764E-05
  4123   9.5518764E-05
  4124   9.5518764E-05
  4125   9.5518764E-05
  4126   9.5518764E-05
  4127   9.5518764E-05
  4128   9.5518764E-05
  4129   9.5518764E-05
  4130   9.5518764E-05
  4131   9.5518764E-05
  4132   9.5518764E-05
  4133   9.5518764E-05
  4134   9.5518764E-05
  4135   9.5518764E-05
  4136   9.5518764E-05
  4137   9.5518764E-05
  4138   9.5518764E-05
  4139   9.5518764E-05
  4140   9.5518764E-05
  4141   9.5518764E-05
  4142   9.5518764E-05
  4143   9.5518764E-05
  4144   9.5518764E-05
  4145   9.5518764E-05
  4146   9.5518764E-05
  4147   9.5518764E-05
  4148   9.5518764E-05
  4149   9.5518764E-05
  4150   9.5518764E-05
  4151   9.5518764E-05
  4152   9.5518764E-05
  4153   9.5518764E-05
  4154   9.5518764E-05
  4155   9.5518764E-05
  4156   9.5518764E-05
  4157   9.5518764E-05
  4158   9.5518764E-05
  4159   9.5518764E-05
  4160   9.5518764E-05
  4161   9.5518764E-05
  4162   9.5518764E-05
  4163   9.5518764E-05
  4164   9.5518764E-05
  4165   9.5518764E-05
  4166   9.5518764E-05
  4167   9.5518764E-05
  4168   9.5518764E-05
  4169   9.5518764E-05
  4170   9.5518764E-05
  4171   9.5518764E-05
  4172   9.5518764E-05
  4173   9.5518764E-05
  4174   9.5518764E-05
  4175   9.5518764E-05
  4176   9.5518764E-05
  4177   9.5518764E-05
  4178   9.5518764E-05
  4179   9.5518764E-05
  4180   9.5518764E-05
  4181   9.5518764E-05
  4182   9.5518764E-05
  4183   9.5518764E-05
  4184   9.5518764E-05
  4185   9.5518764E-05
  4186   9.5518764E-05
  4187   9.5518764E-05
  4188   9.5518764E-05
  4189   9.5518764E-05
  4190   9.5518764E-05
  4191   9.5518764E-05
  4192   9.5518764E-05
  4193   9.5518764E-05
  4194   9.5518764E-05
  4195   9.5518764E-05
  4196   9.5518764E-05
  4197   9.5518764E-05
  4198   9.5518764E-05
  4199   9.5518764E-05
  4200   9.5518764E-05
  4201   9.5518764E-05
  4202   9.5518764E-05
  4203   9.5518764E-05
  4204   9.5518764E-05
  4205   9.5518764E-05
  4206   9.5518764E-05
  4207   9.5518764E-05
  4208   9.5518764E-05
  4209   9.5518764E-05
  4210   9.5518764E-05
  4211   9.5518764E-05
  4212   9.5518764E-05
  4213   9.5518764E-05
  4214   9.5518764E-05
  4215   9.5518764E-05
  4216   9.5518764E-05
  4217   9.5518764E-05
  4218   9.5518764E-05
  4219   9.5518764E-05
  4220   9.5518764E-05
  4221   9.5518764E-05
  4222   9.5518764E-05
  4223   9.5518764E-05
  4224   9.5518764E-05
  4225   9.5518764E-05
  4226   9.5518764E-05
  4227   9.5518764E-05
  4228   9.5518764E-05
  4229   9.5518764E-05
  4230   9.5518764E-05
  4231   9.5518764E-05
  4232   9.5518764E-05
  4233   9.5518764E-05
  4234   9.5518764E-05
  4235   9.5518764E-05
  4236   9.5518764E-05
  4237   9.5518764E-05
  4238   9.5518764E-05
  4239   9.5518764E-05
  4240   9.5518764E-05
  4241   9.5518764E-05
  4242   9.5518764E-05
  4243   9.5518764E-05
  4244   9.5518764E-05
  4245   9.5518764E-05
  4246   9.5518764E-05
  4247   9.5518764E-05
  4248   9.5518764E-05
  4249   9.5518764E-05
  4250   9.5518764E-05
  4251   9.5518764E-05
  4252   9.5518764E-05
  4253   9.5518764E-05
  4254   9.5518764E-05
  4255   9.5518764E-05
  4256   9.5518764E-05
  4257   9.5518764E-05
  4258   9.5518764E-05
  4259   9.5518764E-05
  4260   9.5518764E-05
  4261   9.5518764E-05
  4262   9.5518764E-05
  4263   9.5518764E-05
  4264   9.5518764E-05
  4265   9.5518764E-05
  4266   9.5518764E-05
  4267   9.5518764E-05
  4268   9.5518764E-05
  4269   9.5518764E-05
  4270   9.5518764E-05
  4271   9.5518764E-05
  4272   9.5518764E-05
  4273   9.5518764E-05
  4274   9.5518764E-05
  4275   9.5518764E-05
  4276   9.5518764E-05
  4277   9.5518764E-05
  4278   9.5518764E-05
  4279   9.5518764E-05
  4280   9.5518764E-05
  4281   9.5518764E-05
  4282   9.5518764E-05
  4283   9.5518764E-05
  4284   9.5518764E-05
  4285   9.5518764E-05
  4286   9.5518764E-05
  4287   9.5518764E-05
  4288   9.5518764E-05
  4289   9.5518764E-05
  4290   9.5518764E-05
  4291   9.5518764E-05
  4292   9.5518764E-05
  4293   9.5518764E-05
  4294   9.5518764E-05
  4295   9.5518764E-05
  4296   9.5518764E-05
  4297   9.5518764E-05
  4298   9.5518764E-05
  4299   9.5518764E-05
  4300   9.5518764E-05
  4301   9.5518764E-05
  4302   9.5518764E-05
  4303   9.5518764E-05
  4304   9.5518764E-05
  4305   9.5518764E-05
  4306   9.5518764E-05
  4307   9.5518764E-05
  4308   9.5518764E-05
  4309   9.5518764E-05
  4310   9.5518764E-05
  4311   9.5518764E-05
  4312   9.5518764E-05
  4313   9.5518764E-05
  4314   9.5518764E-05
  4315   9.5518764E-05
  4316   9.5518764E-05
  4317   9.5518764E-05
  4318   9.5518764E-05
  4319   9.5518764E-05
  4320   9.5518764E-05
  4321   9.5518764E-05
  4322   9.5518764E-05
  4323   9.5518764E-05
  4324   9.5518764E-05
  4325   9.5518764E-05
  4326   9.5518764E-05
  4327   9.5518764E-05
  4328   9.5518764E-05
  4329   9.5518764E-05
  4330   9.5518764E-05
  4331   9.5518764E-05
  4332   9.5518764E-05
  4333   9.5518764E-05
  4334   9.5518764E-05
  4335   9.5518764E-05
  4336   9.5518764E-05
  4337   9.5518764E-05
  4338   9.5518764E-05
  4339   9.5518764E-05
  4340   9.5518764E-05
  4341   9.5518764E-05
  4342   9.5518764E-05
  4343   9.5518764E-05
  4344   9.5518764E-05
  4345   9.5518764E-05
  4346   9.5518764E-05
  4347   9.5518764E-05
  4348   9.5518764E-05
  4349   9.5518764E-05
  4350   9.5518764E-05
  4351   9.5518764E-05
  4352   9.5518764E-05
  4353   9.5518764E-05
  4354   9.5518764E-05
  4355   9.5518764E-05
  4356   9.5518764E-05
  4357   9.5518764E-05
  4358   9.5518764E-05
  4359   9.5518764E-05
  4360   9.5518764E-05
  4361   9.5518764E-05
  4362   9.5518764E-05
  4363   9.5518764E-05
  4364   9.5518764E-05
  4365   9.5518764E-05
  4366   9.5518764E-05
  4367   9.5518764E-05
  4368   9.5518764E-05
  4369   9.5518764E-05
  4370   9.5518764E-05
  4371   9.5518764E-05
  4372   9.5518764E-05
  4373   9.5518764E-05
  4374   9.5518764E-05
  4375   9.5518764E-05
  4376   9.5518764E-05
  4377   9.5518764E-05
  4378   9.5518764E-05
  4379   9.5518764E-05
  4380   9.5518764E-05
  4381   9.5518764E-05
  4382   9.5518764E-05
  4383   9.5518764E-05
  4384   9.5518764E-05
  4385   9.5518764E-05
  4386   9.5518764E-05
  4387   9.5518764E-05
  4388   9.5518764E-05
  4389   9.5518764E-05
  4390   9.5518764E-05
  4391   9.5518764E-05
  4392   9.5518764E-05
  4393   9.5518764E-05
  4394   9.5518764E-05
  4395   9.5518764E-05
  4396   9.5518764E-05
  4397   9.5518764E-05
  4398   9.5518764E-05
  4399   9.5518764E-05
  4400   9.5518764E-05
  4401   9.5518764E-05
  4402   9.5518764E-05
  4403   9.5518764E-05
  4404   9.5518764E-05
  4405   9.5518764E-05
  4406   9.5518764E-05
  4407   9.5518764E-05
  4408   9.5518764E-05
  4409   9.5518764E-05
  4410   9.5518764E-05
  4411   9.5518764E-05
  4412   9.5518764E-05
  4413   9.5518764E-05
  4414   9.5518764E-05
  4415   9.5518764E-05
  4416   9.5518764E-05
  4417   9.5518764E-05
  4418   9.5518764E-05
  4419   9.5518764E-05
  4420   9.5518764E-05
  4421   9.5518764E-05
  4422   9.5518764E-05
  4423   9.5518764E-05
  4424   9.5518764E-05
  4425   9.5518764E-05
  4426   9.5518764E-05
  4427   9.5518764E-05
  4428   9.5518764E-05
  4429   9.5518764E-05
  4430   9.5518764E-05
  4431   9.5518764E-05
  4432   9.5518764E-05
  4433   9.5518764E-05
  4434   9.5518764E-05
  4435   9.5518764E-05
  4436   9.5518764E-05
  4437   9.5518764E-05
  4438   9.5518764E-05
  4439   9.5518764E-05
  4440   9.5518764E-05
  4441   9.5518764E-05
  4442   9.5518764E-05
  4443   9.5518764E-05
  4444   9.5518764E-05
  4445   9.5518764E-05
  4446   9.5518764E-05
  4447   9.5518764E-05
  4448   9.5518764E-05
  4449   9.5518764E-05
  4450   9.5518764E-05
  4451   9.5518764E-05
  4452   9.5518764E-05
  4453   9.5518764E-05
  4454   9.5518764E-05
  4455   9.5518764E-05
  4456   9.5518764E-05
  4457   9.5518764E-05
  4458   9.5518764E-05
  4459   9.5518764E-05
  4460   9.5518764E-05
  4461   9.5518764E-05
  4462   9.5518764E-05
  4463   9.5518764E-05
  4464   9.5518764E-05
  4465   9.5518764E-05
  4466   9.5518764E-05
  4467   9.5518764E-05
  4468   9.5518764E-05
  4469   9.5518764E-05
  4470   9.5518764E-05
  4471   9.5518764E-05
  4472   9.5518764E-05
  4473   9.5518764E-05
  4474   9.5518764E-05
  4475   9.5518764E-05
  4476   9.5518764E-05
  4477   9.5518764E-05
  4478   9.5518764E-05
  4479   9.5518764E-05
  4480   9.5518764E-05
  4481   9.5518764E-05
  4482   9.5518764E-05
  4483   9.5518764E-05
  4484   9.5518764E-05
  4485   9.5518764E-05
  4486   9.5518764E-05
  4487   9.5518764E-05
  4488   9.5518764E-05
  4489   9.5518764E-05
  4490   9.5518764E-05
  4491   9.5518764E-05
  4492   9.5518764E-05
  4493   9.5518764E-05
  4494   9.5518764E-05
  4495   9.5518764E-05
  4496   9.5518764E-05
  4497   9.5518764E-05
  4498   9.5518764E-05
  4499   9.5518764E-05
  4500   9.5518764E-05
  4501   9.5518764E-05
  4502   9.5518764E-05
  4503   9.5518764E-05
  4504   9.5518764E-05
  4505   9.5518764E-05
  4506   9.5518764E-05
  4507   9.5518764E-05
  4508   9.5518764E-05
  4509   9.5518764E-05
  4510   9.5518764E-05
  4511   9.5518764E-05
  4512   9.5518764E-05
  4513   9.5518764E-05
  4514   9.5518764E-05
  4515   9.5518764E-05
  4516   9.5518764E-05
  4517   9.5518764E-05
  4518   9.5518764E-05
  4519   9.5518764E-05
  4520   9.5518764E-05
  4521   9.5518764E-05
  4522   9.5518764E-05
  4523   9.5518764E-05
  4524   9.5518764E-05
  4525   9.5518764E-05
  4526   9.5518764E-05
  4527   9.5518764E-05
  4528   9.5518764E-05
  4529   9.5518764E-05
  4530   9.5518764E-05
  4531   9.5518764E-05
  4532   9.5518764E-05
  4533   9.5518764E-05
  4534   9.5518764E-05
  4535   9.5518764E-05
  4536   9.5518764E-05
  4537   9.5518764E-05
  4538   9.5518764E-05
  4539   9.5518764E-05
  4540   9.5518764E-05
  4541   9.5518764E-05
  4542   9.5518764E-05
  4543   9.5518764E-05
  4544   9.5518764E-05
  4545   9.5518764E-05
  4546   9.5518764E-05
  4547   9.5518764E-05
  4548   9.5518764E-05
  4549   9.5518764E-05
  4550   9.5518764E-05
  4551   9.5518764E-05
  4552   9.5518764E-05
  4553   9.5518764E-05
  4554   9.5518764E-05
  4555   9.5518764E-05
  4556   9.5518764E-05
  4557   9.5518764E-05
  4558   9.5518764E-05
  4559   9.5518764E-05
  4560   9.5518764E-05
  4561   9.5518764E-05
  4562   9.5518764E-05
  4563   9.5518764E-05
  4564   9.5518764E-05
  4565   9.5518764E-05
  4566   9.5518764E-05
  4567   9.5518764E-05
  4568   9.5518764E-05
  4569   9.5518764E-05
  4570   9.5518764E-05
  4571   9.5518764E-05
  4572   9.5518764E-05
  4573   9.5518764E-05
  4574   9.5518764E-05
  4575   9.5518764E-05
  4576   9.5518764E-05
  4577   9.5518764E-05
  4578   9.5518764E-05
  4579   9.5518764E-05
  4580   9.5518764E-05
  4581   9.5518764E-05
  4582   9.5518764E-05
  4583   9.5518764E-05
  4584   9.5518764E-05
  4585   9.5518764E-05
  4586   9.5518764E-05
  4587   9.5518764E-05
  4588   9.5518764E-05
  4589   9.5518764E-05
  4590   9.5518764E-05
  4591   9.5518764E-05
  4592   9.5518764E-05
  4593   9.5518764E-05
  4594   9.5518764E-05
  4595   9.5518764E-05
  4596   9.5518764E-05
  4597   9.5518764E-05
  4598   9.5518764E-05
  4599   9.5518764E-05
  4600   9.5518764E-05
  4601   9.5518764E-05
  4602   9.5518764E-05
  4603   9.5518764E-05
  4604   9.5518764E-05
  4605   9.5518764E-05
  4606   9.5518764E-05
  4607   9.5518764E-05
  4608   9.5518764E-05
  4609   9.5518764E-05
  4610   9.5518764E-05
  4611   9.5518764E-05
  4612   9.5518764E-05
  4613   9.5518764E-05
  4614   9.5518764E-05
  4615   9.5518764E-05
  4616   9.5518764E-05
  4617   9.5518764E-05
  4618   9.5518764E-05
  4619   9.5518764E-05
  4620   9.5518764E-05
  4621   9.5518764E-05
  4622   9.5518764E-05
  4623   9.5518764E-05
  4624   9.5518764E-05
  4625   9.5518764E-05
  4626   9.5518764E-05
  4627   9.5518764E-05
  4628   9.5518764E-05
  4629   9.5518764E-05
  4630   9.5518764E-05
  4631   9.5518764E-05
  4632   9.5518764E-05
  4633   9.5518764E-05
  4634   9.5518764E-05
  4635   9.5518764E-05
  4636   9.5518764E-05
  4637   9.5518764E-05
  4638   9.5518764E-05
  4639   9.5518764E-05
  4640   9.5518764E-05
  4641   9.5518764E-05
  4642   9.5518764E-05
  4643   9.5518764E-05
  4644   9.5518764E-05
  4645   9.5518764E-05
  4646   9.5518764E-05
  4647   9.5518764E-05
  4648   9.5518764E-05
  4649   9.5518764E-05
  4650   9.5518764E-05
  4651   9.5518764E-05
  4652   9.5518764E-05
  4653   9.5518764E-05
  4654   9.5518764E-05
  4655   9.5518764E-05
  4656   9.5518764E-05
  4657   9.5518764E-05
  4658   9.5518764E-05
  4659   9.5518764E-05
  4660   9.5518764E-05
  4661   9.5518764E-05
  4662   9.5518764E-05
  4663   9.5518764E-05
  4664   9.5518764E-05
  4665   9.5518764E-05
  4666   9.5518764E-05
  4667   9.5518764E-05
  4668   9.5518764E-05
  4669   9.5518764E-05
  4670   9.5518764E-05
  4671   9.5518764E-05
  4672   9.5518764E-05
  4673   9.5518764E-05
  4674   9.5518764E-05
  4675   9.5518764E-05
  4676   9.5518764E-05
  4677   9.5518764E-05
  4678   9.5518764E-05
  4679   9.5518764E-05
  4680   9.5518764E-05
  4681   9.5518764E-05
  4682   9.5518764E-05
  4683   9.5518764E-05
  4684   9.5518764E-05
  4685   9.5518764E-05
  4686   9.5518764E-05
  4687   9.5518764E-05
  4688   9.5518764E-05
  4689   9.5518764E-05
  4690   9.5518764E-05
  4691   9.5518764E-05
  4692   9.5518764E-05
  4693   9.5518764E-05
  4694   9.5518764E-05
  4695   9.5518764E-05
  4696   9.5518764E-05
  4697   9.5518764E-05
  4698   9.5518764E-05
  4699   9.5518764E-05
  4700   9.5518764E-05
  4701   9.5518764E-05
  4702   9.5518764E-05
  4703   9.5518764E-05
  4704   9.5518764E-05
  4705   9.5518764E-05
  4706   9.5518764E-05
  4707   9.5518764E-05
  4708   9.5518764E-05
  4709   9.5518764E-05
  4710   9.5518764E-05
  4711   9.5518764E-05
  4712   9.5518764E-05
  4713   9.5518764E-05
  4714   9.5518764E-05
  4715   9.5518764E-05
  4716   9.5518764E-05
  4717   9.5518764E-05
  4718   9.5518764E-05
  4719   9.5518764E-05
  4720   9.5518764E-05
  4721   9.5518764E-05
  4722   9.5518764E-05
  4723   9.5518764E-05
  4724   9.5518764E-05
  4725   9.5518764E-05
  4726   9.5518764E-05
  4727   9.5518764E-05
  4728   9.5518764E-05
  4729   9.5518764E-05
  4730   9.5518764E-05
  4731   9.5518764E-05
  4732   9.5518764E-05
  4733   9.5518764E-05
  4734   9.5518764E-05
  4735   9.5518764E-05
  4736   9.5518764E-05
  4737   9.5518764E-05
  4738   9.5518764E-05
  4739   9.5518764E-05
  4740   9.5518764E-05
  4741   9.5518764E-05
  4742   9.5518764E-05
  4743   9.5518764E-05
  4744   9.5518764E-05
  4745   9.5518764E-05
  4746   9.5518764E-05
  4747   9.5518764E-05
  4748   9.5518764E-05
  4749   9.5518764E-05
  4750   9.5518764E-05
  4751   9.5518764E-05
  4752   9.5518764E-05
  4753   9.5518764E-05
  4754   9.5518764E-05
  4755   9.5518764E-05
  4756   9.5518764E-05
  4757   9.5518764E-05
  4758   9.5518764E-05
  4759   9.5518764E-05
  4760   9.5518764E-05
  4761   9.5518764E-05
  4762   9.5518764E-05
  4763   9.5518764E-05
  4764   9.5518764E-05
  4765   9.5518764E-05
  4766   9.5518764E-05
  4767   9.5518764E-05
  4768   9.5518764E-05
  4769   9.5518764E-05
  4770   9.5518764E-05
  4771   9.5518764E-05
  4772   9.5518764E-05
  4773   9.5518764E-05
  4774   9.5518764E-05
  4775   9.5518764E-05
  4776   9.5518764E-05
  4777   9.5518764E-05
  4778   9.5518764E-05
  4779   9.5518764E-05
  4780   9.5518764E-05
  4781   9.5518764E-05
  4782   9.5518764E-05
  4783   9.5518764E-05
  4784   9.5518764E-05
  4785   9.5518764E-05
  4786   9.5518764E-05
  4787   9.5518764E-05
  4788   9.5518764E-05
  4789   9.5518764E-05
  4790   9.5518764E-05
  4791   9.5518764E-05
  4792   9.5518764E-05
  4793   9.5518764E-05
  4794   9.5518764E-05
  4795   9.5518764E-05
  4796   9.5518764E-05
  4797   9.5518764E-05
  4798   9.5518764E-05
  4799   9.5518764E-05
  4800   9.5518764E-05
  4801   9.5518764E-05
  4802   9.5518764E-05
  4803   9.5518764E-05
  4804   9.5518764E-05
  4805   9.5518764E-05
  4806   9.5518764E-05
  4807   9.5518764E-05
  4808   9.5518764E-05
  4809   9.5518764E-05
  4810   9.5518764E-05
  4811   9.5518764E-05
  4812   9.5518764E-05
  4813   9.5518764E-05
  4814   9.5518764E-05
  4815   9.5518764E-05
  4816   9.5518764E-05
  4817   9.5518764E-05
  4818   9.5518764E-05
  4819   9.5518764E-05
  4820   9.5518764E-05
  4821   9.5518764E-05
  4822   9.5518764E-05
  4823   9.5518764E-05
  4824   9.5518764E-05
  4825   9.5518764E-05
  4826   9.5518764E-05
  4827   9.5518764E-05
  4828   9.5518764E-05
  4829   9.5518764E-05
  4830   9.5518764E-05
  4831   9.5518764E-05
  4832   9.5518764E-05
  4833   9.5518764E-05
  4834   9.5518764E-05
  4835   9.5518764E-05
  4836   9.5518764E-05
  4837   9.5518764E-05
  4838   9.5518764E-05
  4839   9.5518764E-05
  4840   9.5518764E-05
  4841   9.5518764E-05
  4842   9.5518764E-05
  4843   9.5518764E-05
  4844   9.5518764E-05
  4845   9.5518764E-05
  4846   9.5518764E-05
  4847   9.5518764E-05
  4848   9.5518764E-05
  4849   9.5518764E-05
  4850   9.5518764E-05
  4851   9.5518764E-05
  4852   9.5518764E-05
  4853   9.5518764E-05
  4854   9.5518764E-05
  4855   9.5518764E-05
  4856   9.5518764E-05
  4857   9.5518764E-05
  4858   9.5518764E-05
  4859   9.5518764E-05
  4860   9.5518764E-05
  4861   9.5518764E-05
  4862   9.5518764E-05
  4863   9.5518764E-05
  4864   9.5518764E-05
  4865   9.5518764E-05
  4866   9.5518764E-05
  4867   9.5518764E-05
  4868   9.5518764E-05
  4869   9.5518764E-05
  4870   9.5518764E-05
  4871   9.5518764E-05
  4872   9.5518764E-05
  4873   9.5518764E-05
  4874   9.5518764E-05
  4875   9.5518764E-05
  4876   9.5518764E-05
  4877   9.5518764E-05
  4878   9.5518764E-05
  4879   9.5518764E-05
  4880   9.5518764E-05
  4881   9.5518764E-05
  4882   9.5518764E-05
  4883   9.5518764E-05
  4884   9.5518764E-05
  4885   9.5518764E-05
  4886   9.5518764E-05
  4887   9.5518764E-05
  4888   9.5518764E-05
  4889   9.5518764E-05
  4890   9.5518764E-05
  4891   9.5518764E-05
  4892   9.5518764E-05
  4893   9.5518764E-05
  4894   9.5518764E-05
  4895   9.5518764E-05
  4896   9.5518764E-05
  4897   9.5518764E-05
  4898   9.5518764E-05
  4899   9.5518764E-05
  4900   9.5518764E-05
  4901   9.5518764E-05
  4902   9.5518764E-05
  4903   9.5518764E-05
  4904   9.5518764E-05
  4905   9.5518764E-05
  4906   9.5518764E-05
  4907   9.5518764E-05
  4908   9.5518764E-05
  4909   9.5518764E-05
  4910   9.5518764E-05
  4911   9.5518764E-05
  4912   9.5518764E-05
  4913   9.5518764E-05
  4914   9.5518764E-05
  4915   9.5518764E-05
  4916   9.5518764E-05
  4917   9.5518764E-05
  4918   9.5518764E-05
  4919   9.5518764E-05
  4920   9.5518764E-05
  4921   9.5518764E-05
  4922   9.5518764E-05
  4923   9.5518764E-05
  4924   9.5518764E-05
  4925   9.5518764E-05
  4926   9.5518764E-05
  4927   9.5518764E-05
  4928   9.5518764E-05
  4929   9.5518764E-05
  4930   9.5518764E-05
  4931   9.5518764E-05
  4932   9.5518764E-05
  4933   9.5518764E-05
  4934   9.5518764E-05
  4935   9.5518764E-05
  4936   9.5518764E-05
  4937   9.5518764E-05
  4938   9.5518764E-05
  4939   9.5518764E-05
  4940   9.5518764E-05
  4941   9.5518764E-05
  4942   9.5518764E-05
  4943   9.5518764E-05
  4944   9.5518764E-05
  4945   9.5518764E-05
  4946   9.5518764E-05
  4947   9.5518764E-05
  4948   9.5518764E-05
  4949   9.5518764E-05
  4950   9.5518764E-05
  4951   9.5518764E-05
  4952   9.5518764E-05
  4953   9.5518764E-05
  4954   9.5518764E-05
  4955   9.5518764E-05
  4956   9.5518764E-05
  4957   9.5518764E-05
  4958   9.5518764E-05
  4959   9.5518764E-05
  4960   9.5518764E-05
  4961   9.5518764E-05
  4962   9.5518764E-05
  4963   9.5518764E-05
  4964   9.5518764E-05
  4965   9.5518764E-05
  4966   9.5518764E-05
  4967   9.5518764E-05
  4968   9.5518764E-05
  4969   9.5518764E-05
  4970   9.5518764E-05
  4971   9.5518764E-05
  4972   9.5518764E-05
  4973   9.5518764E-05
  4974   9.5518764E-05
  4975   9.5518764E-05
  4976   9.5518764E-05
  4977   9.5518764E-05
  4978   9.5518764E-05
  4979   9.5518764E-05
  4980   9.5518764E-05
  4981   9.5518764E-05
  4982   9.5518764E-05
  4983   9.5518764E-05
  4984   9.5518764E-05
  4985   9.5518764E-05
  4986   9.5518764E-05
  4987   9.5518764E-05
  4988   9.5518764E-05
  4989   9.5518764E-05
  4990   9.5518764E-05
  4991   9.5518764E-05
  4992   9.5518764E-05
  4993   9.5518764E-05
  4994   9.5518764E-05
  4995   9.5518764E-05
  4996   9.5518764E-05
  4997   9.5518764E-05
  4998   9.5518764E-05
  4999   9.5518764E-05
  5000   9.5518764E-05
