     1   2.4344545E+06
     2   2.4344395E+06
     3   2.4344242E+06
     4   2.4344090E+06
     5   2.4343938E+06
     6   2.4343785E+06
     7   2.4343632E+06
     8   2.4343480E+06
     9   2.4343328E+06
    10   2.4343178E+06
    11   2.4343025E+06
    12   2.4342872E+06
    13   2.4342720E+06
    14   2.4342568E+06
    15   2.4342415E+06
    16   2.4342265E+06
    17   2.4342112E+06
    18   2.4341960E+06
    19   2.4341808E+06
    20   2.4341655E+06
    21   2.4341505E+06
    22   2.4341352E+06
    23   2.4341200E+06
    24   2.4341048E+06
    25   2.4340895E+06
    26   2.4340745E+06
    27   2.4340592E+06
    28   2.4340440E+06
    29   2.4340288E+06
    30   2.4340138E+06
    31   2.4339985E+06
    32   2.4339832E+06
    33   2.4339680E+06
    34   2.4339530E+06
    35   2.4339378E+06
    36   2.4339225E+06
    37   2.4339072E+06
    38   2.4338922E+06
    39   2.4338770E+06
    40   2.4338618E+06
    41   2.4338465E+06
    42   2.4338315E+06
    43   2.4338162E+06
    44   2.4338010E+06
    45   2.4337860E+06
    46   2.4337708E+06
    47   2.4337555E+06
    48   2.4337405E+06
    49   2.4337252E+06
    50   2.4337100E+06
    51   2.4336950E+06
    52   2.4336798E+06
    53   2.4336645E+06
    54   2.4336495E+06
    55   2.4336342E+06
    56   2.4336190E+06
    57   2.4336040E+06
    58   2.4335888E+06
    59   2.4335735E+06
    60   2.4335585E+06
    61   2.4335432E+06
    62   2.4335280E+06
    63   2.4335130E+06
    64   2.4334978E+06
    65   2.4334828E+06
    66   2.4334675E+06
    67   2.4334522E+06
    68   2.4334372E+06
    69   2.4334220E+06
    70   2.4334070E+06
    71   2.4333918E+06
    72   2.4333765E+06
    73   2.4333615E+06
    74   2.4333462E+06
    75   2.4333312E+06
    76   2.4333160E+06
    77   2.4333010E+06
    78   2.4332858E+06
    79   2.4332705E+06
    80   2.4332555E+06
    81   2.4332402E+06
    82   2.4332252E+06
    83   2.4332100E+06
    84   2.4331950E+06
    85   2.4331798E+06
    86   2.4331648E+06
    87   2.4331495E+06
    88   2.4331345E+06
    89   2.4331192E+06
    90   2.4331042E+06
    91   2.4330890E+06
    92   2.4330740E+06
    93   2.4330588E+06
    94   2.4330438E+06
    95   2.4330285E+06
    96   2.4330135E+06
    97   2.4329982E+06
    98   2.4329832E+06
    99   2.4329680E+06
   100   2.4329530E+06
   101   2.4329378E+06
   102   2.4329228E+06
   103   2.4329075E+06
   104   2.4328925E+06
   105   2.4328772E+06
   106   2.4328622E+06
   107   2.4328472E+06
   108   2.4328320E+06
   109   2.4328170E+06
   110   2.4328018E+06
   111   2.4327868E+06
   112   2.4327715E+06
   113   2.4327565E+06
   114   2.4327415E+06
   115   2.4327262E+06
   116   2.4327112E+06
   117   2.4326960E+06
   118   2.4326810E+06
   119   2.4326660E+06
   120   2.4326508E+06
   121   2.4326358E+06
   122   2.4326208E+06
   123   2.4326055E+06
   124   2.4325905E+06
   125   2.4325752E+06
   126   2.4325602E+06
   127   2.4325452E+06
   128   2.4325300E+06
   129   2.4325150E+06
   130   2.4325000E+06
   131   2.4324848E+06
   132   2.4324698E+06
   133   2.4324548E+06
   134   2.4324395E+06
   135   2.4324245E+06
   136   2.4324095E+06
   137   2.4323942E+06
   138   2.4323792E+06
   139   2.4323642E+06
   140   2.4323490E+06
   141   2.4323340E+06
   142   2.4323190E+06
   143   2.4323040E+06
   144   2.4322888E+06
   145   2.4322738E+06
   146   2.4322588E+06
   147   2.4322435E+06
   148   2.4322285E+06
   149   2.4322135E+06
   150   2.4321985E+06
   151   2.4321832E+06
   152   2.4321682E+06
   153   2.4321532E+06
   154   2.4321382E+06
   155   2.4321230E+06
   156   2.4321080E+06
   157   2.4320930E+06
   158   2.4320780E+06
   159   2.4320630E+06
   160   2.4320478E+06
   161   2.4320328E+06
   162   2.4320178E+06
   163   2.4320028E+06
   164   2.4319875E+06
   165   2.4319725E+06
   166   2.4319575E+06
   167   2.4319425E+06
   168   2.4319275E+06
   169   2.4319125E+06
   170   2.4318972E+06
   171   2.4318822E+06
   172   2.4318672E+06
   173   2.4318522E+06
   174   2.4318372E+06
   175   2.4318222E+06
   176   2.4318070E+06
   177   2.4317920E+06
   178   2.4317770E+06
   179   2.4317620E+06
   180   2.4317470E+06
   181   2.4317320E+06
   182   2.4317170E+06
   183   2.4317018E+06
   184   2.4316868E+06
   185   2.4316718E+06
   186   2.4316568E+06
   187   2.4316418E+06
   188   2.4316268E+06
   189   2.4316118E+06
   190   2.4315968E+06
   191   2.4315818E+06
   192   2.4315668E+06
   193   2.4315515E+06
   194   2.4315365E+06
   195   2.4315215E+06
   196   2.4315065E+06
   197   2.4314915E+06
   198   2.4314765E+06
   199   2.4314615E+06
   200   2.4314465E+06
   201   2.4314315E+06
   202   2.4314165E+06
   203   2.4314015E+06
   204   2.4313865E+06
   205   2.4313715E+06
   206   2.4313565E+06
   207   2.4313415E+06
   208   2.4313265E+06
   209   2.4313115E+06
   210   2.4312965E+06
   211   2.4312815E+06
   212   2.4312665E+06
   213   2.4312515E+06
   214   2.4312365E+06
   215   2.4312215E+06
   216   2.4312065E+06
   217   2.4311915E+06
   218   2.4311765E+06
   219   2.4311615E+06
   220   2.4311465E+06
   221   2.4311315E+06
   222   2.4311165E+06
   223   2.4311015E+06
   224   2.4310865E+06
   225   2.4310715E+06
   226   2.4310565E+06
   227   2.4310415E+06
   228   2.4310265E+06
   229   2.4310115E+06
   230   2.4309965E+06
   231   2.4309815E+06
   232   2.4309665E+06
   233   2.4309518E+06
   234   2.4309368E+06
   235   2.4309218E+06
   236   2.4309068E+06
   237   2.4308918E+06
   238   2.4308768E+06
   239   2.4308618E+06
   240   2.4308468E+06
   241   2.4308318E+06
   242   2.4308170E+06
   243   2.4308020E+06
   244   2.4307870E+06
   245   2.4307720E+06
   246   2.4307570E+06
   247   2.4307420E+06
   248   2.4307270E+06
   249   2.4307120E+06
   250   2.4306972E+06
   251   2.4306822E+06
   252   2.4306672E+06
   253   2.4306522E+06
   254   2.4306372E+06
   255   2.4306222E+06
   256   2.4306075E+06
   257   2.4305925E+06
   258   2.4305775E+06
   259   2.4305625E+06
   260   2.4305475E+06
   261   2.4305328E+06
   262   2.4305178E+06
   263   2.4305028E+06
   264   2.4304878E+06
   265   2.4304728E+06
   266   2.4304580E+06
   267   2.4304430E+06
   268   2.4304280E+06
   269   2.4304130E+06
   270   2.4303982E+06
   271   2.4303832E+06
   272   2.4303682E+06
   273   2.4303532E+06
   274   2.4303382E+06
   275   2.4303235E+06
   276   2.4303085E+06
   277   2.4302935E+06
   278   2.4302788E+06
   279   2.4302638E+06
   280   2.4302488E+06
   281   2.4302338E+06
   282   2.4302190E+06
   283   2.4302040E+06
   284   2.4301890E+06
   285   2.4301742E+06
   286   2.4301592E+06
   287   2.4301442E+06
   288   2.4301292E+06
   289   2.4301145E+06
   290   2.4300995E+06
   291   2.4300845E+06
   292   2.4300698E+06
   293   2.4300548E+06
   294   2.4300398E+06
   295   2.4300250E+06
   296   2.4300100E+06
   297   2.4299950E+06
   298   2.4299802E+06
   299   2.4299652E+06
   300   2.4299502E+06
   301   2.4299355E+06
   302   2.4299205E+06
   303   2.4299058E+06
   304   2.4298908E+06
   305   2.4298758E+06
   306   2.4298610E+06
   307   2.4298460E+06
   308   2.4298310E+06
   309   2.4298162E+06
   310   2.4298012E+06
   311   2.4297865E+06
   312   2.4297715E+06
   313   2.4297565E+06
   314   2.4297418E+06
   315   2.4297268E+06
   316   2.4297120E+06
   317   2.4296970E+06
   318   2.4296822E+06
   319   2.4296672E+06
   320   2.4296522E+06
   321   2.4296375E+06
   322   2.4296225E+06
   323   2.4296078E+06
   324   2.4295928E+06
   325   2.4295780E+06
   326   2.4295630E+06
   327   2.4295482E+06
   328   2.4295332E+06
   329   2.4295182E+06
   330   2.4295035E+06
   331   2.4294885E+06
   332   2.4294738E+06
   333   2.4294588E+06
   334   2.4294440E+06
   335   2.4294290E+06
   336   2.4294142E+06
   337   2.4293992E+06
   338   2.4293845E+06
   339   2.4293695E+06
   340   2.4293548E+06
   341   2.4293398E+06
   342   2.4293250E+06
   343   2.4293102E+06
   344   2.4292952E+06
   345   2.4292805E+06
   346   2.4292655E+06
   347   2.4292508E+06
   348   2.4292358E+06
   349   2.4292210E+06
   350   2.4292060E+06
   351   2.4291912E+06
   352   2.4291762E+06
   353   2.4291615E+06
   354   2.4291468E+06
   355   2.4291318E+06
   356   2.4291170E+06
   357   2.4291020E+06
   358   2.4290872E+06
   359   2.4290725E+06
   360   2.4290575E+06
   361   2.4290428E+06
   362   2.4290278E+06
   363   2.4290130E+06
   364   2.4289982E+06
   365   2.4289832E+06
   366   2.4289685E+06
   367   2.4289535E+06
   368   2.4289388E+06
   369   2.4289240E+06
   370   2.4289090E+06
   371   2.4288942E+06
   372   2.4288795E+06
   373   2.4288645E+06
   374   2.4288498E+06
   375   2.4288350E+06
   376   2.4288200E+06
   377   2.4288052E+06
   378   2.4287905E+06
   379   2.4287755E+06
   380   2.4287608E+06
   381   2.4287460E+06
   382   2.4287310E+06
   383   2.4287162E+06
   384   2.4287015E+06
   385   2.4286865E+06
   386   2.4286718E+06
   387   2.4286570E+06
   388   2.4286422E+06
   389   2.4286272E+06
   390   2.4286125E+06
   391   2.4285978E+06
   392   2.4285828E+06
   393   2.4285680E+06
   394   2.4285532E+06
   395   2.4285385E+06
   396   2.4285235E+06
   397   2.4285088E+06
   398   2.4284940E+06
   399   2.4284792E+06
   400   2.4284642E+06
   401   2.4284495E+06
   402   2.4284348E+06
   403   2.4284200E+06
   404   2.4284050E+06
   405   2.4283902E+06
   406   2.4283755E+06
   407   2.4283608E+06
   408   2.4283460E+06
   409   2.4283310E+06
   410   2.4283162E+06
   411   2.4283015E+06
   412   2.4282868E+06
   413   2.4282720E+06
   414   2.4282570E+06
   415   2.4282422E+06
   416   2.4282275E+06
   417   2.4282128E+06
   418   2.4281980E+06
   419   2.4281832E+06
   420   2.4281682E+06
   421   2.4281535E+06
   422   2.4281388E+06
   423   2.4281240E+06
   424   2.4281092E+06
   425   2.4280945E+06
   426   2.4280795E+06
   427   2.4280648E+06
   428   2.4280500E+06
   429   2.4280352E+06
   430   2.4280205E+06
   431   2.4280058E+06
   432   2.4279910E+06
   433   2.4279762E+06
   434   2.4279615E+06
   435   2.4279465E+06
   436   2.4279318E+06
   437   2.4279170E+06
   438   2.4279022E+06
   439   2.4278875E+06
   440   2.4278728E+06
   441   2.4278580E+06
   442   2.4278432E+06
   443   2.4278285E+06
   444   2.4278138E+06
   445   2.4277990E+06
   446   2.4277842E+06
   447   2.4277695E+06
   448   2.4277545E+06
   449   2.4277398E+06
   450   2.4277250E+06
   451   2.4277102E+06
   452   2.4276955E+06
   453   2.4276808E+06
   454   2.4276660E+06
   455   2.4276512E+06
   456   2.4276365E+06
   457   2.4276218E+06
   458   2.4276070E+06
   459   2.4275922E+06
   460   2.4275775E+06
   461   2.4275628E+06
   462   2.4275480E+06
   463   2.4275332E+06
   464   2.4275185E+06
   465   2.4275038E+06
   466   2.4274890E+06
   467   2.4274742E+06
   468   2.4274595E+06
   469   2.4274448E+06
   470   2.4274300E+06
   471   2.4274152E+06
   472   2.4274005E+06
   473   2.4273860E+06
   474   2.4273712E+06
   475   2.4273565E+06
   476   2.4273418E+06
   477   2.4273270E+06
   478   2.4273122E+06
   479   2.4272975E+06
   480   2.4272828E+06
   481   2.4272680E+06
   482   2.4272532E+06
   483   2.4272385E+06
   484   2.4272238E+06
   485   2.4272090E+06
   486   2.4271945E+06
   487   2.4271798E+06
   488   2.4271650E+06
   489   2.4271502E+06
   490   2.4271355E+06
   491   2.4271208E+06
   492   2.4271060E+06
   493   2.4270912E+06
   494   2.4270765E+06
   495   2.4270620E+06
   496   2.4270472E+06
   497   2.4270325E+06
   498   2.4270178E+06
   499   2.4270030E+06
   500   2.4269882E+06
   501   2.4269735E+06
   502   2.4269590E+06
   503   2.4269442E+06
   504   2.4269295E+06
   505   2.4269148E+06
   506   2.4269000E+06
   507   2.4268855E+06
   508   2.4268708E+06
   509   2.4268560E+06
   510   2.4268412E+06
   511   2.4268265E+06
   512   2.4268120E+06
   513   2.4267972E+06
   514   2.4267825E+06
   515   2.4267678E+06
   516   2.4267530E+06
   517   2.4267385E+06
   518   2.4267238E+06
   519   2.4267090E+06
   520   2.4266942E+06
   521   2.4266798E+06
   522   2.4266650E+06
   523   2.4266502E+06
   524   2.4266355E+06
   525   2.4266210E+06
   526   2.4266062E+06
   527   2.4265915E+06
   528   2.4265768E+06
   529   2.4265622E+06
   530   2.4265475E+06
   531   2.4265328E+06
   532   2.4265180E+06
   533   2.4265035E+06
   534   2.4264888E+06
   535   2.4264740E+06
   536   2.4264595E+06
   537   2.4264448E+06
   538   2.4264300E+06
   539   2.4264152E+06
   540   2.4264008E+06
   541   2.4263860E+06
   542   2.4263712E+06
   543   2.4263568E+06
   544   2.4263420E+06
   545   2.4263272E+06
   546   2.4263128E+06
   547   2.4262980E+06
   548   2.4262832E+06
   549   2.4262688E+06
   550   2.4262540E+06
   551   2.4262392E+06
   552   2.4262248E+06
   553   2.4262100E+06
   554   2.4261955E+06
   555   2.4261808E+06
   556   2.4261660E+06
   557   2.4261515E+06
   558   2.4261368E+06
   559   2.4261220E+06
   560   2.4261075E+06
   561   2.4260928E+06
   562   2.4260782E+06
   563   2.4260635E+06
   564   2.4260488E+06
   565   2.4260342E+06
   566   2.4260195E+06
   567   2.4260050E+06
   568   2.4259902E+06
   569   2.4259758E+06
   570   2.4259610E+06
   571   2.4259462E+06
   572   2.4259318E+06
   573   2.4259170E+06
   574   2.4259025E+06
   575   2.4258878E+06
   576   2.4258732E+06
   577   2.4258585E+06
   578   2.4258440E+06
   579   2.4258292E+06
   580   2.4258148E+06
   581   2.4258000E+06
   582   2.4257852E+06
   583   2.4257708E+06
   584   2.4257560E+06
   585   2.4257415E+06
   586   2.4257268E+06
   587   2.4257122E+06
   588   2.4256975E+06
   589   2.4256830E+06
   590   2.4256682E+06
   591   2.4256538E+06
   592   2.4256390E+06
   593   2.4256245E+06
   594   2.4256100E+06
   595   2.4255952E+06
   596   2.4255808E+06
   597   2.4255660E+06
   598   2.4255515E+06
   599   2.4255368E+06
   600   2.4255222E+06
   601   2.4255075E+06
   602   2.4254930E+06
   603   2.4254782E+06
   604   2.4254638E+06
   605   2.4254492E+06
   606   2.4254345E+06
   607   2.4254200E+06
   608   2.4254052E+06
   609   2.4253908E+06
   610   2.4253760E+06
   611   2.4253615E+06
   612   2.4253470E+06
   613   2.4253322E+06
   614   2.4253178E+06
   615   2.4253030E+06
   616   2.4252885E+06
   617   2.4252740E+06
   618   2.4252592E+06
   619   2.4252448E+06
   620   2.4252302E+06
   621   2.4252155E+06
   622   2.4252010E+06
   623   2.4251862E+06
   624   2.4251718E+06
   625   2.4251572E+06
   626   2.4251425E+06
   627   2.4251280E+06
   628   2.4251135E+06
   629   2.4250988E+06
   630   2.4250842E+06
   631   2.4250698E+06
   632   2.4250550E+06
   633   2.4250405E+06
   634   2.4250260E+06
   635   2.4250112E+06
   636   2.4249968E+06
   637   2.4249822E+06
   638   2.4249675E+06
   639   2.4249530E+06
   640   2.4249385E+06
   641   2.4249240E+06
   642   2.4249092E+06
   643   2.4248948E+06
   644   2.4248802E+06
   645   2.4248655E+06
   646   2.4248510E+06
   647   2.4248365E+06
   648   2.4248220E+06
   649   2.4248072E+06
   650   2.4247928E+06
   651   2.4247782E+06
   652   2.4247638E+06
   653   2.4247490E+06
   654   2.4247345E+06
   655   2.4247200E+06
   656   2.4247055E+06
   657   2.4246908E+06
   658   2.4246762E+06
   659   2.4246618E+06
   660   2.4246472E+06
   661   2.4246328E+06
   662   2.4246180E+06
   663   2.4246035E+06
   664   2.4245890E+06
   665   2.4245745E+06
   666   2.4245600E+06
   667   2.4245452E+06
   668   2.4245308E+06
   669   2.4245162E+06
   670   2.4245018E+06
   671   2.4244872E+06
   672   2.4244725E+06
   673   2.4244580E+06
   674   2.4244435E+06
   675   2.4244290E+06
   676   2.4244145E+06
   677   2.4244000E+06
   678   2.4243852E+06
   679   2.4243708E+06
   680   2.4243562E+06
   681   2.4243418E+06
   682   2.4243272E+06
   683   2.4243128E+06
   684   2.4242982E+06
   685   2.4242838E+06
   686   2.4242690E+06
   687   2.4242545E+06
   688   2.4242400E+06
   689   2.4242255E+06
   690   2.4242110E+06
   691   2.4241965E+06
   692   2.4241820E+06
   693   2.4241675E+06
   694   2.4241530E+06
   695   2.4241385E+06
   696   2.4241238E+06
   697   2.4241092E+06
   698   2.4240948E+06
   699   2.4240802E+06
   700   2.4240658E+06
   701   2.4240512E+06
   702   2.4240368E+06
   703   2.4240222E+06
   704   2.4240078E+06
   705   2.4239932E+06
   706   2.4239788E+06
   707   2.4239642E+06
   708   2.4239498E+06
   709   2.4239352E+06
   710   2.4239208E+06
   711   2.4239062E+06
   712   2.4238918E+06
   713   2.4238772E+06
   714   2.4238628E+06
   715   2.4238482E+06
   716   2.4238338E+06
   717   2.4238192E+06
   718   2.4238048E+06
   719   2.4237902E+06
   720   2.4237758E+06
   721   2.4237612E+06
   722   2.4237468E+06
   723   2.4237322E+06
   724   2.4237178E+06
   725   2.4237032E+06
   726   2.4236888E+06
   727   2.4236742E+06
   728   2.4236598E+06
   729   2.4236452E+06
   730   2.4236308E+06
   731   2.4236162E+06
   732   2.4236018E+06
   733   2.4235872E+06
   734   2.4235728E+06
   735   2.4235582E+06
   736   2.4235438E+06
   737   2.4235292E+06
   738   2.4235150E+06
   739   2.4235005E+06
   740   2.4234860E+06
   741   2.4234715E+06
   742   2.4234570E+06
   743   2.4234425E+06
   744   2.4234280E+06
   745   2.4234135E+06
   746   2.4233990E+06
   747   2.4233845E+06
   748   2.4233702E+06
   749   2.4233558E+06
   750   2.4233412E+06
   751   2.4233268E+06
   752   2.4233122E+06
   753   2.4232978E+06
   754   2.4232832E+06
   755   2.4232690E+06
   756   2.4232545E+06
   757   2.4232400E+06
   758   2.4232255E+06
   759   2.4232110E+06
   760   2.4231965E+06
   761   2.4231820E+06
   762   2.4231678E+06
   763   2.4231532E+06
   764   2.4231388E+06
   765   2.4231242E+06
   766   2.4231098E+06
   767   2.4230955E+06
   768   2.4230810E+06
   769   2.4230665E+06
   770   2.4230520E+06
   771   2.4230375E+06
   772   2.4230232E+06
   773   2.4230088E+06
   774   2.4229942E+06
   775   2.4229798E+06
   776   2.4229652E+06
   777   2.4229510E+06
   778   2.4229365E+06
   779   2.4229220E+06
   780   2.4229075E+06
   781   2.4228932E+06
   782   2.4228788E+06
   783   2.4228642E+06
   784   2.4228498E+06
   785   2.4228355E+06
   786   2.4228210E+06
   787   2.4228065E+06
   788   2.4227920E+06
   789   2.4227778E+06
   790   2.4227632E+06
   791   2.4227488E+06
   792   2.4227345E+06
   793   2.4227200E+06
   794   2.4227055E+06
   795   2.4226912E+06
   796   2.4226768E+06
   797   2.4226622E+06
   798   2.4226478E+06
   799   2.4226335E+06
   800   2.4226190E+06
   801   2.4226045E+06
   802   2.4225902E+06
   803   2.4225758E+06
   804   2.4225612E+06
   805   2.4225470E+06
   806   2.4225325E+06
   807   2.4225180E+06
   808   2.4225038E+06
   809   2.4224892E+06
   810   2.4224748E+06
   811   2.4224605E+06
   812   2.4224460E+06
   813   2.4224318E+06
   814   2.4224172E+06
   815   2.4224028E+06
   816   2.4223885E+06
   817   2.4223740E+06
   818   2.4223595E+06
   819   2.4223452E+06
   820   2.4223308E+06
   821   2.4223165E+06
   822   2.4223020E+06
   823   2.4222875E+06
   824   2.4222732E+06
   825   2.4222588E+06
   826   2.4222445E+06
   827   2.4222300E+06
   828   2.4222155E+06
   829   2.4222012E+06
   830   2.4221868E+06
   831   2.4221725E+06
   832   2.4221580E+06
   833   2.4221438E+06
   834   2.4221292E+06
   835   2.4221150E+06
   836   2.4221005E+06
   837   2.4220860E+06
   838   2.4220718E+06
   839   2.4220572E+06
   840   2.4220430E+06
   841   2.4220285E+06
   842   2.4220142E+06
   843   2.4219998E+06
   844   2.4219855E+06
   845   2.4219710E+06
   846   2.4219568E+06
   847   2.4219422E+06
   848   2.4219280E+06
   849   2.4219135E+06
   850   2.4218992E+06
   851   2.4218848E+06
   852   2.4218705E+06
   853   2.4218560E+06
   854   2.4218418E+06
   855   2.4218272E+06
   856   2.4218130E+06
   857   2.4217985E+06
   858   2.4217842E+06
   859   2.4217700E+06
   860   2.4217555E+06
   861   2.4217412E+06
   862   2.4217268E+06
   863   2.4217125E+06
   864   2.4216980E+06
   865   2.4216838E+06
   866   2.4216692E+06
   867   2.4216550E+06
   868   2.4216408E+06
   869   2.4216262E+06
   870   2.4216120E+06
   871   2.4215975E+06
   872   2.4215832E+06
   873   2.4215688E+06
   874   2.4215545E+06
   875   2.4215402E+06
   876   2.4215258E+06
   877   2.4215115E+06
   878   2.4214970E+06
   879   2.4214828E+06
   880   2.4214685E+06
   881   2.4214540E+06
   882   2.4214398E+06
   883   2.4214255E+06
   884   2.4214110E+06
   885   2.4213968E+06
   886   2.4213825E+06
   887   2.4213680E+06
   888   2.4213538E+06
   889   2.4213392E+06
   890   2.4213250E+06
   891   2.4213108E+06
   892   2.4212962E+06
   893   2.4212820E+06
   894   2.4212678E+06
   895   2.4212532E+06
   896   2.4212390E+06
   897   2.4212248E+06
   898   2.4212105E+06
   899   2.4211960E+06
   900   2.4211818E+06
   901   2.4211675E+06
   902   2.4211530E+06
   903   2.4211388E+06
   904   2.4211245E+06
   905   2.4211100E+06
   906   2.4210958E+06
   907   2.4210815E+06
   908   2.4210672E+06
   909   2.4210528E+06
   910   2.4210385E+06
   911   2.4210242E+06
   912   2.4210100E+06
   913   2.4209955E+06
   914   2.4209812E+06
   915   2.4209670E+06
   916   2.4209528E+06
   917   2.4209382E+06
   918   2.4209240E+06
   919   2.4209098E+06
   920   2.4208955E+06
   921   2.4208810E+06
   922   2.4208668E+06
   923   2.4208525E+06
   924   2.4208382E+06
   925   2.4208240E+06
   926   2.4208095E+06
   927   2.4207952E+06
   928   2.4207810E+06
   929   2.4207668E+06
   930   2.4207525E+06
   931   2.4207380E+06
   932   2.4207238E+06
   933   2.4207095E+06
   934   2.4206952E+06
   935   2.4206810E+06
   936   2.4206665E+06
   937   2.4206522E+06
   938   2.4206380E+06
   939   2.4206238E+06
   940   2.4206095E+06
   941   2.4205952E+06
   942   2.4205808E+06
   943   2.4205665E+06
   944   2.4205522E+06
   945   2.4205380E+06
   946   2.4205238E+06
   947   2.4205095E+06
   948   2.4204952E+06
   949   2.4204810E+06
   950   2.4204665E+06
   951   2.4204522E+06
   952   2.4204380E+06
   953   2.4204238E+06
   954   2.4204095E+06
   955   2.4203952E+06
   956   2.4203810E+06
   957   2.4203668E+06
   958   2.4203525E+06
   959   2.4203382E+06
   960   2.4203238E+06
   961   2.4203095E+06
   962   2.4202952E+06
   963   2.4202810E+06
   964   2.4202668E+06
   965   2.4202525E+06
   966   2.4202382E+06
   967   2.4202240E+06
   968   2.4202098E+06
   969   2.4201955E+06
   970   2.4201812E+06
   971   2.4201670E+06
   972   2.4201528E+06
   973   2.4201385E+06
   974   2.4201242E+06
   975   2.4201100E+06
   976   2.4200958E+06
   977   2.4200815E+06
   978   2.4200672E+06
   979   2.4200530E+06
   980   2.4200388E+06
   981   2.4200245E+06
   982   2.4200102E+06
   983   2.4199960E+06
   984   2.4199818E+06
   985   2.4199675E+06
   986   2.4199532E+06
   987   2.4199390E+06
   988   2.4199248E+06
   989   2.4199105E+06
   990   2.4198962E+06
   991   2.4198820E+06
   992   2.4198678E+06
   993   2.4198535E+06
   994   2.4198392E+06
   995   2.4198250E+06
   996   2.4198108E+06
   997   2.4197965E+06
   998   2.4197822E+06
   999   2.4197680E+06
  1000   2.4197538E+06
  1001   2.4197395E+06
  1002   2.4197252E+06
  1003   2.4197112E+06
  1004   2.4196970E+06
  1005   2.4196828E+06
  1006   2.4196685E+06
  1007   2.4196542E+06
  1008   2.4196400E+06
  1009   2.4196258E+06
  1010   2.4196115E+06
  1011   2.4195972E+06
  1012   2.4195830E+06
  1013   2.4195690E+06
  1014   2.4195548E+06
  1015   2.4195405E+06
  1016   2.4195262E+06
  1017   2.4195120E+06
  1018   2.4194978E+06
  1019   2.4194835E+06
  1020   2.4194692E+06
  1021   2.4194552E+06
  1022   2.4194410E+06
  1023   2.4194268E+06
  1024   2.4194125E+06
  1025   2.4193982E+06
  1026   2.4193840E+06
  1027   2.4193700E+06
  1028   2.4193558E+06
  1029   2.4193415E+06
  1030   2.4193272E+06
  1031   2.4193130E+06
  1032   2.4192988E+06
  1033   2.4192848E+06
  1034   2.4192705E+06
  1035   2.4192562E+06
  1036   2.4192420E+06
  1037   2.4192278E+06
  1038   2.4192138E+06
  1039   2.4191995E+06
  1040   2.4191852E+06
  1041   2.4191710E+06
  1042   2.4191568E+06
  1043   2.4191428E+06
  1044   2.4191285E+06
  1045   2.4191142E+06
  1046   2.4191000E+06
  1047   2.4190860E+06
  1048   2.4190718E+06
  1049   2.4190575E+06
  1050   2.4190432E+06
  1051   2.4190292E+06
  1052   2.4190150E+06
  1053   2.4190008E+06
  1054   2.4189865E+06
  1055   2.4189725E+06
  1056   2.4189582E+06
  1057   2.4189440E+06
  1058   2.4189300E+06
  1059   2.4189158E+06
  1060   2.4189015E+06
  1061   2.4188872E+06
  1062   2.4188732E+06
  1063   2.4188590E+06
  1064   2.4188448E+06
  1065   2.4188308E+06
  1066   2.4188165E+06
  1067   2.4188022E+06
  1068   2.4187882E+06
  1069   2.4187740E+06
  1070   2.4187598E+06
  1071   2.4187458E+06
  1072   2.4187315E+06
  1073   2.4187172E+06
  1074   2.4187032E+06
  1075   2.4186890E+06
  1076   2.4186748E+06
  1077   2.4186608E+06
  1078   2.4186465E+06
  1079   2.4186322E+06
  1080   2.4186182E+06
  1081   2.4186040E+06
  1082   2.4185898E+06
  1083   2.4185758E+06
  1084   2.4185615E+06
  1085   2.4185475E+06
  1086   2.4185332E+06
  1087   2.4185190E+06
  1088   2.4185050E+06
  1089   2.4184908E+06
  1090   2.4184765E+06
  1091   2.4184625E+06
  1092   2.4184482E+06
  1093   2.4184342E+06
  1094   2.4184200E+06
  1095   2.4184060E+06
  1096   2.4183918E+06
  1097   2.4183775E+06
  1098   2.4183635E+06
  1099   2.4183492E+06
  1100   2.4183352E+06
  1101   2.4183210E+06
  1102   2.4183070E+06
  1103   2.4182928E+06
  1104   2.4182785E+06
  1105   2.4182645E+06
  1106   2.4182502E+06
  1107   2.4182362E+06
  1108   2.4182220E+06
  1109   2.4182080E+06
  1110   2.4181938E+06
  1111   2.4181798E+06
  1112   2.4181655E+06
  1113   2.4181515E+06
  1114   2.4181372E+06
  1115   2.4181232E+06
  1116   2.4181090E+06
  1117   2.4180950E+06
  1118   2.4180808E+06
  1119   2.4180668E+06
  1120   2.4180525E+06
  1121   2.4180385E+06
  1122   2.4180242E+06
  1123   2.4180102E+06
  1124   2.4179960E+06
  1125   2.4179820E+06
  1126   2.4179678E+06
  1127   2.4179538E+06
  1128   2.4179395E+06
  1129   2.4179255E+06
  1130   2.4179112E+06
  1131   2.4178972E+06
  1132   2.4178832E+06
  1133   2.4178690E+06
  1134   2.4178550E+06
  1135   2.4178408E+06
  1136   2.4178268E+06
  1137   2.4178125E+06
  1138   2.4177985E+06
  1139   2.4177845E+06
  1140   2.4177702E+06
  1141   2.4177562E+06
  1142   2.4177420E+06
  1143   2.4177280E+06
  1144   2.4177138E+06
  1145   2.4176998E+06
  1146   2.4176858E+06
  1147   2.4176715E+06
  1148   2.4176575E+06
  1149   2.4176432E+06
  1150   2.4176292E+06
  1151   2.4176152E+06
  1152   2.4176010E+06
  1153   2.4175870E+06
  1154   2.4175730E+06
  1155   2.4175588E+06
  1156   2.4175448E+06
  1157   2.4175308E+06
  1158   2.4175165E+06
  1159   2.4175025E+06
  1160   2.4174882E+06
  1161   2.4174742E+06
  1162   2.4174602E+06
  1163   2.4174460E+06
  1164   2.4174320E+06
  1165   2.4174180E+06
  1166   2.4174038E+06
  1167   2.4173898E+06
  1168   2.4173758E+06
  1169   2.4173618E+06
  1170   2.4173475E+06
  1171   2.4173335E+06
  1172   2.4173195E+06
  1173   2.4173052E+06
  1174   2.4172912E+06
  1175   2.4172772E+06
  1176   2.4172630E+06
  1177   2.4172490E+06
  1178   2.4172350E+06
  1179   2.4172210E+06
  1180   2.4172068E+06
  1181   2.4171928E+06
  1182   2.4171788E+06
  1183   2.4171648E+06
  1184   2.4171505E+06
  1185   2.4171365E+06
  1186   2.4171225E+06
  1187   2.4171085E+06
  1188   2.4170942E+06
  1189   2.4170802E+06
  1190   2.4170662E+06
  1191   2.4170522E+06
  1192   2.4170380E+06
  1193   2.4170240E+06
  1194   2.4170100E+06
  1195   2.4169960E+06
  1196   2.4169818E+06
  1197   2.4169678E+06
  1198   2.4169538E+06
  1199   2.4169398E+06
  1200   2.4169258E+06
  1201   2.4169115E+06
  1202   2.4168975E+06
  1203   2.4168835E+06
  1204   2.4168695E+06
  1205   2.4168555E+06
  1206   2.4168412E+06
  1207   2.4168272E+06
  1208   2.4168132E+06
  1209   2.4167992E+06
  1210   2.4167852E+06
  1211   2.4167712E+06
  1212   2.4167570E+06
  1213   2.4167430E+06
  1214   2.4167290E+06
  1215   2.4167150E+06
  1216   2.4167010E+06
  1217   2.4166870E+06
  1218   2.4166730E+06
  1219   2.4166588E+06
  1220   2.4166448E+06
  1221   2.4166308E+06
  1222   2.4166168E+06
  1223   2.4166028E+06
  1224   2.4165888E+06
  1225   2.4165748E+06
  1226   2.4165608E+06
  1227   2.4165468E+06
  1228   2.4165325E+06
  1229   2.4165185E+06
  1230   2.4165045E+06
  1231   2.4164905E+06
  1232   2.4164765E+06
  1233   2.4164625E+06
  1234   2.4164485E+06
  1235   2.4164345E+06
  1236   2.4164205E+06
  1237   2.4164065E+06
  1238   2.4163925E+06
  1239   2.4163785E+06
  1240   2.4163645E+06
  1241   2.4163505E+06
  1242   2.4163362E+06
  1243   2.4163222E+06
  1244   2.4163082E+06
  1245   2.4162942E+06
  1246   2.4162802E+06
  1247   2.4162662E+06
  1248   2.4162522E+06
  1249   2.4162382E+06
  1250   2.4162242E+06
  1251   2.4162102E+06
  1252   2.4161962E+06
  1253   2.4161822E+06
  1254   2.4161682E+06
  1255   2.4161542E+06
  1256   2.4161402E+06
  1257   2.4161262E+06
  1258   2.4161122E+06
  1259   2.4160982E+06
  1260   2.4160842E+06
  1261   2.4160702E+06
  1262   2.4160562E+06
  1263   2.4160422E+06
  1264   2.4160282E+06
  1265   2.4160142E+06
  1266   2.4160002E+06
  1267   2.4159862E+06
  1268   2.4159722E+06
  1269   2.4159582E+06
  1270   2.4159445E+06
  1271   2.4159305E+06
  1272   2.4159165E+06
  1273   2.4159025E+06
  1274   2.4158885E+06
  1275   2.4158745E+06
  1276   2.4158605E+06
  1277   2.4158465E+06
  1278   2.4158325E+06
  1279   2.4158185E+06
  1280   2.4158045E+06
  1281   2.4157905E+06
  1282   2.4157765E+06
  1283   2.4157628E+06
  1284   2.4157488E+06
  1285   2.4157348E+06
  1286   2.4157208E+06
  1287   2.4157068E+06
  1288   2.4156928E+06
  1289   2.4156788E+06
  1290   2.4156648E+06
  1291   2.4156508E+06
  1292   2.4156370E+06
  1293   2.4156230E+06
  1294   2.4156090E+06
  1295   2.4155950E+06
  1296   2.4155810E+06
  1297   2.4155670E+06
  1298   2.4155530E+06
  1299   2.4155392E+06
  1300   2.4155252E+06
  1301   2.4155112E+06
  1302   2.4154972E+06
  1303   2.4154832E+06
  1304   2.4154692E+06
  1305   2.4154555E+06
  1306   2.4154415E+06
  1307   2.4154275E+06
  1308   2.4154135E+06
  1309   2.4153995E+06
  1310   2.4153858E+06
  1311   2.4153718E+06
  1312   2.4153578E+06
  1313   2.4153438E+06
  1314   2.4153298E+06
  1315   2.4153160E+06
  1316   2.4153020E+06
  1317   2.4152880E+06
  1318   2.4152740E+06
  1319   2.4152600E+06
  1320   2.4152462E+06
  1321   2.4152322E+06
  1322   2.4152182E+06
  1323   2.4152042E+06
  1324   2.4151905E+06
  1325   2.4151765E+06
  1326   2.4151625E+06
  1327   2.4151485E+06
  1328   2.4151348E+06
  1329   2.4151208E+06
  1330   2.4151068E+06
  1331   2.4150928E+06
  1332   2.4150790E+06
  1333   2.4150650E+06
  1334   2.4150510E+06
  1335   2.4150372E+06
  1336   2.4150232E+06
  1337   2.4150092E+06
  1338   2.4149952E+06
  1339   2.4149815E+06
  1340   2.4149675E+06
  1341   2.4149535E+06
  1342   2.4149398E+06
  1343   2.4149258E+06
  1344   2.4149118E+06
  1345   2.4148980E+06
  1346   2.4148840E+06
  1347   2.4148700E+06
  1348   2.4148562E+06
  1349   2.4148422E+06
  1350   2.4148282E+06
  1351   2.4148145E+06
  1352   2.4148005E+06
  1353   2.4147865E+06
  1354   2.4147728E+06
  1355   2.4147588E+06
  1356   2.4147448E+06
  1357   2.4147310E+06
  1358   2.4147170E+06
  1359   2.4147030E+06
  1360   2.4146892E+06
  1361   2.4146752E+06
  1362   2.4146612E+06
  1363   2.4146475E+06
  1364   2.4146335E+06
  1365   2.4146198E+06
  1366   2.4146058E+06
  1367   2.4145918E+06
  1368   2.4145780E+06
  1369   2.4145640E+06
  1370   2.4145502E+06
  1371   2.4145362E+06
  1372   2.4145222E+06
  1373   2.4145085E+06
  1374   2.4144945E+06
  1375   2.4144808E+06
  1376   2.4144668E+06
  1377   2.4144530E+06
  1378   2.4144390E+06
  1379   2.4144250E+06
  1380   2.4144112E+06
  1381   2.4143972E+06
  1382   2.4143835E+06
  1383   2.4143695E+06
  1384   2.4143558E+06
  1385   2.4143418E+06
  1386   2.4143280E+06
  1387   2.4143140E+06
  1388   2.4143002E+06
  1389   2.4142862E+06
  1390   2.4142725E+06
  1391   2.4142585E+06
  1392   2.4142445E+06
  1393   2.4142308E+06
  1394   2.4142168E+06
  1395   2.4142030E+06
  1396   2.4141890E+06
  1397   2.4141752E+06
  1398   2.4141612E+06
  1399   2.4141475E+06
  1400   2.4141335E+06
  1401   2.4141198E+06
  1402   2.4141060E+06
  1403   2.4140920E+06
  1404   2.4140782E+06
  1405   2.4140642E+06
  1406   2.4140505E+06
  1407   2.4140365E+06
  1408   2.4140228E+06
  1409   2.4140088E+06
  1410   2.4139950E+06
  1411   2.4139810E+06
  1412   2.4139672E+06
  1413   2.4139532E+06
  1414   2.4139395E+06
  1415   2.4139258E+06
  1416   2.4139118E+06
  1417   2.4138980E+06
  1418   2.4138840E+06
  1419   2.4138702E+06
  1420   2.4138562E+06
  1421   2.4138425E+06
  1422   2.4138288E+06
  1423   2.4138148E+06
  1424   2.4138010E+06
  1425   2.4137870E+06
  1426   2.4137732E+06
  1427   2.4137595E+06
  1428   2.4137455E+06
  1429   2.4137318E+06
  1430   2.4137178E+06
  1431   2.4137040E+06
  1432   2.4136902E+06
  1433   2.4136762E+06
  1434   2.4136625E+06
  1435   2.4136488E+06
  1436   2.4136348E+06
  1437   2.4136210E+06
  1438   2.4136072E+06
  1439   2.4135932E+06
  1440   2.4135795E+06
  1441   2.4135655E+06
  1442   2.4135518E+06
  1443   2.4135380E+06
  1444   2.4135240E+06
  1445   2.4135102E+06
  1446   2.4134965E+06
  1447   2.4134825E+06
  1448   2.4134688E+06
  1449   2.4134550E+06
  1450   2.4134412E+06
  1451   2.4134272E+06
  1452   2.4134135E+06
  1453   2.4133998E+06
  1454   2.4133858E+06
  1455   2.4133720E+06
  1456   2.4133582E+06
  1457   2.4133442E+06
  1458   2.4133305E+06
  1459   2.4133168E+06
  1460   2.4133030E+06
  1461   2.4132890E+06
  1462   2.4132752E+06
  1463   2.4132615E+06
  1464   2.4132478E+06
  1465   2.4132338E+06
  1466   2.4132200E+06
  1467   2.4132062E+06
  1468   2.4131922E+06
  1469   2.4131785E+06
  1470   2.4131648E+06
  1471   2.4131510E+06
  1472   2.4131372E+06
  1473   2.4131232E+06
  1474   2.4131095E+06
  1475   2.4130958E+06
  1476   2.4130820E+06
  1477   2.4130680E+06
  1478   2.4130542E+06
  1479   2.4130405E+06
  1480   2.4130268E+06
  1481   2.4130130E+06
  1482   2.4129990E+06
  1483   2.4129852E+06
  1484   2.4129715E+06
  1485   2.4129578E+06
  1486   2.4129440E+06
  1487   2.4129300E+06
  1488   2.4129162E+06
  1489   2.4129025E+06
  1490   2.4128888E+06
  1491   2.4128750E+06
  1492   2.4128612E+06
  1493   2.4128472E+06
  1494   2.4128335E+06
  1495   2.4128198E+06
  1496   2.4128060E+06
  1497   2.4127922E+06
  1498   2.4127785E+06
  1499   2.4127645E+06
  1500   2.4127508E+06
  1501   2.4127370E+06
  1502   2.4127232E+06
  1503   2.4127095E+06
  1504   2.4126958E+06
  1505   2.4126820E+06
  1506   2.4126682E+06
  1507   2.4126542E+06
  1508   2.4126405E+06
  1509   2.4126268E+06
  1510   2.4126130E+06
  1511   2.4125992E+06
  1512   2.4125855E+06
  1513   2.4125718E+06
  1514   2.4125580E+06
  1515   2.4125442E+06
  1516   2.4125302E+06
  1517   2.4125165E+06
  1518   2.4125028E+06
  1519   2.4124890E+06
  1520   2.4124752E+06
  1521   2.4124615E+06
  1522   2.4124478E+06
  1523   2.4124340E+06
  1524   2.4124202E+06
  1525   2.4124065E+06
  1526   2.4123928E+06
  1527   2.4123790E+06
  1528   2.4123652E+06
  1529   2.4123515E+06
  1530   2.4123378E+06
  1531   2.4123240E+06
  1532   2.4123102E+06
  1533   2.4122965E+06
  1534   2.4122828E+06
  1535   2.4122690E+06
  1536   2.4122550E+06
  1537   2.4122412E+06
  1538   2.4122275E+06
  1539   2.4122138E+06
  1540   2.4122000E+06
  1541   2.4121862E+06
  1542   2.4121725E+06
  1543   2.4121588E+06
  1544   2.4121450E+06
  1545   2.4121312E+06
  1546   2.4121175E+06
  1547   2.4121040E+06
  1548   2.4120902E+06
  1549   2.4120765E+06
  1550   2.4120628E+06
  1551   2.4120490E+06
  1552   2.4120352E+06
  1553   2.4120215E+06
  1554   2.4120078E+06
  1555   2.4119940E+06
  1556   2.4119802E+06
  1557   2.4119665E+06
  1558   2.4119528E+06
  1559   2.4119390E+06
  1560   2.4119252E+06
  1561   2.4119115E+06
  1562   2.4118978E+06
  1563   2.4118840E+06
  1564   2.4118702E+06
  1565   2.4118565E+06
  1566   2.4118430E+06
  1567   2.4118292E+06
  1568   2.4118155E+06
  1569   2.4118018E+06
  1570   2.4117880E+06
  1571   2.4117742E+06
  1572   2.4117605E+06
  1573   2.4117468E+06
  1574   2.4117330E+06
  1575   2.4117192E+06
  1576   2.4117058E+06
  1577   2.4116920E+06
  1578   2.4116782E+06
  1579   2.4116645E+06
  1580   2.4116508E+06
  1581   2.4116370E+06
  1582   2.4116232E+06
  1583   2.4116095E+06
  1584   2.4115960E+06
  1585   2.4115822E+06
  1586   2.4115685E+06
  1587   2.4115548E+06
  1588   2.4115410E+06
  1589   2.4115272E+06
  1590   2.4115138E+06
  1591   2.4115000E+06
  1592   2.4114862E+06
  1593   2.4114725E+06
  1594   2.4114588E+06
  1595   2.4114450E+06
  1596   2.4114315E+06
  1597   2.4114178E+06
  1598   2.4114040E+06
  1599   2.4113902E+06
  1600   2.4113765E+06
  1601   2.4113630E+06
  1602   2.4113492E+06
  1603   2.4113355E+06
  1604   2.4113218E+06
  1605   2.4113080E+06
  1606   2.4112945E+06
  1607   2.4112808E+06
  1608   2.4112670E+06
  1609   2.4112532E+06
  1610   2.4112395E+06
  1611   2.4112260E+06
  1612   2.4112122E+06
  1613   2.4111985E+06
  1614   2.4111848E+06
  1615   2.4111712E+06
  1616   2.4111575E+06
  1617   2.4111438E+06
  1618   2.4111300E+06
  1619   2.4111165E+06
  1620   2.4111028E+06
  1621   2.4110890E+06
  1622   2.4110752E+06
  1623   2.4110618E+06
  1624   2.4110480E+06
  1625   2.4110342E+06
  1626   2.4110208E+06
  1627   2.4110070E+06
  1628   2.4109932E+06
  1629   2.4109795E+06
  1630   2.4109660E+06
  1631   2.4109522E+06
  1632   2.4109385E+06
  1633   2.4109250E+06
  1634   2.4109112E+06
  1635   2.4108975E+06
  1636   2.4108840E+06
  1637   2.4108702E+06
  1638   2.4108565E+06
  1639   2.4108428E+06
  1640   2.4108292E+06
  1641   2.4108155E+06
  1642   2.4108018E+06
  1643   2.4107882E+06
  1644   2.4107745E+06
  1645   2.4107608E+06
  1646   2.4107472E+06
  1647   2.4107335E+06
  1648   2.4107200E+06
  1649   2.4107062E+06
  1650   2.4106925E+06
  1651   2.4106790E+06
  1652   2.4106652E+06
  1653   2.4106515E+06
  1654   2.4106380E+06
  1655   2.4106242E+06
  1656   2.4106105E+06
  1657   2.4105970E+06
  1658   2.4105832E+06
  1659   2.4105698E+06
  1660   2.4105560E+06
  1661   2.4105422E+06
  1662   2.4105288E+06
  1663   2.4105150E+06
  1664   2.4105015E+06
  1665   2.4104878E+06
  1666   2.4104740E+06
  1667   2.4104605E+06
  1668   2.4104468E+06
  1669   2.4104332E+06
  1670   2.4104195E+06
  1671   2.4104058E+06
  1672   2.4103922E+06
  1673   2.4103785E+06
  1674   2.4103650E+06
  1675   2.4103512E+06
  1676   2.4103378E+06
  1677   2.4103240E+06
  1678   2.4103102E+06
  1679   2.4102968E+06
  1680   2.4102830E+06
  1681   2.4102695E+06
  1682   2.4102558E+06
  1683   2.4102422E+06
  1684   2.4102285E+06
  1685   2.4102150E+06
  1686   2.4102012E+06
  1687   2.4101878E+06
  1688   2.4101740E+06
  1689   2.4101605E+06
  1690   2.4101468E+06
  1691   2.4101332E+06
  1692   2.4101195E+06
  1693   2.4101060E+06
  1694   2.4100922E+06
  1695   2.4100788E+06
  1696   2.4100650E+06
  1697   2.4100515E+06
  1698   2.4100378E+06
  1699   2.4100242E+06
  1700   2.4100105E+06
  1701   2.4099970E+06
  1702   2.4099832E+06
  1703   2.4099698E+06
  1704   2.4099560E+06
  1705   2.4099425E+06
  1706   2.4099288E+06
  1707   2.4099152E+06
  1708   2.4099015E+06
  1709   2.4098880E+06
  1710   2.4098742E+06
  1711   2.4098608E+06
  1712   2.4098470E+06
  1713   2.4098335E+06
  1714   2.4098200E+06
  1715   2.4098062E+06
  1716   2.4097928E+06
  1717   2.4097790E+06
  1718   2.4097655E+06
  1719   2.4097518E+06
  1720   2.4097382E+06
  1721   2.4097245E+06
  1722   2.4097110E+06
  1723   2.4096975E+06
  1724   2.4096838E+06
  1725   2.4096702E+06
  1726   2.4096565E+06
  1727   2.4096430E+06
  1728   2.4096295E+06
  1729   2.4096158E+06
  1730   2.4096022E+06
  1731   2.4095885E+06
  1732   2.4095750E+06
  1733   2.4095615E+06
  1734   2.4095478E+06
  1735   2.4095342E+06
  1736   2.4095205E+06
  1737   2.4095070E+06
  1738   2.4094935E+06
  1739   2.4094798E+06
  1740   2.4094662E+06
  1741   2.4094528E+06
  1742   2.4094390E+06
  1743   2.4094255E+06
  1744   2.4094120E+06
  1745   2.4093982E+06
  1746   2.4093848E+06
  1747   2.4093710E+06
  1748   2.4093575E+06
  1749   2.4093440E+06
  1750   2.4093302E+06
  1751   2.4093168E+06
  1752   2.4093032E+06
  1753   2.4092895E+06
  1754   2.4092760E+06
  1755   2.4092625E+06
  1756   2.4092488E+06
  1757   2.4092352E+06
  1758   2.4092218E+06
  1759   2.4092080E+06
  1760   2.4091945E+06
  1761   2.4091810E+06
  1762   2.4091675E+06
  1763   2.4091538E+06
  1764   2.4091402E+06
  1765   2.4091268E+06
  1766   2.4091130E+06
  1767   2.4090995E+06
  1768   2.4090860E+06
  1769   2.4090722E+06
  1770   2.4090588E+06
  1771   2.4090452E+06
  1772   2.4090318E+06
  1773   2.4090180E+06
  1774   2.4090045E+06
  1775   2.4089910E+06
  1776   2.4089775E+06
  1777   2.4089638E+06
  1778   2.4089502E+06
  1779   2.4089368E+06
  1780   2.4089230E+06
  1781   2.4089095E+06
  1782   2.4088960E+06
  1783   2.4088825E+06
  1784   2.4088688E+06
  1785   2.4088552E+06
  1786   2.4088418E+06
  1787   2.4088282E+06
  1788   2.4088148E+06
  1789   2.4088010E+06
  1790   2.4087875E+06
  1791   2.4087740E+06
  1792   2.4087605E+06
  1793   2.4087468E+06
  1794   2.4087332E+06
  1795   2.4087198E+06
  1796   2.4087062E+06
  1797   2.4086928E+06
  1798   2.4086790E+06
  1799   2.4086655E+06
  1800   2.4086520E+06
  1801   2.4086385E+06
  1802   2.4086248E+06
  1803   2.4086112E+06
  1804   2.4085978E+06
  1805   2.4085842E+06
  1806   2.4085708E+06
  1807   2.4085572E+06
  1808   2.4085435E+06
  1809   2.4085300E+06
  1810   2.4085165E+06
  1811   2.4085030E+06
  1812   2.4084895E+06
  1813   2.4084758E+06
  1814   2.4084622E+06
  1815   2.4084488E+06
  1816   2.4084352E+06
  1817   2.4084218E+06
  1818   2.4084082E+06
  1819   2.4083948E+06
  1820   2.4083810E+06
  1821   2.4083675E+06
  1822   2.4083540E+06
  1823   2.4083405E+06
  1824   2.4083270E+06
  1825   2.4083135E+06
  1826   2.4083000E+06
  1827   2.4082862E+06
  1828   2.4082728E+06
  1829   2.4082592E+06
  1830   2.4082458E+06
  1831   2.4082322E+06
  1832   2.4082188E+06
  1833   2.4082052E+06
  1834   2.4081918E+06
  1835   2.4081780E+06
  1836   2.4081645E+06
  1837   2.4081510E+06
  1838   2.4081375E+06
  1839   2.4081240E+06
  1840   2.4081105E+06
  1841   2.4080970E+06
  1842   2.4080835E+06
  1843   2.4080700E+06
  1844   2.4080562E+06
  1845   2.4080428E+06
  1846   2.4080292E+06
  1847   2.4080158E+06
  1848   2.4080022E+06
  1849   2.4079888E+06
  1850   2.4079752E+06
  1851   2.4079618E+06
  1852   2.4079482E+06
  1853   2.4079348E+06
  1854   2.4079212E+06
  1855   2.4079078E+06
  1856   2.4078942E+06
  1857   2.4078808E+06
  1858   2.4078670E+06
  1859   2.4078535E+06
  1860   2.4078400E+06
  1861   2.4078265E+06
  1862   2.4078130E+06
  1863   2.4077995E+06
  1864   2.4077860E+06
  1865   2.4077725E+06
  1866   2.4077590E+06
  1867   2.4077455E+06
  1868   2.4077320E+06
  1869   2.4077185E+06
  1870   2.4077050E+06
  1871   2.4076915E+06
  1872   2.4076780E+06
  1873   2.4076645E+06
  1874   2.4076510E+06
  1875   2.4076375E+06
  1876   2.4076240E+06
  1877   2.4076105E+06
  1878   2.4075970E+06
  1879   2.4075835E+06
  1880   2.4075700E+06
  1881   2.4075565E+06
  1882   2.4075430E+06
  1883   2.4075295E+06
  1884   2.4075160E+06
  1885   2.4075025E+06
  1886   2.4074890E+06
  1887   2.4074755E+06
  1888   2.4074620E+06
  1889   2.4074485E+06
  1890   2.4074350E+06
  1891   2.4074215E+06
  1892   2.4074080E+06
  1893   2.4073945E+06
  1894   2.4073810E+06
  1895   2.4073675E+06
  1896   2.4073540E+06
  1897   2.4073405E+06
  1898   2.4073270E+06
  1899   2.4073135E+06
  1900   2.4073000E+06
  1901   2.4072865E+06
  1902   2.4072730E+06
  1903   2.4072595E+06
  1904   2.4072460E+06
  1905   2.4072328E+06
  1906   2.4072192E+06
  1907   2.4072058E+06
  1908   2.4071922E+06
  1909   2.4071788E+06
  1910   2.4071652E+06
  1911   2.4071518E+06
  1912   2.4071382E+06
  1913   2.4071248E+06
  1914   2.4071112E+06
  1915   2.4070978E+06
  1916   2.4070842E+06
  1917   2.4070708E+06
  1918   2.4070572E+06
  1919   2.4070440E+06
  1920   2.4070305E+06
  1921   2.4070170E+06
  1922   2.4070035E+06
  1923   2.4069900E+06
  1924   2.4069765E+06
  1925   2.4069630E+06
  1926   2.4069495E+06
  1927   2.4069360E+06
  1928   2.4069225E+06
  1929   2.4069092E+06
  1930   2.4068958E+06
  1931   2.4068822E+06
  1932   2.4068688E+06
  1933   2.4068552E+06
  1934   2.4068418E+06
  1935   2.4068282E+06
  1936   2.4068148E+06
  1937   2.4068012E+06
  1938   2.4067880E+06
  1939   2.4067745E+06
  1940   2.4067610E+06
  1941   2.4067475E+06
  1942   2.4067340E+06
  1943   2.4067205E+06
  1944   2.4067070E+06
  1945   2.4066938E+06
  1946   2.4066802E+06
  1947   2.4066668E+06
  1948   2.4066532E+06
  1949   2.4066398E+06
  1950   2.4066262E+06
  1951   2.4066128E+06
  1952   2.4065995E+06
  1953   2.4065860E+06
  1954   2.4065725E+06
  1955   2.4065590E+06
  1956   2.4065455E+06
  1957   2.4065320E+06
  1958   2.4065188E+06
  1959   2.4065052E+06
  1960   2.4064918E+06
  1961   2.4064782E+06
  1962   2.4064648E+06
  1963   2.4064515E+06
  1964   2.4064380E+06
  1965   2.4064245E+06
  1966   2.4064110E+06
  1967   2.4063975E+06
  1968   2.4063842E+06
  1969   2.4063708E+06
  1970   2.4063572E+06
  1971   2.4063438E+06
  1972   2.4063302E+06
  1973   2.4063170E+06
  1974   2.4063035E+06
  1975   2.4062900E+06
  1976   2.4062765E+06
  1977   2.4062630E+06
  1978   2.4062498E+06
  1979   2.4062362E+06
  1980   2.4062228E+06
  1981   2.4062092E+06
  1982   2.4061958E+06
  1983   2.4061825E+06
  1984   2.4061690E+06
  1985   2.4061555E+06
  1986   2.4061420E+06
  1987   2.4061288E+06
  1988   2.4061152E+06
  1989   2.4061018E+06
  1990   2.4060882E+06
  1991   2.4060750E+06
  1992   2.4060615E+06
  1993   2.4060480E+06
  1994   2.4060345E+06
  1995   2.4060212E+06
  1996   2.4060078E+06
  1997   2.4059942E+06
  1998   2.4059808E+06
  1999   2.4059675E+06
  2000   2.4059540E+06
  2001   2.4059405E+06
  2002   2.4059270E+06
  2003   2.4059138E+06
  2004   2.4059002E+06
  2005   2.4058868E+06
  2006   2.4058732E+06
  2007   2.4058600E+06
  2008   2.4058465E+06
  2009   2.4058330E+06
  2010   2.4058198E+06
  2011   2.4058062E+06
  2012   2.4057928E+06
  2013   2.4057792E+06
  2014   2.4057660E+06
  2015   2.4057525E+06
  2016   2.4057390E+06
  2017   2.4057258E+06
  2018   2.4057122E+06
  2019   2.4056988E+06
  2020   2.4056855E+06
  2021   2.4056720E+06
  2022   2.4056585E+06
  2023   2.4056452E+06
  2024   2.4056318E+06
  2025   2.4056182E+06
  2026   2.4056048E+06
  2027   2.4055915E+06
  2028   2.4055780E+06
  2029   2.4055645E+06
  2030   2.4055512E+06
  2031   2.4055378E+06
  2032   2.4055242E+06
  2033   2.4055110E+06
  2034   2.4054975E+06
  2035   2.4054840E+06
  2036   2.4054708E+06
  2037   2.4054572E+06
  2038   2.4054438E+06
  2039   2.4054305E+06
  2040   2.4054170E+06
  2041   2.4054038E+06
  2042   2.4053902E+06
  2043   2.4053768E+06
  2044   2.4053635E+06
  2045   2.4053500E+06
  2046   2.4053365E+06
  2047   2.4053232E+06
  2048   2.4053098E+06
  2049   2.4052962E+06
  2050   2.4052830E+06
  2051   2.4052695E+06
  2052   2.4052562E+06
  2053   2.4052428E+06
  2054   2.4052292E+06
  2055   2.4052160E+06
  2056   2.4052025E+06
  2057   2.4051890E+06
  2058   2.4051758E+06
  2059   2.4051622E+06
  2060   2.4051490E+06
  2061   2.4051355E+06
  2062   2.4051220E+06
  2063   2.4051088E+06
  2064   2.4050952E+06
  2065   2.4050820E+06
  2066   2.4050685E+06
  2067   2.4050550E+06
  2068   2.4050418E+06
  2069   2.4050282E+06
  2070   2.4050150E+06
  2071   2.4050015E+06
  2072   2.4049880E+06
  2073   2.4049748E+06
  2074   2.4049612E+06
  2075   2.4049480E+06
  2076   2.4049345E+06
  2077   2.4049212E+06
  2078   2.4049078E+06
  2079   2.4048942E+06
  2080   2.4048810E+06
  2081   2.4048675E+06
  2082   2.4048542E+06
  2083   2.4048408E+06
  2084   2.4048275E+06
  2085   2.4048140E+06
  2086   2.4048008E+06
  2087   2.4047872E+06
  2088   2.4047738E+06
  2089   2.4047605E+06
  2090   2.4047470E+06
  2091   2.4047338E+06
  2092   2.4047202E+06
  2093   2.4047070E+06
  2094   2.4046935E+06
  2095   2.4046802E+06
  2096   2.4046668E+06
  2097   2.4046535E+06
  2098   2.4046400E+06
  2099   2.4046268E+06
  2100   2.4046132E+06
  2101   2.4046000E+06
  2102   2.4045865E+06
  2103   2.4045732E+06
  2104   2.4045598E+06
  2105   2.4045465E+06
  2106   2.4045330E+06
  2107   2.4045198E+06
  2108   2.4045062E+06
  2109   2.4044930E+06
  2110   2.4044795E+06
  2111   2.4044662E+06
  2112   2.4044528E+06
  2113   2.4044395E+06
  2114   2.4044260E+06
  2115   2.4044128E+06
  2116   2.4043992E+06
  2117   2.4043860E+06
  2118   2.4043725E+06
  2119   2.4043592E+06
  2120   2.4043458E+06
  2121   2.4043325E+06
  2122   2.4043190E+06
  2123   2.4043058E+06
  2124   2.4042922E+06
  2125   2.4042790E+06
  2126   2.4042655E+06
  2127   2.4042522E+06
  2128   2.4042388E+06
  2129   2.4042255E+06
  2130   2.4042122E+06
  2131   2.4041988E+06
  2132   2.4041855E+06
  2133   2.4041720E+06
  2134   2.4041588E+06
  2135   2.4041452E+06
  2136   2.4041320E+06
  2137   2.4041188E+06
  2138   2.4041052E+06
  2139   2.4040920E+06
  2140   2.4040785E+06
  2141   2.4040652E+06
  2142   2.4040518E+06
  2143   2.4040385E+06
  2144   2.4040252E+06
  2145   2.4040118E+06
  2146   2.4039985E+06
  2147   2.4039850E+06
  2148   2.4039718E+06
  2149   2.4039582E+06
  2150   2.4039450E+06
  2151   2.4039318E+06
  2152   2.4039182E+06
  2153   2.4039050E+06
  2154   2.4038915E+06
  2155   2.4038782E+06
  2156   2.4038650E+06
  2157   2.4038515E+06
  2158   2.4038382E+06
  2159   2.4038250E+06
  2160   2.4038115E+06
  2161   2.4037982E+06
  2162   2.4037848E+06
  2163   2.4037715E+06
  2164   2.4037582E+06
  2165   2.4037448E+06
  2166   2.4037315E+06
  2167   2.4037182E+06
  2168   2.4037048E+06
  2169   2.4036915E+06
  2170   2.4036782E+06
  2171   2.4036648E+06
  2172   2.4036515E+06
  2173   2.4036380E+06
  2174   2.4036248E+06
  2175   2.4036115E+06
  2176   2.4035980E+06
  2177   2.4035848E+06
  2178   2.4035715E+06
  2179   2.4035580E+06
  2180   2.4035448E+06
  2181   2.4035315E+06
  2182   2.4035180E+06
  2183   2.4035048E+06
  2184   2.4034915E+06
  2185   2.4034780E+06
  2186   2.4034648E+06
  2187   2.4034515E+06
  2188   2.4034382E+06
  2189   2.4034248E+06
  2190   2.4034115E+06
  2191   2.4033982E+06
  2192   2.4033848E+06
  2193   2.4033715E+06
  2194   2.4033582E+06
  2195   2.4033448E+06
  2196   2.4033315E+06
  2197   2.4033182E+06
  2198   2.4033050E+06
  2199   2.4032915E+06
  2200   2.4032782E+06
  2201   2.4032650E+06
  2202   2.4032515E+06
  2203   2.4032382E+06
  2204   2.4032250E+06
  2205   2.4032118E+06
  2206   2.4031982E+06
  2207   2.4031850E+06
  2208   2.4031718E+06
  2209   2.4031585E+06
  2210   2.4031450E+06
  2211   2.4031318E+06
  2212   2.4031185E+06
  2213   2.4031052E+06
  2214   2.4030918E+06
  2215   2.4030785E+06
  2216   2.4030652E+06
  2217   2.4030520E+06
  2218   2.4030385E+06
  2219   2.4030252E+06
  2220   2.4030120E+06
  2221   2.4029988E+06
  2222   2.4029855E+06
  2223   2.4029720E+06
  2224   2.4029588E+06
  2225   2.4029455E+06
  2226   2.4029322E+06
  2227   2.4029188E+06
  2228   2.4029055E+06
  2229   2.4028922E+06
  2230   2.4028790E+06
  2231   2.4028658E+06
  2232   2.4028522E+06
  2233   2.4028390E+06
  2234   2.4028258E+06
  2235   2.4028125E+06
  2236   2.4027992E+06
  2237   2.4027858E+06
  2238   2.4027725E+06
  2239   2.4027592E+06
  2240   2.4027460E+06
  2241   2.4027328E+06
  2242   2.4027195E+06
  2243   2.4027060E+06
  2244   2.4026928E+06
  2245   2.4026795E+06
  2246   2.4026662E+06
  2247   2.4026530E+06
  2248   2.4026398E+06
  2249   2.4026262E+06
  2250   2.4026130E+06
  2251   2.4025998E+06
  2252   2.4025865E+06
  2253   2.4025732E+06
  2254   2.4025600E+06
  2255   2.4025468E+06
  2256   2.4025335E+06
  2257   2.4025200E+06
  2258   2.4025068E+06
  2259   2.4024935E+06
  2260   2.4024802E+06
  2261   2.4024670E+06
  2262   2.4024538E+06
  2263   2.4024405E+06
  2264   2.4024272E+06
  2265   2.4024138E+06
  2266   2.4024005E+06
  2267   2.4023872E+06
  2268   2.4023740E+06
  2269   2.4023608E+06
  2270   2.4023475E+06
  2271   2.4023342E+06
  2272   2.4023210E+06
  2273   2.4023078E+06
  2274   2.4022945E+06
  2275   2.4022812E+06
  2276   2.4022678E+06
  2277   2.4022545E+06
  2278   2.4022412E+06
  2279   2.4022280E+06
  2280   2.4022148E+06
  2281   2.4022015E+06
  2282   2.4021882E+06
  2283   2.4021750E+06
  2284   2.4021618E+06
  2285   2.4021485E+06
  2286   2.4021352E+06
  2287   2.4021220E+06
  2288   2.4021088E+06
  2289   2.4020955E+06
  2290   2.4020822E+06
  2291   2.4020690E+06
  2292   2.4020558E+06
  2293   2.4020425E+06
  2294   2.4020292E+06
  2295   2.4020158E+06
  2296   2.4020025E+06
  2297   2.4019892E+06
  2298   2.4019760E+06
  2299   2.4019628E+06
  2300   2.4019495E+06
  2301   2.4019362E+06
  2302   2.4019230E+06
  2303   2.4019098E+06
  2304   2.4018965E+06
  2305   2.4018832E+06
  2306   2.4018700E+06
  2307   2.4018568E+06
  2308   2.4018435E+06
  2309   2.4018302E+06
  2310   2.4018170E+06
  2311   2.4018038E+06
  2312   2.4017908E+06
  2313   2.4017775E+06
  2314   2.4017642E+06
  2315   2.4017510E+06
  2316   2.4017378E+06
  2317   2.4017245E+06
  2318   2.4017112E+06
  2319   2.4016980E+06
  2320   2.4016848E+06
  2321   2.4016715E+06
  2322   2.4016582E+06
  2323   2.4016450E+06
  2324   2.4016318E+06
  2325   2.4016185E+06
  2326   2.4016052E+06
  2327   2.4015920E+06
  2328   2.4015788E+06
  2329   2.4015655E+06
  2330   2.4015522E+06
  2331   2.4015392E+06
  2332   2.4015260E+06
  2333   2.4015128E+06
  2334   2.4014995E+06
  2335   2.4014862E+06
  2336   2.4014730E+06
  2337   2.4014598E+06
  2338   2.4014465E+06
  2339   2.4014332E+06
  2340   2.4014200E+06
  2341   2.4014068E+06
  2342   2.4013938E+06
  2343   2.4013805E+06
  2344   2.4013672E+06
  2345   2.4013540E+06
  2346   2.4013408E+06
  2347   2.4013275E+06
  2348   2.4013142E+06
  2349   2.4013010E+06
  2350   2.4012880E+06
  2351   2.4012748E+06
  2352   2.4012615E+06
  2353   2.4012482E+06
  2354   2.4012350E+06
  2355   2.4012218E+06
  2356   2.4012085E+06
  2357   2.4011955E+06
  2358   2.4011822E+06
  2359   2.4011690E+06
  2360   2.4011558E+06
  2361   2.4011425E+06
  2362   2.4011292E+06
  2363   2.4011162E+06
  2364   2.4011030E+06
  2365   2.4010898E+06
  2366   2.4010765E+06
  2367   2.4010632E+06
  2368   2.4010502E+06
  2369   2.4010370E+06
  2370   2.4010238E+06
  2371   2.4010105E+06
  2372   2.4009972E+06
  2373   2.4009842E+06
  2374   2.4009710E+06
  2375   2.4009578E+06
  2376   2.4009445E+06
  2377   2.4009312E+06
  2378   2.4009182E+06
  2379   2.4009050E+06
  2380   2.4008918E+06
  2381   2.4008785E+06
  2382   2.4008655E+06
  2383   2.4008522E+06
  2384   2.4008390E+06
  2385   2.4008258E+06
  2386   2.4008125E+06
  2387   2.4007995E+06
  2388   2.4007862E+06
  2389   2.4007730E+06
  2390   2.4007598E+06
  2391   2.4007468E+06
  2392   2.4007335E+06
  2393   2.4007202E+06
  2394   2.4007072E+06
  2395   2.4006940E+06
  2396   2.4006808E+06
  2397   2.4006675E+06
  2398   2.4006545E+06
  2399   2.4006412E+06
  2400   2.4006280E+06
  2401   2.4006148E+06
  2402   2.4006018E+06
  2403   2.4005885E+06
  2404   2.4005752E+06
  2405   2.4005622E+06
  2406   2.4005490E+06
  2407   2.4005358E+06
  2408   2.4005228E+06
  2409   2.4005095E+06
  2410   2.4004962E+06
  2411   2.4004832E+06
  2412   2.4004700E+06
  2413   2.4004568E+06
  2414   2.4004435E+06
  2415   2.4004305E+06
  2416   2.4004172E+06
  2417   2.4004040E+06
  2418   2.4003910E+06
  2419   2.4003778E+06
  2420   2.4003648E+06
  2421   2.4003515E+06
  2422   2.4003382E+06
  2423   2.4003252E+06
  2424   2.4003120E+06
  2425   2.4002988E+06
  2426   2.4002858E+06
  2427   2.4002725E+06
  2428   2.4002592E+06
  2429   2.4002462E+06
  2430   2.4002330E+06
  2431   2.4002200E+06
  2432   2.4002068E+06
  2433   2.4001935E+06
  2434   2.4001805E+06
  2435   2.4001672E+06
  2436   2.4001540E+06
  2437   2.4001410E+06
  2438   2.4001278E+06
  2439   2.4001148E+06
  2440   2.4001015E+06
  2441   2.4000882E+06
  2442   2.4000752E+06
  2443   2.4000620E+06
  2444   2.4000490E+06
  2445   2.4000358E+06
  2446   2.4000228E+06
  2447   2.4000095E+06
  2448   2.3999962E+06
  2449   2.3999832E+06
  2450   2.3999700E+06
  2451   2.3999570E+06
  2452   2.3999438E+06
  2453   2.3999308E+06
  2454   2.3999175E+06
  2455   2.3999045E+06
  2456   2.3998912E+06
  2457   2.3998780E+06
  2458   2.3998650E+06
  2459   2.3998518E+06
  2460   2.3998388E+06
  2461   2.3998255E+06
  2462   2.3998125E+06
  2463   2.3997992E+06
  2464   2.3997862E+06
  2465   2.3997730E+06
  2466   2.3997600E+06
  2467   2.3997468E+06
  2468   2.3997338E+06
  2469   2.3997205E+06
  2470   2.3997075E+06
  2471   2.3996942E+06
  2472   2.3996812E+06
  2473   2.3996680E+06
  2474   2.3996550E+06
  2475   2.3996418E+06
  2476   2.3996288E+06
  2477   2.3996155E+06
  2478   2.3996025E+06
  2479   2.3995892E+06
  2480   2.3995762E+06
  2481   2.3995630E+06
  2482   2.3995500E+06
  2483   2.3995370E+06
  2484   2.3995238E+06
  2485   2.3995108E+06
  2486   2.3994975E+06
  2487   2.3994845E+06
  2488   2.3994712E+06
  2489   2.3994582E+06
  2490   2.3994450E+06
  2491   2.3994320E+06
  2492   2.3994190E+06
  2493   2.3994058E+06
  2494   2.3993928E+06
  2495   2.3993795E+06
  2496   2.3993665E+06
  2497   2.3993532E+06
  2498   2.3993402E+06
  2499   2.3993272E+06
  2500   2.3993140E+06
  2501   2.3993010E+06
  2502   2.3992878E+06
  2503   2.3992748E+06
  2504   2.3992618E+06
  2505   2.3992485E+06
  2506   2.3992355E+06
  2507   2.3992222E+06
  2508   2.3992092E+06
  2509   2.3991962E+06
  2510   2.3991830E+06
  2511   2.3991700E+06
  2512   2.3991570E+06
  2513   2.3991438E+06
  2514   2.3991308E+06
  2515   2.3991175E+06
  2516   2.3991045E+06
  2517   2.3990915E+06
  2518   2.3990782E+06
  2519   2.3990652E+06
  2520   2.3990522E+06
  2521   2.3990390E+06
  2522   2.3990260E+06
  2523   2.3990130E+06
  2524   2.3989998E+06
  2525   2.3989868E+06
  2526   2.3989738E+06
  2527   2.3989605E+06
  2528   2.3989475E+06
  2529   2.3989345E+06
  2530   2.3989212E+06
  2531   2.3989082E+06
  2532   2.3988952E+06
  2533   2.3988820E+06
  2534   2.3988690E+06
  2535   2.3988560E+06
  2536   2.3988430E+06
  2537   2.3988298E+06
  2538   2.3988168E+06
  2539   2.3988038E+06
  2540   2.3987905E+06
  2541   2.3987775E+06
  2542   2.3987645E+06
  2543   2.3987515E+06
  2544   2.3987382E+06
  2545   2.3987252E+06
  2546   2.3987122E+06
  2547   2.3986992E+06
  2548   2.3986860E+06
  2549   2.3986730E+06
  2550   2.3986600E+06
  2551   2.3986470E+06
  2552   2.3986338E+06
  2553   2.3986208E+06
  2554   2.3986078E+06
  2555   2.3985948E+06
  2556   2.3985815E+06
  2557   2.3985685E+06
  2558   2.3985555E+06
  2559   2.3985425E+06
  2560   2.3985292E+06
  2561   2.3985162E+06
  2562   2.3985032E+06
  2563   2.3984902E+06
  2564   2.3984772E+06
  2565   2.3984640E+06
  2566   2.3984510E+06
  2567   2.3984380E+06
  2568   2.3984250E+06
  2569   2.3984120E+06
  2570   2.3983988E+06
  2571   2.3983858E+06
  2572   2.3983728E+06
  2573   2.3983598E+06
  2574   2.3983468E+06
  2575   2.3983335E+06
  2576   2.3983205E+06
  2577   2.3983075E+06
  2578   2.3982945E+06
  2579   2.3982815E+06
  2580   2.3982685E+06
  2581   2.3982555E+06
  2582   2.3982422E+06
  2583   2.3982292E+06
  2584   2.3982162E+06
  2585   2.3982032E+06
  2586   2.3981902E+06
  2587   2.3981772E+06
  2588   2.3981642E+06
  2589   2.3981510E+06
  2590   2.3981380E+06
  2591   2.3981250E+06
  2592   2.3981120E+06
  2593   2.3980990E+06
  2594   2.3980860E+06
  2595   2.3980730E+06
  2596   2.3980600E+06
  2597   2.3980468E+06
  2598   2.3980338E+06
  2599   2.3980208E+06
  2600   2.3980078E+06
  2601   2.3979948E+06
  2602   2.3979818E+06
  2603   2.3979688E+06
  2604   2.3979558E+06
  2605   2.3979428E+06
  2606   2.3979298E+06
  2607   2.3979168E+06
  2608   2.3979035E+06
  2609   2.3978905E+06
  2610   2.3978775E+06
  2611   2.3978645E+06
  2612   2.3978515E+06
  2613   2.3978385E+06
  2614   2.3978255E+06
  2615   2.3978125E+06
  2616   2.3977995E+06
  2617   2.3977865E+06
  2618   2.3977735E+06
  2619   2.3977605E+06
  2620   2.3977475E+06
  2621   2.3977345E+06
  2622   2.3977215E+06
  2623   2.3977085E+06
  2624   2.3976955E+06
  2625   2.3976825E+06
  2626   2.3976695E+06
  2627   2.3976565E+06
  2628   2.3976435E+06
  2629   2.3976305E+06
  2630   2.3976175E+06
  2631   2.3976045E+06
  2632   2.3975915E+06
  2633   2.3975785E+06
  2634   2.3975655E+06
  2635   2.3975525E+06
  2636   2.3975395E+06
  2637   2.3975265E+06
  2638   2.3975135E+06
  2639   2.3975005E+06
  2640   2.3974875E+06
  2641   2.3974745E+06
  2642   2.3974615E+06
  2643   2.3974485E+06
  2644   2.3974355E+06
  2645   2.3974225E+06
  2646   2.3974095E+06
  2647   2.3973965E+06
  2648   2.3973835E+06
  2649   2.3973705E+06
  2650   2.3973575E+06
  2651   2.3973445E+06
  2652   2.3973315E+06
  2653   2.3973185E+06
  2654   2.3973058E+06
  2655   2.3972928E+06
  2656   2.3972798E+06
  2657   2.3972668E+06
  2658   2.3972538E+06
  2659   2.3972408E+06
  2660   2.3972278E+06
  2661   2.3972148E+06
  2662   2.3972018E+06
  2663   2.3971888E+06
  2664   2.3971758E+06
  2665   2.3971630E+06
  2666   2.3971500E+06
  2667   2.3971370E+06
  2668   2.3971240E+06
  2669   2.3971110E+06
  2670   2.3970980E+06
  2671   2.3970850E+06
  2672   2.3970720E+06
  2673   2.3970590E+06
  2674   2.3970462E+06
  2675   2.3970332E+06
  2676   2.3970202E+06
  2677   2.3970072E+06
  2678   2.3969942E+06
  2679   2.3969812E+06
  2680   2.3969682E+06
  2681   2.3969555E+06
  2682   2.3969425E+06
  2683   2.3969295E+06
  2684   2.3969165E+06
  2685   2.3969035E+06
  2686   2.3968905E+06
  2687   2.3968778E+06
  2688   2.3968648E+06
  2689   2.3968518E+06
  2690   2.3968388E+06
  2691   2.3968258E+06
  2692   2.3968130E+06
  2693   2.3968000E+06
  2694   2.3967870E+06
  2695   2.3967740E+06
  2696   2.3967610E+06
  2697   2.3967482E+06
  2698   2.3967352E+06
  2699   2.3967222E+06
  2700   2.3967092E+06
  2701   2.3966962E+06
  2702   2.3966835E+06
  2703   2.3966705E+06
  2704   2.3966575E+06
  2705   2.3966445E+06
  2706   2.3966318E+06
  2707   2.3966188E+06
  2708   2.3966058E+06
  2709   2.3965928E+06
  2710   2.3965798E+06
  2711   2.3965670E+06
  2712   2.3965540E+06
  2713   2.3965410E+06
  2714   2.3965280E+06
  2715   2.3965152E+06
  2716   2.3965022E+06
  2717   2.3964892E+06
  2718   2.3964765E+06
  2719   2.3964635E+06
  2720   2.3964505E+06
  2721   2.3964375E+06
  2722   2.3964248E+06
  2723   2.3964118E+06
  2724   2.3963988E+06
  2725   2.3963858E+06
  2726   2.3963730E+06
  2727   2.3963600E+06
  2728   2.3963470E+06
  2729   2.3963342E+06
  2730   2.3963212E+06
  2731   2.3963082E+06
  2732   2.3962955E+06
  2733   2.3962825E+06
  2734   2.3962695E+06
  2735   2.3962568E+06
  2736   2.3962438E+06
  2737   2.3962308E+06
  2738   2.3962180E+06
  2739   2.3962050E+06
  2740   2.3961920E+06
  2741   2.3961792E+06
  2742   2.3961662E+06
  2743   2.3961532E+06
  2744   2.3961405E+06
  2745   2.3961275E+06
  2746   2.3961145E+06
  2747   2.3961018E+06
  2748   2.3960888E+06
  2749   2.3960758E+06
  2750   2.3960630E+06
  2751   2.3960500E+06
  2752   2.3960370E+06
  2753   2.3960242E+06
  2754   2.3960112E+06
  2755   2.3959985E+06
  2756   2.3959855E+06
  2757   2.3959725E+06
  2758   2.3959598E+06
  2759   2.3959468E+06
  2760   2.3959340E+06
  2761   2.3959210E+06
  2762   2.3959080E+06
  2763   2.3958952E+06
  2764   2.3958822E+06
  2765   2.3958695E+06
  2766   2.3958565E+06
  2767   2.3958435E+06
  2768   2.3958308E+06
  2769   2.3958178E+06
  2770   2.3958050E+06
  2771   2.3957920E+06
  2772   2.3957792E+06
  2773   2.3957662E+06
  2774   2.3957532E+06
  2775   2.3957405E+06
  2776   2.3957275E+06
  2777   2.3957148E+06
  2778   2.3957018E+06
  2779   2.3956890E+06
  2780   2.3956760E+06
  2781   2.3956632E+06
  2782   2.3956502E+06
  2783   2.3956375E+06
  2784   2.3956245E+06
  2785   2.3956115E+06
  2786   2.3955988E+06
  2787   2.3955858E+06
  2788   2.3955730E+06
  2789   2.3955600E+06
  2790   2.3955472E+06
  2791   2.3955342E+06
  2792   2.3955215E+06
  2793   2.3955085E+06
  2794   2.3954958E+06
  2795   2.3954828E+06
  2796   2.3954700E+06
  2797   2.3954570E+06
  2798   2.3954442E+06
  2799   2.3954312E+06
  2800   2.3954185E+06
  2801   2.3954055E+06
  2802   2.3953928E+06
  2803   2.3953800E+06
  2804   2.3953670E+06
  2805   2.3953542E+06
  2806   2.3953412E+06
  2807   2.3953285E+06
  2808   2.3953155E+06
  2809   2.3953028E+06
  2810   2.3952898E+06
  2811   2.3952770E+06
  2812   2.3952640E+06
  2813   2.3952512E+06
  2814   2.3952385E+06
  2815   2.3952255E+06
  2816   2.3952128E+06
  2817   2.3951998E+06
  2818   2.3951870E+06
  2819   2.3951740E+06
  2820   2.3951612E+06
  2821   2.3951485E+06
  2822   2.3951355E+06
  2823   2.3951228E+06
  2824   2.3951098E+06
  2825   2.3950970E+06
  2826   2.3950842E+06
  2827   2.3950712E+06
  2828   2.3950585E+06
  2829   2.3950455E+06
  2830   2.3950328E+06
  2831   2.3950200E+06
  2832   2.3950070E+06
  2833   2.3949942E+06
  2834   2.3949812E+06
  2835   2.3949685E+06
  2836   2.3949558E+06
  2837   2.3949428E+06
  2838   2.3949300E+06
  2839   2.3949172E+06
  2840   2.3949042E+06
  2841   2.3948915E+06
  2842   2.3948788E+06
  2843   2.3948658E+06
  2844   2.3948530E+06
  2845   2.3948400E+06
  2846   2.3948272E+06
  2847   2.3948145E+06
  2848   2.3948015E+06
  2849   2.3947888E+06
  2850   2.3947760E+06
  2851   2.3947630E+06
  2852   2.3947502E+06
  2853   2.3947375E+06
  2854   2.3947248E+06
  2855   2.3947118E+06
  2856   2.3946990E+06
  2857   2.3946862E+06
  2858   2.3946732E+06
  2859   2.3946605E+06
  2860   2.3946478E+06
  2861   2.3946348E+06
  2862   2.3946220E+06
  2863   2.3946092E+06
  2864   2.3945965E+06
  2865   2.3945835E+06
  2866   2.3945708E+06
  2867   2.3945580E+06
  2868   2.3945450E+06
  2869   2.3945322E+06
  2870   2.3945195E+06
  2871   2.3945068E+06
  2872   2.3944938E+06
  2873   2.3944810E+06
  2874   2.3944682E+06
  2875   2.3944555E+06
  2876   2.3944425E+06
  2877   2.3944298E+06
  2878   2.3944170E+06
  2879   2.3944042E+06
  2880   2.3943912E+06
  2881   2.3943785E+06
  2882   2.3943658E+06
  2883   2.3943530E+06
  2884   2.3943400E+06
  2885   2.3943272E+06
  2886   2.3943145E+06
  2887   2.3943018E+06
  2888   2.3942890E+06
  2889   2.3942760E+06
  2890   2.3942632E+06
  2891   2.3942505E+06
  2892   2.3942378E+06
  2893   2.3942250E+06
  2894   2.3942120E+06
  2895   2.3941992E+06
  2896   2.3941865E+06
  2897   2.3941738E+06
  2898   2.3941610E+06
  2899   2.3941480E+06
  2900   2.3941352E+06
  2901   2.3941225E+06
  2902   2.3941098E+06
  2903   2.3940970E+06
  2904   2.3940842E+06
  2905   2.3940712E+06
  2906   2.3940585E+06
  2907   2.3940458E+06
  2908   2.3940330E+06
  2909   2.3940202E+06
  2910   2.3940075E+06
  2911   2.3939945E+06
  2912   2.3939818E+06
  2913   2.3939690E+06
  2914   2.3939562E+06
  2915   2.3939435E+06
  2916   2.3939308E+06
  2917   2.3939180E+06
  2918   2.3939052E+06
  2919   2.3938922E+06
  2920   2.3938795E+06
  2921   2.3938668E+06
  2922   2.3938540E+06
  2923   2.3938412E+06
  2924   2.3938285E+06
  2925   2.3938158E+06
  2926   2.3938030E+06
  2927   2.3937902E+06
  2928   2.3937775E+06
  2929   2.3937645E+06
  2930   2.3937518E+06
  2931   2.3937390E+06
  2932   2.3937262E+06
  2933   2.3937135E+06
  2934   2.3937008E+06
  2935   2.3936880E+06
  2936   2.3936752E+06
  2937   2.3936625E+06
  2938   2.3936498E+06
  2939   2.3936370E+06
  2940   2.3936242E+06
  2941   2.3936115E+06
  2942   2.3935988E+06
  2943   2.3935858E+06
  2944   2.3935730E+06
  2945   2.3935602E+06
  2946   2.3935475E+06
  2947   2.3935348E+06
  2948   2.3935220E+06
  2949   2.3935092E+06
  2950   2.3934965E+06
  2951   2.3934838E+06
  2952   2.3934710E+06
  2953   2.3934582E+06
  2954   2.3934455E+06
  2955   2.3934328E+06
  2956   2.3934200E+06
  2957   2.3934072E+06
  2958   2.3933945E+06
  2959   2.3933818E+06
  2960   2.3933690E+06
  2961   2.3933562E+06
  2962   2.3933435E+06
  2963   2.3933308E+06
  2964   2.3933180E+06
  2965   2.3933052E+06
  2966   2.3932925E+06
  2967   2.3932798E+06
  2968   2.3932670E+06
  2969   2.3932542E+06
  2970   2.3932415E+06
  2971   2.3932288E+06
  2972   2.3932160E+06
  2973   2.3932032E+06
  2974   2.3931905E+06
  2975   2.3931780E+06
  2976   2.3931652E+06
  2977   2.3931525E+06
  2978   2.3931398E+06
  2979   2.3931270E+06
  2980   2.3931142E+06
  2981   2.3931015E+06
  2982   2.3930888E+06
  2983   2.3930760E+06
  2984   2.3930632E+06
  2985   2.3930505E+06
  2986   2.3930378E+06
  2987   2.3930250E+06
  2988   2.3930122E+06
  2989   2.3929995E+06
  2990   2.3929870E+06
  2991   2.3929742E+06
  2992   2.3929615E+06
  2993   2.3929488E+06
  2994   2.3929360E+06
  2995   2.3929232E+06
  2996   2.3929105E+06
  2997   2.3928978E+06
  2998   2.3928850E+06
  2999   2.3928725E+06
  3000   2.3928598E+06
  3001   2.3928470E+06
  3002   2.3928342E+06
  3003   2.3928215E+06
  3004   2.3928088E+06
  3005   2.3927960E+06
  3006   2.3927832E+06
  3007   2.3927708E+06
  3008   2.3927580E+06
  3009   2.3927452E+06
  3010   2.3927325E+06
  3011   2.3927198E+06
  3012   2.3927070E+06
  3013   2.3926945E+06
  3014   2.3926818E+06
  3015   2.3926690E+06
  3016   2.3926562E+06
  3017   2.3926435E+06
  3018   2.3926308E+06
  3019   2.3926182E+06
  3020   2.3926055E+06
  3021   2.3925928E+06
  3022   2.3925800E+06
  3023   2.3925672E+06
  3024   2.3925545E+06
  3025   2.3925420E+06
  3026   2.3925292E+06
  3027   2.3925165E+06
  3028   2.3925038E+06
  3029   2.3924910E+06
  3030   2.3924785E+06
  3031   2.3924658E+06
  3032   2.3924530E+06
  3033   2.3924402E+06
  3034   2.3924278E+06
  3035   2.3924150E+06
  3036   2.3924022E+06
  3037   2.3923895E+06
  3038   2.3923770E+06
  3039   2.3923642E+06
  3040   2.3923515E+06
  3041   2.3923388E+06
  3042   2.3923260E+06
  3043   2.3923135E+06
  3044   2.3923008E+06
  3045   2.3922880E+06
  3046   2.3922752E+06
  3047   2.3922628E+06
  3048   2.3922500E+06
  3049   2.3922372E+06
  3050   2.3922248E+06
  3051   2.3922120E+06
  3052   2.3921992E+06
  3053   2.3921865E+06
  3054   2.3921740E+06
  3055   2.3921612E+06
  3056   2.3921485E+06
  3057   2.3921360E+06
  3058   2.3921232E+06
  3059   2.3921105E+06
  3060   2.3920978E+06
  3061   2.3920852E+06
  3062   2.3920725E+06
  3063   2.3920598E+06
  3064   2.3920472E+06
  3065   2.3920345E+06
  3066   2.3920218E+06
  3067   2.3920092E+06
  3068   2.3919965E+06
  3069   2.3919838E+06
  3070   2.3919712E+06
  3071   2.3919585E+06
  3072   2.3919458E+06
  3073   2.3919332E+06
  3074   2.3919205E+06
  3075   2.3919078E+06
  3076   2.3918952E+06
  3077   2.3918825E+06
  3078   2.3918698E+06
  3079   2.3918572E+06
  3080   2.3918445E+06
  3081   2.3918318E+06
  3082   2.3918192E+06
  3083   2.3918065E+06
  3084   2.3917940E+06
  3085   2.3917812E+06
  3086   2.3917685E+06
  3087   2.3917560E+06
  3088   2.3917432E+06
  3089   2.3917305E+06
  3090   2.3917180E+06
  3091   2.3917052E+06
  3092   2.3916928E+06
  3093   2.3916800E+06
  3094   2.3916672E+06
  3095   2.3916548E+06
  3096   2.3916420E+06
  3097   2.3916295E+06
  3098   2.3916168E+06
  3099   2.3916040E+06
  3100   2.3915915E+06
  3101   2.3915788E+06
  3102   2.3915662E+06
  3103   2.3915535E+06
  3104   2.3915410E+06
  3105   2.3915282E+06
  3106   2.3915155E+06
  3107   2.3915030E+06
  3108   2.3914902E+06
  3109   2.3914778E+06
  3110   2.3914650E+06
  3111   2.3914525E+06
  3112   2.3914398E+06
  3113   2.3914272E+06
  3114   2.3914145E+06
  3115   2.3914018E+06
  3116   2.3913892E+06
  3117   2.3913765E+06
  3118   2.3913640E+06
  3119   2.3913512E+06
  3120   2.3913388E+06
  3121   2.3913260E+06
  3122   2.3913135E+06
  3123   2.3913008E+06
  3124   2.3912882E+06
  3125   2.3912755E+06
  3126   2.3912630E+06
  3127   2.3912502E+06
  3128   2.3912378E+06
  3129   2.3912250E+06
  3130   2.3912125E+06
  3131   2.3911998E+06
  3132   2.3911872E+06
  3133   2.3911745E+06
  3134   2.3911620E+06
  3135   2.3911492E+06
  3136   2.3911368E+06
  3137   2.3911240E+06
  3138   2.3911115E+06
  3139   2.3910988E+06
  3140   2.3910862E+06
  3141   2.3910738E+06
  3142   2.3910610E+06
  3143   2.3910485E+06
  3144   2.3910358E+06
  3145   2.3910232E+06
  3146   2.3910105E+06
  3147   2.3909980E+06
  3148   2.3909852E+06
  3149   2.3909728E+06
  3150   2.3909602E+06
  3151   2.3909475E+06
  3152   2.3909350E+06
  3153   2.3909222E+06
  3154   2.3909098E+06
  3155   2.3908970E+06
  3156   2.3908845E+06
  3157   2.3908720E+06
  3158   2.3908592E+06
  3159   2.3908468E+06
  3160   2.3908340E+06
  3161   2.3908215E+06
  3162   2.3908090E+06
  3163   2.3907962E+06
  3164   2.3907838E+06
  3165   2.3907710E+06
  3166   2.3907585E+06
  3167   2.3907460E+06
  3168   2.3907332E+06
  3169   2.3907208E+06
  3170   2.3907080E+06
  3171   2.3906955E+06
  3172   2.3906830E+06
  3173   2.3906702E+06
  3174   2.3906578E+06
  3175   2.3906452E+06
  3176   2.3906325E+06
  3177   2.3906200E+06
  3178   2.3906075E+06
  3179   2.3905948E+06
  3180   2.3905822E+06
  3181   2.3905695E+06
  3182   2.3905570E+06
  3183   2.3905445E+06
  3184   2.3905318E+06
  3185   2.3905192E+06
  3186   2.3905068E+06
  3187   2.3904940E+06
  3188   2.3904815E+06
  3189   2.3904690E+06
  3190   2.3904565E+06
  3191   2.3904438E+06
  3192   2.3904312E+06
  3193   2.3904188E+06
  3194   2.3904060E+06
  3195   2.3903935E+06
  3196   2.3903810E+06
  3197   2.3903682E+06
  3198   2.3903558E+06
  3199   2.3903432E+06
  3200   2.3903308E+06
  3201   2.3903180E+06
  3202   2.3903055E+06
  3203   2.3902930E+06
  3204   2.3902802E+06
  3205   2.3902678E+06
  3206   2.3902552E+06
  3207   2.3902428E+06
  3208   2.3902300E+06
  3209   2.3902175E+06
  3210   2.3902050E+06
  3211   2.3901925E+06
  3212   2.3901798E+06
  3213   2.3901672E+06
  3214   2.3901548E+06
  3215   2.3901422E+06
  3216   2.3901295E+06
  3217   2.3901170E+06
  3218   2.3901045E+06
  3219   2.3900920E+06
  3220   2.3900792E+06
  3221   2.3900668E+06
  3222   2.3900542E+06
  3223   2.3900418E+06
  3224   2.3900290E+06
  3225   2.3900165E+06
  3226   2.3900040E+06
  3227   2.3899915E+06
  3228   2.3899790E+06
  3229   2.3899662E+06
  3230   2.3899538E+06
  3231   2.3899412E+06
  3232   2.3899288E+06
  3233   2.3899162E+06
  3234   2.3899035E+06
  3235   2.3898910E+06
  3236   2.3898785E+06
  3237   2.3898660E+06
  3238   2.3898535E+06
  3239   2.3898410E+06
  3240   2.3898282E+06
  3241   2.3898158E+06
  3242   2.3898032E+06
  3243   2.3897908E+06
  3244   2.3897782E+06
  3245   2.3897658E+06
  3246   2.3897530E+06
  3247   2.3897405E+06
  3248   2.3897280E+06
  3249   2.3897155E+06
  3250   2.3897030E+06
  3251   2.3896905E+06
  3252   2.3896778E+06
  3253   2.3896652E+06
  3254   2.3896528E+06
  3255   2.3896402E+06
  3256   2.3896278E+06
  3257   2.3896152E+06
  3258   2.3896028E+06
  3259   2.3895902E+06
  3260   2.3895775E+06
  3261   2.3895650E+06
  3262   2.3895525E+06
  3263   2.3895400E+06
  3264   2.3895275E+06
  3265   2.3895150E+06
  3266   2.3895025E+06
  3267   2.3894900E+06
  3268   2.3894775E+06
  3269   2.3894650E+06
  3270   2.3894522E+06
  3271   2.3894398E+06
  3272   2.3894272E+06
  3273   2.3894148E+06
  3274   2.3894022E+06
  3275   2.3893898E+06
  3276   2.3893772E+06
  3277   2.3893648E+06
  3278   2.3893522E+06
  3279   2.3893398E+06
  3280   2.3893272E+06
  3281   2.3893148E+06
  3282   2.3893022E+06
  3283   2.3892898E+06
  3284   2.3892772E+06
  3285   2.3892648E+06
  3286   2.3892522E+06
  3287   2.3892395E+06
  3288   2.3892270E+06
  3289   2.3892145E+06
  3290   2.3892020E+06
  3291   2.3891895E+06
  3292   2.3891770E+06
  3293   2.3891645E+06
  3294   2.3891520E+06
  3295   2.3891395E+06
  3296   2.3891270E+06
  3297   2.3891145E+06
  3298   2.3891020E+06
  3299   2.3890895E+06
  3300   2.3890770E+06
  3301   2.3890645E+06
  3302   2.3890520E+06
  3303   2.3890395E+06
  3304   2.3890270E+06
  3305   2.3890145E+06
  3306   2.3890020E+06
  3307   2.3889895E+06
  3308   2.3889770E+06
  3309   2.3889645E+06
  3310   2.3889520E+06
  3311   2.3889395E+06
  3312   2.3889272E+06
  3313   2.3889148E+06
  3314   2.3889022E+06
  3315   2.3888898E+06
  3316   2.3888772E+06
  3317   2.3888648E+06
  3318   2.3888522E+06
  3319   2.3888398E+06
  3320   2.3888272E+06
  3321   2.3888148E+06
  3322   2.3888022E+06
  3323   2.3887898E+06
  3324   2.3887772E+06
  3325   2.3887648E+06
  3326   2.3887522E+06
  3327   2.3887398E+06
  3328   2.3887272E+06
  3329   2.3887150E+06
  3330   2.3887025E+06
  3331   2.3886900E+06
  3332   2.3886775E+06
  3333   2.3886650E+06
  3334   2.3886525E+06
  3335   2.3886400E+06
  3336   2.3886275E+06
  3337   2.3886150E+06
  3338   2.3886025E+06
  3339   2.3885902E+06
  3340   2.3885778E+06
  3341   2.3885652E+06
  3342   2.3885528E+06
  3343   2.3885402E+06
  3344   2.3885278E+06
  3345   2.3885152E+06
  3346   2.3885028E+06
  3347   2.3884905E+06
  3348   2.3884780E+06
  3349   2.3884655E+06
  3350   2.3884530E+06
  3351   2.3884405E+06
  3352   2.3884280E+06
  3353   2.3884155E+06
  3354   2.3884032E+06
  3355   2.3883908E+06
  3356   2.3883782E+06
  3357   2.3883658E+06
  3358   2.3883532E+06
  3359   2.3883408E+06
  3360   2.3883285E+06
  3361   2.3883160E+06
  3362   2.3883035E+06
  3363   2.3882910E+06
  3364   2.3882785E+06
  3365   2.3882660E+06
  3366   2.3882538E+06
  3367   2.3882412E+06
  3368   2.3882288E+06
  3369   2.3882162E+06
  3370   2.3882038E+06
  3371   2.3881915E+06
  3372   2.3881790E+06
  3373   2.3881665E+06
  3374   2.3881540E+06
  3375   2.3881418E+06
  3376   2.3881292E+06
  3377   2.3881168E+06
  3378   2.3881042E+06
  3379   2.3880918E+06
  3380   2.3880795E+06
  3381   2.3880670E+06
  3382   2.3880545E+06
  3383   2.3880420E+06
  3384   2.3880298E+06
  3385   2.3880172E+06
  3386   2.3880048E+06
  3387   2.3879922E+06
  3388   2.3879800E+06
  3389   2.3879675E+06
  3390   2.3879550E+06
  3391   2.3879425E+06
  3392   2.3879302E+06
  3393   2.3879178E+06
  3394   2.3879052E+06
  3395   2.3878928E+06
  3396   2.3878805E+06
  3397   2.3878680E+06
  3398   2.3878555E+06
  3399   2.3878432E+06
  3400   2.3878308E+06
  3401   2.3878182E+06
  3402   2.3878058E+06
  3403   2.3877935E+06
  3404   2.3877810E+06
  3405   2.3877685E+06
  3406   2.3877562E+06
  3407   2.3877438E+06
  3408   2.3877312E+06
  3409   2.3877190E+06
  3410   2.3877065E+06
  3411   2.3876940E+06
  3412   2.3876815E+06
  3413   2.3876692E+06
  3414   2.3876568E+06
  3415   2.3876442E+06
  3416   2.3876320E+06
  3417   2.3876195E+06
  3418   2.3876070E+06
  3419   2.3875948E+06
  3420   2.3875822E+06
  3421   2.3875700E+06
  3422   2.3875575E+06
  3423   2.3875450E+06
  3424   2.3875328E+06
  3425   2.3875202E+06
  3426   2.3875078E+06
  3427   2.3874955E+06
  3428   2.3874830E+06
  3429   2.3874705E+06
  3430   2.3874582E+06
  3431   2.3874458E+06
  3432   2.3874335E+06
  3433   2.3874210E+06
  3434   2.3874085E+06
  3435   2.3873962E+06
  3436   2.3873838E+06
  3437   2.3873712E+06
  3438   2.3873590E+06
  3439   2.3873465E+06
  3440   2.3873342E+06
  3441   2.3873218E+06
  3442   2.3873092E+06
  3443   2.3872970E+06
  3444   2.3872845E+06
  3445   2.3872722E+06
  3446   2.3872598E+06
  3447   2.3872475E+06
  3448   2.3872350E+06
  3449   2.3872225E+06
  3450   2.3872102E+06
  3451   2.3871978E+06
  3452   2.3871855E+06
  3453   2.3871730E+06
  3454   2.3871608E+06
  3455   2.3871482E+06
  3456   2.3871358E+06
  3457   2.3871235E+06
  3458   2.3871110E+06
  3459   2.3870988E+06
  3460   2.3870862E+06
  3461   2.3870740E+06
  3462   2.3870615E+06
  3463   2.3870492E+06
  3464   2.3870368E+06
  3465   2.3870245E+06
  3466   2.3870120E+06
  3467   2.3869998E+06
  3468   2.3869872E+06
  3469   2.3869748E+06
  3470   2.3869625E+06
  3471   2.3869500E+06
  3472   2.3869378E+06
  3473   2.3869252E+06
  3474   2.3869130E+06
  3475   2.3869005E+06
  3476   2.3868882E+06
  3477   2.3868758E+06
  3478   2.3868635E+06
  3479   2.3868510E+06
  3480   2.3868388E+06
  3481   2.3868265E+06
  3482   2.3868140E+06
  3483   2.3868018E+06
  3484   2.3867892E+06
  3485   2.3867770E+06
  3486   2.3867645E+06
  3487   2.3867522E+06
  3488   2.3867398E+06
  3489   2.3867275E+06
  3490   2.3867150E+06
  3491   2.3867028E+06
  3492   2.3866902E+06
  3493   2.3866780E+06
  3494   2.3866655E+06
  3495   2.3866532E+06
  3496   2.3866410E+06
  3497   2.3866285E+06
  3498   2.3866162E+06
  3499   2.3866038E+06
  3500   2.3865915E+06
  3501   2.3865790E+06
  3502   2.3865668E+06
  3503   2.3865545E+06
  3504   2.3865420E+06
  3505   2.3865298E+06
  3506   2.3865172E+06
  3507   2.3865050E+06
  3508   2.3864928E+06
  3509   2.3864802E+06
  3510   2.3864680E+06
  3511   2.3864555E+06
  3512   2.3864432E+06
  3513   2.3864310E+06
  3514   2.3864185E+06
  3515   2.3864062E+06
  3516   2.3863938E+06
  3517   2.3863815E+06
  3518   2.3863692E+06
  3519   2.3863568E+06
  3520   2.3863445E+06
  3521   2.3863320E+06
  3522   2.3863198E+06
  3523   2.3863075E+06
  3524   2.3862950E+06
  3525   2.3862828E+06
  3526   2.3862705E+06
  3527   2.3862580E+06
  3528   2.3862458E+06
  3529   2.3862335E+06
  3530   2.3862210E+06
  3531   2.3862088E+06
  3532   2.3861965E+06
  3533   2.3861840E+06
  3534   2.3861718E+06
  3535   2.3861595E+06
  3536   2.3861470E+06
  3537   2.3861348E+06
  3538   2.3861225E+06
  3539   2.3861100E+06
  3540   2.3860978E+06
  3541   2.3860855E+06
  3542   2.3860730E+06
  3543   2.3860608E+06
  3544   2.3860485E+06
  3545   2.3860360E+06
  3546   2.3860238E+06
  3547   2.3860115E+06
  3548   2.3859992E+06
  3549   2.3859868E+06
  3550   2.3859745E+06
  3551   2.3859622E+06
  3552   2.3859498E+06
  3553   2.3859375E+06
  3554   2.3859252E+06
  3555   2.3859130E+06
  3556   2.3859005E+06
  3557   2.3858882E+06
  3558   2.3858760E+06
  3559   2.3858635E+06
  3560   2.3858512E+06
  3561   2.3858390E+06
  3562   2.3858268E+06
  3563   2.3858142E+06
  3564   2.3858020E+06
  3565   2.3857898E+06
  3566   2.3857775E+06
  3567   2.3857650E+06
  3568   2.3857528E+06
  3569   2.3857405E+06
  3570   2.3857282E+06
  3571   2.3857160E+06
  3572   2.3857035E+06
  3573   2.3856912E+06
  3574   2.3856790E+06
  3575   2.3856668E+06
  3576   2.3856542E+06
  3577   2.3856420E+06
  3578   2.3856298E+06
  3579   2.3856175E+06
  3580   2.3856052E+06
  3581   2.3855928E+06
  3582   2.3855805E+06
  3583   2.3855682E+06
  3584   2.3855560E+06
  3585   2.3855438E+06
  3586   2.3855312E+06
  3587   2.3855190E+06
  3588   2.3855068E+06
  3589   2.3854945E+06
  3590   2.3854822E+06
  3591   2.3854700E+06
  3592   2.3854575E+06
  3593   2.3854452E+06
  3594   2.3854330E+06
  3595   2.3854208E+06
  3596   2.3854085E+06
  3597   2.3853962E+06
  3598   2.3853838E+06
  3599   2.3853715E+06
  3600   2.3853592E+06
  3601   2.3853470E+06
  3602   2.3853348E+06
  3603   2.3853225E+06
  3604   2.3853100E+06
  3605   2.3852978E+06
  3606   2.3852855E+06
  3607   2.3852732E+06
  3608   2.3852610E+06
  3609   2.3852488E+06
  3610   2.3852365E+06
  3611   2.3852242E+06
  3612   2.3852118E+06
  3613   2.3851995E+06
  3614   2.3851872E+06
  3615   2.3851750E+06
  3616   2.3851628E+06
  3617   2.3851505E+06
  3618   2.3851382E+06
  3619   2.3851260E+06
  3620   2.3851138E+06
  3621   2.3851015E+06
  3622   2.3850890E+06
  3623   2.3850768E+06
  3624   2.3850645E+06
  3625   2.3850522E+06
  3626   2.3850400E+06
  3627   2.3850278E+06
  3628   2.3850155E+06
  3629   2.3850032E+06
  3630   2.3849910E+06
  3631   2.3849788E+06
  3632   2.3849665E+06
  3633   2.3849542E+06
  3634   2.3849420E+06
  3635   2.3849298E+06
  3636   2.3849175E+06
  3637   2.3849050E+06
  3638   2.3848928E+06
  3639   2.3848805E+06
  3640   2.3848682E+06
  3641   2.3848560E+06
  3642   2.3848438E+06
  3643   2.3848315E+06
  3644   2.3848192E+06
  3645   2.3848070E+06
  3646   2.3847948E+06
  3647   2.3847825E+06
  3648   2.3847702E+06
  3649   2.3847580E+06
  3650   2.3847458E+06
  3651   2.3847335E+06
  3652   2.3847212E+06
  3653   2.3847090E+06
  3654   2.3846968E+06
  3655   2.3846845E+06
  3656   2.3846722E+06
  3657   2.3846600E+06
  3658   2.3846478E+06
  3659   2.3846355E+06
  3660   2.3846232E+06
  3661   2.3846110E+06
  3662   2.3845988E+06
  3663   2.3845865E+06
  3664   2.3845742E+06
  3665   2.3845620E+06
  3666   2.3845498E+06
  3667   2.3845375E+06
  3668   2.3845252E+06
  3669   2.3845130E+06
  3670   2.3845008E+06
  3671   2.3844888E+06
  3672   2.3844765E+06
  3673   2.3844642E+06
  3674   2.3844520E+06
  3675   2.3844398E+06
  3676   2.3844275E+06
  3677   2.3844152E+06
  3678   2.3844030E+06
  3679   2.3843908E+06
  3680   2.3843785E+06
  3681   2.3843662E+06
  3682   2.3843540E+06
  3683   2.3843418E+06
  3684   2.3843295E+06
  3685   2.3843172E+06
  3686   2.3843052E+06
  3687   2.3842930E+06
  3688   2.3842808E+06
  3689   2.3842685E+06
  3690   2.3842562E+06
  3691   2.3842440E+06
  3692   2.3842318E+06
  3693   2.3842195E+06
  3694   2.3842072E+06
  3695   2.3841950E+06
  3696   2.3841830E+06
  3697   2.3841708E+06
  3698   2.3841585E+06
  3699   2.3841462E+06
  3700   2.3841340E+06
  3701   2.3841218E+06
  3702   2.3841095E+06
  3703   2.3840972E+06
  3704   2.3840852E+06
  3705   2.3840730E+06
  3706   2.3840608E+06
  3707   2.3840485E+06
  3708   2.3840362E+06
  3709   2.3840240E+06
  3710   2.3840120E+06
  3711   2.3839998E+06
  3712   2.3839875E+06
  3713   2.3839752E+06
  3714   2.3839630E+06
  3715   2.3839508E+06
  3716   2.3839388E+06
  3717   2.3839265E+06
  3718   2.3839142E+06
  3719   2.3839020E+06
  3720   2.3838898E+06
  3721   2.3838775E+06
  3722   2.3838655E+06
  3723   2.3838532E+06
  3724   2.3838410E+06
  3725   2.3838288E+06
  3726   2.3838165E+06
  3727   2.3838045E+06
  3728   2.3837922E+06
  3729   2.3837800E+06
  3730   2.3837678E+06
  3731   2.3837555E+06
  3732   2.3837435E+06
  3733   2.3837312E+06
  3734   2.3837190E+06
  3735   2.3837068E+06
  3736   2.3836948E+06
  3737   2.3836825E+06
  3738   2.3836702E+06
  3739   2.3836580E+06
  3740   2.3836458E+06
  3741   2.3836338E+06
  3742   2.3836215E+06
  3743   2.3836092E+06
  3744   2.3835970E+06
  3745   2.3835850E+06
  3746   2.3835728E+06
  3747   2.3835605E+06
  3748   2.3835482E+06
  3749   2.3835362E+06
  3750   2.3835240E+06
  3751   2.3835118E+06
  3752   2.3834998E+06
  3753   2.3834875E+06
  3754   2.3834752E+06
  3755   2.3834630E+06
  3756   2.3834510E+06
  3757   2.3834388E+06
  3758   2.3834265E+06
  3759   2.3834142E+06
  3760   2.3834022E+06
  3761   2.3833900E+06
  3762   2.3833778E+06
  3763   2.3833658E+06
  3764   2.3833535E+06
  3765   2.3833412E+06
  3766   2.3833292E+06
  3767   2.3833170E+06
  3768   2.3833048E+06
  3769   2.3832928E+06
  3770   2.3832805E+06
  3771   2.3832682E+06
  3772   2.3832560E+06
  3773   2.3832440E+06
  3774   2.3832318E+06
  3775   2.3832195E+06
  3776   2.3832075E+06
  3777   2.3831952E+06
  3778   2.3831830E+06
  3779   2.3831710E+06
  3780   2.3831588E+06
  3781   2.3831468E+06
  3782   2.3831345E+06
  3783   2.3831222E+06
  3784   2.3831102E+06
  3785   2.3830980E+06
  3786   2.3830858E+06
  3787   2.3830738E+06
  3788   2.3830615E+06
  3789   2.3830492E+06
  3790   2.3830372E+06
  3791   2.3830250E+06
  3792   2.3830130E+06
  3793   2.3830008E+06
  3794   2.3829885E+06
  3795   2.3829765E+06
  3796   2.3829642E+06
  3797   2.3829520E+06
  3798   2.3829400E+06
  3799   2.3829278E+06
  3800   2.3829158E+06
  3801   2.3829035E+06
  3802   2.3828912E+06
  3803   2.3828792E+06
  3804   2.3828670E+06
  3805   2.3828550E+06
  3806   2.3828428E+06
  3807   2.3828308E+06
  3808   2.3828185E+06
  3809   2.3828062E+06
  3810   2.3827942E+06
  3811   2.3827820E+06
  3812   2.3827700E+06
  3813   2.3827578E+06
  3814   2.3827458E+06
  3815   2.3827335E+06
  3816   2.3827212E+06
  3817   2.3827092E+06
  3818   2.3826970E+06
  3819   2.3826850E+06
  3820   2.3826728E+06
  3821   2.3826608E+06
  3822   2.3826485E+06
  3823   2.3826365E+06
  3824   2.3826242E+06
  3825   2.3826122E+06
  3826   2.3826000E+06
  3827   2.3825880E+06
  3828   2.3825758E+06
  3829   2.3825638E+06
  3830   2.3825515E+06
  3831   2.3825392E+06
  3832   2.3825272E+06
  3833   2.3825150E+06
  3834   2.3825030E+06
  3835   2.3824908E+06
  3836   2.3824788E+06
  3837   2.3824665E+06
  3838   2.3824545E+06
  3839   2.3824422E+06
  3840   2.3824302E+06
  3841   2.3824180E+06
  3842   2.3824060E+06
  3843   2.3823940E+06
  3844   2.3823818E+06
  3845   2.3823698E+06
  3846   2.3823575E+06
  3847   2.3823455E+06
  3848   2.3823332E+06
  3849   2.3823212E+06
  3850   2.3823090E+06
  3851   2.3822970E+06
  3852   2.3822848E+06
  3853   2.3822728E+06
  3854   2.3822605E+06
  3855   2.3822485E+06
  3856   2.3822362E+06
  3857   2.3822242E+06
  3858   2.3822122E+06
  3859   2.3822000E+06
  3860   2.3821880E+06
  3861   2.3821758E+06
  3862   2.3821638E+06
  3863   2.3821515E+06
  3864   2.3821395E+06
  3865   2.3821275E+06
  3866   2.3821152E+06
  3867   2.3821032E+06
  3868   2.3820910E+06
  3869   2.3820790E+06
  3870   2.3820670E+06
  3871   2.3820548E+06
  3872   2.3820428E+06
  3873   2.3820305E+06
  3874   2.3820185E+06
  3875   2.3820065E+06
  3876   2.3819942E+06
  3877   2.3819822E+06
  3878   2.3819700E+06
  3879   2.3819580E+06
  3880   2.3819460E+06
  3881   2.3819338E+06
  3882   2.3819218E+06
  3883   2.3819095E+06
  3884   2.3818975E+06
  3885   2.3818855E+06
  3886   2.3818732E+06
  3887   2.3818612E+06
  3888   2.3818492E+06
  3889   2.3818370E+06
  3890   2.3818250E+06
  3891   2.3818130E+06
  3892   2.3818008E+06
  3893   2.3817888E+06
  3894   2.3817768E+06
  3895   2.3817645E+06
  3896   2.3817525E+06
  3897   2.3817405E+06
  3898   2.3817282E+06
  3899   2.3817162E+06
  3900   2.3817042E+06
  3901   2.3816920E+06
  3902   2.3816800E+06
  3903   2.3816680E+06
  3904   2.3816558E+06
  3905   2.3816438E+06
  3906   2.3816318E+06
  3907   2.3816195E+06
  3908   2.3816075E+06
  3909   2.3815955E+06
  3910   2.3815832E+06
  3911   2.3815712E+06
  3912   2.3815592E+06
  3913   2.3815472E+06
  3914   2.3815350E+06
  3915   2.3815230E+06
  3916   2.3815110E+06
  3917   2.3814988E+06
  3918   2.3814868E+06
  3919   2.3814748E+06
  3920   2.3814628E+06
  3921   2.3814505E+06
  3922   2.3814385E+06
  3923   2.3814265E+06
  3924   2.3814142E+06
  3925   2.3814022E+06
  3926   2.3813902E+06
  3927   2.3813782E+06
  3928   2.3813660E+06
  3929   2.3813540E+06
  3930   2.3813420E+06
  3931   2.3813300E+06
  3932   2.3813178E+06
  3933   2.3813058E+06
  3934   2.3812938E+06
  3935   2.3812818E+06
  3936   2.3812698E+06
  3937   2.3812575E+06
  3938   2.3812455E+06
  3939   2.3812335E+06
  3940   2.3812215E+06
  3941   2.3812092E+06
  3942   2.3811972E+06
  3943   2.3811852E+06
  3944   2.3811732E+06
  3945   2.3811612E+06
  3946   2.3811490E+06
  3947   2.3811370E+06
  3948   2.3811250E+06
  3949   2.3811130E+06
  3950   2.3811010E+06
  3951   2.3810888E+06
  3952   2.3810768E+06
  3953   2.3810648E+06
  3954   2.3810528E+06
  3955   2.3810408E+06
  3956   2.3810285E+06
  3957   2.3810165E+06
  3958   2.3810045E+06
  3959   2.3809925E+06
  3960   2.3809805E+06
  3961   2.3809685E+06
  3962   2.3809562E+06
  3963   2.3809442E+06
  3964   2.3809322E+06
  3965   2.3809202E+06
  3966   2.3809082E+06
  3967   2.3808962E+06
  3968   2.3808842E+06
  3969   2.3808720E+06
  3970   2.3808600E+06
  3971   2.3808480E+06
  3972   2.3808360E+06
  3973   2.3808240E+06
  3974   2.3808120E+06
  3975   2.3808000E+06
  3976   2.3807878E+06
  3977   2.3807758E+06
  3978   2.3807638E+06
  3979   2.3807518E+06
  3980   2.3807398E+06
  3981   2.3807278E+06
  3982   2.3807158E+06
  3983   2.3807038E+06
  3984   2.3806918E+06
  3985   2.3806795E+06
  3986   2.3806675E+06
  3987   2.3806555E+06
  3988   2.3806435E+06
  3989   2.3806315E+06
  3990   2.3806195E+06
  3991   2.3806075E+06
  3992   2.3805955E+06
  3993   2.3805835E+06
  3994   2.3805715E+06
  3995   2.3805595E+06
  3996   2.3805475E+06
  3997   2.3805352E+06
  3998   2.3805232E+06
  3999   2.3805112E+06
  4000   2.3804992E+06
  4001   2.3804872E+06
  4002   2.3804752E+06
  4003   2.3804632E+06
  4004   2.3804512E+06
  4005   2.3804392E+06
  4006   2.3804272E+06
  4007   2.3804152E+06
  4008   2.3804032E+06
  4009   2.3803912E+06
  4010   2.3803792E+06
  4011   2.3803672E+06
  4012   2.3803552E+06
  4013   2.3803432E+06
  4014   2.3803312E+06
  4015   2.3803192E+06
  4016   2.3803072E+06
  4017   2.3802952E+06
  4018   2.3802832E+06
  4019   2.3802712E+06
  4020   2.3802592E+06
  4021   2.3802472E+06
  4022   2.3802352E+06
  4023   2.3802232E+06
  4024   2.3802112E+06
  4025   2.3801992E+06
  4026   2.3801872E+06
  4027   2.3801752E+06
  4028   2.3801632E+06
  4029   2.3801512E+06
  4030   2.3801392E+06
  4031   2.3801272E+06
  4032   2.3801152E+06
  4033   2.3801032E+06
  4034   2.3800912E+06
  4035   2.3800792E+06
  4036   2.3800672E+06
  4037   2.3800552E+06
  4038   2.3800432E+06
  4039   2.3800312E+06
  4040   2.3800192E+06
  4041   2.3800072E+06
  4042   2.3799952E+06
  4043   2.3799832E+06
  4044   2.3799712E+06
  4045   2.3799592E+06
  4046   2.3799472E+06
  4047   2.3799352E+06
  4048   2.3799235E+06
  4049   2.3799115E+06
  4050   2.3798995E+06
  4051   2.3798875E+06
  4052   2.3798755E+06
  4053   2.3798635E+06
  4054   2.3798515E+06
  4055   2.3798395E+06
  4056   2.3798275E+06
  4057   2.3798155E+06
  4058   2.3798035E+06
  4059   2.3797915E+06
  4060   2.3797798E+06
  4061   2.3797678E+06
  4062   2.3797558E+06
  4063   2.3797438E+06
  4064   2.3797318E+06
  4065   2.3797198E+06
  4066   2.3797078E+06
  4067   2.3796958E+06
  4068   2.3796838E+06
  4069   2.3796720E+06
  4070   2.3796600E+06
  4071   2.3796480E+06
  4072   2.3796360E+06
  4073   2.3796240E+06
  4074   2.3796120E+06
  4075   2.3796000E+06
  4076   2.3795882E+06
  4077   2.3795762E+06
  4078   2.3795642E+06
  4079   2.3795522E+06
  4080   2.3795402E+06
  4081   2.3795282E+06
  4082   2.3795162E+06
  4083   2.3795045E+06
  4084   2.3794925E+06
  4085   2.3794805E+06
  4086   2.3794685E+06
  4087   2.3794565E+06
  4088   2.3794445E+06
  4089   2.3794328E+06
  4090   2.3794208E+06
  4091   2.3794088E+06
  4092   2.3793968E+06
  4093   2.3793848E+06
  4094   2.3793730E+06
  4095   2.3793610E+06
  4096   2.3793490E+06
  4097   2.3793370E+06
  4098   2.3793250E+06
  4099   2.3793132E+06
  4100   2.3793012E+06
  4101   2.3792892E+06
  4102   2.3792772E+06
  4103   2.3792652E+06
  4104   2.3792535E+06
  4105   2.3792415E+06
  4106   2.3792295E+06
  4107   2.3792175E+06
  4108   2.3792055E+06
  4109   2.3791938E+06
  4110   2.3791818E+06
  4111   2.3791698E+06
  4112   2.3791578E+06
  4113   2.3791460E+06
  4114   2.3791340E+06
  4115   2.3791220E+06
  4116   2.3791100E+06
  4117   2.3790982E+06
  4118   2.3790862E+06
  4119   2.3790742E+06
  4120   2.3790622E+06
  4121   2.3790505E+06
  4122   2.3790385E+06
  4123   2.3790265E+06
  4124   2.3790145E+06
  4125   2.3790028E+06
  4126   2.3789908E+06
  4127   2.3789788E+06
  4128   2.3789670E+06
  4129   2.3789550E+06
  4130   2.3789430E+06
  4131   2.3789310E+06
  4132   2.3789192E+06
  4133   2.3789072E+06
  4134   2.3788952E+06
  4135   2.3788835E+06
  4136   2.3788715E+06
  4137   2.3788595E+06
  4138   2.3788478E+06
  4139   2.3788358E+06
  4140   2.3788238E+06
  4141   2.3788118E+06
  4142   2.3788000E+06
  4143   2.3787880E+06
  4144   2.3787760E+06
  4145   2.3787642E+06
  4146   2.3787522E+06
  4147   2.3787402E+06
  4148   2.3787285E+06
  4149   2.3787165E+06
  4150   2.3787045E+06
  4151   2.3786928E+06
  4152   2.3786808E+06
  4153   2.3786688E+06
  4154   2.3786570E+06
  4155   2.3786450E+06
  4156   2.3786330E+06
  4157   2.3786212E+06
  4158   2.3786092E+06
  4159   2.3785975E+06
  4160   2.3785855E+06
  4161   2.3785735E+06
  4162   2.3785618E+06
  4163   2.3785498E+06
  4164   2.3785378E+06
  4165   2.3785260E+06
  4166   2.3785140E+06
  4167   2.3785022E+06
  4168   2.3784902E+06
  4169   2.3784782E+06
  4170   2.3784665E+06
  4171   2.3784545E+06
  4172   2.3784425E+06
  4173   2.3784308E+06
  4174   2.3784188E+06
  4175   2.3784070E+06
  4176   2.3783950E+06
  4177   2.3783830E+06
  4178   2.3783712E+06
  4179   2.3783592E+06
  4180   2.3783475E+06
  4181   2.3783355E+06
  4182   2.3783238E+06
  4183   2.3783118E+06
  4184   2.3782998E+06
  4185   2.3782880E+06
  4186   2.3782760E+06
  4187   2.3782642E+06
  4188   2.3782522E+06
  4189   2.3782405E+06
  4190   2.3782285E+06
  4191   2.3782165E+06
  4192   2.3782048E+06
  4193   2.3781928E+06
  4194   2.3781810E+06
  4195   2.3781690E+06
  4196   2.3781572E+06
  4197   2.3781452E+06
  4198   2.3781335E+06
  4199   2.3781215E+06
  4200   2.3781098E+06
  4201   2.3780978E+06
  4202   2.3780860E+06
  4203   2.3780740E+06
  4204   2.3780620E+06
  4205   2.3780502E+06
  4206   2.3780382E+06
  4207   2.3780265E+06
  4208   2.3780145E+06
  4209   2.3780028E+06
  4210   2.3779908E+06
  4211   2.3779790E+06
  4212   2.3779670E+06
  4213   2.3779552E+06
  4214   2.3779432E+06
  4215   2.3779315E+06
  4216   2.3779195E+06
  4217   2.3779078E+06
  4218   2.3778958E+06
  4219   2.3778840E+06
  4220   2.3778720E+06
  4221   2.3778602E+06
  4222   2.3778485E+06
  4223   2.3778365E+06
  4224   2.3778248E+06
  4225   2.3778128E+06
  4226   2.3778010E+06
  4227   2.3777890E+06
  4228   2.3777772E+06
  4229   2.3777652E+06
  4230   2.3777535E+06
  4231   2.3777415E+06
  4232   2.3777298E+06
  4233   2.3777178E+06
  4234   2.3777060E+06
  4235   2.3776942E+06
  4236   2.3776822E+06
  4237   2.3776705E+06
  4238   2.3776585E+06
  4239   2.3776468E+06
  4240   2.3776348E+06
  4241   2.3776230E+06
  4242   2.3776112E+06
  4243   2.3775992E+06
  4244   2.3775875E+06
  4245   2.3775755E+06
  4246   2.3775638E+06
  4247   2.3775518E+06
  4248   2.3775400E+06
  4249   2.3775282E+06
  4250   2.3775162E+06
  4251   2.3775045E+06
  4252   2.3774925E+06
  4253   2.3774808E+06
  4254   2.3774690E+06
  4255   2.3774570E+06
  4256   2.3774452E+06
  4257   2.3774335E+06
  4258   2.3774215E+06
  4259   2.3774098E+06
  4260   2.3773978E+06
  4261   2.3773860E+06
  4262   2.3773742E+06
  4263   2.3773622E+06
  4264   2.3773505E+06
  4265   2.3773388E+06
  4266   2.3773268E+06
  4267   2.3773150E+06
  4268   2.3773030E+06
  4269   2.3772912E+06
  4270   2.3772795E+06
  4271   2.3772675E+06
  4272   2.3772558E+06
  4273   2.3772440E+06
  4274   2.3772320E+06
  4275   2.3772202E+06
  4276   2.3772085E+06
  4277   2.3771965E+06
  4278   2.3771848E+06
  4279   2.3771730E+06
  4280   2.3771610E+06
  4281   2.3771492E+06
  4282   2.3771375E+06
  4283   2.3771255E+06
  4284   2.3771138E+06
  4285   2.3771020E+06
  4286   2.3770902E+06
  4287   2.3770782E+06
  4288   2.3770665E+06
  4289   2.3770548E+06
  4290   2.3770428E+06
  4291   2.3770310E+06
  4292   2.3770192E+06
  4293   2.3770072E+06
  4294   2.3769955E+06
  4295   2.3769838E+06
  4296   2.3769720E+06
  4297   2.3769600E+06
  4298   2.3769482E+06
  4299   2.3769365E+06
  4300   2.3769245E+06
  4301   2.3769128E+06
  4302   2.3769010E+06
  4303   2.3768892E+06
  4304   2.3768772E+06
  4305   2.3768655E+06
  4306   2.3768538E+06
  4307   2.3768420E+06
  4308   2.3768300E+06
  4309   2.3768182E+06
  4310   2.3768065E+06
  4311   2.3767948E+06
  4312   2.3767828E+06
  4313   2.3767710E+06
  4314   2.3767592E+06
  4315   2.3767475E+06
  4316   2.3767355E+06
  4317   2.3767238E+06
  4318   2.3767120E+06
  4319   2.3767002E+06
  4320   2.3766885E+06
  4321   2.3766765E+06
  4322   2.3766648E+06
  4323   2.3766530E+06
  4324   2.3766412E+06
  4325   2.3766295E+06
  4326   2.3766175E+06
  4327   2.3766058E+06
  4328   2.3765940E+06
  4329   2.3765822E+06
  4330   2.3765705E+06
  4331   2.3765585E+06
  4332   2.3765468E+06
  4333   2.3765350E+06
  4334   2.3765232E+06
  4335   2.3765115E+06
  4336   2.3764995E+06
  4337   2.3764878E+06
  4338   2.3764760E+06
  4339   2.3764642E+06
  4340   2.3764525E+06
  4341   2.3764408E+06
  4342   2.3764288E+06
  4343   2.3764170E+06
  4344   2.3764052E+06
  4345   2.3763935E+06
  4346   2.3763818E+06
  4347   2.3763700E+06
  4348   2.3763580E+06
  4349   2.3763462E+06
  4350   2.3763345E+06
  4351   2.3763228E+06
  4352   2.3763110E+06
  4353   2.3762992E+06
  4354   2.3762875E+06
  4355   2.3762755E+06
  4356   2.3762638E+06
  4357   2.3762520E+06
  4358   2.3762402E+06
  4359   2.3762285E+06
  4360   2.3762168E+06
  4361   2.3762050E+06
  4362   2.3761932E+06
  4363   2.3761815E+06
  4364   2.3761695E+06
  4365   2.3761578E+06
  4366   2.3761460E+06
  4367   2.3761342E+06
  4368   2.3761225E+06
  4369   2.3761108E+06
  4370   2.3760990E+06
  4371   2.3760872E+06
  4372   2.3760755E+06
  4373   2.3760638E+06
  4374   2.3760518E+06
  4375   2.3760400E+06
  4376   2.3760282E+06
  4377   2.3760165E+06
  4378   2.3760048E+06
  4379   2.3759930E+06
  4380   2.3759812E+06
  4381   2.3759695E+06
  4382   2.3759578E+06
  4383   2.3759460E+06
  4384   2.3759342E+06
  4385   2.3759225E+06
  4386   2.3759108E+06
  4387   2.3758990E+06
  4388   2.3758872E+06
  4389   2.3758755E+06
  4390   2.3758635E+06
  4391   2.3758518E+06
  4392   2.3758400E+06
  4393   2.3758282E+06
  4394   2.3758165E+06
  4395   2.3758048E+06
  4396   2.3757930E+06
  4397   2.3757812E+06
  4398   2.3757695E+06
  4399   2.3757578E+06
  4400   2.3757460E+06
  4401   2.3757342E+06
  4402   2.3757225E+06
  4403   2.3757108E+06
  4404   2.3756990E+06
  4405   2.3756872E+06
  4406   2.3756755E+06
  4407   2.3756638E+06
  4408   2.3756520E+06
  4409   2.3756402E+06
  4410   2.3756285E+06
  4411   2.3756168E+06
  4412   2.3756050E+06
  4413   2.3755932E+06
  4414   2.3755815E+06
  4415   2.3755698E+06
  4416   2.3755580E+06
  4417   2.3755462E+06
  4418   2.3755345E+06
  4419   2.3755228E+06
  4420   2.3755110E+06
  4421   2.3754992E+06
  4422   2.3754878E+06
  4423   2.3754760E+06
  4424   2.3754642E+06
  4425   2.3754525E+06
  4426   2.3754408E+06
  4427   2.3754290E+06
  4428   2.3754172E+06
  4429   2.3754055E+06
  4430   2.3753938E+06
  4431   2.3753820E+06
  4432   2.3753702E+06
  4433   2.3753585E+06
  4434   2.3753468E+06
  4435   2.3753350E+06
  4436   2.3753232E+06
  4437   2.3753115E+06
  4438   2.3753000E+06
  4439   2.3752882E+06
  4440   2.3752765E+06
  4441   2.3752648E+06
  4442   2.3752530E+06
  4443   2.3752412E+06
  4444   2.3752295E+06
  4445   2.3752178E+06
  4446   2.3752060E+06
  4447   2.3751942E+06
  4448   2.3751825E+06
  4449   2.3751710E+06
  4450   2.3751592E+06
  4451   2.3751475E+06
  4452   2.3751358E+06
  4453   2.3751240E+06
  4454   2.3751122E+06
  4455   2.3751005E+06
  4456   2.3750888E+06
  4457   2.3750772E+06
  4458   2.3750655E+06
  4459   2.3750538E+06
  4460   2.3750420E+06
  4461   2.3750302E+06
  4462   2.3750185E+06
  4463   2.3750068E+06
  4464   2.3749952E+06
  4465   2.3749835E+06
  4466   2.3749718E+06
  4467   2.3749600E+06
  4468   2.3749482E+06
  4469   2.3749365E+06
  4470   2.3749248E+06
  4471   2.3749132E+06
  4472   2.3749015E+06
  4473   2.3748898E+06
  4474   2.3748780E+06
  4475   2.3748662E+06
  4476   2.3748545E+06
  4477   2.3748430E+06
  4478   2.3748312E+06
  4479   2.3748195E+06
  4480   2.3748078E+06
  4481   2.3747960E+06
  4482   2.3747845E+06
  4483   2.3747728E+06
  4484   2.3747610E+06
  4485   2.3747492E+06
  4486   2.3747375E+06
  4487   2.3747260E+06
  4488   2.3747142E+06
  4489   2.3747025E+06
  4490   2.3746908E+06
  4491   2.3746790E+06
  4492   2.3746675E+06
  4493   2.3746558E+06
  4494   2.3746440E+06
  4495   2.3746322E+06
  4496   2.3746208E+06
  4497   2.3746090E+06
  4498   2.3745972E+06
  4499   2.3745855E+06
  4500   2.3745738E+06
  4501   2.3745622E+06
  4502   2.3745505E+06
  4503   2.3745388E+06
  4504   2.3745270E+06
  4505   2.3745155E+06
  4506   2.3745038E+06
  4507   2.3744920E+06
  4508   2.3744802E+06
  4509   2.3744688E+06
  4510   2.3744570E+06
  4511   2.3744452E+06
  4512   2.3744338E+06
  4513   2.3744220E+06
  4514   2.3744102E+06
  4515   2.3743985E+06
  4516   2.3743870E+06
  4517   2.3743752E+06
  4518   2.3743635E+06
  4519   2.3743520E+06
  4520   2.3743402E+06
  4521   2.3743285E+06
  4522   2.3743168E+06
  4523   2.3743052E+06
  4524   2.3742935E+06
  4525   2.3742818E+06
  4526   2.3742702E+06
  4527   2.3742585E+06
  4528   2.3742468E+06
  4529   2.3742352E+06
  4530   2.3742235E+06
  4531   2.3742118E+06
  4532   2.3742000E+06
  4533   2.3741885E+06
  4534   2.3741768E+06
  4535   2.3741650E+06
  4536   2.3741535E+06
  4537   2.3741418E+06
  4538   2.3741300E+06
  4539   2.3741185E+06
  4540   2.3741068E+06
  4541   2.3740950E+06
  4542   2.3740835E+06
  4543   2.3740718E+06
  4544   2.3740600E+06
  4545   2.3740485E+06
  4546   2.3740368E+06
  4547   2.3740252E+06
  4548   2.3740135E+06
  4549   2.3740018E+06
  4550   2.3739902E+06
  4551   2.3739785E+06
  4552   2.3739668E+06
  4553   2.3739552E+06
  4554   2.3739435E+06
  4555   2.3739318E+06
  4556   2.3739202E+06
  4557   2.3739085E+06
  4558   2.3738970E+06
  4559   2.3738852E+06
  4560   2.3738735E+06
  4561   2.3738620E+06
  4562   2.3738502E+06
  4563   2.3738388E+06
  4564   2.3738270E+06
  4565   2.3738152E+06
  4566   2.3738038E+06
  4567   2.3737920E+06
  4568   2.3737805E+06
  4569   2.3737688E+06
  4570   2.3737570E+06
  4571   2.3737455E+06
  4572   2.3737338E+06
  4573   2.3737222E+06
  4574   2.3737105E+06
  4575   2.3736990E+06
  4576   2.3736872E+06
  4577   2.3736755E+06
  4578   2.3736640E+06
  4579   2.3736522E+06
  4580   2.3736408E+06
  4581   2.3736290E+06
  4582   2.3736175E+06
  4583   2.3736058E+06
  4584   2.3735942E+06
  4585   2.3735825E+06
  4586   2.3735708E+06
  4587   2.3735592E+06
  4588   2.3735475E+06
  4589   2.3735360E+06
  4590   2.3735242E+06
  4591   2.3735128E+06
  4592   2.3735010E+06
  4593   2.3734895E+06
  4594   2.3734778E+06
  4595   2.3734662E+06
  4596   2.3734545E+06
  4597   2.3734430E+06
  4598   2.3734312E+06
  4599   2.3734198E+06
  4600   2.3734080E+06
  4601   2.3733965E+06
  4602   2.3733848E+06
  4603   2.3733732E+06
  4604   2.3733615E+06
  4605   2.3733500E+06
  4606   2.3733382E+06
  4607   2.3733268E+06
  4608   2.3733150E+06
  4609   2.3733035E+06
  4610   2.3732918E+06
  4611   2.3732802E+06
  4612   2.3732685E+06
  4613   2.3732570E+06
  4614   2.3732452E+06
  4615   2.3732338E+06
  4616   2.3732220E+06
  4617   2.3732105E+06
  4618   2.3731988E+06
  4619   2.3731872E+06
  4620   2.3731755E+06
  4621   2.3731640E+06
  4622   2.3731522E+06
  4623   2.3731408E+06
  4624   2.3731292E+06
  4625   2.3731175E+06
  4626   2.3731060E+06
  4627   2.3730942E+06
  4628   2.3730828E+06
  4629   2.3730710E+06
  4630   2.3730595E+06
  4631   2.3730478E+06
  4632   2.3730362E+06
  4633   2.3730248E+06
  4634   2.3730130E+06
  4635   2.3730015E+06
  4636   2.3729898E+06
  4637   2.3729782E+06
  4638   2.3729668E+06
  4639   2.3729550E+06
  4640   2.3729435E+06
  4641   2.3729318E+06
  4642   2.3729202E+06
  4643   2.3729085E+06
  4644   2.3728970E+06
  4645   2.3728855E+06
  4646   2.3728738E+06
  4647   2.3728622E+06
  4648   2.3728508E+06
  4649   2.3728390E+06
  4650   2.3728275E+06
  4651   2.3728158E+06
  4652   2.3728042E+06
  4653   2.3727928E+06
  4654   2.3727810E+06
  4655   2.3727695E+06
  4656   2.3727578E+06
  4657   2.3727462E+06
  4658   2.3727348E+06
  4659   2.3727230E+06
  4660   2.3727115E+06
  4661   2.3727000E+06
  4662   2.3726882E+06
  4663   2.3726768E+06
  4664   2.3726652E+06
  4665   2.3726535E+06
  4666   2.3726420E+06
  4667   2.3726305E+06
  4668   2.3726188E+06
  4669   2.3726072E+06
  4670   2.3725958E+06
  4671   2.3725840E+06
  4672   2.3725725E+06
  4673   2.3725610E+06
  4674   2.3725492E+06
  4675   2.3725378E+06
  4676   2.3725262E+06
  4677   2.3725145E+06
  4678   2.3725030E+06
  4679   2.3724915E+06
  4680   2.3724798E+06
  4681   2.3724682E+06
  4682   2.3724568E+06
  4683   2.3724450E+06
  4684   2.3724335E+06
  4685   2.3724220E+06
  4686   2.3724105E+06
  4687   2.3723988E+06
  4688   2.3723872E+06
  4689   2.3723758E+06
  4690   2.3723640E+06
  4691   2.3723525E+06
  4692   2.3723410E+06
  4693   2.3723295E+06
  4694   2.3723178E+06
  4695   2.3723062E+06
  4696   2.3722948E+06
  4697   2.3722830E+06
  4698   2.3722715E+06
  4699   2.3722600E+06
  4700   2.3722485E+06
  4701   2.3722368E+06
  4702   2.3722252E+06
  4703   2.3722138E+06
  4704   2.3722022E+06
  4705   2.3721905E+06
  4706   2.3721790E+06
  4707   2.3721675E+06
  4708   2.3721560E+06
  4709   2.3721442E+06
  4710   2.3721328E+06
  4711   2.3721212E+06
  4712   2.3721098E+06
  4713   2.3720980E+06
  4714   2.3720865E+06
  4715   2.3720750E+06
  4716   2.3720635E+06
  4717   2.3720520E+06
  4718   2.3720402E+06
  4719   2.3720288E+06
  4720   2.3720172E+06
  4721   2.3720058E+06
  4722   2.3719942E+06
  4723   2.3719825E+06
  4724   2.3719710E+06
  4725   2.3719595E+06
  4726   2.3719480E+06
  4727   2.3719365E+06
  4728   2.3719248E+06
  4729   2.3719132E+06
  4730   2.3719018E+06
  4731   2.3718902E+06
  4732   2.3718788E+06
  4733   2.3718670E+06
  4734   2.3718555E+06
  4735   2.3718440E+06
  4736   2.3718325E+06
  4737   2.3718210E+06
  4738   2.3718095E+06
  4739   2.3717978E+06
  4740   2.3717862E+06
  4741   2.3717748E+06
  4742   2.3717632E+06
  4743   2.3717518E+06
  4744   2.3717402E+06
  4745   2.3717285E+06
  4746   2.3717170E+06
  4747   2.3717055E+06
  4748   2.3716940E+06
  4749   2.3716825E+06
  4750   2.3716710E+06
  4751   2.3716595E+06
  4752   2.3716478E+06
  4753   2.3716362E+06
  4754   2.3716248E+06
  4755   2.3716132E+06
  4756   2.3716018E+06
  4757   2.3715902E+06
  4758   2.3715788E+06
  4759   2.3715672E+06
  4760   2.3715555E+06
  4761   2.3715440E+06
  4762   2.3715325E+06
  4763   2.3715210E+06
  4764   2.3715095E+06
  4765   2.3714980E+06
  4766   2.3714865E+06
  4767   2.3714750E+06
  4768   2.3714635E+06
  4769   2.3714520E+06
  4770   2.3714402E+06
  4771   2.3714288E+06
  4772   2.3714172E+06
  4773   2.3714058E+06
  4774   2.3713942E+06
  4775   2.3713828E+06
  4776   2.3713712E+06
  4777   2.3713598E+06
  4778   2.3713482E+06
  4779   2.3713368E+06
  4780   2.3713252E+06
  4781   2.3713138E+06
  4782   2.3713022E+06
  4783   2.3712908E+06
  4784   2.3712790E+06
  4785   2.3712675E+06
  4786   2.3712560E+06
  4787   2.3712445E+06
  4788   2.3712330E+06
  4789   2.3712215E+06
  4790   2.3712100E+06
  4791   2.3711985E+06
  4792   2.3711870E+06
  4793   2.3711755E+06
  4794   2.3711640E+06
  4795   2.3711525E+06
  4796   2.3711410E+06
  4797   2.3711295E+06
  4798   2.3711180E+06
  4799   2.3711065E+06
  4800   2.3710950E+06
  4801   2.3710835E+06
  4802   2.3710720E+06
  4803   2.3710605E+06
  4804   2.3710490E+06
  4805   2.3710375E+06
  4806   2.3710260E+06
  4807   2.3710145E+06
  4808   2.3710030E+06
  4809   2.3709915E+06
  4810   2.3709800E+06
  4811   2.3709685E+06
  4812   2.3709570E+06
  4813   2.3709455E+06
  4814   2.3709340E+06
  4815   2.3709225E+06
  4816   2.3709110E+06
  4817   2.3708995E+06
  4818   2.3708880E+06
  4819   2.3708765E+06
  4820   2.3708650E+06
  4821   2.3708535E+06
  4822   2.3708420E+06
  4823   2.3708305E+06
  4824   2.3708190E+06
  4825   2.3708075E+06
  4826   2.3707960E+06
  4827   2.3707845E+06
  4828   2.3707732E+06
  4829   2.3707618E+06
  4830   2.3707502E+06
  4831   2.3707388E+06
  4832   2.3707272E+06
  4833   2.3707158E+06
  4834   2.3707042E+06
  4835   2.3706928E+06
  4836   2.3706812E+06
  4837   2.3706698E+06
  4838   2.3706582E+06
  4839   2.3706468E+06
  4840   2.3706352E+06
  4841   2.3706238E+06
  4842   2.3706125E+06
  4843   2.3706010E+06
  4844   2.3705895E+06
  4845   2.3705780E+06
  4846   2.3705665E+06
  4847   2.3705550E+06
  4848   2.3705435E+06
  4849   2.3705320E+06
  4850   2.3705205E+06
  4851   2.3705090E+06
  4852   2.3704978E+06
  4853   2.3704862E+06
  4854   2.3704748E+06
  4855   2.3704632E+06
  4856   2.3704518E+06
  4857   2.3704402E+06
  4858   2.3704288E+06
  4859   2.3704172E+06
  4860   2.3704060E+06
  4861   2.3703945E+06
  4862   2.3703830E+06
  4863   2.3703715E+06
  4864   2.3703600E+06
  4865   2.3703485E+06
  4866   2.3703370E+06
  4867   2.3703258E+06
  4868   2.3703142E+06
  4869   2.3703028E+06
  4870   2.3702912E+06
  4871   2.3702798E+06
  4872   2.3702682E+06
  4873   2.3702568E+06
  4874   2.3702455E+06
  4875   2.3702340E+06
  4876   2.3702225E+06
  4877   2.3702110E+06
  4878   2.3701995E+06
  4879   2.3701880E+06
  4880   2.3701768E+06
  4881   2.3701652E+06
  4882   2.3701538E+06
  4883   2.3701422E+06
  4884   2.3701308E+06
  4885   2.3701195E+06
  4886   2.3701080E+06
  4887   2.3700965E+06
  4888   2.3700850E+06
  4889   2.3700735E+06
  4890   2.3700622E+06
  4891   2.3700508E+06
  4892   2.3700392E+06
  4893   2.3700278E+06
  4894   2.3700162E+06
  4895   2.3700050E+06
  4896   2.3699935E+06
  4897   2.3699820E+06
  4898   2.3699705E+06
  4899   2.3699592E+06
  4900   2.3699478E+06
  4901   2.3699362E+06
  4902   2.3699248E+06
  4903   2.3699132E+06
  4904   2.3699020E+06
  4905   2.3698905E+06
  4906   2.3698790E+06
  4907   2.3698675E+06
  4908   2.3698562E+06
  4909   2.3698448E+06
  4910   2.3698332E+06
  4911   2.3698218E+06
  4912   2.3698105E+06
  4913   2.3697990E+06
  4914   2.3697875E+06
  4915   2.3697762E+06
  4916   2.3697648E+06
  4917   2.3697532E+06
  4918   2.3697418E+06
  4919   2.3697305E+06
  4920   2.3697190E+06
  4921   2.3697075E+06
  4922   2.3696960E+06
  4923   2.3696848E+06
  4924   2.3696732E+06
  4925   2.3696618E+06
  4926   2.3696505E+06
  4927   2.3696390E+06
  4928   2.3696275E+06
  4929   2.3696160E+06
  4930   2.3696048E+06
  4931   2.3695932E+06
  4932   2.3695818E+06
  4933   2.3695705E+06
  4934   2.3695590E+06
  4935   2.3695475E+06
  4936   2.3695362E+06
  4937   2.3695248E+06
  4938   2.3695132E+06
  4939   2.3695020E+06
  4940   2.3694905E+06
  4941   2.3694790E+06
  4942   2.3694678E+06
  4943   2.3694562E+06
  4944   2.3694448E+06
  4945   2.3694335E+06
  4946   2.3694220E+06
  4947   2.3694105E+06
  4948   2.3693992E+06
  4949   2.3693878E+06
  4950   2.3693762E+06
  4951   2.3693650E+06
  4952   2.3693535E+06
  4953   2.3693420E+06
  4954   2.3693308E+06
  4955   2.3693192E+06
  4956   2.3693078E+06
  4957   2.3692965E+06
  4958   2.3692850E+06
  4959   2.3692738E+06
  4960   2.3692622E+06
  4961   2.3692508E+06
  4962   2.3692395E+06
  4963   2.3692280E+06
  4964   2.3692165E+06
  4965   2.3692052E+06
  4966   2.3691938E+06
  4967   2.3691825E+06
  4968   2.3691710E+06
  4969   2.3691595E+06
  4970   2.3691482E+06
  4971   2.3691368E+06
  4972   2.3691255E+06
  4973   2.3691140E+06
  4974   2.3691025E+06
  4975   2.3690912E+06
  4976   2.3690798E+06
  4977   2.3690685E+06
  4978   2.3690570E+06
  4979   2.3690458E+06
  4980   2.3690342E+06
  4981   2.3690228E+06
  4982   2.3690115E+06
  4983   2.3690000E+06
  4984   2.3689888E+06
  4985   2.3689772E+06
  4986   2.3689660E+06
  4987   2.3689545E+06
  4988   2.3689430E+06
  4989   2.3689318E+06
  4990   2.3689202E+06
  4991   2.3689090E+06
  4992   2.3688975E+06
  4993   2.3688862E+06
  4994   2.3688748E+06
  4995   2.3688635E+06
  4996   2.3688520E+06
  4997   2.3688405E+06
  4998   2.3688292E+06
  4999   2.3688178E+06
  5000   2.3688065E+06
