     1   9.8250880E+06
     2   9.6532340E+06
     3   9.4843870E+06
     4   9.3184930E+06
     5   9.1555000E+06
     6   8.9953590E+06
     7   8.8380190E+06
     8   8.6834300E+06
     9   8.5315460E+06
    10   8.3823185E+06
    11   8.2357010E+06
    12   8.0916480E+06
    13   7.9501145E+06
    14   7.8110570E+06
    15   7.6744315E+06
    16   7.5401960E+06
    17   7.4083080E+06
    18   7.2787270E+06
    19   7.1514130E+06
    20   7.0263255E+06
    21   6.9034260E+06
    22   6.7826765E+06
    23   6.6640385E+06
    24   6.5474760E+06
    25   6.4329525E+06
    26   6.3204315E+06
    27   6.2098790E+06
    28   6.1012605E+06
    29   5.9945415E+06
    30   5.8896895E+06
    31   5.7866710E+06
    32   5.6854550E+06
    33   5.5860090E+06
    34   5.4883025E+06
    35   5.3923050E+06
    36   5.2979865E+06
    37   5.2053180E+06
    38   5.1142705E+06
    39   5.0248155E+06
    40   4.9369250E+06
    41   4.8505715E+06
    42   4.7657290E+06
    43   4.6823705E+06
    44   4.6004695E+06
    45   4.5200015E+06
    46   4.4409410E+06
    47   4.3632630E+06
    48   4.2869440E+06
    49   4.2119600E+06
    50   4.1382872E+06
    51   4.0659032E+06
    52   3.9947855E+06
    53   3.9249115E+06
    54   3.8562598E+06
    55   3.7888090E+06
    56   3.7225378E+06
    57   3.6574258E+06
    58   3.5934528E+06
    59   3.5305988E+06
    60   3.4688440E+06
    61   3.4081695E+06
    62   3.3485562E+06
    63   3.2899858E+06
    64   3.2324395E+06
    65   3.1759000E+06
    66   3.1203495E+06
    67   3.0657705E+06
    68   3.0121462E+06
    69   2.9594600E+06
    70   2.9076952E+06
    71   2.8568360E+06
    72   2.8068662E+06
    73   2.7577705E+06
    74   2.7095335E+06
    75   2.6621405E+06
    76   2.6155762E+06
    77   2.5698262E+06
    78   2.5248768E+06
    79   2.4807135E+06
    80   2.4373225E+06
    81   2.3946908E+06
    82   2.3528045E+06
    83   2.3116510E+06
    84   2.2712172E+06
    85   2.2314908E+06
    86   2.1924590E+06
    87   2.1541102E+06
    88   2.1164320E+06
    89   2.0794129E+06
    90   2.0430412E+06
    91   2.0073059E+06
    92   1.9721955E+06
    93   1.9376992E+06
    94   1.9038065E+06
    95   1.8705064E+06
    96   1.8377889E+06
    97   1.8056436E+06
    98   1.7740606E+06
    99   1.7430300E+06
   100   1.7125421E+06
   101   1.6825876E+06
   102   1.6531570E+06
   103   1.6242411E+06
   104   1.5958311E+06
   105   1.5679180E+06
   106   1.5404930E+06
   107   1.5135479E+06
   108   1.4870740E+06
   109   1.4610631E+06
   110   1.4355072E+06
   111   1.4103984E+06
   112   1.3857288E+06
   113   1.3614905E+06
   114   1.3376764E+06
   115   1.3142786E+06
   116   1.2912902E+06
   117   1.2687039E+06
   118   1.2465126E+06
   119   1.2247095E+06
   120   1.2032879E+06
   121   1.1822408E+06
   122   1.1615619E+06
   123   1.1412446E+06
   124   1.1212829E+06
   125   1.1016701E+06
   126   1.0824005E+06
   127   1.0634680E+06
   128   1.0448666E+06
   129   1.0265905E+06
   130   1.0086341E+06
   131   9.9099181E+05
   132   9.7365806E+05
   133   9.5662756E+05
   134   9.3989494E+05
   135   9.2345494E+05
   136   9.0730256E+05
   137   8.9143262E+05
   138   8.7584038E+05
   139   8.6052075E+05
   140   8.4546919E+05
   141   8.3068081E+05
   142   8.1615119E+05
   143   8.0187562E+05
   144   7.8784981E+05
   145   7.7406931E+05
   146   7.6052981E+05
   147   7.4722719E+05
   148   7.3415725E+05
   149   7.2131588E+05
   150   7.0869912E+05
   151   6.9630306E+05
   152   6.8412388E+05
   153   6.7215762E+05
   154   6.6040075E+05
   155   6.4884950E+05
   156   6.3750025E+05
   157   6.2634956E+05
   158   6.1539394E+05
   159   6.0462988E+05
   160   5.9405412E+05
   161   5.8366338E+05
   162   5.7345438E+05
   163   5.6342388E+05
   164   5.5356888E+05
   165   5.4388625E+05
   166   5.3437300E+05
   167   5.2502612E+05
   168   5.1584275E+05
   169   5.0682000E+05
   170   4.9795506E+05
   171   4.8924519E+05
   172   4.8068766E+05
   173   4.7227981E+05
   174   4.6401903E+05
   175   4.5590275E+05
   176   4.4792844E+05
   177   4.4009359E+05
   178   4.3239578E+05
   179   4.2483262E+05
   180   4.1740178E+05
   181   4.1010088E+05
   182   4.0292769E+05
   183   3.9587997E+05
   184   3.8895550E+05
   185   3.8215219E+05
   186   3.7546784E+05
   187   3.6890044E+05
   188   3.6244791E+05
   189   3.5610822E+05
   190   3.4987944E+05
   191   3.4375959E+05
   192   3.3774678E+05
   193   3.3183916E+05
   194   3.2603488E+05
   195   3.2033212E+05
   196   3.1472909E+05
   197   3.0922406E+05
   198   3.0381534E+05
   199   2.9850122E+05
   200   2.9328006E+05
   201   2.8815022E+05
   202   2.8311009E+05
   203   2.7815816E+05
   204   2.7329281E+05
   205   2.6851256E+05
   206   2.6381594E+05
   207   2.5920145E+05
   208   2.5466769E+05
   209   2.5021322E+05
   210   2.4583667E+05
   211   2.4153667E+05
   212   2.3731189E+05
   213   2.3316100E+05
   214   2.2908272E+05
   215   2.2507577E+05
   216   2.2113889E+05
   217   2.1727089E+05
   218   2.1347055E+05
   219   2.0973667E+05
   220   2.0606811E+05
   221   2.0246372E+05
   222   1.9892236E+05
   223   1.9544295E+05
   224   1.9202441E+05
   225   1.8866566E+05
   226   1.8536566E+05
   227   1.8212338E+05
   228   1.7893780E+05
   229   1.7580795E+05
   230   1.7273284E+05
   231   1.6971153E+05
   232   1.6674305E+05
   233   1.6382650E+05
   234   1.6096097E+05
   235   1.5814555E+05
   236   1.5537939E+05
   237   1.5266159E+05
   238   1.4999136E+05
   239   1.4736781E+05
   240   1.4479016E+05
   241   1.4225759E+05
   242   1.3976933E+05
   243   1.3732458E+05
   244   1.3492259E+05
   245   1.3256262E+05
   246   1.3024394E+05
   247   1.2796580E+05
   248   1.2572752E+05
   249   1.2352838E+05
   250   1.2136772E+05
   251   1.1924484E+05
   252   1.1715909E+05
   253   1.1510983E+05
   254   1.1309641E+05
   255   1.1111821E+05
   256   1.0917461E+05
   257   1.0726501E+05
   258   1.0538880E+05
   259   1.0354542E+05
   260   1.0173427E+05
   261   9.9954812E+04
   262   9.8206477E+04
   263   9.6488719E+04
   264   9.4801008E+04
   265   9.3142820E+04
   266   9.1513633E+04
   267   8.9912938E+04
   268   8.8340242E+04
   269   8.6795062E+04
   270   8.5276906E+04
   271   8.3785305E+04
   272   8.2319789E+04
   273   8.0879914E+04
   274   7.9465219E+04
   275   7.8075273E+04
   276   7.6709633E+04
   277   7.5367883E+04
   278   7.4049602E+04
   279   7.2754383E+04
   280   7.1481812E+04
   281   7.0231508E+04
   282   6.9003062E+04
   283   6.7796109E+04
   284   6.6610273E+04
   285   6.5445172E+04
   286   6.4300453E+04
   287   6.3175754E+04
   288   6.2070730E+04
   289   6.0985035E+04
   290   5.9918328E+04
   291   5.8870281E+04
   292   5.7840562E+04
   293   5.6828855E+04
   294   5.5834848E+04
   295   5.4858227E+04
   296   5.3898684E+04
   297   5.2955926E+04
   298   5.2029660E+04
   299   5.1119594E+04
   300   5.0225445E+04
   301   4.9346941E+04
   302   4.8483797E+04
   303   4.7635754E+04
   304   4.6802543E+04
   305   4.5983906E+04
   306   4.5179590E+04
   307   4.4389340E+04
   308   4.3612914E+04
   309   4.2850070E+04
   310   4.2100566E+04
   311   4.1364172E+04
   312   4.0640660E+04
   313   3.9929805E+04
   314   3.9231379E+04
   315   3.8545172E+04
   316   3.7870969E+04
   317   3.7208559E+04
   318   3.6557730E+04
   319   3.5918289E+04
   320   3.5290035E+04
   321   3.4672766E+04
   322   3.4066293E+04
   323   3.3470430E+04
   324   3.2884992E+04
   325   3.2309789E+04
   326   3.1744650E+04
   327   3.1189395E+04
   328   3.0643854E+04
   329   3.0107854E+04
   330   2.9581229E+04
   331   2.9063814E+04
   332   2.8555451E+04
   333   2.8055979E+04
   334   2.7565244E+04
   335   2.7083094E+04
   336   2.6609375E+04
   337   2.6143943E+04
   338   2.5686652E+04
   339   2.5237359E+04
   340   2.4795926E+04
   341   2.4362213E+04
   342   2.3936086E+04
   343   2.3517414E+04
   344   2.3106064E+04
   345   2.2701910E+04
   346   2.2304824E+04
   347   2.1914684E+04
   348   2.1531367E+04
   349   2.1154756E+04
   350   2.0784732E+04
   351   2.0421182E+04
   352   2.0063988E+04
   353   1.9713043E+04
   354   1.9368238E+04
   355   1.9029463E+04
   356   1.8696613E+04
   357   1.8369584E+04
   358   1.8048277E+04
   359   1.7732590E+04
   360   1.7422424E+04
   361   1.7117684E+04
   362   1.6818273E+04
   363   1.6524100E+04
   364   1.6235072E+04
   365   1.5951101E+04
   366   1.5672095E+04
   367   1.5397970E+04
   368   1.5128640E+04
   369   1.4864021E+04
   370   1.4604029E+04
   371   1.4348586E+04
   372   1.4097611E+04
   373   1.3851026E+04
   374   1.3608754E+04
   375   1.3370719E+04
   376   1.3136849E+04
   377   1.2907068E+04
   378   1.2681307E+04
   379   1.2459494E+04
   380   1.2241562E+04
   381   1.2027441E+04
   382   1.1817065E+04
   383   1.1610370E+04
   384   1.1407290E+04
   385   1.1207762E+04
   386   1.1011724E+04
   387   1.0819114E+04
   388   1.0629874E+04
   389   1.0443944E+04
   390   1.0261267E+04
   391   1.0081783E+04
   392   9.9054404E+03
   393   9.7321816E+03
   394   9.5619531E+03
   395   9.3947021E+03
   396   9.2303770E+03
   397   9.0689258E+03
   398   8.9102988E+03
   399   8.7544463E+03
   400   8.6013193E+03
   401   8.4508711E+03
   402   8.3030547E+03
   403   8.1578237E+03
   404   8.0151333E+03
   405   7.8749380E+03
   406   7.7371953E+03
   407   7.6018618E+03
   408   7.4688955E+03
   409   7.3382549E+03
   410   7.2098994E+03
   411   7.0837891E+03
   412   6.9598848E+03
   413   6.8381475E+03
   414   6.7185396E+03
   415   6.6010234E+03
   416   6.4855630E+03
   417   6.3721226E+03
   418   6.2606655E+03
   419   6.1511587E+03
   420   6.0435669E+03
   421   5.9378574E+03
   422   5.8339966E+03
   423   5.7319526E+03
   424   5.6316934E+03
   425   5.5331875E+03
   426   5.4364053E+03
   427   5.3413154E+03
   428   5.2478892E+03
   429   5.1560967E+03
   430   5.0659102E+03
   431   4.9773008E+03
   432   4.8902412E+03
   433   4.8047046E+03
   434   4.7206646E+03
   435   4.6380938E+03
   436   4.5569678E+03
   437   4.4772603E+03
   438   4.3989473E+03
   439   4.3220044E+03
   440   4.2464067E+03
   441   4.1721318E+03
   442   4.0991558E+03
   443   4.0274563E+03
   444   3.9570110E+03
   445   3.8877976E+03
   446   3.8197952E+03
   447   3.7529819E+03
   448   3.6873376E+03
   449   3.6228413E+03
   450   3.5594731E+03
   451   3.4972134E+03
   452   3.4360427E+03
   453   3.3759419E+03
   454   3.3168923E+03
   455   3.2588757E+03
   456   3.2018738E+03
   457   3.1458689E+03
   458   3.0908435E+03
   459   3.0367808E+03
   460   2.9836636E+03
   461   2.9314756E+03
   462   2.8802002E+03
   463   2.8298218E+03
   464   2.7803247E+03
   465   2.7316931E+03
   466   2.6839124E+03
   467   2.6369673E+03
   468   2.5908433E+03
   469   2.5455261E+03
   470   2.5010017E+03
   471   2.4572559E+03
   472   2.4142754E+03
   473   2.3720466E+03
   474   2.3305564E+03
   475   2.2897920E+03
   476   2.2497407E+03
   477   2.2103899E+03
   478   2.1717273E+03
   479   2.1337410E+03
   480   2.0964192E+03
   481   2.0597500E+03
   482   2.0237224E+03
   483   1.9883248E+03
   484   1.9535465E+03
   485   1.9193765E+03
   486   1.8858041E+03
   487   1.8528190E+03
   488   1.8204108E+03
   489   1.7885695E+03
   490   1.7572852E+03
   491   1.7265480E+03
   492   1.6963484E+03
   493   1.6666771E+03
   494   1.6375248E+03
   495   1.6088824E+03
   496   1.5807410E+03
   497   1.5530918E+03
   498   1.5259263E+03
   499   1.4992358E+03
   500   1.4730122E+03
   501   1.4472474E+03
   502   1.4219332E+03
   503   1.3970618E+03
   504   1.3726254E+03
   505   1.3486163E+03
   506   1.3250273E+03
   507   1.3018510E+03
   508   1.2790798E+03
   509   1.2567072E+03
   510   1.2347257E+03
   511   1.2131288E+03
   512   1.1919095E+03
   513   1.1710615E+03
   514   1.1505782E+03
   515   1.1304531E+03
   516   1.1106801E+03
   517   1.0912528E+03
   518   1.0721654E+03
   519   1.0534119E+03
   520   1.0349863E+03
   521   1.0168831E+03
   522   9.9909650E+02
   523   9.8162103E+02
   524   9.6445123E+02
   525   9.4758173E+02
   526   9.3100732E+02
   527   9.1472278E+02
   528   8.9872314E+02
   529   8.8300330E+02
   530   8.6755847E+02
   531   8.5238373E+02
   532   8.3747443E+02
   533   8.2282593E+02
   534   8.0843365E+02
   535   7.9429315E+02
   536   7.8039990E+02
   537   7.6674976E+02
   538   7.5333832E+02
   539   7.4016144E+02
   540   7.2721509E+02
   541   7.1449518E+02
   542   7.0199774E+02
   543   6.8971887E+02
   544   6.7765479E+02
   545   6.6580176E+02
   546   6.5415601E+02
   547   6.4271399E+02
   548   6.3147211E+02
   549   6.2042688E+02
   550   6.0957477E+02
   551   5.9891254E+02
   552   5.8843683E+02
   553   5.7814429E+02
   554   5.6803180E+02
   555   5.5809619E+02
   556   5.4833435E+02
   557   5.3874329E+02
   558   5.2932001E+02
   559   5.2006152E+02
   560   5.1096497E+02
   561   5.0202753E+02
   562   4.9324643E+02
   563   4.8461893E+02
   564   4.7614230E+02
   565   4.6781396E+02
   566   4.5963132E+02
   567   4.5159177E+02
   568   4.4369284E+02
   569   4.3593210E+02
   570   4.2830707E+02
   571   4.2081543E+02
   572   4.1345483E+02
   573   4.0622299E+02
   574   3.9911761E+02
   575   3.9213654E+02
   576   3.8527759E+02
   577   3.7853857E+02
   578   3.7191745E+02
   579   3.6541214E+02
   580   3.5902060E+02
   581   3.5274088E+02
   582   3.4657098E+02
   583   3.4050903E+02
   584   3.3455307E+02
   585   3.2870132E+02
   586   3.2295190E+02
   587   3.1730307E+02
   588   3.1175302E+02
   589   3.0630008E+02
   590   3.0094247E+02
   591   2.9567862E+02
   592   2.9050684E+02
   593   2.8542548E+02
   594   2.8043301E+02
   595   2.7552789E+02
   596   2.7070856E+02
   597   2.6597351E+02
   598   2.6132129E+02
   599   2.5675046E+02
   600   2.5225957E+02
   601   2.4784721E+02
   602   2.4351205E+02
   603   2.3925272E+02
   604   2.3506787E+02
   605   2.3095624E+02
   606   2.2691652E+02
   607   2.2294746E+02
   608   2.1904782E+02
   609   2.1521640E+02
   610   2.1145198E+02
   611   2.0775342E+02
   612   2.0411954E+02
   613   2.0054922E+02
   614   1.9704137E+02
   615   1.9359486E+02
   616   1.9020863E+02
   617   1.8688165E+02
   618   1.8361285E+02
   619   1.8040123E+02
   620   1.7724577E+02
   621   1.7414552E+02
   622   1.7109949E+02
   623   1.6810674E+02
   624   1.6516634E+02
   625   1.6227737E+02
   626   1.5943893E+02
   627   1.5665013E+02
   628   1.5391013E+02
   629   1.5121803E+02
   630   1.4857304E+02
   631   1.4597430E+02
   632   1.4342104E+02
   633   1.4091241E+02
   634   1.3844768E+02
   635   1.3602605E+02
   636   1.3364677E+02
   637   1.3130913E+02
   638   1.2901236E+02
   639   1.2675577E+02
   640   1.2453865E+02
   641   1.2236031E+02
   642   1.2022007E+02
   643   1.1811726E+02
   644   1.1605125E+02
   645   1.1402135E+02
   646   1.1202698E+02
   647   1.1006748E+02
   648   1.0814227E+02
   649   1.0625072E+02
   650   1.0439225E+02
   651   1.0256630E+02
   652   1.0077229E+02
   653   9.9009644E+01
   654   9.7277840E+01
   655   9.5576324E+01
   656   9.3904572E+01
   657   9.2262062E+01
   658   9.0648285E+01
   659   8.9062729E+01
   660   8.7504906E+01
   661   8.5974335E+01
   662   8.4470528E+01
   663   8.2993034E+01
   664   8.1541382E+01
   665   8.0115112E+01
   666   7.8713799E+01
   667   7.7336998E+01
   668   7.5984268E+01
   669   7.4655212E+01
   670   7.3349396E+01
   671   7.2066422E+01
   672   7.0805885E+01
   673   6.9567398E+01
   674   6.8350578E+01
   675   6.7155037E+01
   676   6.5980408E+01
   677   6.4826324E+01
   678   6.3692432E+01
   679   6.2578369E+01
   680   6.1483795E+01
   681   6.0408363E+01
   682   5.9351742E+01
   683   5.8313606E+01
   684   5.7293625E+01
   685   5.6291485E+01
   686   5.5306877E+01
   687   5.4339489E+01
   688   5.3389023E+01
   689   5.2455177E+01
   690   5.1537670E+01
   691   5.0636211E+01
   692   4.9750519E+01
   693   4.8880318E+01
   694   4.8025337E+01
   695   4.7185314E+01
   696   4.6359982E+01
   697   4.5549088E+01
   698   4.4752373E+01
   699   4.3969597E+01
   700   4.3200512E+01
   701   4.2444881E+01
   702   4.1702465E+01
   703   4.0973038E+01
   704   4.0256367E+01
   705   3.9552231E+01
   706   3.8860413E+01
   707   3.8180691E+01
   708   3.7512863E+01
   709   3.6856716E+01
   710   3.6212044E+01
   711   3.5578648E+01
   712   3.4956333E+01
   713   3.4344902E+01
   714   3.3744164E+01
   715   3.3153938E+01
   716   3.2574032E+01
   717   3.2004269E+01
   718   3.1444475E+01
   719   3.0894470E+01
   720   3.0354086E+01
   721   2.9823154E+01
   722   2.9301510E+01
   723   2.8788988E+01
   724   2.8285433E+01
   725   2.7790684E+01
   726   2.7304588E+01
   727   2.6826996E+01
   728   2.6357758E+01
   729   2.5896727E+01
   730   2.5443760E+01
   731   2.4998716E+01
   732   2.4561457E+01
   733   2.4131845E+01
   734   2.3709749E+01
   735   2.3295034E+01
   736   2.2887575E+01
   737   2.2487242E+01
   738   2.2093910E+01
   739   2.1707460E+01
   740   2.1327768E+01
   741   2.0954718E+01
   742   2.0588194E+01
   743   2.0228079E+01
   744   1.9874266E+01
   745   1.9526638E+01
   746   1.9185093E+01
   747   1.8849520E+01
   748   1.8519817E+01
   749   1.8195883E+01
   750   1.7877613E+01
   751   1.7564911E+01
   752   1.7257679E+01
   753   1.6955820E+01
   754   1.6659241E+01
   755   1.6367849E+01
   756   1.6081554E+01
   757   1.5800267E+01
   758   1.5523900E+01
   759   1.5252368E+01
   760   1.4985584E+01
   761   1.4723467E+01
   762   1.4465935E+01
   763   1.4212907E+01
   764   1.3964305E+01
   765   1.3720052E+01
   766   1.3480070E+01
   767   1.3244287E+01
   768   1.3012627E+01
   769   1.2785019E+01
   770   1.2561393E+01
   771   1.2341678E+01
   772   1.2125806E+01
   773   1.1913711E+01
   774   1.1705324E+01
   775   1.1500584E+01
   776   1.1299423E+01
   777   1.1101782E+01
   778   1.0907598E+01
   779   1.0716809E+01
   780   1.0529359E+01
   781   1.0345187E+01
   782   1.0164236E+01
   783   9.9864511E+00
   784   9.8117752E+00
   785   9.6401548E+00
   786   9.4715357E+00
   787   9.3058662E+00
   788   9.1430950E+00
   789   8.9831705E+00
   790   8.8260431E+00
   791   8.6716642E+00
   792   8.5199862E+00
   793   8.3709602E+00
   794   8.2245417E+00
   795   8.0806837E+00
   796   7.9393425E+00
   797   7.8004732E+00
   798   7.6640329E+00
   799   7.5299792E+00
   800   7.3982701E+00
   801   7.2688651E+00
   802   7.1417232E+00
   803   7.0168052E+00
   804   6.8940725E+00
   805   6.7734861E+00
   806   6.6550093E+00
   807   6.5386047E+00
   808   6.4242358E+00
   809   6.3118677E+00
   810   6.2014651E+00
   811   6.0929937E+00
   812   5.9864192E+00
   813   5.8817091E+00
   814   5.7788305E+00
   815   5.6777515E+00
   816   5.5784402E+00
   817   5.4808664E+00
   818   5.3849988E+00
   819   5.2908082E+00
   820   5.1982651E+00
   821   5.1073408E+00
   822   5.0180068E+00
   823   4.9302359E+00
   824   4.8439994E+00
   825   4.7592716E+00
   826   4.6760259E+00
   827   4.5942364E+00
   828   4.5138774E+00
   829   4.4349236E+00
   830   4.3573513E+00
   831   4.2811356E+00
   832   4.2062531E+00
   833   4.1326804E+00
   834   4.0603943E+00
   835   3.9893730E+00
   836   3.9195936E+00
   837   3.8510349E+00
   838   3.7836754E+00
   839   3.7174940E+00
   840   3.6524704E+00
   841   3.5885839E+00
   842   3.5258150E+00
   843   3.4641440E+00
   844   3.4035516E+00
   845   3.3440192E+00
   846   3.2855279E+00
   847   3.2280598E+00
   848   3.1715970E+00
   849   3.1161218E+00
   850   3.0616167E+00
   851   3.0080652E+00
   852   2.9554503E+00
   853   2.9037557E+00
   854   2.8529651E+00
   855   2.8030632E+00
   856   2.7540340E+00
   857   2.7058625E+00
   858   2.6585333E+00
   859   2.6120322E+00
   860   2.5663445E+00
   861   2.5214558E+00
   862   2.4773524E+00
   863   2.4340203E+00
   864   2.3914461E+00
   865   2.3496168E+00
   866   2.3085189E+00
   867   2.2681398E+00
   868   2.2284672E+00
   869   2.1894884E+00
   870   2.1511915E+00
   871   2.1135645E+00
   872   2.0765955E+00
   873   2.0402732E+00
   874   2.0045862E+00
   875   1.9695234E+00
   876   1.9350739E+00
   877   1.9012270E+00
   878   1.8679720E+00
   879   1.8352989E+00
   880   1.8031971E+00
   881   1.7716569E+00
   882   1.7406683E+00
   883   1.7102218E+00
   884   1.6803079E+00
   885   1.6509171E+00
   886   1.6220404E+00
   887   1.5936689E+00
   888   1.5657935E+00
   889   1.5384058E+00
   890   1.5114971E+00
   891   1.4850591E+00
   892   1.4590836E+00
   893   1.4335623E+00
   894   1.4084874E+00
   895   1.3838512E+00
   896   1.3596458E+00
   897   1.3358639E+00
   898   1.3124980E+00
   899   1.2895406E+00
   900   1.2669849E+00
   901   1.2448238E+00
   902   1.2230502E+00
   903   1.2016575E+00
   904   1.1806389E+00
   905   1.1599880E+00
   906   1.1396984E+00
   907   1.1197636E+00
   908   1.1001775E+00
   909   1.0809339E+00
   910   1.0620271E+00
   911   1.0434508E+00
   912   1.0251995E+00
   913   1.0072675E+00
   914   9.8964912E-01
   915   9.7233886E-01
   916   9.5533144E-01
   917   9.3862146E-01
   918   9.2220378E-01
   919   9.0607321E-01
   920   8.9022487E-01
   921   8.7465370E-01
   922   8.5935485E-01
   923   8.4432364E-01
   924   8.2955533E-01
   925   8.1504536E-01
   926   8.0078918E-01
   927   7.8678232E-01
   928   7.7302051E-01
   929   7.5949937E-01
   930   7.4621475E-01
   931   7.3316252E-01
   932   7.2033858E-01
   933   7.0773894E-01
   934   6.9535965E-01
   935   6.8319690E-01
   936   6.7124695E-01
   937   6.5950596E-01
   938   6.4797038E-01
   939   6.3663656E-01
   940   6.2550092E-01
   941   6.1456013E-01
   942   6.0381067E-01
   943   5.9324926E-01
   944   5.8287257E-01
   945   5.7267737E-01
   946   5.6266052E-01
   947   5.5281889E-01
   948   5.4314935E-01
   949   5.3364897E-01
   950   5.2431476E-01
   951   5.1514381E-01
   952   5.0613332E-01
   953   4.9728039E-01
   954   4.8858231E-01
   955   4.8003638E-01
   956   4.7163993E-01
   957   4.6339035E-01
   958   4.5528504E-01
   959   4.4732153E-01
   960   4.3949732E-01
   961   4.3180993E-01
   962   4.2425704E-01
   963   4.1683623E-01
   964   4.0954524E-01
   965   4.0238175E-01
   966   3.9534357E-01
   967   3.8842851E-01
   968   3.8163441E-01
   969   3.7495914E-01
   970   3.6840060E-01
   971   3.6195680E-01
   972   3.5562572E-01
   973   3.4940538E-01
   974   3.4329385E-01
   975   3.3728918E-01
   976   3.3138958E-01
   977   3.2559314E-01
   978   3.1989810E-01
   979   3.1430265E-01
   980   3.0880511E-01
   981   3.0340371E-01
   982   2.9809681E-01
   983   2.9288271E-01
   984   2.8775981E-01
   985   2.8272653E-01
   986   2.7778128E-01
   987   2.7292252E-01
   988   2.6814875E-01
   989   2.6345849E-01
   990   2.5885025E-01
   991   2.5432265E-01
   992   2.4987420E-01
   993   2.4550359E-01
   994   2.4120942E-01
   995   2.3699035E-01
   996   2.3284508E-01
   997   2.2877233E-01
   998   2.2477081E-01
   999   2.2083928E-01
  1000   2.1697651E-01
  1001   2.1318132E-01
  1002   2.0945251E-01
  1003   2.0578891E-01
  1004   2.0218940E-01
  1005   1.9865285E-01
  1006   1.9517815E-01
  1007   1.9176424E-01
  1008   1.8841003E-01
  1009   1.8511450E-01
  1010   1.8187661E-01
  1011   1.7869535E-01
  1012   1.7556974E-01
  1013   1.7249881E-01
  1014   1.6948158E-01
  1015   1.6651714E-01
  1016   1.6360453E-01
  1017   1.6074288E-01
  1018   1.5793128E-01
  1019   1.5516886E-01
  1020   1.5245476E-01
  1021   1.4978813E-01
  1022   1.4716814E-01
  1023   1.4459398E-01
  1024   1.4206485E-01
  1025   1.3957995E-01
  1026   1.3713852E-01
  1027   1.3473979E-01
  1028   1.3238302E-01
  1029   1.3006747E-01
  1030   1.2779242E-01
  1031   1.2555717E-01
  1032   1.2336101E-01
  1033   1.2120327E-01
  1034   1.1908327E-01
  1035   1.1700036E-01
  1036   1.1495387E-01
  1037   1.1294318E-01
  1038   1.1096766E-01
  1039   1.0902669E-01
  1040   1.0711967E-01
  1041   1.0524601E-01
  1042   1.0340513E-01
  1043   1.0159644E-01
  1044   9.9819385E-02
  1045   9.8073415E-02
  1046   9.6357986E-02
  1047   9.4672561E-02
  1048   9.3016617E-02
  1049   9.1389634E-02
  1050   8.9791119E-02
  1051   8.8220552E-02
  1052   8.6677462E-02
  1053   8.5161366E-02
  1054   8.3671778E-02
  1055   8.2208253E-02
  1056   8.0770329E-02
  1057   7.9357550E-02
  1058   7.7969484E-02
  1059   7.6605700E-02
  1060   7.5265765E-02
  1061   7.3949270E-02
  1062   7.2655804E-02
  1063   7.1384959E-02
  1064   7.0136346E-02
  1065   6.8909571E-02
  1066   6.7704253E-02
  1067   6.6520020E-02
  1068   6.5356500E-02
  1069   6.4213336E-02
  1070   6.3090160E-02
  1071   6.1986633E-02
  1072   6.0902406E-02
  1073   5.9837144E-02
  1074   5.8790516E-02
  1075   5.7762194E-02
  1076   5.6751858E-02
  1077   5.5759195E-02
  1078   5.4783896E-02
  1079   5.3825658E-02
  1080   5.2884176E-02
  1081   5.1959164E-02
  1082   5.1050331E-02
  1083   5.0157398E-02
  1084   4.9280081E-02
  1085   4.8418108E-02
  1086   4.7571212E-02
  1087   4.6739131E-02
  1088   4.5921605E-02
  1089   4.5118377E-02
  1090   4.4329200E-02
  1091   4.3553825E-02
  1092   4.2792011E-02
  1093   4.2043526E-02
  1094   4.1308131E-02
  1095   4.0585596E-02
  1096   3.9875705E-02
  1097   3.9178226E-02
  1098   3.8492948E-02
  1099   3.7819657E-02
  1100   3.7158143E-02
  1101   3.6508199E-02
  1102   3.5869624E-02
  1103   3.5242219E-02
  1104   3.4625787E-02
  1105   3.4020137E-02
  1106   3.3425082E-02
  1107   3.2840434E-02
  1108   3.2266013E-02
  1109   3.1701639E-02
  1110   3.1147137E-02
  1111   3.0602334E-02
  1112   3.0067060E-02
  1113   2.9541148E-02
  1114   2.9024435E-02
  1115   2.8516760E-02
  1116   2.8017966E-02
  1117   2.7527897E-02
  1118   2.7046397E-02
  1119   2.6573321E-02
  1120   2.6108520E-02
  1121   2.5651848E-02
  1122   2.5203165E-02
  1123   2.4762329E-02
  1124   2.4329204E-02
  1125   2.3903655E-02
  1126   2.3485551E-02
  1127   2.3074757E-02
  1128   2.2671150E-02
  1129   2.2274602E-02
  1130   2.1884991E-02
  1131   2.1502195E-02
  1132   2.1126093E-02
  1133   2.0756572E-02
  1134   2.0393513E-02
  1135   2.0036804E-02
  1136   1.9686334E-02
  1137   1.9341996E-02
  1138   1.9003680E-02
  1139   1.8671280E-02
  1140   1.8344697E-02
  1141   1.8023824E-02
  1142   1.7708564E-02
  1143   1.7398817E-02
  1144   1.7094491E-02
  1145   1.6795486E-02
  1146   1.6501712E-02
  1147   1.6213076E-02
  1148   1.5929488E-02
  1149   1.5650861E-02
  1150   1.5377107E-02
  1151   1.5108142E-02
  1152   1.4843881E-02
  1153   1.4584242E-02
  1154   1.4329146E-02
  1155   1.4078510E-02
  1156   1.3832259E-02
  1157   1.3590315E-02
  1158   1.3352603E-02
  1159   1.3119049E-02
  1160   1.2889580E-02
  1161   1.2664124E-02
  1162   1.2442613E-02
  1163   1.2224976E-02
  1164   1.2011145E-02
  1165   1.1801055E-02
  1166   1.1594639E-02
  1167   1.1391834E-02
  1168   1.1192576E-02
  1169   1.0996804E-02
  1170   1.0804456E-02
  1171   1.0615472E-02
  1172   1.0429794E-02
  1173   1.0247364E-02
  1174   1.0068124E-02
  1175   9.8920194E-03
  1176   9.7189955E-03
  1177   9.5489975E-03
  1178   9.3819732E-03
  1179   9.2178704E-03
  1180   9.0566380E-03
  1181   8.8982256E-03
  1182   8.7425848E-03
  1183   8.5896654E-03
  1184   8.4394217E-03
  1185   8.2918052E-03
  1186   8.1467712E-03
  1187   8.0042733E-03
  1188   7.8642685E-03
  1189   7.7267122E-03
  1190   7.5915619E-03
  1191   7.4587758E-03
  1192   7.3283124E-03
  1193   7.2001307E-03
  1194   7.0741912E-03
  1195   6.9504548E-03
  1196   6.8288823E-03
  1197   6.7094364E-03
  1198   6.5920795E-03
  1199   6.4767757E-03
  1200   6.3634887E-03
  1201   6.2521831E-03
  1202   6.1428244E-03
  1203   6.0353787E-03
  1204   5.9298119E-03
  1205   5.8260919E-03
  1206   5.7241861E-03
  1207   5.6240628E-03
  1208   5.5256910E-03
  1209   5.4290392E-03
  1210   5.3340783E-03
  1211   5.2407784E-03
  1212   5.1491107E-03
  1213   5.0590462E-03
  1214   4.9705571E-03
  1215   4.8836158E-03
  1216   4.7981949E-03
  1217   4.7142683E-03
  1218   4.6318099E-03
  1219   4.5507932E-03
  1220   4.4711940E-03
  1221   4.3929871E-03
  1222   4.3161483E-03
  1223   4.2406535E-03
  1224   4.1664788E-03
  1225   4.0936018E-03
  1226   4.0219994E-03
  1227   3.9516496E-03
  1228   3.8825301E-03
  1229   3.8146197E-03
  1230   3.7478970E-03
  1231   3.6823417E-03
  1232   3.6179328E-03
  1233   3.5546503E-03
  1234   3.4924750E-03
  1235   3.4313872E-03
  1236   3.3713677E-03
  1237   3.3123982E-03
  1238   3.2544602E-03
  1239   3.1975354E-03
  1240   3.1416065E-03
  1241   3.0866559E-03
  1242   3.0326662E-03
  1243   2.9796211E-03
  1244   2.9275035E-03
  1245   2.8762978E-03
  1246   2.8259878E-03
  1247   2.7765576E-03
  1248   2.7279919E-03
  1249   2.6802758E-03
  1250   2.6333944E-03
  1251   2.5873331E-03
  1252   2.5420771E-03
  1253   2.4976130E-03
  1254   2.4539265E-03
  1255   2.4110042E-03
  1256   2.3688327E-03
  1257   2.3273989E-03
  1258   2.2866896E-03
  1259   2.2466925E-03
  1260   2.2073949E-03
  1261   2.1687848E-03
  1262   2.1308500E-03
  1263   2.0935787E-03
  1264   2.0569593E-03
  1265   2.0209805E-03
  1266   1.9856310E-03
  1267   1.9508996E-03
  1268   1.9167759E-03
  1269   1.8832490E-03
  1270   1.8503086E-03
  1271   1.8179443E-03
  1272   1.7861462E-03
  1273   1.7549042E-03
  1274   1.7242086E-03
  1275   1.6940500E-03
  1276   1.6644190E-03
  1277   1.6353060E-03
  1278   1.6067025E-03
  1279   1.5785992E-03
  1280   1.5509875E-03
  1281   1.5238588E-03
  1282   1.4972045E-03
  1283   1.4710164E-03
  1284   1.4452864E-03
  1285   1.4200066E-03
  1286   1.3951688E-03
  1287   1.3707655E-03
  1288   1.3467891E-03
  1289   1.3232321E-03
  1290   1.3000870E-03
  1291   1.2773469E-03
  1292   1.2550044E-03
  1293   1.2330528E-03
  1294   1.2114851E-03
  1295   1.1902946E-03
  1296   1.1694749E-03
  1297   1.1490192E-03
  1298   1.1289214E-03
  1299   1.1091752E-03
  1300   1.0897743E-03
  1301   1.0707127E-03
  1302   1.0519846E-03
  1303   1.0335840E-03
  1304   1.0155053E-03
  1305   9.9774287E-04
  1306   9.8029105E-04
  1307   9.6314447E-04
  1308   9.4629783E-04
  1309   9.2974590E-04
  1310   9.1348344E-04
  1311   8.9750544E-04
  1312   8.8180689E-04
  1313   8.6638296E-04
  1314   8.5122883E-04
  1315   8.3633978E-04
  1316   8.2171109E-04
  1317   8.0733834E-04
  1318   7.9321692E-04
  1319   7.7934255E-04
  1320   7.6571084E-04
  1321   7.5231760E-04
  1322   7.3915860E-04
  1323   7.2622974E-04
  1324   7.1352709E-04
  1325   7.0104655E-04
  1326   6.8878435E-04
  1327   6.7673664E-04
  1328   6.6489965E-04
  1329   6.5326970E-04
  1330   6.4184319E-04
  1331   6.3061650E-04
  1332   6.1958621E-04
  1333   6.0874887E-04
  1334   5.9810106E-04
  1335   5.8763952E-04
  1336   5.7736097E-04
  1337   5.6726218E-04
  1338   5.5734004E-04
  1339   5.4759142E-04
  1340   5.3801335E-04
  1341   5.2860280E-04
  1342   5.1935686E-04
  1343   5.1027263E-04
  1344   5.0134736E-04
  1345   4.9257814E-04
  1346   4.8396230E-04
  1347   4.7549719E-04
  1348   4.6718013E-04
  1349   4.5900856E-04
  1350   4.5097989E-04
  1351   4.4309167E-04
  1352   4.3534144E-04
  1353   4.2772677E-04
  1354   4.2024528E-04
  1355   4.1289465E-04
  1356   4.0567259E-04
  1357   3.9857684E-04
  1358   3.9160522E-04
  1359   3.8475555E-04
  1360   3.7802570E-04
  1361   3.7141354E-04
  1362   3.6491704E-04
  1363   3.5853416E-04
  1364   3.5226296E-04
  1365   3.4610141E-04
  1366   3.4004767E-04
  1367   3.3409978E-04
  1368   3.2825596E-04
  1369   3.2251433E-04
  1370   3.1687313E-04
  1371   3.1133063E-04
  1372   3.0588507E-04
  1373   3.0053474E-04
  1374   2.9527801E-04
  1375   2.9011321E-04
  1376   2.8503875E-04
  1377   2.8005306E-04
  1378   2.7515457E-04
  1379   2.7034178E-04
  1380   2.6561314E-04
  1381   2.6096724E-04
  1382   2.5640259E-04
  1383   2.5191778E-04
  1384   2.4751140E-04
  1385   2.4318212E-04
  1386   2.3892855E-04
  1387   2.3474939E-04
  1388   2.3064332E-04
  1389   2.2660906E-04
  1390   2.2264538E-04
  1391   2.1875103E-04
  1392   2.1492479E-04
  1393   2.1116549E-04
  1394   2.0747192E-04
  1395   2.0384298E-04
  1396   2.0027750E-04
  1397   1.9677439E-04
  1398   1.9333255E-04
  1399   1.8995092E-04
  1400   1.8662844E-04
  1401   1.8336407E-04
  1402   1.8015680E-04
  1403   1.7700563E-04
  1404   1.7390956E-04
  1405   1.7086767E-04
  1406   1.6787897E-04
  1407   1.6494255E-04
  1408   1.6205749E-04
  1409   1.5922291E-04
  1410   1.5643789E-04
  1411   1.5370159E-04
  1412   1.5101316E-04
  1413   1.4837174E-04
  1414   1.4577653E-04
  1415   1.4322670E-04
  1416   1.4072149E-04
  1417   1.3826009E-04
  1418   1.3584175E-04
  1419   1.3346570E-04
  1420   1.3113121E-04
  1421   1.2883756E-04
  1422   1.2658403E-04
  1423   1.2436991E-04
  1424   1.2219451E-04
  1425   1.2005718E-04
  1426   1.1795723E-04
  1427   1.1589401E-04
  1428   1.1386687E-04
  1429   1.1187519E-04
  1430   1.0991835E-04
  1431   1.0799574E-04
  1432   1.0610675E-04
  1433   1.0425081E-04
  1434   1.0242733E-04
  1435   1.0063574E-04
  1436   9.8875498E-05
  1437   9.8875498E-05
  1438   9.8875498E-05
  1439   9.8875498E-05
  1440   9.8875498E-05
  1441   9.8875498E-05
  1442   9.8875498E-05
  1443   9.8875498E-05
  1444   9.8875498E-05
  1445   9.8875498E-05
  1446   9.8875498E-05
  1447   9.8875498E-05
  1448   9.8875498E-05
  1449   9.8875498E-05
  1450   9.8875498E-05
  1451   9.8875498E-05
  1452   9.8875498E-05
  1453   9.8875498E-05
  1454   9.8875498E-05
  1455   9.8875498E-05
  1456   9.8875498E-05
  1457   9.8875498E-05
  1458   9.8875498E-05
  1459   9.8875498E-05
  1460   9.8875498E-05
  1461   9.8875498E-05
  1462   9.8875498E-05
  1463   9.8875498E-05
  1464   9.8875498E-05
  1465   9.8875498E-05
  1466   9.8875498E-05
  1467   9.8875498E-05
  1468   9.8875498E-05
  1469   9.8875498E-05
  1470   9.8875498E-05
  1471   9.8875498E-05
  1472   9.8875498E-05
  1473   9.8875498E-05
  1474   9.8875498E-05
  1475   9.8875498E-05
  1476   9.8875498E-05
  1477   9.8875498E-05
  1478   9.8875498E-05
  1479   9.8875498E-05
  1480   9.8875498E-05
  1481   9.8875498E-05
  1482   9.8875498E-05
  1483   9.8875498E-05
  1484   9.8875498E-05
  1485   9.8875498E-05
  1486   9.8875498E-05
  1487   9.8875498E-05
  1488   9.8875498E-05
  1489   9.8875498E-05
  1490   9.8875498E-05
  1491   9.8875498E-05
  1492   9.8875498E-05
  1493   9.8875498E-05
  1494   9.8875498E-05
  1495   9.8875498E-05
  1496   9.8875498E-05
  1497   9.8875498E-05
  1498   9.8875498E-05
  1499   9.8875498E-05
  1500   9.8875498E-05
  1501   9.8875498E-05
  1502   9.8875498E-05
  1503   9.8875498E-05
  1504   9.8875498E-05
  1505   9.8875498E-05
  1506   9.8875498E-05
  1507   9.8875498E-05
  1508   9.8875498E-05
  1509   9.8875498E-05
  1510   9.8875498E-05
  1511   9.8875498E-05
  1512   9.8875498E-05
  1513   9.8875498E-05
  1514   9.8875498E-05
  1515   9.8875498E-05
  1516   9.8875498E-05
  1517   9.8875498E-05
  1518   9.8875498E-05
  1519   9.8875498E-05
  1520   9.8875498E-05
  1521   9.8875498E-05
  1522   9.8875498E-05
  1523   9.8875498E-05
  1524   9.8875498E-05
  1525   9.8875498E-05
  1526   9.8875498E-05
  1527   9.8875498E-05
  1528   9.8875498E-05
  1529   9.8875498E-05
  1530   9.8875498E-05
  1531   9.8875498E-05
  1532   9.8875498E-05
  1533   9.8875498E-05
  1534   9.8875498E-05
  1535   9.8875498E-05
  1536   9.8875498E-05
  1537   9.8875498E-05
  1538   9.8875498E-05
  1539   9.8875498E-05
  1540   9.8875498E-05
  1541   9.8875498E-05
  1542   9.8875498E-05
  1543   9.8875498E-05
  1544   9.8875498E-05
  1545   9.8875498E-05
  1546   9.8875498E-05
  1547   9.8875498E-05
  1548   9.8875498E-05
  1549   9.8875498E-05
  1550   9.8875498E-05
  1551   9.8875498E-05
  1552   9.8875498E-05
  1553   9.8875498E-05
  1554   9.8875498E-05
  1555   9.8875498E-05
  1556   9.8875498E-05
  1557   9.8875498E-05
  1558   9.8875498E-05
  1559   9.8875498E-05
  1560   9.8875498E-05
  1561   9.8875498E-05
  1562   9.8875498E-05
  1563   9.8875498E-05
  1564   9.8875498E-05
  1565   9.8875498E-05
  1566   9.8875498E-05
  1567   9.8875498E-05
  1568   9.8875498E-05
  1569   9.8875498E-05
  1570   9.8875498E-05
  1571   9.8875498E-05
  1572   9.8875498E-05
  1573   9.8875498E-05
  1574   9.8875498E-05
  1575   9.8875498E-05
  1576   9.8875498E-05
  1577   9.8875498E-05
  1578   9.8875498E-05
  1579   9.8875498E-05
  1580   9.8875498E-05
  1581   9.8875498E-05
  1582   9.8875498E-05
  1583   9.8875498E-05
  1584   9.8875498E-05
  1585   9.8875498E-05
  1586   9.8875498E-05
  1587   9.8875498E-05
  1588   9.8875498E-05
  1589   9.8875498E-05
  1590   9.8875498E-05
  1591   9.8875498E-05
  1592   9.8875498E-05
  1593   9.8875498E-05
  1594   9.8875498E-05
  1595   9.8875498E-05
  1596   9.8875498E-05
  1597   9.8875498E-05
  1598   9.8875498E-05
  1599   9.8875498E-05
  1600   9.8875498E-05
  1601   9.8875498E-05
  1602   9.8875498E-05
  1603   9.8875498E-05
  1604   9.8875498E-05
  1605   9.8875498E-05
  1606   9.8875498E-05
  1607   9.8875498E-05
  1608   9.8875498E-05
  1609   9.8875498E-05
  1610   9.8875498E-05
  1611   9.8875498E-05
  1612   9.8875498E-05
  1613   9.8875498E-05
  1614   9.8875498E-05
  1615   9.8875498E-05
  1616   9.8875498E-05
  1617   9.8875498E-05
  1618   9.8875498E-05
  1619   9.8875498E-05
  1620   9.8875498E-05
  1621   9.8875498E-05
  1622   9.8875498E-05
  1623   9.8875498E-05
  1624   9.8875498E-05
  1625   9.8875498E-05
  1626   9.8875498E-05
  1627   9.8875498E-05
  1628   9.8875498E-05
  1629   9.8875498E-05
  1630   9.8875498E-05
  1631   9.8875498E-05
  1632   9.8875498E-05
  1633   9.8875498E-05
  1634   9.8875498E-05
  1635   9.8875498E-05
  1636   9.8875498E-05
  1637   9.8875498E-05
  1638   9.8875498E-05
  1639   9.8875498E-05
  1640   9.8875498E-05
  1641   9.8875498E-05
  1642   9.8875498E-05
  1643   9.8875498E-05
  1644   9.8875498E-05
  1645   9.8875498E-05
  1646   9.8875498E-05
  1647   9.8875498E-05
  1648   9.8875498E-05
  1649   9.8875498E-05
  1650   9.8875498E-05
  1651   9.8875498E-05
  1652   9.8875498E-05
  1653   9.8875498E-05
  1654   9.8875498E-05
  1655   9.8875498E-05
  1656   9.8875498E-05
  1657   9.8875498E-05
  1658   9.8875498E-05
  1659   9.8875498E-05
  1660   9.8875498E-05
  1661   9.8875498E-05
  1662   9.8875498E-05
  1663   9.8875498E-05
  1664   9.8875498E-05
  1665   9.8875498E-05
  1666   9.8875498E-05
  1667   9.8875498E-05
  1668   9.8875498E-05
  1669   9.8875498E-05
  1670   9.8875498E-05
  1671   9.8875498E-05
  1672   9.8875498E-05
  1673   9.8875498E-05
  1674   9.8875498E-05
  1675   9.8875498E-05
  1676   9.8875498E-05
  1677   9.8875498E-05
  1678   9.8875498E-05
  1679   9.8875498E-05
  1680   9.8875498E-05
  1681   9.8875498E-05
  1682   9.8875498E-05
  1683   9.8875498E-05
  1684   9.8875498E-05
  1685   9.8875498E-05
  1686   9.8875498E-05
  1687   9.8875498E-05
  1688   9.8875498E-05
  1689   9.8875498E-05
  1690   9.8875498E-05
  1691   9.8875498E-05
  1692   9.8875498E-05
  1693   9.8875498E-05
  1694   9.8875498E-05
  1695   9.8875498E-05
  1696   9.8875498E-05
  1697   9.8875498E-05
  1698   9.8875498E-05
  1699   9.8875498E-05
  1700   9.8875498E-05
  1701   9.8875498E-05
  1702   9.8875498E-05
  1703   9.8875498E-05
  1704   9.8875498E-05
  1705   9.8875498E-05
  1706   9.8875498E-05
  1707   9.8875498E-05
  1708   9.8875498E-05
  1709   9.8875498E-05
  1710   9.8875498E-05
  1711   9.8875498E-05
  1712   9.8875498E-05
  1713   9.8875498E-05
  1714   9.8875498E-05
  1715   9.8875498E-05
  1716   9.8875498E-05
  1717   9.8875498E-05
  1718   9.8875498E-05
  1719   9.8875498E-05
  1720   9.8875498E-05
  1721   9.8875498E-05
  1722   9.8875498E-05
  1723   9.8875498E-05
  1724   9.8875498E-05
  1725   9.8875498E-05
  1726   9.8875498E-05
  1727   9.8875498E-05
  1728   9.8875498E-05
  1729   9.8875498E-05
  1730   9.8875498E-05
  1731   9.8875498E-05
  1732   9.8875498E-05
  1733   9.8875498E-05
  1734   9.8875498E-05
  1735   9.8875498E-05
  1736   9.8875498E-05
  1737   9.8875498E-05
  1738   9.8875498E-05
  1739   9.8875498E-05
  1740   9.8875498E-05
  1741   9.8875498E-05
  1742   9.8875498E-05
  1743   9.8875498E-05
  1744   9.8875498E-05
  1745   9.8875498E-05
  1746   9.8875498E-05
  1747   9.8875498E-05
  1748   9.8875498E-05
  1749   9.8875498E-05
  1750   9.8875498E-05
  1751   9.8875498E-05
  1752   9.8875498E-05
  1753   9.8875498E-05
  1754   9.8875498E-05
  1755   9.8875498E-05
  1756   9.8875498E-05
  1757   9.8875498E-05
  1758   9.8875498E-05
  1759   9.8875498E-05
  1760   9.8875498E-05
  1761   9.8875498E-05
  1762   9.8875498E-05
  1763   9.8875498E-05
  1764   9.8875498E-05
  1765   9.8875498E-05
  1766   9.8875498E-05
  1767   9.8875498E-05
  1768   9.8875498E-05
  1769   9.8875498E-05
  1770   9.8875498E-05
  1771   9.8875498E-05
  1772   9.8875498E-05
  1773   9.8875498E-05
  1774   9.8875498E-05
  1775   9.8875498E-05
  1776   9.8875498E-05
  1777   9.8875498E-05
  1778   9.8875498E-05
  1779   9.8875498E-05
  1780   9.8875498E-05
  1781   9.8875498E-05
  1782   9.8875498E-05
  1783   9.8875498E-05
  1784   9.8875498E-05
  1785   9.8875498E-05
  1786   9.8875498E-05
  1787   9.8875498E-05
  1788   9.8875498E-05
  1789   9.8875498E-05
  1790   9.8875498E-05
  1791   9.8875498E-05
  1792   9.8875498E-05
  1793   9.8875498E-05
  1794   9.8875498E-05
  1795   9.8875498E-05
  1796   9.8875498E-05
  1797   9.8875498E-05
  1798   9.8875498E-05
  1799   9.8875498E-05
  1800   9.8875498E-05
  1801   9.8875498E-05
  1802   9.8875498E-05
  1803   9.8875498E-05
  1804   9.8875498E-05
  1805   9.8875498E-05
  1806   9.8875498E-05
  1807   9.8875498E-05
  1808   9.8875498E-05
  1809   9.8875498E-05
  1810   9.8875498E-05
  1811   9.8875498E-05
  1812   9.8875498E-05
  1813   9.8875498E-05
  1814   9.8875498E-05
  1815   9.8875498E-05
  1816   9.8875498E-05
  1817   9.8875498E-05
  1818   9.8875498E-05
  1819   9.8875498E-05
  1820   9.8875498E-05
  1821   9.8875498E-05
  1822   9.8875498E-05
  1823   9.8875498E-05
  1824   9.8875498E-05
  1825   9.8875498E-05
  1826   9.8875498E-05
  1827   9.8875498E-05
  1828   9.8875498E-05
  1829   9.8875498E-05
  1830   9.8875498E-05
  1831   9.8875498E-05
  1832   9.8875498E-05
  1833   9.8875498E-05
  1834   9.8875498E-05
  1835   9.8875498E-05
  1836   9.8875498E-05
  1837   9.8875498E-05
  1838   9.8875498E-05
  1839   9.8875498E-05
  1840   9.8875498E-05
  1841   9.8875498E-05
  1842   9.8875498E-05
  1843   9.8875498E-05
  1844   9.8875498E-05
  1845   9.8875498E-05
  1846   9.8875498E-05
  1847   9.8875498E-05
  1848   9.8875498E-05
  1849   9.8875498E-05
  1850   9.8875498E-05
  1851   9.8875498E-05
  1852   9.8875498E-05
  1853   9.8875498E-05
  1854   9.8875498E-05
  1855   9.8875498E-05
  1856   9.8875498E-05
  1857   9.8875498E-05
  1858   9.8875498E-05
  1859   9.8875498E-05
  1860   9.8875498E-05
  1861   9.8875498E-05
  1862   9.8875498E-05
  1863   9.8875498E-05
  1864   9.8875498E-05
  1865   9.8875498E-05
  1866   9.8875498E-05
  1867   9.8875498E-05
  1868   9.8875498E-05
  1869   9.8875498E-05
  1870   9.8875498E-05
  1871   9.8875498E-05
  1872   9.8875498E-05
  1873   9.8875498E-05
  1874   9.8875498E-05
  1875   9.8875498E-05
  1876   9.8875498E-05
  1877   9.8875498E-05
  1878   9.8875498E-05
  1879   9.8875498E-05
  1880   9.8875498E-05
  1881   9.8875498E-05
  1882   9.8875498E-05
  1883   9.8875498E-05
  1884   9.8875498E-05
  1885   9.8875498E-05
  1886   9.8875498E-05
  1887   9.8875498E-05
  1888   9.8875498E-05
  1889   9.8875498E-05
  1890   9.8875498E-05
  1891   9.8875498E-05
  1892   9.8875498E-05
  1893   9.8875498E-05
  1894   9.8875498E-05
  1895   9.8875498E-05
  1896   9.8875498E-05
  1897   9.8875498E-05
  1898   9.8875498E-05
  1899   9.8875498E-05
  1900   9.8875498E-05
  1901   9.8875498E-05
  1902   9.8875498E-05
  1903   9.8875498E-05
  1904   9.8875498E-05
  1905   9.8875498E-05
  1906   9.8875498E-05
  1907   9.8875498E-05
  1908   9.8875498E-05
  1909   9.8875498E-05
  1910   9.8875498E-05
  1911   9.8875498E-05
  1912   9.8875498E-05
  1913   9.8875498E-05
  1914   9.8875498E-05
  1915   9.8875498E-05
  1916   9.8875498E-05
  1917   9.8875498E-05
  1918   9.8875498E-05
  1919   9.8875498E-05
  1920   9.8875498E-05
  1921   9.8875498E-05
  1922   9.8875498E-05
  1923   9.8875498E-05
  1924   9.8875498E-05
  1925   9.8875498E-05
  1926   9.8875498E-05
  1927   9.8875498E-05
  1928   9.8875498E-05
  1929   9.8875498E-05
  1930   9.8875498E-05
  1931   9.8875498E-05
  1932   9.8875498E-05
  1933   9.8875498E-05
  1934   9.8875498E-05
  1935   9.8875498E-05
  1936   9.8875498E-05
  1937   9.8875498E-05
  1938   9.8875498E-05
  1939   9.8875498E-05
  1940   9.8875498E-05
  1941   9.8875498E-05
  1942   9.8875498E-05
  1943   9.8875498E-05
  1944   9.8875498E-05
  1945   9.8875498E-05
  1946   9.8875498E-05
  1947   9.8875498E-05
  1948   9.8875498E-05
  1949   9.8875498E-05
  1950   9.8875498E-05
  1951   9.8875498E-05
  1952   9.8875498E-05
  1953   9.8875498E-05
  1954   9.8875498E-05
  1955   9.8875498E-05
  1956   9.8875498E-05
  1957   9.8875498E-05
  1958   9.8875498E-05
  1959   9.8875498E-05
  1960   9.8875498E-05
  1961   9.8875498E-05
  1962   9.8875498E-05
  1963   9.8875498E-05
  1964   9.8875498E-05
  1965   9.8875498E-05
  1966   9.8875498E-05
  1967   9.8875498E-05
  1968   9.8875498E-05
  1969   9.8875498E-05
  1970   9.8875498E-05
  1971   9.8875498E-05
  1972   9.8875498E-05
  1973   9.8875498E-05
  1974   9.8875498E-05
  1975   9.8875498E-05
  1976   9.8875498E-05
  1977   9.8875498E-05
  1978   9.8875498E-05
  1979   9.8875498E-05
  1980   9.8875498E-05
  1981   9.8875498E-05
  1982   9.8875498E-05
  1983   9.8875498E-05
  1984   9.8875498E-05
  1985   9.8875498E-05
  1986   9.8875498E-05
  1987   9.8875498E-05
  1988   9.8875498E-05
  1989   9.8875498E-05
  1990   9.8875498E-05
  1991   9.8875498E-05
  1992   9.8875498E-05
  1993   9.8875498E-05
  1994   9.8875498E-05
  1995   9.8875498E-05
  1996   9.8875498E-05
  1997   9.8875498E-05
  1998   9.8875498E-05
  1999   9.8875498E-05
  2000   9.8875498E-05
  2001   9.8875498E-05
  2002   9.8875498E-05
  2003   9.8875498E-05
  2004   9.8875498E-05
  2005   9.8875498E-05
  2006   9.8875498E-05
  2007   9.8875498E-05
  2008   9.8875498E-05
  2009   9.8875498E-05
  2010   9.8875498E-05
  2011   9.8875498E-05
  2012   9.8875498E-05
  2013   9.8875498E-05
  2014   9.8875498E-05
  2015   9.8875498E-05
  2016   9.8875498E-05
  2017   9.8875498E-05
  2018   9.8875498E-05
  2019   9.8875498E-05
  2020   9.8875498E-05
  2021   9.8875498E-05
  2022   9.8875498E-05
  2023   9.8875498E-05
  2024   9.8875498E-05
  2025   9.8875498E-05
  2026   9.8875498E-05
  2027   9.8875498E-05
  2028   9.8875498E-05
  2029   9.8875498E-05
  2030   9.8875498E-05
  2031   9.8875498E-05
  2032   9.8875498E-05
  2033   9.8875498E-05
  2034   9.8875498E-05
  2035   9.8875498E-05
  2036   9.8875498E-05
  2037   9.8875498E-05
  2038   9.8875498E-05
  2039   9.8875498E-05
  2040   9.8875498E-05
  2041   9.8875498E-05
  2042   9.8875498E-05
  2043   9.8875498E-05
  2044   9.8875498E-05
  2045   9.8875498E-05
  2046   9.8875498E-05
  2047   9.8875498E-05
  2048   9.8875498E-05
  2049   9.8875498E-05
  2050   9.8875498E-05
  2051   9.8875498E-05
  2052   9.8875498E-05
  2053   9.8875498E-05
  2054   9.8875498E-05
  2055   9.8875498E-05
  2056   9.8875498E-05
  2057   9.8875498E-05
  2058   9.8875498E-05
  2059   9.8875498E-05
  2060   9.8875498E-05
  2061   9.8875498E-05
  2062   9.8875498E-05
  2063   9.8875498E-05
  2064   9.8875498E-05
  2065   9.8875498E-05
  2066   9.8875498E-05
  2067   9.8875498E-05
  2068   9.8875498E-05
  2069   9.8875498E-05
  2070   9.8875498E-05
  2071   9.8875498E-05
  2072   9.8875498E-05
  2073   9.8875498E-05
  2074   9.8875498E-05
  2075   9.8875498E-05
  2076   9.8875498E-05
  2077   9.8875498E-05
  2078   9.8875498E-05
  2079   9.8875498E-05
  2080   9.8875498E-05
  2081   9.8875498E-05
  2082   9.8875498E-05
  2083   9.8875498E-05
  2084   9.8875498E-05
  2085   9.8875498E-05
  2086   9.8875498E-05
  2087   9.8875498E-05
  2088   9.8875498E-05
  2089   9.8875498E-05
  2090   9.8875498E-05
  2091   9.8875498E-05
  2092   9.8875498E-05
  2093   9.8875498E-05
  2094   9.8875498E-05
  2095   9.8875498E-05
  2096   9.8875498E-05
  2097   9.8875498E-05
  2098   9.8875498E-05
  2099   9.8875498E-05
  2100   9.8875498E-05
  2101   9.8875498E-05
  2102   9.8875498E-05
  2103   9.8875498E-05
  2104   9.8875498E-05
  2105   9.8875498E-05
  2106   9.8875498E-05
  2107   9.8875498E-05
  2108   9.8875498E-05
  2109   9.8875498E-05
  2110   9.8875498E-05
  2111   9.8875498E-05
  2112   9.8875498E-05
  2113   9.8875498E-05
  2114   9.8875498E-05
  2115   9.8875498E-05
  2116   9.8875498E-05
  2117   9.8875498E-05
  2118   9.8875498E-05
  2119   9.8875498E-05
  2120   9.8875498E-05
  2121   9.8875498E-05
  2122   9.8875498E-05
  2123   9.8875498E-05
  2124   9.8875498E-05
  2125   9.8875498E-05
  2126   9.8875498E-05
  2127   9.8875498E-05
  2128   9.8875498E-05
  2129   9.8875498E-05
  2130   9.8875498E-05
  2131   9.8875498E-05
  2132   9.8875498E-05
  2133   9.8875498E-05
  2134   9.8875498E-05
  2135   9.8875498E-05
  2136   9.8875498E-05
  2137   9.8875498E-05
  2138   9.8875498E-05
  2139   9.8875498E-05
  2140   9.8875498E-05
  2141   9.8875498E-05
  2142   9.8875498E-05
  2143   9.8875498E-05
  2144   9.8875498E-05
  2145   9.8875498E-05
  2146   9.8875498E-05
  2147   9.8875498E-05
  2148   9.8875498E-05
  2149   9.8875498E-05
  2150   9.8875498E-05
  2151   9.8875498E-05
  2152   9.8875498E-05
  2153   9.8875498E-05
  2154   9.8875498E-05
  2155   9.8875498E-05
  2156   9.8875498E-05
  2157   9.8875498E-05
  2158   9.8875498E-05
  2159   9.8875498E-05
  2160   9.8875498E-05
  2161   9.8875498E-05
  2162   9.8875498E-05
  2163   9.8875498E-05
  2164   9.8875498E-05
  2165   9.8875498E-05
  2166   9.8875498E-05
  2167   9.8875498E-05
  2168   9.8875498E-05
  2169   9.8875498E-05
  2170   9.8875498E-05
  2171   9.8875498E-05
  2172   9.8875498E-05
  2173   9.8875498E-05
  2174   9.8875498E-05
  2175   9.8875498E-05
  2176   9.8875498E-05
  2177   9.8875498E-05
  2178   9.8875498E-05
  2179   9.8875498E-05
  2180   9.8875498E-05
  2181   9.8875498E-05
  2182   9.8875498E-05
  2183   9.8875498E-05
  2184   9.8875498E-05
  2185   9.8875498E-05
  2186   9.8875498E-05
  2187   9.8875498E-05
  2188   9.8875498E-05
  2189   9.8875498E-05
  2190   9.8875498E-05
  2191   9.8875498E-05
  2192   9.8875498E-05
  2193   9.8875498E-05
  2194   9.8875498E-05
  2195   9.8875498E-05
  2196   9.8875498E-05
  2197   9.8875498E-05
  2198   9.8875498E-05
  2199   9.8875498E-05
  2200   9.8875498E-05
  2201   9.8875498E-05
  2202   9.8875498E-05
  2203   9.8875498E-05
  2204   9.8875498E-05
  2205   9.8875498E-05
  2206   9.8875498E-05
  2207   9.8875498E-05
  2208   9.8875498E-05
  2209   9.8875498E-05
  2210   9.8875498E-05
  2211   9.8875498E-05
  2212   9.8875498E-05
  2213   9.8875498E-05
  2214   9.8875498E-05
  2215   9.8875498E-05
  2216   9.8875498E-05
  2217   9.8875498E-05
  2218   9.8875498E-05
  2219   9.8875498E-05
  2220   9.8875498E-05
  2221   9.8875498E-05
  2222   9.8875498E-05
  2223   9.8875498E-05
  2224   9.8875498E-05
  2225   9.8875498E-05
  2226   9.8875498E-05
  2227   9.8875498E-05
  2228   9.8875498E-05
  2229   9.8875498E-05
  2230   9.8875498E-05
  2231   9.8875498E-05
  2232   9.8875498E-05
  2233   9.8875498E-05
  2234   9.8875498E-05
  2235   9.8875498E-05
  2236   9.8875498E-05
  2237   9.8875498E-05
  2238   9.8875498E-05
  2239   9.8875498E-05
  2240   9.8875498E-05
  2241   9.8875498E-05
  2242   9.8875498E-05
  2243   9.8875498E-05
  2244   9.8875498E-05
  2245   9.8875498E-05
  2246   9.8875498E-05
  2247   9.8875498E-05
  2248   9.8875498E-05
  2249   9.8875498E-05
  2250   9.8875498E-05
  2251   9.8875498E-05
  2252   9.8875498E-05
  2253   9.8875498E-05
  2254   9.8875498E-05
  2255   9.8875498E-05
  2256   9.8875498E-05
  2257   9.8875498E-05
  2258   9.8875498E-05
  2259   9.8875498E-05
  2260   9.8875498E-05
  2261   9.8875498E-05
  2262   9.8875498E-05
  2263   9.8875498E-05
  2264   9.8875498E-05
  2265   9.8875498E-05
  2266   9.8875498E-05
  2267   9.8875498E-05
  2268   9.8875498E-05
  2269   9.8875498E-05
  2270   9.8875498E-05
  2271   9.8875498E-05
  2272   9.8875498E-05
  2273   9.8875498E-05
  2274   9.8875498E-05
  2275   9.8875498E-05
  2276   9.8875498E-05
  2277   9.8875498E-05
  2278   9.8875498E-05
  2279   9.8875498E-05
  2280   9.8875498E-05
  2281   9.8875498E-05
  2282   9.8875498E-05
  2283   9.8875498E-05
  2284   9.8875498E-05
  2285   9.8875498E-05
  2286   9.8875498E-05
  2287   9.8875498E-05
  2288   9.8875498E-05
  2289   9.8875498E-05
  2290   9.8875498E-05
  2291   9.8875498E-05
  2292   9.8875498E-05
  2293   9.8875498E-05
  2294   9.8875498E-05
  2295   9.8875498E-05
  2296   9.8875498E-05
  2297   9.8875498E-05
  2298   9.8875498E-05
  2299   9.8875498E-05
  2300   9.8875498E-05
  2301   9.8875498E-05
  2302   9.8875498E-05
  2303   9.8875498E-05
  2304   9.8875498E-05
  2305   9.8875498E-05
  2306   9.8875498E-05
  2307   9.8875498E-05
  2308   9.8875498E-05
  2309   9.8875498E-05
  2310   9.8875498E-05
  2311   9.8875498E-05
  2312   9.8875498E-05
  2313   9.8875498E-05
  2314   9.8875498E-05
  2315   9.8875498E-05
  2316   9.8875498E-05
  2317   9.8875498E-05
  2318   9.8875498E-05
  2319   9.8875498E-05
  2320   9.8875498E-05
  2321   9.8875498E-05
  2322   9.8875498E-05
  2323   9.8875498E-05
  2324   9.8875498E-05
  2325   9.8875498E-05
  2326   9.8875498E-05
  2327   9.8875498E-05
  2328   9.8875498E-05
  2329   9.8875498E-05
  2330   9.8875498E-05
  2331   9.8875498E-05
  2332   9.8875498E-05
  2333   9.8875498E-05
  2334   9.8875498E-05
  2335   9.8875498E-05
  2336   9.8875498E-05
  2337   9.8875498E-05
  2338   9.8875498E-05
  2339   9.8875498E-05
  2340   9.8875498E-05
  2341   9.8875498E-05
  2342   9.8875498E-05
  2343   9.8875498E-05
  2344   9.8875498E-05
  2345   9.8875498E-05
  2346   9.8875498E-05
  2347   9.8875498E-05
  2348   9.8875498E-05
  2349   9.8875498E-05
  2350   9.8875498E-05
  2351   9.8875498E-05
  2352   9.8875498E-05
  2353   9.8875498E-05
  2354   9.8875498E-05
  2355   9.8875498E-05
  2356   9.8875498E-05
  2357   9.8875498E-05
  2358   9.8875498E-05
  2359   9.8875498E-05
  2360   9.8875498E-05
  2361   9.8875498E-05
  2362   9.8875498E-05
  2363   9.8875498E-05
  2364   9.8875498E-05
  2365   9.8875498E-05
  2366   9.8875498E-05
  2367   9.8875498E-05
  2368   9.8875498E-05
  2369   9.8875498E-05
  2370   9.8875498E-05
  2371   9.8875498E-05
  2372   9.8875498E-05
  2373   9.8875498E-05
  2374   9.8875498E-05
  2375   9.8875498E-05
  2376   9.8875498E-05
  2377   9.8875498E-05
  2378   9.8875498E-05
  2379   9.8875498E-05
  2380   9.8875498E-05
  2381   9.8875498E-05
  2382   9.8875498E-05
  2383   9.8875498E-05
  2384   9.8875498E-05
  2385   9.8875498E-05
  2386   9.8875498E-05
  2387   9.8875498E-05
  2388   9.8875498E-05
  2389   9.8875498E-05
  2390   9.8875498E-05
  2391   9.8875498E-05
  2392   9.8875498E-05
  2393   9.8875498E-05
  2394   9.8875498E-05
  2395   9.8875498E-05
  2396   9.8875498E-05
  2397   9.8875498E-05
  2398   9.8875498E-05
  2399   9.8875498E-05
  2400   9.8875498E-05
  2401   9.8875498E-05
  2402   9.8875498E-05
  2403   9.8875498E-05
  2404   9.8875498E-05
  2405   9.8875498E-05
  2406   9.8875498E-05
  2407   9.8875498E-05
  2408   9.8875498E-05
  2409   9.8875498E-05
  2410   9.8875498E-05
  2411   9.8875498E-05
  2412   9.8875498E-05
  2413   9.8875498E-05
  2414   9.8875498E-05
  2415   9.8875498E-05
  2416   9.8875498E-05
  2417   9.8875498E-05
  2418   9.8875498E-05
  2419   9.8875498E-05
  2420   9.8875498E-05
  2421   9.8875498E-05
  2422   9.8875498E-05
  2423   9.8875498E-05
  2424   9.8875498E-05
  2425   9.8875498E-05
  2426   9.8875498E-05
  2427   9.8875498E-05
  2428   9.8875498E-05
  2429   9.8875498E-05
  2430   9.8875498E-05
  2431   9.8875498E-05
  2432   9.8875498E-05
  2433   9.8875498E-05
  2434   9.8875498E-05
  2435   9.8875498E-05
  2436   9.8875498E-05
  2437   9.8875498E-05
  2438   9.8875498E-05
  2439   9.8875498E-05
  2440   9.8875498E-05
  2441   9.8875498E-05
  2442   9.8875498E-05
  2443   9.8875498E-05
  2444   9.8875498E-05
  2445   9.8875498E-05
  2446   9.8875498E-05
  2447   9.8875498E-05
  2448   9.8875498E-05
  2449   9.8875498E-05
  2450   9.8875498E-05
  2451   9.8875498E-05
  2452   9.8875498E-05
  2453   9.8875498E-05
  2454   9.8875498E-05
  2455   9.8875498E-05
  2456   9.8875498E-05
  2457   9.8875498E-05
  2458   9.8875498E-05
  2459   9.8875498E-05
  2460   9.8875498E-05
  2461   9.8875498E-05
  2462   9.8875498E-05
  2463   9.8875498E-05
  2464   9.8875498E-05
  2465   9.8875498E-05
  2466   9.8875498E-05
  2467   9.8875498E-05
  2468   9.8875498E-05
  2469   9.8875498E-05
  2470   9.8875498E-05
  2471   9.8875498E-05
  2472   9.8875498E-05
  2473   9.8875498E-05
  2474   9.8875498E-05
  2475   9.8875498E-05
  2476   9.8875498E-05
  2477   9.8875498E-05
  2478   9.8875498E-05
  2479   9.8875498E-05
  2480   9.8875498E-05
  2481   9.8875498E-05
  2482   9.8875498E-05
  2483   9.8875498E-05
  2484   9.8875498E-05
  2485   9.8875498E-05
  2486   9.8875498E-05
  2487   9.8875498E-05
  2488   9.8875498E-05
  2489   9.8875498E-05
  2490   9.8875498E-05
  2491   9.8875498E-05
  2492   9.8875498E-05
  2493   9.8875498E-05
  2494   9.8875498E-05
  2495   9.8875498E-05
  2496   9.8875498E-05
  2497   9.8875498E-05
  2498   9.8875498E-05
  2499   9.8875498E-05
  2500   9.8875498E-05
  2501   9.8875498E-05
  2502   9.8875498E-05
  2503   9.8875498E-05
  2504   9.8875498E-05
  2505   9.8875498E-05
  2506   9.8875498E-05
  2507   9.8875498E-05
  2508   9.8875498E-05
  2509   9.8875498E-05
  2510   9.8875498E-05
  2511   9.8875498E-05
  2512   9.8875498E-05
  2513   9.8875498E-05
  2514   9.8875498E-05
  2515   9.8875498E-05
  2516   9.8875498E-05
  2517   9.8875498E-05
  2518   9.8875498E-05
  2519   9.8875498E-05
  2520   9.8875498E-05
  2521   9.8875498E-05
  2522   9.8875498E-05
  2523   9.8875498E-05
  2524   9.8875498E-05
  2525   9.8875498E-05
  2526   9.8875498E-05
  2527   9.8875498E-05
  2528   9.8875498E-05
  2529   9.8875498E-05
  2530   9.8875498E-05
  2531   9.8875498E-05
  2532   9.8875498E-05
  2533   9.8875498E-05
  2534   9.8875498E-05
  2535   9.8875498E-05
  2536   9.8875498E-05
  2537   9.8875498E-05
  2538   9.8875498E-05
  2539   9.8875498E-05
  2540   9.8875498E-05
  2541   9.8875498E-05
  2542   9.8875498E-05
  2543   9.8875498E-05
  2544   9.8875498E-05
  2545   9.8875498E-05
  2546   9.8875498E-05
  2547   9.8875498E-05
  2548   9.8875498E-05
  2549   9.8875498E-05
  2550   9.8875498E-05
  2551   9.8875498E-05
  2552   9.8875498E-05
  2553   9.8875498E-05
  2554   9.8875498E-05
  2555   9.8875498E-05
  2556   9.8875498E-05
  2557   9.8875498E-05
  2558   9.8875498E-05
  2559   9.8875498E-05
  2560   9.8875498E-05
  2561   9.8875498E-05
  2562   9.8875498E-05
  2563   9.8875498E-05
  2564   9.8875498E-05
  2565   9.8875498E-05
  2566   9.8875498E-05
  2567   9.8875498E-05
  2568   9.8875498E-05
  2569   9.8875498E-05
  2570   9.8875498E-05
  2571   9.8875498E-05
  2572   9.8875498E-05
  2573   9.8875498E-05
  2574   9.8875498E-05
  2575   9.8875498E-05
  2576   9.8875498E-05
  2577   9.8875498E-05
  2578   9.8875498E-05
  2579   9.8875498E-05
  2580   9.8875498E-05
  2581   9.8875498E-05
  2582   9.8875498E-05
  2583   9.8875498E-05
  2584   9.8875498E-05
  2585   9.8875498E-05
  2586   9.8875498E-05
  2587   9.8875498E-05
  2588   9.8875498E-05
  2589   9.8875498E-05
  2590   9.8875498E-05
  2591   9.8875498E-05
  2592   9.8875498E-05
  2593   9.8875498E-05
  2594   9.8875498E-05
  2595   9.8875498E-05
  2596   9.8875498E-05
  2597   9.8875498E-05
  2598   9.8875498E-05
  2599   9.8875498E-05
  2600   9.8875498E-05
  2601   9.8875498E-05
  2602   9.8875498E-05
  2603   9.8875498E-05
  2604   9.8875498E-05
  2605   9.8875498E-05
  2606   9.8875498E-05
  2607   9.8875498E-05
  2608   9.8875498E-05
  2609   9.8875498E-05
  2610   9.8875498E-05
  2611   9.8875498E-05
  2612   9.8875498E-05
  2613   9.8875498E-05
  2614   9.8875498E-05
  2615   9.8875498E-05
  2616   9.8875498E-05
  2617   9.8875498E-05
  2618   9.8875498E-05
  2619   9.8875498E-05
  2620   9.8875498E-05
  2621   9.8875498E-05
  2622   9.8875498E-05
  2623   9.8875498E-05
  2624   9.8875498E-05
  2625   9.8875498E-05
  2626   9.8875498E-05
  2627   9.8875498E-05
  2628   9.8875498E-05
  2629   9.8875498E-05
  2630   9.8875498E-05
  2631   9.8875498E-05
  2632   9.8875498E-05
  2633   9.8875498E-05
  2634   9.8875498E-05
  2635   9.8875498E-05
  2636   9.8875498E-05
  2637   9.8875498E-05
  2638   9.8875498E-05
  2639   9.8875498E-05
  2640   9.8875498E-05
  2641   9.8875498E-05
  2642   9.8875498E-05
  2643   9.8875498E-05
  2644   9.8875498E-05
  2645   9.8875498E-05
  2646   9.8875498E-05
  2647   9.8875498E-05
  2648   9.8875498E-05
  2649   9.8875498E-05
  2650   9.8875498E-05
  2651   9.8875498E-05
  2652   9.8875498E-05
  2653   9.8875498E-05
  2654   9.8875498E-05
  2655   9.8875498E-05
  2656   9.8875498E-05
  2657   9.8875498E-05
  2658   9.8875498E-05
  2659   9.8875498E-05
  2660   9.8875498E-05
  2661   9.8875498E-05
  2662   9.8875498E-05
  2663   9.8875498E-05
  2664   9.8875498E-05
  2665   9.8875498E-05
  2666   9.8875498E-05
  2667   9.8875498E-05
  2668   9.8875498E-05
  2669   9.8875498E-05
  2670   9.8875498E-05
  2671   9.8875498E-05
  2672   9.8875498E-05
  2673   9.8875498E-05
  2674   9.8875498E-05
  2675   9.8875498E-05
  2676   9.8875498E-05
  2677   9.8875498E-05
  2678   9.8875498E-05
  2679   9.8875498E-05
  2680   9.8875498E-05
  2681   9.8875498E-05
  2682   9.8875498E-05
  2683   9.8875498E-05
  2684   9.8875498E-05
  2685   9.8875498E-05
  2686   9.8875498E-05
  2687   9.8875498E-05
  2688   9.8875498E-05
  2689   9.8875498E-05
  2690   9.8875498E-05
  2691   9.8875498E-05
  2692   9.8875498E-05
  2693   9.8875498E-05
  2694   9.8875498E-05
  2695   9.8875498E-05
  2696   9.8875498E-05
  2697   9.8875498E-05
  2698   9.8875498E-05
  2699   9.8875498E-05
  2700   9.8875498E-05
  2701   9.8875498E-05
  2702   9.8875498E-05
  2703   9.8875498E-05
  2704   9.8875498E-05
  2705   9.8875498E-05
  2706   9.8875498E-05
  2707   9.8875498E-05
  2708   9.8875498E-05
  2709   9.8875498E-05
  2710   9.8875498E-05
  2711   9.8875498E-05
  2712   9.8875498E-05
  2713   9.8875498E-05
  2714   9.8875498E-05
  2715   9.8875498E-05
  2716   9.8875498E-05
  2717   9.8875498E-05
  2718   9.8875498E-05
  2719   9.8875498E-05
  2720   9.8875498E-05
  2721   9.8875498E-05
  2722   9.8875498E-05
  2723   9.8875498E-05
  2724   9.8875498E-05
  2725   9.8875498E-05
  2726   9.8875498E-05
  2727   9.8875498E-05
  2728   9.8875498E-05
  2729   9.8875498E-05
  2730   9.8875498E-05
  2731   9.8875498E-05
  2732   9.8875498E-05
  2733   9.8875498E-05
  2734   9.8875498E-05
  2735   9.8875498E-05
  2736   9.8875498E-05
  2737   9.8875498E-05
  2738   9.8875498E-05
  2739   9.8875498E-05
  2740   9.8875498E-05
  2741   9.8875498E-05
  2742   9.8875498E-05
  2743   9.8875498E-05
  2744   9.8875498E-05
  2745   9.8875498E-05
  2746   9.8875498E-05
  2747   9.8875498E-05
  2748   9.8875498E-05
  2749   9.8875498E-05
  2750   9.8875498E-05
  2751   9.8875498E-05
  2752   9.8875498E-05
  2753   9.8875498E-05
  2754   9.8875498E-05
  2755   9.8875498E-05
  2756   9.8875498E-05
  2757   9.8875498E-05
  2758   9.8875498E-05
  2759   9.8875498E-05
  2760   9.8875498E-05
  2761   9.8875498E-05
  2762   9.8875498E-05
  2763   9.8875498E-05
  2764   9.8875498E-05
  2765   9.8875498E-05
  2766   9.8875498E-05
  2767   9.8875498E-05
  2768   9.8875498E-05
  2769   9.8875498E-05
  2770   9.8875498E-05
  2771   9.8875498E-05
  2772   9.8875498E-05
  2773   9.8875498E-05
  2774   9.8875498E-05
  2775   9.8875498E-05
  2776   9.8875498E-05
  2777   9.8875498E-05
  2778   9.8875498E-05
  2779   9.8875498E-05
  2780   9.8875498E-05
  2781   9.8875498E-05
  2782   9.8875498E-05
  2783   9.8875498E-05
  2784   9.8875498E-05
  2785   9.8875498E-05
  2786   9.8875498E-05
  2787   9.8875498E-05
  2788   9.8875498E-05
  2789   9.8875498E-05
  2790   9.8875498E-05
  2791   9.8875498E-05
  2792   9.8875498E-05
  2793   9.8875498E-05
  2794   9.8875498E-05
  2795   9.8875498E-05
  2796   9.8875498E-05
  2797   9.8875498E-05
  2798   9.8875498E-05
  2799   9.8875498E-05
  2800   9.8875498E-05
  2801   9.8875498E-05
  2802   9.8875498E-05
  2803   9.8875498E-05
  2804   9.8875498E-05
  2805   9.8875498E-05
  2806   9.8875498E-05
  2807   9.8875498E-05
  2808   9.8875498E-05
  2809   9.8875498E-05
  2810   9.8875498E-05
  2811   9.8875498E-05
  2812   9.8875498E-05
  2813   9.8875498E-05
  2814   9.8875498E-05
  2815   9.8875498E-05
  2816   9.8875498E-05
  2817   9.8875498E-05
  2818   9.8875498E-05
  2819   9.8875498E-05
  2820   9.8875498E-05
  2821   9.8875498E-05
  2822   9.8875498E-05
  2823   9.8875498E-05
  2824   9.8875498E-05
  2825   9.8875498E-05
  2826   9.8875498E-05
  2827   9.8875498E-05
  2828   9.8875498E-05
  2829   9.8875498E-05
  2830   9.8875498E-05
  2831   9.8875498E-05
  2832   9.8875498E-05
  2833   9.8875498E-05
  2834   9.8875498E-05
  2835   9.8875498E-05
  2836   9.8875498E-05
  2837   9.8875498E-05
  2838   9.8875498E-05
  2839   9.8875498E-05
  2840   9.8875498E-05
  2841   9.8875498E-05
  2842   9.8875498E-05
  2843   9.8875498E-05
  2844   9.8875498E-05
  2845   9.8875498E-05
  2846   9.8875498E-05
  2847   9.8875498E-05
  2848   9.8875498E-05
  2849   9.8875498E-05
  2850   9.8875498E-05
  2851   9.8875498E-05
  2852   9.8875498E-05
  2853   9.8875498E-05
  2854   9.8875498E-05
  2855   9.8875498E-05
  2856   9.8875498E-05
  2857   9.8875498E-05
  2858   9.8875498E-05
  2859   9.8875498E-05
  2860   9.8875498E-05
  2861   9.8875498E-05
  2862   9.8875498E-05
  2863   9.8875498E-05
  2864   9.8875498E-05
  2865   9.8875498E-05
  2866   9.8875498E-05
  2867   9.8875498E-05
  2868   9.8875498E-05
  2869   9.8875498E-05
  2870   9.8875498E-05
  2871   9.8875498E-05
  2872   9.8875498E-05
  2873   9.8875498E-05
  2874   9.8875498E-05
  2875   9.8875498E-05
  2876   9.8875498E-05
  2877   9.8875498E-05
  2878   9.8875498E-05
  2879   9.8875498E-05
  2880   9.8875498E-05
  2881   9.8875498E-05
  2882   9.8875498E-05
  2883   9.8875498E-05
  2884   9.8875498E-05
  2885   9.8875498E-05
  2886   9.8875498E-05
  2887   9.8875498E-05
  2888   9.8875498E-05
  2889   9.8875498E-05
  2890   9.8875498E-05
  2891   9.8875498E-05
  2892   9.8875498E-05
  2893   9.8875498E-05
  2894   9.8875498E-05
  2895   9.8875498E-05
  2896   9.8875498E-05
  2897   9.8875498E-05
  2898   9.8875498E-05
  2899   9.8875498E-05
  2900   9.8875498E-05
  2901   9.8875498E-05
  2902   9.8875498E-05
  2903   9.8875498E-05
  2904   9.8875498E-05
  2905   9.8875498E-05
  2906   9.8875498E-05
  2907   9.8875498E-05
  2908   9.8875498E-05
  2909   9.8875498E-05
  2910   9.8875498E-05
  2911   9.8875498E-05
  2912   9.8875498E-05
  2913   9.8875498E-05
  2914   9.8875498E-05
  2915   9.8875498E-05
  2916   9.8875498E-05
  2917   9.8875498E-05
  2918   9.8875498E-05
  2919   9.8875498E-05
  2920   9.8875498E-05
  2921   9.8875498E-05
  2922   9.8875498E-05
  2923   9.8875498E-05
  2924   9.8875498E-05
  2925   9.8875498E-05
  2926   9.8875498E-05
  2927   9.8875498E-05
  2928   9.8875498E-05
  2929   9.8875498E-05
  2930   9.8875498E-05
  2931   9.8875498E-05
  2932   9.8875498E-05
  2933   9.8875498E-05
  2934   9.8875498E-05
  2935   9.8875498E-05
  2936   9.8875498E-05
  2937   9.8875498E-05
  2938   9.8875498E-05
  2939   9.8875498E-05
  2940   9.8875498E-05
  2941   9.8875498E-05
  2942   9.8875498E-05
  2943   9.8875498E-05
  2944   9.8875498E-05
  2945   9.8875498E-05
  2946   9.8875498E-05
  2947   9.8875498E-05
  2948   9.8875498E-05
  2949   9.8875498E-05
  2950   9.8875498E-05
  2951   9.8875498E-05
  2952   9.8875498E-05
  2953   9.8875498E-05
  2954   9.8875498E-05
  2955   9.8875498E-05
  2956   9.8875498E-05
  2957   9.8875498E-05
  2958   9.8875498E-05
  2959   9.8875498E-05
  2960   9.8875498E-05
  2961   9.8875498E-05
  2962   9.8875498E-05
  2963   9.8875498E-05
  2964   9.8875498E-05
  2965   9.8875498E-05
  2966   9.8875498E-05
  2967   9.8875498E-05
  2968   9.8875498E-05
  2969   9.8875498E-05
  2970   9.8875498E-05
  2971   9.8875498E-05
  2972   9.8875498E-05
  2973   9.8875498E-05
  2974   9.8875498E-05
  2975   9.8875498E-05
  2976   9.8875498E-05
  2977   9.8875498E-05
  2978   9.8875498E-05
  2979   9.8875498E-05
  2980   9.8875498E-05
  2981   9.8875498E-05
  2982   9.8875498E-05
  2983   9.8875498E-05
  2984   9.8875498E-05
  2985   9.8875498E-05
  2986   9.8875498E-05
  2987   9.8875498E-05
  2988   9.8875498E-05
  2989   9.8875498E-05
  2990   9.8875498E-05
  2991   9.8875498E-05
  2992   9.8875498E-05
  2993   9.8875498E-05
  2994   9.8875498E-05
  2995   9.8875498E-05
  2996   9.8875498E-05
  2997   9.8875498E-05
  2998   9.8875498E-05
  2999   9.8875498E-05
  3000   9.8875498E-05
  3001   9.8875498E-05
  3002   9.8875498E-05
  3003   9.8875498E-05
  3004   9.8875498E-05
  3005   9.8875498E-05
  3006   9.8875498E-05
  3007   9.8875498E-05
  3008   9.8875498E-05
  3009   9.8875498E-05
  3010   9.8875498E-05
  3011   9.8875498E-05
  3012   9.8875498E-05
  3013   9.8875498E-05
  3014   9.8875498E-05
  3015   9.8875498E-05
  3016   9.8875498E-05
  3017   9.8875498E-05
  3018   9.8875498E-05
  3019   9.8875498E-05
  3020   9.8875498E-05
  3021   9.8875498E-05
  3022   9.8875498E-05
  3023   9.8875498E-05
  3024   9.8875498E-05
  3025   9.8875498E-05
  3026   9.8875498E-05
  3027   9.8875498E-05
  3028   9.8875498E-05
  3029   9.8875498E-05
  3030   9.8875498E-05
  3031   9.8875498E-05
  3032   9.8875498E-05
  3033   9.8875498E-05
  3034   9.8875498E-05
  3035   9.8875498E-05
  3036   9.8875498E-05
  3037   9.8875498E-05
  3038   9.8875498E-05
  3039   9.8875498E-05
  3040   9.8875498E-05
  3041   9.8875498E-05
  3042   9.8875498E-05
  3043   9.8875498E-05
  3044   9.8875498E-05
  3045   9.8875498E-05
  3046   9.8875498E-05
  3047   9.8875498E-05
  3048   9.8875498E-05
  3049   9.8875498E-05
  3050   9.8875498E-05
  3051   9.8875498E-05
  3052   9.8875498E-05
  3053   9.8875498E-05
  3054   9.8875498E-05
  3055   9.8875498E-05
  3056   9.8875498E-05
  3057   9.8875498E-05
  3058   9.8875498E-05
  3059   9.8875498E-05
  3060   9.8875498E-05
  3061   9.8875498E-05
  3062   9.8875498E-05
  3063   9.8875498E-05
  3064   9.8875498E-05
  3065   9.8875498E-05
  3066   9.8875498E-05
  3067   9.8875498E-05
  3068   9.8875498E-05
  3069   9.8875498E-05
  3070   9.8875498E-05
  3071   9.8875498E-05
  3072   9.8875498E-05
  3073   9.8875498E-05
  3074   9.8875498E-05
  3075   9.8875498E-05
  3076   9.8875498E-05
  3077   9.8875498E-05
  3078   9.8875498E-05
  3079   9.8875498E-05
  3080   9.8875498E-05
  3081   9.8875498E-05
  3082   9.8875498E-05
  3083   9.8875498E-05
  3084   9.8875498E-05
  3085   9.8875498E-05
  3086   9.8875498E-05
  3087   9.8875498E-05
  3088   9.8875498E-05
  3089   9.8875498E-05
  3090   9.8875498E-05
  3091   9.8875498E-05
  3092   9.8875498E-05
  3093   9.8875498E-05
  3094   9.8875498E-05
  3095   9.8875498E-05
  3096   9.8875498E-05
  3097   9.8875498E-05
  3098   9.8875498E-05
  3099   9.8875498E-05
  3100   9.8875498E-05
  3101   9.8875498E-05
  3102   9.8875498E-05
  3103   9.8875498E-05
  3104   9.8875498E-05
  3105   9.8875498E-05
  3106   9.8875498E-05
  3107   9.8875498E-05
  3108   9.8875498E-05
  3109   9.8875498E-05
  3110   9.8875498E-05
  3111   9.8875498E-05
  3112   9.8875498E-05
  3113   9.8875498E-05
  3114   9.8875498E-05
  3115   9.8875498E-05
  3116   9.8875498E-05
  3117   9.8875498E-05
  3118   9.8875498E-05
  3119   9.8875498E-05
  3120   9.8875498E-05
  3121   9.8875498E-05
  3122   9.8875498E-05
  3123   9.8875498E-05
  3124   9.8875498E-05
  3125   9.8875498E-05
  3126   9.8875498E-05
  3127   9.8875498E-05
  3128   9.8875498E-05
  3129   9.8875498E-05
  3130   9.8875498E-05
  3131   9.8875498E-05
  3132   9.8875498E-05
  3133   9.8875498E-05
  3134   9.8875498E-05
  3135   9.8875498E-05
  3136   9.8875498E-05
  3137   9.8875498E-05
  3138   9.8875498E-05
  3139   9.8875498E-05
  3140   9.8875498E-05
  3141   9.8875498E-05
  3142   9.8875498E-05
  3143   9.8875498E-05
  3144   9.8875498E-05
  3145   9.8875498E-05
  3146   9.8875498E-05
  3147   9.8875498E-05
  3148   9.8875498E-05
  3149   9.8875498E-05
  3150   9.8875498E-05
  3151   9.8875498E-05
  3152   9.8875498E-05
  3153   9.8875498E-05
  3154   9.8875498E-05
  3155   9.8875498E-05
  3156   9.8875498E-05
  3157   9.8875498E-05
  3158   9.8875498E-05
  3159   9.8875498E-05
  3160   9.8875498E-05
  3161   9.8875498E-05
  3162   9.8875498E-05
  3163   9.8875498E-05
  3164   9.8875498E-05
  3165   9.8875498E-05
  3166   9.8875498E-05
  3167   9.8875498E-05
  3168   9.8875498E-05
  3169   9.8875498E-05
  3170   9.8875498E-05
  3171   9.8875498E-05
  3172   9.8875498E-05
  3173   9.8875498E-05
  3174   9.8875498E-05
  3175   9.8875498E-05
  3176   9.8875498E-05
  3177   9.8875498E-05
  3178   9.8875498E-05
  3179   9.8875498E-05
  3180   9.8875498E-05
  3181   9.8875498E-05
  3182   9.8875498E-05
  3183   9.8875498E-05
  3184   9.8875498E-05
  3185   9.8875498E-05
  3186   9.8875498E-05
  3187   9.8875498E-05
  3188   9.8875498E-05
  3189   9.8875498E-05
  3190   9.8875498E-05
  3191   9.8875498E-05
  3192   9.8875498E-05
  3193   9.8875498E-05
  3194   9.8875498E-05
  3195   9.8875498E-05
  3196   9.8875498E-05
  3197   9.8875498E-05
  3198   9.8875498E-05
  3199   9.8875498E-05
  3200   9.8875498E-05
  3201   9.8875498E-05
  3202   9.8875498E-05
  3203   9.8875498E-05
  3204   9.8875498E-05
  3205   9.8875498E-05
  3206   9.8875498E-05
  3207   9.8875498E-05
  3208   9.8875498E-05
  3209   9.8875498E-05
  3210   9.8875498E-05
  3211   9.8875498E-05
  3212   9.8875498E-05
  3213   9.8875498E-05
  3214   9.8875498E-05
  3215   9.8875498E-05
  3216   9.8875498E-05
  3217   9.8875498E-05
  3218   9.8875498E-05
  3219   9.8875498E-05
  3220   9.8875498E-05
  3221   9.8875498E-05
  3222   9.8875498E-05
  3223   9.8875498E-05
  3224   9.8875498E-05
  3225   9.8875498E-05
  3226   9.8875498E-05
  3227   9.8875498E-05
  3228   9.8875498E-05
  3229   9.8875498E-05
  3230   9.8875498E-05
  3231   9.8875498E-05
  3232   9.8875498E-05
  3233   9.8875498E-05
  3234   9.8875498E-05
  3235   9.8875498E-05
  3236   9.8875498E-05
  3237   9.8875498E-05
  3238   9.8875498E-05
  3239   9.8875498E-05
  3240   9.8875498E-05
  3241   9.8875498E-05
  3242   9.8875498E-05
  3243   9.8875498E-05
  3244   9.8875498E-05
  3245   9.8875498E-05
  3246   9.8875498E-05
  3247   9.8875498E-05
  3248   9.8875498E-05
  3249   9.8875498E-05
  3250   9.8875498E-05
  3251   9.8875498E-05
  3252   9.8875498E-05
  3253   9.8875498E-05
  3254   9.8875498E-05
  3255   9.8875498E-05
  3256   9.8875498E-05
  3257   9.8875498E-05
  3258   9.8875498E-05
  3259   9.8875498E-05
  3260   9.8875498E-05
  3261   9.8875498E-05
  3262   9.8875498E-05
  3263   9.8875498E-05
  3264   9.8875498E-05
  3265   9.8875498E-05
  3266   9.8875498E-05
  3267   9.8875498E-05
  3268   9.8875498E-05
  3269   9.8875498E-05
  3270   9.8875498E-05
  3271   9.8875498E-05
  3272   9.8875498E-05
  3273   9.8875498E-05
  3274   9.8875498E-05
  3275   9.8875498E-05
  3276   9.8875498E-05
  3277   9.8875498E-05
  3278   9.8875498E-05
  3279   9.8875498E-05
  3280   9.8875498E-05
  3281   9.8875498E-05
  3282   9.8875498E-05
  3283   9.8875498E-05
  3284   9.8875498E-05
  3285   9.8875498E-05
  3286   9.8875498E-05
  3287   9.8875498E-05
  3288   9.8875498E-05
  3289   9.8875498E-05
  3290   9.8875498E-05
  3291   9.8875498E-05
  3292   9.8875498E-05
  3293   9.8875498E-05
  3294   9.8875498E-05
  3295   9.8875498E-05
  3296   9.8875498E-05
  3297   9.8875498E-05
  3298   9.8875498E-05
  3299   9.8875498E-05
  3300   9.8875498E-05
  3301   9.8875498E-05
  3302   9.8875498E-05
  3303   9.8875498E-05
  3304   9.8875498E-05
  3305   9.8875498E-05
  3306   9.8875498E-05
  3307   9.8875498E-05
  3308   9.8875498E-05
  3309   9.8875498E-05
  3310   9.8875498E-05
  3311   9.8875498E-05
  3312   9.8875498E-05
  3313   9.8875498E-05
  3314   9.8875498E-05
  3315   9.8875498E-05
  3316   9.8875498E-05
  3317   9.8875498E-05
  3318   9.8875498E-05
  3319   9.8875498E-05
  3320   9.8875498E-05
  3321   9.8875498E-05
  3322   9.8875498E-05
  3323   9.8875498E-05
  3324   9.8875498E-05
  3325   9.8875498E-05
  3326   9.8875498E-05
  3327   9.8875498E-05
  3328   9.8875498E-05
  3329   9.8875498E-05
  3330   9.8875498E-05
  3331   9.8875498E-05
  3332   9.8875498E-05
  3333   9.8875498E-05
  3334   9.8875498E-05
  3335   9.8875498E-05
  3336   9.8875498E-05
  3337   9.8875498E-05
  3338   9.8875498E-05
  3339   9.8875498E-05
  3340   9.8875498E-05
  3341   9.8875498E-05
  3342   9.8875498E-05
  3343   9.8875498E-05
  3344   9.8875498E-05
  3345   9.8875498E-05
  3346   9.8875498E-05
  3347   9.8875498E-05
  3348   9.8875498E-05
  3349   9.8875498E-05
  3350   9.8875498E-05
  3351   9.8875498E-05
  3352   9.8875498E-05
  3353   9.8875498E-05
  3354   9.8875498E-05
  3355   9.8875498E-05
  3356   9.8875498E-05
  3357   9.8875498E-05
  3358   9.8875498E-05
  3359   9.8875498E-05
  3360   9.8875498E-05
  3361   9.8875498E-05
  3362   9.8875498E-05
  3363   9.8875498E-05
  3364   9.8875498E-05
  3365   9.8875498E-05
  3366   9.8875498E-05
  3367   9.8875498E-05
  3368   9.8875498E-05
  3369   9.8875498E-05
  3370   9.8875498E-05
  3371   9.8875498E-05
  3372   9.8875498E-05
  3373   9.8875498E-05
  3374   9.8875498E-05
  3375   9.8875498E-05
  3376   9.8875498E-05
  3377   9.8875498E-05
  3378   9.8875498E-05
  3379   9.8875498E-05
  3380   9.8875498E-05
  3381   9.8875498E-05
  3382   9.8875498E-05
  3383   9.8875498E-05
  3384   9.8875498E-05
  3385   9.8875498E-05
  3386   9.8875498E-05
  3387   9.8875498E-05
  3388   9.8875498E-05
  3389   9.8875498E-05
  3390   9.8875498E-05
  3391   9.8875498E-05
  3392   9.8875498E-05
  3393   9.8875498E-05
  3394   9.8875498E-05
  3395   9.8875498E-05
  3396   9.8875498E-05
  3397   9.8875498E-05
  3398   9.8875498E-05
  3399   9.8875498E-05
  3400   9.8875498E-05
  3401   9.8875498E-05
  3402   9.8875498E-05
  3403   9.8875498E-05
  3404   9.8875498E-05
  3405   9.8875498E-05
  3406   9.8875498E-05
  3407   9.8875498E-05
  3408   9.8875498E-05
  3409   9.8875498E-05
  3410   9.8875498E-05
  3411   9.8875498E-05
  3412   9.8875498E-05
  3413   9.8875498E-05
  3414   9.8875498E-05
  3415   9.8875498E-05
  3416   9.8875498E-05
  3417   9.8875498E-05
  3418   9.8875498E-05
  3419   9.8875498E-05
  3420   9.8875498E-05
  3421   9.8875498E-05
  3422   9.8875498E-05
  3423   9.8875498E-05
  3424   9.8875498E-05
  3425   9.8875498E-05
  3426   9.8875498E-05
  3427   9.8875498E-05
  3428   9.8875498E-05
  3429   9.8875498E-05
  3430   9.8875498E-05
  3431   9.8875498E-05
  3432   9.8875498E-05
  3433   9.8875498E-05
  3434   9.8875498E-05
  3435   9.8875498E-05
  3436   9.8875498E-05
  3437   9.8875498E-05
  3438   9.8875498E-05
  3439   9.8875498E-05
  3440   9.8875498E-05
  3441   9.8875498E-05
  3442   9.8875498E-05
  3443   9.8875498E-05
  3444   9.8875498E-05
  3445   9.8875498E-05
  3446   9.8875498E-05
  3447   9.8875498E-05
  3448   9.8875498E-05
  3449   9.8875498E-05
  3450   9.8875498E-05
  3451   9.8875498E-05
  3452   9.8875498E-05
  3453   9.8875498E-05
  3454   9.8875498E-05
  3455   9.8875498E-05
  3456   9.8875498E-05
  3457   9.8875498E-05
  3458   9.8875498E-05
  3459   9.8875498E-05
  3460   9.8875498E-05
  3461   9.8875498E-05
  3462   9.8875498E-05
  3463   9.8875498E-05
  3464   9.8875498E-05
  3465   9.8875498E-05
  3466   9.8875498E-05
  3467   9.8875498E-05
  3468   9.8875498E-05
  3469   9.8875498E-05
  3470   9.8875498E-05
  3471   9.8875498E-05
  3472   9.8875498E-05
  3473   9.8875498E-05
  3474   9.8875498E-05
  3475   9.8875498E-05
  3476   9.8875498E-05
  3477   9.8875498E-05
  3478   9.8875498E-05
  3479   9.8875498E-05
  3480   9.8875498E-05
  3481   9.8875498E-05
  3482   9.8875498E-05
  3483   9.8875498E-05
  3484   9.8875498E-05
  3485   9.8875498E-05
  3486   9.8875498E-05
  3487   9.8875498E-05
  3488   9.8875498E-05
  3489   9.8875498E-05
  3490   9.8875498E-05
  3491   9.8875498E-05
  3492   9.8875498E-05
  3493   9.8875498E-05
  3494   9.8875498E-05
  3495   9.8875498E-05
  3496   9.8875498E-05
  3497   9.8875498E-05
  3498   9.8875498E-05
  3499   9.8875498E-05
  3500   9.8875498E-05
  3501   9.8875498E-05
  3502   9.8875498E-05
  3503   9.8875498E-05
  3504   9.8875498E-05
  3505   9.8875498E-05
  3506   9.8875498E-05
  3507   9.8875498E-05
  3508   9.8875498E-05
  3509   9.8875498E-05
  3510   9.8875498E-05
  3511   9.8875498E-05
  3512   9.8875498E-05
  3513   9.8875498E-05
  3514   9.8875498E-05
  3515   9.8875498E-05
  3516   9.8875498E-05
  3517   9.8875498E-05
  3518   9.8875498E-05
  3519   9.8875498E-05
  3520   9.8875498E-05
  3521   9.8875498E-05
  3522   9.8875498E-05
  3523   9.8875498E-05
  3524   9.8875498E-05
  3525   9.8875498E-05
  3526   9.8875498E-05
  3527   9.8875498E-05
  3528   9.8875498E-05
  3529   9.8875498E-05
  3530   9.8875498E-05
  3531   9.8875498E-05
  3532   9.8875498E-05
  3533   9.8875498E-05
  3534   9.8875498E-05
  3535   9.8875498E-05
  3536   9.8875498E-05
  3537   9.8875498E-05
  3538   9.8875498E-05
  3539   9.8875498E-05
  3540   9.8875498E-05
  3541   9.8875498E-05
  3542   9.8875498E-05
  3543   9.8875498E-05
  3544   9.8875498E-05
  3545   9.8875498E-05
  3546   9.8875498E-05
  3547   9.8875498E-05
  3548   9.8875498E-05
  3549   9.8875498E-05
  3550   9.8875498E-05
  3551   9.8875498E-05
  3552   9.8875498E-05
  3553   9.8875498E-05
  3554   9.8875498E-05
  3555   9.8875498E-05
  3556   9.8875498E-05
  3557   9.8875498E-05
  3558   9.8875498E-05
  3559   9.8875498E-05
  3560   9.8875498E-05
  3561   9.8875498E-05
  3562   9.8875498E-05
  3563   9.8875498E-05
  3564   9.8875498E-05
  3565   9.8875498E-05
  3566   9.8875498E-05
  3567   9.8875498E-05
  3568   9.8875498E-05
  3569   9.8875498E-05
  3570   9.8875498E-05
  3571   9.8875498E-05
  3572   9.8875498E-05
  3573   9.8875498E-05
  3574   9.8875498E-05
  3575   9.8875498E-05
  3576   9.8875498E-05
  3577   9.8875498E-05
  3578   9.8875498E-05
  3579   9.8875498E-05
  3580   9.8875498E-05
  3581   9.8875498E-05
  3582   9.8875498E-05
  3583   9.8875498E-05
  3584   9.8875498E-05
  3585   9.8875498E-05
  3586   9.8875498E-05
  3587   9.8875498E-05
  3588   9.8875498E-05
  3589   9.8875498E-05
  3590   9.8875498E-05
  3591   9.8875498E-05
  3592   9.8875498E-05
  3593   9.8875498E-05
  3594   9.8875498E-05
  3595   9.8875498E-05
  3596   9.8875498E-05
  3597   9.8875498E-05
  3598   9.8875498E-05
  3599   9.8875498E-05
  3600   9.8875498E-05
  3601   9.8875498E-05
  3602   9.8875498E-05
  3603   9.8875498E-05
  3604   9.8875498E-05
  3605   9.8875498E-05
  3606   9.8875498E-05
  3607   9.8875498E-05
  3608   9.8875498E-05
  3609   9.8875498E-05
  3610   9.8875498E-05
  3611   9.8875498E-05
  3612   9.8875498E-05
  3613   9.8875498E-05
  3614   9.8875498E-05
  3615   9.8875498E-05
  3616   9.8875498E-05
  3617   9.8875498E-05
  3618   9.8875498E-05
  3619   9.8875498E-05
  3620   9.8875498E-05
  3621   9.8875498E-05
  3622   9.8875498E-05
  3623   9.8875498E-05
  3624   9.8875498E-05
  3625   9.8875498E-05
  3626   9.8875498E-05
  3627   9.8875498E-05
  3628   9.8875498E-05
  3629   9.8875498E-05
  3630   9.8875498E-05
  3631   9.8875498E-05
  3632   9.8875498E-05
  3633   9.8875498E-05
  3634   9.8875498E-05
  3635   9.8875498E-05
  3636   9.8875498E-05
  3637   9.8875498E-05
  3638   9.8875498E-05
  3639   9.8875498E-05
  3640   9.8875498E-05
  3641   9.8875498E-05
  3642   9.8875498E-05
  3643   9.8875498E-05
  3644   9.8875498E-05
  3645   9.8875498E-05
  3646   9.8875498E-05
  3647   9.8875498E-05
  3648   9.8875498E-05
  3649   9.8875498E-05
  3650   9.8875498E-05
  3651   9.8875498E-05
  3652   9.8875498E-05
  3653   9.8875498E-05
  3654   9.8875498E-05
  3655   9.8875498E-05
  3656   9.8875498E-05
  3657   9.8875498E-05
  3658   9.8875498E-05
  3659   9.8875498E-05
  3660   9.8875498E-05
  3661   9.8875498E-05
  3662   9.8875498E-05
  3663   9.8875498E-05
  3664   9.8875498E-05
  3665   9.8875498E-05
  3666   9.8875498E-05
  3667   9.8875498E-05
  3668   9.8875498E-05
  3669   9.8875498E-05
  3670   9.8875498E-05
  3671   9.8875498E-05
  3672   9.8875498E-05
  3673   9.8875498E-05
  3674   9.8875498E-05
  3675   9.8875498E-05
  3676   9.8875498E-05
  3677   9.8875498E-05
  3678   9.8875498E-05
  3679   9.8875498E-05
  3680   9.8875498E-05
  3681   9.8875498E-05
  3682   9.8875498E-05
  3683   9.8875498E-05
  3684   9.8875498E-05
  3685   9.8875498E-05
  3686   9.8875498E-05
  3687   9.8875498E-05
  3688   9.8875498E-05
  3689   9.8875498E-05
  3690   9.8875498E-05
  3691   9.8875498E-05
  3692   9.8875498E-05
  3693   9.8875498E-05
  3694   9.8875498E-05
  3695   9.8875498E-05
  3696   9.8875498E-05
  3697   9.8875498E-05
  3698   9.8875498E-05
  3699   9.8875498E-05
  3700   9.8875498E-05
  3701   9.8875498E-05
  3702   9.8875498E-05
  3703   9.8875498E-05
  3704   9.8875498E-05
  3705   9.8875498E-05
  3706   9.8875498E-05
  3707   9.8875498E-05
  3708   9.8875498E-05
  3709   9.8875498E-05
  3710   9.8875498E-05
  3711   9.8875498E-05
  3712   9.8875498E-05
  3713   9.8875498E-05
  3714   9.8875498E-05
  3715   9.8875498E-05
  3716   9.8875498E-05
  3717   9.8875498E-05
  3718   9.8875498E-05
  3719   9.8875498E-05
  3720   9.8875498E-05
  3721   9.8875498E-05
  3722   9.8875498E-05
  3723   9.8875498E-05
  3724   9.8875498E-05
  3725   9.8875498E-05
  3726   9.8875498E-05
  3727   9.8875498E-05
  3728   9.8875498E-05
  3729   9.8875498E-05
  3730   9.8875498E-05
  3731   9.8875498E-05
  3732   9.8875498E-05
  3733   9.8875498E-05
  3734   9.8875498E-05
  3735   9.8875498E-05
  3736   9.8875498E-05
  3737   9.8875498E-05
  3738   9.8875498E-05
  3739   9.8875498E-05
  3740   9.8875498E-05
  3741   9.8875498E-05
  3742   9.8875498E-05
  3743   9.8875498E-05
  3744   9.8875498E-05
  3745   9.8875498E-05
  3746   9.8875498E-05
  3747   9.8875498E-05
  3748   9.8875498E-05
  3749   9.8875498E-05
  3750   9.8875498E-05
  3751   9.8875498E-05
  3752   9.8875498E-05
  3753   9.8875498E-05
  3754   9.8875498E-05
  3755   9.8875498E-05
  3756   9.8875498E-05
  3757   9.8875498E-05
  3758   9.8875498E-05
  3759   9.8875498E-05
  3760   9.8875498E-05
  3761   9.8875498E-05
  3762   9.8875498E-05
  3763   9.8875498E-05
  3764   9.8875498E-05
  3765   9.8875498E-05
  3766   9.8875498E-05
  3767   9.8875498E-05
  3768   9.8875498E-05
  3769   9.8875498E-05
  3770   9.8875498E-05
  3771   9.8875498E-05
  3772   9.8875498E-05
  3773   9.8875498E-05
  3774   9.8875498E-05
  3775   9.8875498E-05
  3776   9.8875498E-05
  3777   9.8875498E-05
  3778   9.8875498E-05
  3779   9.8875498E-05
  3780   9.8875498E-05
  3781   9.8875498E-05
  3782   9.8875498E-05
  3783   9.8875498E-05
  3784   9.8875498E-05
  3785   9.8875498E-05
  3786   9.8875498E-05
  3787   9.8875498E-05
  3788   9.8875498E-05
  3789   9.8875498E-05
  3790   9.8875498E-05
  3791   9.8875498E-05
  3792   9.8875498E-05
  3793   9.8875498E-05
  3794   9.8875498E-05
  3795   9.8875498E-05
  3796   9.8875498E-05
  3797   9.8875498E-05
  3798   9.8875498E-05
  3799   9.8875498E-05
  3800   9.8875498E-05
  3801   9.8875498E-05
  3802   9.8875498E-05
  3803   9.8875498E-05
  3804   9.8875498E-05
  3805   9.8875498E-05
  3806   9.8875498E-05
  3807   9.8875498E-05
  3808   9.8875498E-05
  3809   9.8875498E-05
  3810   9.8875498E-05
  3811   9.8875498E-05
  3812   9.8875498E-05
  3813   9.8875498E-05
  3814   9.8875498E-05
  3815   9.8875498E-05
  3816   9.8875498E-05
  3817   9.8875498E-05
  3818   9.8875498E-05
  3819   9.8875498E-05
  3820   9.8875498E-05
  3821   9.8875498E-05
  3822   9.8875498E-05
  3823   9.8875498E-05
  3824   9.8875498E-05
  3825   9.8875498E-05
  3826   9.8875498E-05
  3827   9.8875498E-05
  3828   9.8875498E-05
  3829   9.8875498E-05
  3830   9.8875498E-05
  3831   9.8875498E-05
  3832   9.8875498E-05
  3833   9.8875498E-05
  3834   9.8875498E-05
  3835   9.8875498E-05
  3836   9.8875498E-05
  3837   9.8875498E-05
  3838   9.8875498E-05
  3839   9.8875498E-05
  3840   9.8875498E-05
  3841   9.8875498E-05
  3842   9.8875498E-05
  3843   9.8875498E-05
  3844   9.8875498E-05
  3845   9.8875498E-05
  3846   9.8875498E-05
  3847   9.8875498E-05
  3848   9.8875498E-05
  3849   9.8875498E-05
  3850   9.8875498E-05
  3851   9.8875498E-05
  3852   9.8875498E-05
  3853   9.8875498E-05
  3854   9.8875498E-05
  3855   9.8875498E-05
  3856   9.8875498E-05
  3857   9.8875498E-05
  3858   9.8875498E-05
  3859   9.8875498E-05
  3860   9.8875498E-05
  3861   9.8875498E-05
  3862   9.8875498E-05
  3863   9.8875498E-05
  3864   9.8875498E-05
  3865   9.8875498E-05
  3866   9.8875498E-05
  3867   9.8875498E-05
  3868   9.8875498E-05
  3869   9.8875498E-05
  3870   9.8875498E-05
  3871   9.8875498E-05
  3872   9.8875498E-05
  3873   9.8875498E-05
  3874   9.8875498E-05
  3875   9.8875498E-05
  3876   9.8875498E-05
  3877   9.8875498E-05
  3878   9.8875498E-05
  3879   9.8875498E-05
  3880   9.8875498E-05
  3881   9.8875498E-05
  3882   9.8875498E-05
  3883   9.8875498E-05
  3884   9.8875498E-05
  3885   9.8875498E-05
  3886   9.8875498E-05
  3887   9.8875498E-05
  3888   9.8875498E-05
  3889   9.8875498E-05
  3890   9.8875498E-05
  3891   9.8875498E-05
  3892   9.8875498E-05
  3893   9.8875498E-05
  3894   9.8875498E-05
  3895   9.8875498E-05
  3896   9.8875498E-05
  3897   9.8875498E-05
  3898   9.8875498E-05
  3899   9.8875498E-05
  3900   9.8875498E-05
  3901   9.8875498E-05
  3902   9.8875498E-05
  3903   9.8875498E-05
  3904   9.8875498E-05
  3905   9.8875498E-05
  3906   9.8875498E-05
  3907   9.8875498E-05
  3908   9.8875498E-05
  3909   9.8875498E-05
  3910   9.8875498E-05
  3911   9.8875498E-05
  3912   9.8875498E-05
  3913   9.8875498E-05
  3914   9.8875498E-05
  3915   9.8875498E-05
  3916   9.8875498E-05
  3917   9.8875498E-05
  3918   9.8875498E-05
  3919   9.8875498E-05
  3920   9.8875498E-05
  3921   9.8875498E-05
  3922   9.8875498E-05
  3923   9.8875498E-05
  3924   9.8875498E-05
  3925   9.8875498E-05
  3926   9.8875498E-05
  3927   9.8875498E-05
  3928   9.8875498E-05
  3929   9.8875498E-05
  3930   9.8875498E-05
  3931   9.8875498E-05
  3932   9.8875498E-05
  3933   9.8875498E-05
  3934   9.8875498E-05
  3935   9.8875498E-05
  3936   9.8875498E-05
  3937   9.8875498E-05
  3938   9.8875498E-05
  3939   9.8875498E-05
  3940   9.8875498E-05
  3941   9.8875498E-05
  3942   9.8875498E-05
  3943   9.8875498E-05
  3944   9.8875498E-05
  3945   9.8875498E-05
  3946   9.8875498E-05
  3947   9.8875498E-05
  3948   9.8875498E-05
  3949   9.8875498E-05
  3950   9.8875498E-05
  3951   9.8875498E-05
  3952   9.8875498E-05
  3953   9.8875498E-05
  3954   9.8875498E-05
  3955   9.8875498E-05
  3956   9.8875498E-05
  3957   9.8875498E-05
  3958   9.8875498E-05
  3959   9.8875498E-05
  3960   9.8875498E-05
  3961   9.8875498E-05
  3962   9.8875498E-05
  3963   9.8875498E-05
  3964   9.8875498E-05
  3965   9.8875498E-05
  3966   9.8875498E-05
  3967   9.8875498E-05
  3968   9.8875498E-05
  3969   9.8875498E-05
  3970   9.8875498E-05
  3971   9.8875498E-05
  3972   9.8875498E-05
  3973   9.8875498E-05
  3974   9.8875498E-05
  3975   9.8875498E-05
  3976   9.8875498E-05
  3977   9.8875498E-05
  3978   9.8875498E-05
  3979   9.8875498E-05
  3980   9.8875498E-05
  3981   9.8875498E-05
  3982   9.8875498E-05
  3983   9.8875498E-05
  3984   9.8875498E-05
  3985   9.8875498E-05
  3986   9.8875498E-05
  3987   9.8875498E-05
  3988   9.8875498E-05
  3989   9.8875498E-05
  3990   9.8875498E-05
  3991   9.8875498E-05
  3992   9.8875498E-05
  3993   9.8875498E-05
  3994   9.8875498E-05
  3995   9.8875498E-05
  3996   9.8875498E-05
  3997   9.8875498E-05
  3998   9.8875498E-05
  3999   9.8875498E-05
  4000   9.8875498E-05
  4001   9.8875498E-05
  4002   9.8875498E-05
  4003   9.8875498E-05
  4004   9.8875498E-05
  4005   9.8875498E-05
  4006   9.8875498E-05
  4007   9.8875498E-05
  4008   9.8875498E-05
  4009   9.8875498E-05
  4010   9.8875498E-05
  4011   9.8875498E-05
  4012   9.8875498E-05
  4013   9.8875498E-05
  4014   9.8875498E-05
  4015   9.8875498E-05
  4016   9.8875498E-05
  4017   9.8875498E-05
  4018   9.8875498E-05
  4019   9.8875498E-05
  4020   9.8875498E-05
  4021   9.8875498E-05
  4022   9.8875498E-05
  4023   9.8875498E-05
  4024   9.8875498E-05
  4025   9.8875498E-05
  4026   9.8875498E-05
  4027   9.8875498E-05
  4028   9.8875498E-05
  4029   9.8875498E-05
  4030   9.8875498E-05
  4031   9.8875498E-05
  4032   9.8875498E-05
  4033   9.8875498E-05
  4034   9.8875498E-05
  4035   9.8875498E-05
  4036   9.8875498E-05
  4037   9.8875498E-05
  4038   9.8875498E-05
  4039   9.8875498E-05
  4040   9.8875498E-05
  4041   9.8875498E-05
  4042   9.8875498E-05
  4043   9.8875498E-05
  4044   9.8875498E-05
  4045   9.8875498E-05
  4046   9.8875498E-05
  4047   9.8875498E-05
  4048   9.8875498E-05
  4049   9.8875498E-05
  4050   9.8875498E-05
  4051   9.8875498E-05
  4052   9.8875498E-05
  4053   9.8875498E-05
  4054   9.8875498E-05
  4055   9.8875498E-05
  4056   9.8875498E-05
  4057   9.8875498E-05
  4058   9.8875498E-05
  4059   9.8875498E-05
  4060   9.8875498E-05
  4061   9.8875498E-05
  4062   9.8875498E-05
  4063   9.8875498E-05
  4064   9.8875498E-05
  4065   9.8875498E-05
  4066   9.8875498E-05
  4067   9.8875498E-05
  4068   9.8875498E-05
  4069   9.8875498E-05
  4070   9.8875498E-05
  4071   9.8875498E-05
  4072   9.8875498E-05
  4073   9.8875498E-05
  4074   9.8875498E-05
  4075   9.8875498E-05
  4076   9.8875498E-05
  4077   9.8875498E-05
  4078   9.8875498E-05
  4079   9.8875498E-05
  4080   9.8875498E-05
  4081   9.8875498E-05
  4082   9.8875498E-05
  4083   9.8875498E-05
  4084   9.8875498E-05
  4085   9.8875498E-05
  4086   9.8875498E-05
  4087   9.8875498E-05
  4088   9.8875498E-05
  4089   9.8875498E-05
  4090   9.8875498E-05
  4091   9.8875498E-05
  4092   9.8875498E-05
  4093   9.8875498E-05
  4094   9.8875498E-05
  4095   9.8875498E-05
  4096   9.8875498E-05
  4097   9.8875498E-05
  4098   9.8875498E-05
  4099   9.8875498E-05
  4100   9.8875498E-05
  4101   9.8875498E-05
  4102   9.8875498E-05
  4103   9.8875498E-05
  4104   9.8875498E-05
  4105   9.8875498E-05
  4106   9.8875498E-05
  4107   9.8875498E-05
  4108   9.8875498E-05
  4109   9.8875498E-05
  4110   9.8875498E-05
  4111   9.8875498E-05
  4112   9.8875498E-05
  4113   9.8875498E-05
  4114   9.8875498E-05
  4115   9.8875498E-05
  4116   9.8875498E-05
  4117   9.8875498E-05
  4118   9.8875498E-05
  4119   9.8875498E-05
  4120   9.8875498E-05
  4121   9.8875498E-05
  4122   9.8875498E-05
  4123   9.8875498E-05
  4124   9.8875498E-05
  4125   9.8875498E-05
  4126   9.8875498E-05
  4127   9.8875498E-05
  4128   9.8875498E-05
  4129   9.8875498E-05
  4130   9.8875498E-05
  4131   9.8875498E-05
  4132   9.8875498E-05
  4133   9.8875498E-05
  4134   9.8875498E-05
  4135   9.8875498E-05
  4136   9.8875498E-05
  4137   9.8875498E-05
  4138   9.8875498E-05
  4139   9.8875498E-05
  4140   9.8875498E-05
  4141   9.8875498E-05
  4142   9.8875498E-05
  4143   9.8875498E-05
  4144   9.8875498E-05
  4145   9.8875498E-05
  4146   9.8875498E-05
  4147   9.8875498E-05
  4148   9.8875498E-05
  4149   9.8875498E-05
  4150   9.8875498E-05
  4151   9.8875498E-05
  4152   9.8875498E-05
  4153   9.8875498E-05
  4154   9.8875498E-05
  4155   9.8875498E-05
  4156   9.8875498E-05
  4157   9.8875498E-05
  4158   9.8875498E-05
  4159   9.8875498E-05
  4160   9.8875498E-05
  4161   9.8875498E-05
  4162   9.8875498E-05
  4163   9.8875498E-05
  4164   9.8875498E-05
  4165   9.8875498E-05
  4166   9.8875498E-05
  4167   9.8875498E-05
  4168   9.8875498E-05
  4169   9.8875498E-05
  4170   9.8875498E-05
  4171   9.8875498E-05
  4172   9.8875498E-05
  4173   9.8875498E-05
  4174   9.8875498E-05
  4175   9.8875498E-05
  4176   9.8875498E-05
  4177   9.8875498E-05
  4178   9.8875498E-05
  4179   9.8875498E-05
  4180   9.8875498E-05
  4181   9.8875498E-05
  4182   9.8875498E-05
  4183   9.8875498E-05
  4184   9.8875498E-05
  4185   9.8875498E-05
  4186   9.8875498E-05
  4187   9.8875498E-05
  4188   9.8875498E-05
  4189   9.8875498E-05
  4190   9.8875498E-05
  4191   9.8875498E-05
  4192   9.8875498E-05
  4193   9.8875498E-05
  4194   9.8875498E-05
  4195   9.8875498E-05
  4196   9.8875498E-05
  4197   9.8875498E-05
  4198   9.8875498E-05
  4199   9.8875498E-05
  4200   9.8875498E-05
  4201   9.8875498E-05
  4202   9.8875498E-05
  4203   9.8875498E-05
  4204   9.8875498E-05
  4205   9.8875498E-05
  4206   9.8875498E-05
  4207   9.8875498E-05
  4208   9.8875498E-05
  4209   9.8875498E-05
  4210   9.8875498E-05
  4211   9.8875498E-05
  4212   9.8875498E-05
  4213   9.8875498E-05
  4214   9.8875498E-05
  4215   9.8875498E-05
  4216   9.8875498E-05
  4217   9.8875498E-05
  4218   9.8875498E-05
  4219   9.8875498E-05
  4220   9.8875498E-05
  4221   9.8875498E-05
  4222   9.8875498E-05
  4223   9.8875498E-05
  4224   9.8875498E-05
  4225   9.8875498E-05
  4226   9.8875498E-05
  4227   9.8875498E-05
  4228   9.8875498E-05
  4229   9.8875498E-05
  4230   9.8875498E-05
  4231   9.8875498E-05
  4232   9.8875498E-05
  4233   9.8875498E-05
  4234   9.8875498E-05
  4235   9.8875498E-05
  4236   9.8875498E-05
  4237   9.8875498E-05
  4238   9.8875498E-05
  4239   9.8875498E-05
  4240   9.8875498E-05
  4241   9.8875498E-05
  4242   9.8875498E-05
  4243   9.8875498E-05
  4244   9.8875498E-05
  4245   9.8875498E-05
  4246   9.8875498E-05
  4247   9.8875498E-05
  4248   9.8875498E-05
  4249   9.8875498E-05
  4250   9.8875498E-05
  4251   9.8875498E-05
  4252   9.8875498E-05
  4253   9.8875498E-05
  4254   9.8875498E-05
  4255   9.8875498E-05
  4256   9.8875498E-05
  4257   9.8875498E-05
  4258   9.8875498E-05
  4259   9.8875498E-05
  4260   9.8875498E-05
  4261   9.8875498E-05
  4262   9.8875498E-05
  4263   9.8875498E-05
  4264   9.8875498E-05
  4265   9.8875498E-05
  4266   9.8875498E-05
  4267   9.8875498E-05
  4268   9.8875498E-05
  4269   9.8875498E-05
  4270   9.8875498E-05
  4271   9.8875498E-05
  4272   9.8875498E-05
  4273   9.8875498E-05
  4274   9.8875498E-05
  4275   9.8875498E-05
  4276   9.8875498E-05
  4277   9.8875498E-05
  4278   9.8875498E-05
  4279   9.8875498E-05
  4280   9.8875498E-05
  4281   9.8875498E-05
  4282   9.8875498E-05
  4283   9.8875498E-05
  4284   9.8875498E-05
  4285   9.8875498E-05
  4286   9.8875498E-05
  4287   9.8875498E-05
  4288   9.8875498E-05
  4289   9.8875498E-05
  4290   9.8875498E-05
  4291   9.8875498E-05
  4292   9.8875498E-05
  4293   9.8875498E-05
  4294   9.8875498E-05
  4295   9.8875498E-05
  4296   9.8875498E-05
  4297   9.8875498E-05
  4298   9.8875498E-05
  4299   9.8875498E-05
  4300   9.8875498E-05
  4301   9.8875498E-05
  4302   9.8875498E-05
  4303   9.8875498E-05
  4304   9.8875498E-05
  4305   9.8875498E-05
  4306   9.8875498E-05
  4307   9.8875498E-05
  4308   9.8875498E-05
  4309   9.8875498E-05
  4310   9.8875498E-05
  4311   9.8875498E-05
  4312   9.8875498E-05
  4313   9.8875498E-05
  4314   9.8875498E-05
  4315   9.8875498E-05
  4316   9.8875498E-05
  4317   9.8875498E-05
  4318   9.8875498E-05
  4319   9.8875498E-05
  4320   9.8875498E-05
  4321   9.8875498E-05
  4322   9.8875498E-05
  4323   9.8875498E-05
  4324   9.8875498E-05
  4325   9.8875498E-05
  4326   9.8875498E-05
  4327   9.8875498E-05
  4328   9.8875498E-05
  4329   9.8875498E-05
  4330   9.8875498E-05
  4331   9.8875498E-05
  4332   9.8875498E-05
  4333   9.8875498E-05
  4334   9.8875498E-05
  4335   9.8875498E-05
  4336   9.8875498E-05
  4337   9.8875498E-05
  4338   9.8875498E-05
  4339   9.8875498E-05
  4340   9.8875498E-05
  4341   9.8875498E-05
  4342   9.8875498E-05
  4343   9.8875498E-05
  4344   9.8875498E-05
  4345   9.8875498E-05
  4346   9.8875498E-05
  4347   9.8875498E-05
  4348   9.8875498E-05
  4349   9.8875498E-05
  4350   9.8875498E-05
  4351   9.8875498E-05
  4352   9.8875498E-05
  4353   9.8875498E-05
  4354   9.8875498E-05
  4355   9.8875498E-05
  4356   9.8875498E-05
  4357   9.8875498E-05
  4358   9.8875498E-05
  4359   9.8875498E-05
  4360   9.8875498E-05
  4361   9.8875498E-05
  4362   9.8875498E-05
  4363   9.8875498E-05
  4364   9.8875498E-05
  4365   9.8875498E-05
  4366   9.8875498E-05
  4367   9.8875498E-05
  4368   9.8875498E-05
  4369   9.8875498E-05
  4370   9.8875498E-05
  4371   9.8875498E-05
  4372   9.8875498E-05
  4373   9.8875498E-05
  4374   9.8875498E-05
  4375   9.8875498E-05
  4376   9.8875498E-05
  4377   9.8875498E-05
  4378   9.8875498E-05
  4379   9.8875498E-05
  4380   9.8875498E-05
  4381   9.8875498E-05
  4382   9.8875498E-05
  4383   9.8875498E-05
  4384   9.8875498E-05
  4385   9.8875498E-05
  4386   9.8875498E-05
  4387   9.8875498E-05
  4388   9.8875498E-05
  4389   9.8875498E-05
  4390   9.8875498E-05
  4391   9.8875498E-05
  4392   9.8875498E-05
  4393   9.8875498E-05
  4394   9.8875498E-05
  4395   9.8875498E-05
  4396   9.8875498E-05
  4397   9.8875498E-05
  4398   9.8875498E-05
  4399   9.8875498E-05
  4400   9.8875498E-05
  4401   9.8875498E-05
  4402   9.8875498E-05
  4403   9.8875498E-05
  4404   9.8875498E-05
  4405   9.8875498E-05
  4406   9.8875498E-05
  4407   9.8875498E-05
  4408   9.8875498E-05
  4409   9.8875498E-05
  4410   9.8875498E-05
  4411   9.8875498E-05
  4412   9.8875498E-05
  4413   9.8875498E-05
  4414   9.8875498E-05
  4415   9.8875498E-05
  4416   9.8875498E-05
  4417   9.8875498E-05
  4418   9.8875498E-05
  4419   9.8875498E-05
  4420   9.8875498E-05
  4421   9.8875498E-05
  4422   9.8875498E-05
  4423   9.8875498E-05
  4424   9.8875498E-05
  4425   9.8875498E-05
  4426   9.8875498E-05
  4427   9.8875498E-05
  4428   9.8875498E-05
  4429   9.8875498E-05
  4430   9.8875498E-05
  4431   9.8875498E-05
  4432   9.8875498E-05
  4433   9.8875498E-05
  4434   9.8875498E-05
  4435   9.8875498E-05
  4436   9.8875498E-05
  4437   9.8875498E-05
  4438   9.8875498E-05
  4439   9.8875498E-05
  4440   9.8875498E-05
  4441   9.8875498E-05
  4442   9.8875498E-05
  4443   9.8875498E-05
  4444   9.8875498E-05
  4445   9.8875498E-05
  4446   9.8875498E-05
  4447   9.8875498E-05
  4448   9.8875498E-05
  4449   9.8875498E-05
  4450   9.8875498E-05
  4451   9.8875498E-05
  4452   9.8875498E-05
  4453   9.8875498E-05
  4454   9.8875498E-05
  4455   9.8875498E-05
  4456   9.8875498E-05
  4457   9.8875498E-05
  4458   9.8875498E-05
  4459   9.8875498E-05
  4460   9.8875498E-05
  4461   9.8875498E-05
  4462   9.8875498E-05
  4463   9.8875498E-05
  4464   9.8875498E-05
  4465   9.8875498E-05
  4466   9.8875498E-05
  4467   9.8875498E-05
  4468   9.8875498E-05
  4469   9.8875498E-05
  4470   9.8875498E-05
  4471   9.8875498E-05
  4472   9.8875498E-05
  4473   9.8875498E-05
  4474   9.8875498E-05
  4475   9.8875498E-05
  4476   9.8875498E-05
  4477   9.8875498E-05
  4478   9.8875498E-05
  4479   9.8875498E-05
  4480   9.8875498E-05
  4481   9.8875498E-05
  4482   9.8875498E-05
  4483   9.8875498E-05
  4484   9.8875498E-05
  4485   9.8875498E-05
  4486   9.8875498E-05
  4487   9.8875498E-05
  4488   9.8875498E-05
  4489   9.8875498E-05
  4490   9.8875498E-05
  4491   9.8875498E-05
  4492   9.8875498E-05
  4493   9.8875498E-05
  4494   9.8875498E-05
  4495   9.8875498E-05
  4496   9.8875498E-05
  4497   9.8875498E-05
  4498   9.8875498E-05
  4499   9.8875498E-05
  4500   9.8875498E-05
  4501   9.8875498E-05
  4502   9.8875498E-05
  4503   9.8875498E-05
  4504   9.8875498E-05
  4505   9.8875498E-05
  4506   9.8875498E-05
  4507   9.8875498E-05
  4508   9.8875498E-05
  4509   9.8875498E-05
  4510   9.8875498E-05
  4511   9.8875498E-05
  4512   9.8875498E-05
  4513   9.8875498E-05
  4514   9.8875498E-05
  4515   9.8875498E-05
  4516   9.8875498E-05
  4517   9.8875498E-05
  4518   9.8875498E-05
  4519   9.8875498E-05
  4520   9.8875498E-05
  4521   9.8875498E-05
  4522   9.8875498E-05
  4523   9.8875498E-05
  4524   9.8875498E-05
  4525   9.8875498E-05
  4526   9.8875498E-05
  4527   9.8875498E-05
  4528   9.8875498E-05
  4529   9.8875498E-05
  4530   9.8875498E-05
  4531   9.8875498E-05
  4532   9.8875498E-05
  4533   9.8875498E-05
  4534   9.8875498E-05
  4535   9.8875498E-05
  4536   9.8875498E-05
  4537   9.8875498E-05
  4538   9.8875498E-05
  4539   9.8875498E-05
  4540   9.8875498E-05
  4541   9.8875498E-05
  4542   9.8875498E-05
  4543   9.8875498E-05
  4544   9.8875498E-05
  4545   9.8875498E-05
  4546   9.8875498E-05
  4547   9.8875498E-05
  4548   9.8875498E-05
  4549   9.8875498E-05
  4550   9.8875498E-05
  4551   9.8875498E-05
  4552   9.8875498E-05
  4553   9.8875498E-05
  4554   9.8875498E-05
  4555   9.8875498E-05
  4556   9.8875498E-05
  4557   9.8875498E-05
  4558   9.8875498E-05
  4559   9.8875498E-05
  4560   9.8875498E-05
  4561   9.8875498E-05
  4562   9.8875498E-05
  4563   9.8875498E-05
  4564   9.8875498E-05
  4565   9.8875498E-05
  4566   9.8875498E-05
  4567   9.8875498E-05
  4568   9.8875498E-05
  4569   9.8875498E-05
  4570   9.8875498E-05
  4571   9.8875498E-05
  4572   9.8875498E-05
  4573   9.8875498E-05
  4574   9.8875498E-05
  4575   9.8875498E-05
  4576   9.8875498E-05
  4577   9.8875498E-05
  4578   9.8875498E-05
  4579   9.8875498E-05
  4580   9.8875498E-05
  4581   9.8875498E-05
  4582   9.8875498E-05
  4583   9.8875498E-05
  4584   9.8875498E-05
  4585   9.8875498E-05
  4586   9.8875498E-05
  4587   9.8875498E-05
  4588   9.8875498E-05
  4589   9.8875498E-05
  4590   9.8875498E-05
  4591   9.8875498E-05
  4592   9.8875498E-05
  4593   9.8875498E-05
  4594   9.8875498E-05
  4595   9.8875498E-05
  4596   9.8875498E-05
  4597   9.8875498E-05
  4598   9.8875498E-05
  4599   9.8875498E-05
  4600   9.8875498E-05
  4601   9.8875498E-05
  4602   9.8875498E-05
  4603   9.8875498E-05
  4604   9.8875498E-05
  4605   9.8875498E-05
  4606   9.8875498E-05
  4607   9.8875498E-05
  4608   9.8875498E-05
  4609   9.8875498E-05
  4610   9.8875498E-05
  4611   9.8875498E-05
  4612   9.8875498E-05
  4613   9.8875498E-05
  4614   9.8875498E-05
  4615   9.8875498E-05
  4616   9.8875498E-05
  4617   9.8875498E-05
  4618   9.8875498E-05
  4619   9.8875498E-05
  4620   9.8875498E-05
  4621   9.8875498E-05
  4622   9.8875498E-05
  4623   9.8875498E-05
  4624   9.8875498E-05
  4625   9.8875498E-05
  4626   9.8875498E-05
  4627   9.8875498E-05
  4628   9.8875498E-05
  4629   9.8875498E-05
  4630   9.8875498E-05
  4631   9.8875498E-05
  4632   9.8875498E-05
  4633   9.8875498E-05
  4634   9.8875498E-05
  4635   9.8875498E-05
  4636   9.8875498E-05
  4637   9.8875498E-05
  4638   9.8875498E-05
  4639   9.8875498E-05
  4640   9.8875498E-05
  4641   9.8875498E-05
  4642   9.8875498E-05
  4643   9.8875498E-05
  4644   9.8875498E-05
  4645   9.8875498E-05
  4646   9.8875498E-05
  4647   9.8875498E-05
  4648   9.8875498E-05
  4649   9.8875498E-05
  4650   9.8875498E-05
  4651   9.8875498E-05
  4652   9.8875498E-05
  4653   9.8875498E-05
  4654   9.8875498E-05
  4655   9.8875498E-05
  4656   9.8875498E-05
  4657   9.8875498E-05
  4658   9.8875498E-05
  4659   9.8875498E-05
  4660   9.8875498E-05
  4661   9.8875498E-05
  4662   9.8875498E-05
  4663   9.8875498E-05
  4664   9.8875498E-05
  4665   9.8875498E-05
  4666   9.8875498E-05
  4667   9.8875498E-05
  4668   9.8875498E-05
  4669   9.8875498E-05
  4670   9.8875498E-05
  4671   9.8875498E-05
  4672   9.8875498E-05
  4673   9.8875498E-05
  4674   9.8875498E-05
  4675   9.8875498E-05
  4676   9.8875498E-05
  4677   9.8875498E-05
  4678   9.8875498E-05
  4679   9.8875498E-05
  4680   9.8875498E-05
  4681   9.8875498E-05
  4682   9.8875498E-05
  4683   9.8875498E-05
  4684   9.8875498E-05
  4685   9.8875498E-05
  4686   9.8875498E-05
  4687   9.8875498E-05
  4688   9.8875498E-05
  4689   9.8875498E-05
  4690   9.8875498E-05
  4691   9.8875498E-05
  4692   9.8875498E-05
  4693   9.8875498E-05
  4694   9.8875498E-05
  4695   9.8875498E-05
  4696   9.8875498E-05
  4697   9.8875498E-05
  4698   9.8875498E-05
  4699   9.8875498E-05
  4700   9.8875498E-05
  4701   9.8875498E-05
  4702   9.8875498E-05
  4703   9.8875498E-05
  4704   9.8875498E-05
  4705   9.8875498E-05
  4706   9.8875498E-05
  4707   9.8875498E-05
  4708   9.8875498E-05
  4709   9.8875498E-05
  4710   9.8875498E-05
  4711   9.8875498E-05
  4712   9.8875498E-05
  4713   9.8875498E-05
  4714   9.8875498E-05
  4715   9.8875498E-05
  4716   9.8875498E-05
  4717   9.8875498E-05
  4718   9.8875498E-05
  4719   9.8875498E-05
  4720   9.8875498E-05
  4721   9.8875498E-05
  4722   9.8875498E-05
  4723   9.8875498E-05
  4724   9.8875498E-05
  4725   9.8875498E-05
  4726   9.8875498E-05
  4727   9.8875498E-05
  4728   9.8875498E-05
  4729   9.8875498E-05
  4730   9.8875498E-05
  4731   9.8875498E-05
  4732   9.8875498E-05
  4733   9.8875498E-05
  4734   9.8875498E-05
  4735   9.8875498E-05
  4736   9.8875498E-05
  4737   9.8875498E-05
  4738   9.8875498E-05
  4739   9.8875498E-05
  4740   9.8875498E-05
  4741   9.8875498E-05
  4742   9.8875498E-05
  4743   9.8875498E-05
  4744   9.8875498E-05
  4745   9.8875498E-05
  4746   9.8875498E-05
  4747   9.8875498E-05
  4748   9.8875498E-05
  4749   9.8875498E-05
  4750   9.8875498E-05
  4751   9.8875498E-05
  4752   9.8875498E-05
  4753   9.8875498E-05
  4754   9.8875498E-05
  4755   9.8875498E-05
  4756   9.8875498E-05
  4757   9.8875498E-05
  4758   9.8875498E-05
  4759   9.8875498E-05
  4760   9.8875498E-05
  4761   9.8875498E-05
  4762   9.8875498E-05
  4763   9.8875498E-05
  4764   9.8875498E-05
  4765   9.8875498E-05
  4766   9.8875498E-05
  4767   9.8875498E-05
  4768   9.8875498E-05
  4769   9.8875498E-05
  4770   9.8875498E-05
  4771   9.8875498E-05
  4772   9.8875498E-05
  4773   9.8875498E-05
  4774   9.8875498E-05
  4775   9.8875498E-05
  4776   9.8875498E-05
  4777   9.8875498E-05
  4778   9.8875498E-05
  4779   9.8875498E-05
  4780   9.8875498E-05
  4781   9.8875498E-05
  4782   9.8875498E-05
  4783   9.8875498E-05
  4784   9.8875498E-05
  4785   9.8875498E-05
  4786   9.8875498E-05
  4787   9.8875498E-05
  4788   9.8875498E-05
  4789   9.8875498E-05
  4790   9.8875498E-05
  4791   9.8875498E-05
  4792   9.8875498E-05
  4793   9.8875498E-05
  4794   9.8875498E-05
  4795   9.8875498E-05
  4796   9.8875498E-05
  4797   9.8875498E-05
  4798   9.8875498E-05
  4799   9.8875498E-05
  4800   9.8875498E-05
  4801   9.8875498E-05
  4802   9.8875498E-05
  4803   9.8875498E-05
  4804   9.8875498E-05
  4805   9.8875498E-05
  4806   9.8875498E-05
  4807   9.8875498E-05
  4808   9.8875498E-05
  4809   9.8875498E-05
  4810   9.8875498E-05
  4811   9.8875498E-05
  4812   9.8875498E-05
  4813   9.8875498E-05
  4814   9.8875498E-05
  4815   9.8875498E-05
  4816   9.8875498E-05
  4817   9.8875498E-05
  4818   9.8875498E-05
  4819   9.8875498E-05
  4820   9.8875498E-05
  4821   9.8875498E-05
  4822   9.8875498E-05
  4823   9.8875498E-05
  4824   9.8875498E-05
  4825   9.8875498E-05
  4826   9.8875498E-05
  4827   9.8875498E-05
  4828   9.8875498E-05
  4829   9.8875498E-05
  4830   9.8875498E-05
  4831   9.8875498E-05
  4832   9.8875498E-05
  4833   9.8875498E-05
  4834   9.8875498E-05
  4835   9.8875498E-05
  4836   9.8875498E-05
  4837   9.8875498E-05
  4838   9.8875498E-05
  4839   9.8875498E-05
  4840   9.8875498E-05
  4841   9.8875498E-05
  4842   9.8875498E-05
  4843   9.8875498E-05
  4844   9.8875498E-05
  4845   9.8875498E-05
  4846   9.8875498E-05
  4847   9.8875498E-05
  4848   9.8875498E-05
  4849   9.8875498E-05
  4850   9.8875498E-05
  4851   9.8875498E-05
  4852   9.8875498E-05
  4853   9.8875498E-05
  4854   9.8875498E-05
  4855   9.8875498E-05
  4856   9.8875498E-05
  4857   9.8875498E-05
  4858   9.8875498E-05
  4859   9.8875498E-05
  4860   9.8875498E-05
  4861   9.8875498E-05
  4862   9.8875498E-05
  4863   9.8875498E-05
  4864   9.8875498E-05
  4865   9.8875498E-05
  4866   9.8875498E-05
  4867   9.8875498E-05
  4868   9.8875498E-05
  4869   9.8875498E-05
  4870   9.8875498E-05
  4871   9.8875498E-05
  4872   9.8875498E-05
  4873   9.8875498E-05
  4874   9.8875498E-05
  4875   9.8875498E-05
  4876   9.8875498E-05
  4877   9.8875498E-05
  4878   9.8875498E-05
  4879   9.8875498E-05
  4880   9.8875498E-05
  4881   9.8875498E-05
  4882   9.8875498E-05
  4883   9.8875498E-05
  4884   9.8875498E-05
  4885   9.8875498E-05
  4886   9.8875498E-05
  4887   9.8875498E-05
  4888   9.8875498E-05
  4889   9.8875498E-05
  4890   9.8875498E-05
  4891   9.8875498E-05
  4892   9.8875498E-05
  4893   9.8875498E-05
  4894   9.8875498E-05
  4895   9.8875498E-05
  4896   9.8875498E-05
  4897   9.8875498E-05
  4898   9.8875498E-05
  4899   9.8875498E-05
  4900   9.8875498E-05
  4901   9.8875498E-05
  4902   9.8875498E-05
  4903   9.8875498E-05
  4904   9.8875498E-05
  4905   9.8875498E-05
  4906   9.8875498E-05
  4907   9.8875498E-05
  4908   9.8875498E-05
  4909   9.8875498E-05
  4910   9.8875498E-05
  4911   9.8875498E-05
  4912   9.8875498E-05
  4913   9.8875498E-05
  4914   9.8875498E-05
  4915   9.8875498E-05
  4916   9.8875498E-05
  4917   9.8875498E-05
  4918   9.8875498E-05
  4919   9.8875498E-05
  4920   9.8875498E-05
  4921   9.8875498E-05
  4922   9.8875498E-05
  4923   9.8875498E-05
  4924   9.8875498E-05
  4925   9.8875498E-05
  4926   9.8875498E-05
  4927   9.8875498E-05
  4928   9.8875498E-05
  4929   9.8875498E-05
  4930   9.8875498E-05
  4931   9.8875498E-05
  4932   9.8875498E-05
  4933   9.8875498E-05
  4934   9.8875498E-05
  4935   9.8875498E-05
  4936   9.8875498E-05
  4937   9.8875498E-05
  4938   9.8875498E-05
  4939   9.8875498E-05
  4940   9.8875498E-05
  4941   9.8875498E-05
  4942   9.8875498E-05
  4943   9.8875498E-05
  4944   9.8875498E-05
  4945   9.8875498E-05
  4946   9.8875498E-05
  4947   9.8875498E-05
  4948   9.8875498E-05
  4949   9.8875498E-05
  4950   9.8875498E-05
  4951   9.8875498E-05
  4952   9.8875498E-05
  4953   9.8875498E-05
  4954   9.8875498E-05
  4955   9.8875498E-05
  4956   9.8875498E-05
  4957   9.8875498E-05
  4958   9.8875498E-05
  4959   9.8875498E-05
  4960   9.8875498E-05
  4961   9.8875498E-05
  4962   9.8875498E-05
  4963   9.8875498E-05
  4964   9.8875498E-05
  4965   9.8875498E-05
  4966   9.8875498E-05
  4967   9.8875498E-05
  4968   9.8875498E-05
  4969   9.8875498E-05
  4970   9.8875498E-05
  4971   9.8875498E-05
  4972   9.8875498E-05
  4973   9.8875498E-05
  4974   9.8875498E-05
  4975   9.8875498E-05
  4976   9.8875498E-05
  4977   9.8875498E-05
  4978   9.8875498E-05
  4979   9.8875498E-05
  4980   9.8875498E-05
  4981   9.8875498E-05
  4982   9.8875498E-05
  4983   9.8875498E-05
  4984   9.8875498E-05
  4985   9.8875498E-05
  4986   9.8875498E-05
  4987   9.8875498E-05
  4988   9.8875498E-05
  4989   9.8875498E-05
  4990   9.8875498E-05
  4991   9.8875498E-05
  4992   9.8875498E-05
  4993   9.8875498E-05
  4994   9.8875498E-05
  4995   9.8875498E-05
  4996   9.8875498E-05
  4997   9.8875498E-05
  4998   9.8875498E-05
  4999   9.8875498E-05
  5000   9.8875498E-05
