   374539232.       127940040.       94900384.0       2357912.50       99803544.0       9821936.00       969.971863    
   7819477.50       125727032.       91966712.0       2283847.00       82900976.0       9647070.00       940.848022    
   293324.469       123914632.       89120832.0       2212103.00       71092864.0       9475314.00       912.598389    
   16767.4199       122296088.       86360352.0       2142608.00       61894448.0       9306616.00       885.196838    
   1332.54980       120812848.       83682920.0       2075292.00       54460636.0       9140919.00       858.617920    
   138.369370       119418400.       81086240.0       2010087.00       48241260.0       8978172.00       832.836975    
   17.9873295       118090056.       78568056.0       1946927.25       42938536.0       8818320.00       807.830017    
   2.83423901       116814832.       76126160.0       1885748.88       38363480.0       8661314.00       783.573792    
  0.527600169       115588776.       73758408.0       1826490.00       34399536.0       8507102.00       760.045837    
  0.113554917       114398992.       71462688.0       1769090.62       30920292.0       8355634.00       737.224182    
   2.77780741E-02   113243744.       69236936.0       1713492.75       27859652.0       8206862.50       715.087708    
   7.60964910E-03   112118344.       67079160.0       1659639.88       25152808.0       8060738.50       693.615845    
   2.30544037E-03   111016048.       64987392.0       1607477.50       22740486.0       7917215.00       672.788635    
   7.64425029E-04   109936984.       62959720.0       1556952.75       20590396.0       7776246.00       652.586670    
   2.74831138E-04   108878616.       60994280.0       1508014.38       18667902.0       7637786.00       632.991272    
   1.06275751E-04   107838808.       59089252.0       1460612.75       16944192.0       7501790.50       613.984192    
   4.38901407E-05   106815768.       57242860.0       1414699.75       15395038.0       7368215.50       595.547729    
   4.38901516E-05   105807944.       55453384.0       1370228.75       13999878.0       7237017.50       577.664795    
   4.38901625E-05   104805680.       53719132.0       1327154.50       12727723.0       7108155.00       560.318787    
   4.38901698E-05   103816464.       52038472.0       1285433.38       11579466.0       6981586.00       543.493530    
   4.38901807E-05   102839248.       50409804.0       1245022.75       10541535.0       6857270.00       527.173462    
   4.38901916E-05   101873096.       48831572.0       1205881.88       9602119.00       6735166.50       511.343414    
   4.38902025E-05   100917200.       47302268.0       1167970.62       8750890.00       6615236.50       495.988617    
   4.38902134E-05   99970816.0       45820424.0       1131250.50       7978777.00       6497441.00       481.094818    
   4.38902243E-05   99033312.0       44384604.0       1095684.25       7277784.00       6381742.00       466.648224    
   4.38902352E-05   98104088.0       42993416.0       1061235.75       6640835.00       6268103.00       452.635376    
   4.38902462E-05   97182632.0       41645512.0       1027869.62       6061650.00       6156486.00       439.043243    
   4.38902571E-05   96268464.0       40339572.0       995552.188       5534639.00       6046856.50       425.859222    
   4.38902680E-05   95361168.0       39074324.0       964250.438       5054815.00       5939178.00       413.071075    
   4.38902825E-05   94460352.0       37848520.0       933932.438       4617716.00       5833416.50       400.666840    
   4.38902935E-05   93565136.0       36660960.0       904567.375       4218981.00       5729537.50       388.635101    
   4.38903080E-05   92675760.0       35510468.0       876125.312       3855446.75       5627507.50       376.964569    
   4.38903189E-05   91791960.0       34395912.0       848577.250       3523874.00       5527294.00       365.644470    
   4.38903335E-05   90913464.0       33316182.0       821895.188       3221343.75       5428864.00       354.664276    
   4.38903480E-05   90040048.0       32270206.0       796051.812       2945222.75       5332186.50       344.013763    
   4.38903589E-05   89171512.0       31256946.0       771020.875       2693132.00       5237230.00       333.683044    
   4.38903808E-05   88663216.0       30275344.0       746776.750       2462914.25       5143953.50       323.661896    
   4.38903990E-05   88167336.0       29324472.0       723294.750       2253761.50       5052337.50       313.941620    
   4.38904208E-05   87683464.0       28403378.0       700551.062       2063588.62       4962352.00       304.513184    
   4.38904426E-05   87211208.0       27511138.0       678522.375       1890536.62       4873968.00       295.367859    
   4.38904644E-05   86750200.0       26646856.0       657186.250       1732945.12       4787157.00       286.497131    
   4.38904863E-05   86300096.0       25809668.0       636520.938       1589329.38       4701891.50       277.892731    
   4.38905081E-05   85860560.0       24998726.0       616505.375       1458359.38       4618143.50       269.546722    
   4.38905336E-05   85431280.0       24213218.0       597119.125       1338842.12       4535886.50       261.451294    
   4.38905590E-05   85011944.0       23452348.0       578342.375       1229706.50       4455093.00       253.598938    
   4.38905845E-05   84602272.0       22715350.0       560156.062       1129989.38       4375738.00       245.982361    
   4.38906100E-05   84201984.0       22001478.0       542541.500       1038824.00       4297795.50       238.594482    
   4.38906354E-05   83810816.0       21310012.0       525480.812       955429.062       4221240.00       231.428436    
   4.38906645E-05   83428512.0       20640252.0       508956.594       879100.062       4146047.25       224.477570    
   4.38906936E-05   83054832.0       19991518.0       492951.938       809200.938       4072193.00       217.735413    
   4.38907227E-05   82689536.0       19363154.0       477450.500       745156.688       3999653.50       211.195709    
   4.38907555E-05   82332400.0       18754522.0       462436.500       686447.500       3928405.00       204.852371    
   4.38907882E-05   81983208.0       18165006.0       447894.625       632602.688       3858424.75       198.699509    
   4.38908210E-05   81641744.0       17594006.0       433810.000       583195.688       3789690.25       192.731400    
   4.38908537E-05   81307816.0       17040944.0       420168.250       537839.938       3722179.25       186.942505    
   4.38908901E-05   80981216.0       16505255.0       406955.469       496184.656       3655870.00       181.327438    
   4.38909265E-05   80661760.0       15986397.0       394158.188       457911.219       3590741.00       175.880981    
   4.38909628E-05   80349264.0       15483841.0       381763.312       422730.156       3526771.50       170.598083    
   4.38910029E-05   80043560.0       14997077.0       369758.188       390378.250       3463940.50       165.473816    
   4.38910429E-05   79744464.0       14525609.0       358130.562       360616.062       3402228.25       160.503418    
   4.38910829E-05   79451816.0       14068958.0       346868.562       333225.562       3341614.25       155.682281    
   4.38911266E-05   79165456.0       13626657.0       335960.750       308008.062       3282079.50       151.005920    
   4.38911702E-05   78885232.0       13198258.0       325395.906       284782.562       3223604.25       146.469986    
   4.38912175E-05   78610992.0       12783323.0       315163.312       263383.906       3166170.25       142.070267    
   4.38912648E-05   78342576.0       12381431.0       305252.469       243661.391       3109758.50       137.802658    
   4.38913121E-05   78079864.0       11992170.0       295653.312       225477.422       3054351.25       133.663208    
   4.38913630E-05   77822704.0       11615146.0       286355.969       208706.312       2999930.00       129.648071    
   4.38914140E-05   77570968.0       11249972.0       277351.031       193233.141       2946477.75       125.753517    
   4.38914685E-05   77324528.0       10896278.0       268629.250       178952.875       2893977.25       121.975914    
   4.38915231E-05   77083248.0       10553703.0       260181.750       165769.359       2842411.00       118.311752    
   4.38915813E-05   76847016.0       10221896.0       251999.891       153594.594       2791763.00       114.757629    
   4.38916395E-05   76615712.0       9900521.00       244075.328       142348.016       2742016.75       111.310242    
   4.38917014E-05   76389224.0       9589249.00       236399.969       131955.766       2693156.00       107.966377    
   4.38917632E-05   76167424.0       9287762.00       228965.969       122350.203       2645165.25       104.722946    
   4.38918287E-05   75950224.0       8995754.00       221765.734       113469.234       2598028.75       101.576912    
   4.38918942E-05   75737496.0       8712926.00       214791.938       105255.945       2551731.50       98.5253601    
   4.38919633E-05   75529160.0       8438990.00       208037.438       97658.0781       2506258.50       95.5654526    
   4.38920360E-05   75325096.0       8173665.50       201495.344       90627.6484       2461595.00       92.6944427    
   4.38921088E-05   75125216.0       7916683.50       195158.984       84120.6016       2417726.75       89.9096527    
   4.38921852E-05   74929432.0       7667780.50       189021.891       78096.4453       2374639.50       87.2085037    
   4.38922652E-05   74737632.0       7426703.00       183077.781       72517.9453       2332319.50       84.5884781    
   4.38923453E-05   74549744.0       7193205.00       177320.594       67350.8906       2290753.00       82.0471344    
   4.38924326E-05   74365664.0       6967048.50       171744.453       62563.7812       2249926.50       79.5821228    
   4.38925199E-05   74185328.0       6748002.00       166343.672       58127.6484       2209827.00       77.1911392    
   4.38926072E-05   74008632.0       6535842.50       161112.734       54015.8203       2170441.25       74.8719711    
   4.38927018E-05   73835504.0       6330353.50       156046.281       50203.7344       2131757.00       72.6224518    
   4.38927964E-05   73665864.0       6131325.50       151139.172       46668.7656       2093761.50       70.4404984    
   4.38928946E-05   73499640.0       5938555.00       146386.359       43390.0625       2056442.50       68.3240814    
   4.38929965E-05   73336752.0       5751845.00       141783.016       40348.4141       2019788.00       66.2712326    
   4.38931056E-05   73177128.0       5571005.50       137324.438       37526.0898       1983786.25       64.2800369    
   4.38932148E-05   73020696.0       5395852.00       133006.062       34906.7539       1948425.50       62.3486519    
   4.38933275E-05   72867384.0       5226205.50       128823.484       32475.3184       1913694.38       60.4752769    
   4.38934439E-05   72717136.0       5061893.00       124772.445       30217.8711       1879581.62       58.6581688    
   4.38935640E-05   72569872.0       4902746.50       120848.797       28121.5605       1846076.50       56.8956413    
   4.38936877E-05   72425536.0       4748603.50       117048.539       26174.5234       1813167.88       55.1860542    
   4.38938150E-05   72284064.0       4599307.00       113367.789       24365.7988       1780845.38       53.5278206    
   4.38939496E-05   72145392.0       4454705.00       109802.781       22685.2617       1749098.38       51.9193916    
   4.38940842E-05   72009456.0       4314649.50       106349.891       21123.5527       1717916.75       50.3592758    
   4.38942261E-05   71876208.0       4178997.00       103005.578       19672.0176       1687290.38       48.8460236    
   4.38943753E-05   71745592.0       4047610.00       99766.4375       18322.6582       1657209.38       47.3782272    
   4.38945244E-05   71617544.0       3920354.00       96629.1641       17068.0762       1627664.25       45.9545212    
   4.38946809E-05   71492008.0       3797099.00       93590.5391       15901.4219       1598645.12       44.5735779    
   4.38948409E-05   71368944.0       3677719.25       90647.4766       14816.3633       1570142.88       43.2341194    
   4.38950083E-05   71248296.0       3562093.25       87796.9688       13807.0352       1542148.25       41.9348946    
   4.38951829E-05   71130000.0       3450102.50       85036.0938       12868.0088       1514652.12       40.6747017    
   4.38953612E-05   71014024.0       3341632.75       82362.0469       11994.2559       1487645.75       39.4523621    
   4.38955431E-05   70900320.0       3236573.75       79772.0859       11181.1211       1461120.38       38.2667427    
   4.38957359E-05   70788824.0       3134818.00       77263.5781       10424.2891       1435067.38       37.1167412    
   4.38959323E-05   70679512.0       3036261.50       74833.9531       9719.76172       1409478.50       36.0012817    
   4.38961360E-05   70572320.0       2940803.75       72480.7344       9063.83398       1384345.38       34.9193382    
   4.38963471E-05   70467224.0       2848347.25       70201.5156       8453.06934       1359659.88       33.8698921    
   4.38965617E-05   70364160.0       2758797.75       67993.9766       7884.28418       1335414.00       32.8519783    
   4.38967872E-05   70263104.0       2672064.00       65855.8594       7354.52246       1311600.12       31.8646412    
   4.38970201E-05   70164008.0       2588057.25       63784.9727       6861.04395       1288210.38       30.9069672    
   4.38972602E-05   70066832.0       2506691.75       61779.2148       6401.30664       1265237.25       29.9780636    
   4.38975076E-05   69971536.0       2427884.50       59836.5312       5972.94971       1242673.38       29.0770683    
   4.38977659E-05   69878088.0       2351555.00       57954.9414       5573.78369       1220511.38       28.2031403    
   4.38980278E-05   69786448.0       2277625.75       56132.5234       5201.77490       1198744.25       27.3554707    
   4.38983043E-05   69696576.0       2206020.75       54367.4141       4855.03564       1177364.88       26.5332661    
   4.38985880E-05   69608448.0       2136667.00       52657.8125       4531.81250       1156366.25       25.7357655    
   4.38988791E-05   69522016.0       2069494.00       51001.9727       4230.47705       1135741.88       24.9622269    
   4.38991847E-05   69437256.0       2004433.00       49398.2070       3949.51611       1115484.75       24.2119274    
   4.38994975E-05   69354128.0       1941417.62       47844.8711       3687.52417       1095588.62       23.4841728    
   4.38998213E-05   69272608.0       1880383.62       46340.3867       3443.19458       1076047.00       22.7782841    
   4.39001560E-05   69192656.0       1821268.62       44883.2148       3215.31299       1056853.50       22.0936031    
   4.39005053E-05   69114248.0       1764012.25       43471.8672       3002.75049       1038002.00       21.4294968    
   4.39008618E-05   69037352.0       1708556.12       42104.9023       2804.45801       1019486.38       20.7853432    
   4.39012329E-05   68961944.0       1654843.62       40780.9258       2619.45898       1001300.69       20.1605453    
   4.39016185E-05   68887984.0       1602820.00       39498.5820       2446.84619       983439.000       19.5545235    
   4.39020150E-05   68815448.0       1552432.12       38256.5664       2285.77466       965895.562       18.9667091    
   4.39024261E-05   68744320.0       1503628.38       37053.6094       2135.45923       948664.750       18.3965588    
   4.39028518E-05   68674552.0       1456359.25       35888.4844       1995.16882       931741.000       17.8435421    
   4.39032920E-05   68606136.0       1410576.38       34759.9961       1864.22327       915118.812       17.3071423    
   4.39037467E-05   68539048.0       1366232.88       33666.9961       1741.98950       898792.875       16.7868614    
   4.39042196E-05   68473248.0       1323283.75       32608.3711       1627.87805       882757.875       16.2822151    
   4.39047071E-05   68408720.0       1281685.00       31583.0352       1521.34045       867008.688       15.7927351    
   4.39052128E-05   68345440.0       1241394.12       30589.9434       1421.86572       851540.188       15.3179646    
   4.39057367E-05   68283392.0       1202370.12       29628.0820       1328.97827       836347.312       14.8574610    
   4.39062751E-05   68222536.0       1164573.12       28696.4688       1242.23486       821425.312       14.4107981    
   4.39068390E-05   68162864.0       1127964.50       27794.1543       1161.22302       806769.250       13.9775572    
   4.39074174E-05   68104360.0       1092507.00       26920.2129       1085.55811       792374.438       13.5573378    
   4.39080177E-05   68046984.0       1058164.38       26073.7578       1014.88202       778236.250       13.1497478    
   4.39086434E-05   67990728.0       1024901.50       25253.9199       948.861023       764350.062       12.7544079    
   4.39092873E-05   67935568.0       992684.500       24459.8633       887.184021       750711.438       12.3709497    
   4.39099567E-05   67881488.0       961480.438       23690.7793       829.561157       737315.938       11.9990168    
   4.39106479E-05   67828472.0       931257.562       22945.8809       775.722534       724159.500       11.6382666    
   4.39113683E-05   67776488.0       901984.938       22224.4082       725.416443       711238.188       11.2883673    
   4.39121104E-05   67725536.0       873632.750       21525.6230       678.408020       698547.750       10.9489927    
   4.39128817E-05   67675584.0       846172.000       20848.8145       634.478088       686084.125       10.6198273    
   4.39136820E-05   67626616.0       819574.688       20193.2910       593.422485       673843.188       10.3005629    
   4.39145115E-05   67578624.0       793813.688       19558.3809       555.050659       661821.062       9.99090099    
   4.39153700E-05   67531592.0       768862.688       18943.4375       519.184998       650013.750       9.69055462    
   4.39162650E-05   67485488.0       744696.250       18347.8340       485.659698       638417.438       9.39924335    
   4.39171890E-05   67440320.0       721289.625       17770.9590       454.320251       627028.438       9.11669350    
   4.39181495E-05   67396056.0       698619.000       17212.2285       425.022369       615842.938       8.84264374    
   4.39191463E-05   67352680.0       676661.250       16671.0664       397.631500       604857.438       8.57683754    
   4.39201795E-05   67310192.0       655393.875       16146.9248       372.022064       594068.312       8.31902790    
   4.39212527E-05   67268576.0       634795.250       15639.2666       348.076874       583472.000       8.06897259    
   4.39223695E-05   67227808.0       614844.312       15147.5732       325.686554       573065.188       7.82643986    
   4.39235264E-05   67187880.0       595520.750       14671.3428       304.748993       562844.438       7.59120274    
   4.39247306E-05   67148784.0       576804.750       14210.0898       285.168976       552806.375       7.36304235    
   4.39259820E-05   67110504.0       558677.250       13763.3418       266.857452       542947.875       7.14174557    
   4.39272808E-05   67073036.0       541119.812       13330.6445       249.731461       533265.625       6.92710638    
   4.39286341E-05   67036360.0       524114.469       12911.5547       233.713425       523756.531       6.71892405    
   4.39300384E-05   67000468.0       507643.812       12505.6455       218.730927       514417.531       6.51700497    
   4.39315008E-05   66965352.0       491691.125       12112.5010       204.716354       505245.562       6.32116079    
   4.39330252E-05   66931004.0       476240.062       11731.7217       191.606567       496237.688       6.13120794    
   4.39346077E-05   66897416.0       461274.875       11362.9180       179.342606       487390.938       5.94697046    
   4.39362593E-05   66864572.0       446780.281       11005.7129       167.869370       478702.500       5.76827621    
   4.39379764E-05   66832472.0       432741.500       10659.7422       157.135406       470169.531       5.59495831    
   4.39397663E-05   66801108.0       419144.219       10324.6523       147.092636       461789.281       5.42685509    
   4.39416326E-05   66770468.0       405974.531       10000.1006       137.696167       453559.031       5.26381016    
   4.39435826E-05   66740548.0       393219.000       9685.75781       128.904022       445476.125       5.10567093    
   4.39456126E-05   66711348.0       380864.625       9381.30078       120.677017       437537.906       4.95229053    
   4.39477335E-05   66682860.0       368898.781       9086.41992       112.978516       429741.875       4.80352592    
   4.39499490E-05   66655076.0       357309.281       8800.81348       105.774277       422085.469       4.65923786    
   4.39522628E-05   66627996.0       346084.281       8524.19043       99.0323105       414566.250       4.51929188    
   4.39546820E-05   66601620.0       335212.312       8256.26855       92.7227173       407181.750       4.38355827    
   4.39572104E-05   66575940.0       324682.312       7996.77344       86.8175507       399929.594       4.25190973    
   4.39598589E-05   66550964.0       314483.531       7745.44043       81.2906876       392807.438       4.12422371    
   4.39626347E-05   66526684.0       304605.562       7502.01367       76.1177063       385813.031       4.00038147    
   4.39655414E-05   66503104.0       295038.281       7266.24414       71.2757797       378944.094       3.88026762    
   4.39685900E-05   66480228.0       285772.000       7037.89111       66.7435684       372198.406       3.76376987    
   4.39717915E-05   66458056.0       276797.219       6816.72168       62.5011215       365573.812       3.65077972    
   4.39751529E-05   66436600.0       268104.812       6602.51025       58.5297813       359068.188       3.54119205    
   4.39786891E-05   66415860.0       259685.906       6395.03809       54.8120995       352679.438       3.43490505    
   4.39824107E-05   66395848.0       251531.891       6194.09326       51.3317719       346405.531       3.33181930    
   4.39863288E-05   66376572.0       243634.484       5999.47070       48.0735435       340244.500       3.23183894    
   4.39904616E-05   66358048.0       235985.625       5810.97217       45.0231476       334194.312       3.13487124    
   4.39948271E-05   66340288.0       228577.500       5628.40527       42.1672440       328253.125       3.04082561    
   4.39994401E-05   66323312.0       221402.594       5451.58350       39.4933586       322419.031       2.94961500    
   4.40043259E-05   66307140.0       214453.562       5280.32666       36.9898186       316690.156       2.86115408    
   4.40095027E-05   66291796.0       207723.359       5114.46045       34.6457100       311064.781       2.77536130    
   4.40150034E-05   66277316.0       201205.109       4953.81543       32.4508171       305541.094       2.69215679    
   4.40208532E-05   66263724.0       194892.203       4798.22852       30.3955994       300117.438       2.61146355    
   4.40270887E-05   66251072.0       188778.219       4647.54004       28.4711132       294792.125       2.53320646    
   4.40337462E-05   66239400.0       182856.938       4501.59766       26.6690044       289563.531       2.45731378    
   4.40408767E-05   66228768.0       177122.344       4360.25244       24.9814529       284430.125       2.38371515    
   4.40485310E-05   66219240.0       171568.641       4223.36035       23.4011421       279390.406       2.31234288    
   4.40567674E-05   66210900.0       166190.203       4090.78320       21.9212303       274442.875       2.24313164    
   4.40656659E-05   66203848.0       160981.609       3962.38599       20.5353127       269586.219       2.17601824    
   4.40753101E-05   66198192.0       155937.609       3838.03857       19.2374001       264819.125       2.11094141    
   4.40858093E-05   66194080.0       151053.156       3717.61572       18.0218906       260140.359       2.04784250    
   4.40972908E-05   66191688.0       146323.359       3600.99609       16.8835411       255548.844       1.98666561    
   4.41099219E-05   66191236.0       141743.547       3488.06250       15.8174515       251043.609       1.92735636    
   4.41238990E-05   66193008.0       137309.234       3378.70239       14.8190355       246623.859       1.86986375    
   4.41394950E-05   66197368.0       133016.141       3272.80786       13.8840103       242289.031       1.81413937    
   4.41570483E-05   66204792.0       128860.203       3170.27563       13.0083761       238038.906       1.76013851    
   4.41770389E-05   66215948.0       124837.633       3071.00757       12.1884022       233873.672       1.70782053    
   4.42001292E-05   66231752.0       120944.969       2974.91187       11.4206152       229794.250       1.65715098    
   4.42272903E-05   66253572.0       117179.211       2881.90479       10.7018013       225802.688       1.60810375    
   4.42600394E-05   66283528.0       113538.031       2791.91357       10.0290098       221902.938       1.56066608    
   4.43009048E-05   66325172.0       110020.320       2704.88501       9.39960003       218102.641       1.51485085    
   4.43546269E-05   66385156.0       106627.422       2620.80298       8.81135464       214417.328       1.47072291    
   4.44317266E-05   66478260.0       103367.000       2539.74561       8.26289463       210883.406       1.42848408    
   4.45640835E-05   66649284.0       100270.016       2462.13550       7.75554895       207614.625       1.38884234    
   4.49764557E-05   67214144.0       97578.5234       2391.50830       7.31474066       205426.688       1.35710633    
   4.44766338E-05   66496972.0       93971.4609       2308.36914       6.78271198       199953.234       1.30451024    
   4.43511999E-05   66306292.0       90885.1406       2233.83423       6.33646011       195936.906       1.26240087    
   4.42748969E-05   66185004.0       87949.8672       2162.43945       5.92598867       192171.641       1.22273505    
   4.42193304E-05   66093172.0       85129.7422       2093.62671       5.54488039       188549.484       1.18476009    
   4.41752854E-05   66017820.0       82410.9922       2027.16553       5.18985462       185034.203       1.14820409    
   4.41385855E-05   65953056.0       79785.8438       1962.91418       4.85858345       181608.641       1.11292434    
   4.41069787E-05   65895716.0       77248.8672       1900.76648       4.54918003       178262.969       1.07882810    
   4.40791118E-05   65843888.0       74795.7969       1840.63428       4.26001930       174990.828       1.04584765    
   4.40541116E-05   65796332.0       72423.0234       1782.43982       3.98965836       171787.688       1.01392806    
   4.40313743E-05   65752192.0       70127.3594       1726.11243       3.73679090       168650.094      0.983023167    
   4.40104668E-05   65710864.0       67905.9062       1671.58630       3.50022483       165575.328      0.953091979    
   4.39910727E-05   65671884.0       65755.9766       1618.79980       3.27886367       162561.094      0.924097538    
   4.39729483E-05   65634916.0       63675.0469       1567.69397       3.07169485       159605.422      0.896005869    
   4.39559044E-05   65599684.0       61660.7461       1518.21301       2.87778091       156706.562      0.868785203    
   4.39397918E-05   65565972.0       59710.8086       1470.30322       2.69625115       153862.969      0.842405796    
   4.39244868E-05   65533608.0       57823.0781       1423.91345       2.52629614       151073.188      0.816839337    
   4.39098949E-05   65502444.0       55995.4883       1378.99414       2.36716294       148335.922      0.792059124    
   4.38959287E-05   65472364.0       54226.0586       1335.49768       2.21814919       145649.906      0.768039405    
   4.38825227E-05   65443264.0       52512.8828       1293.37830       2.07860065       143013.984      0.744755626    
   4.38696152E-05   65415056.0       50854.1250       1252.59155       1.94790709       140427.047      0.722184360    
   4.38571587E-05   65387672.0       49248.0195       1213.09497       1.82549822       137888.031      0.700302839    
   4.38451098E-05   65361044.0       47692.8672       1174.84705       1.71084201       135395.938      0.679089367    
   4.38334318E-05   65335120.0       46187.0195       1137.80786       1.60344136       132949.766      0.658522964    
   4.38220923E-05   65309844.0       44728.8945       1101.93909       1.50283182       130548.594      0.638583302    
   4.38110583E-05   65285176.0       43316.9570       1067.20337       1.40857935       128191.508      0.619250834    
   4.38003080E-05   65261076.0       41949.7266       1033.56470       1.32027793       125877.633      0.600506842    
   4.37898198E-05   65237508.0       40625.7734       1000.98804       1.23754811       123606.109      0.582332909    
   4.37795716E-05   65214448.0       39343.7188       969.439880       1.16003513       121376.109      0.564711452    
   4.37695489E-05   65191860.0       38102.2188       938.887390       1.08740711       119186.820      0.547625482    
   4.37597337E-05   65169720.0       36899.9805       909.299194       1.01935339       117037.469      0.531058490    
   4.37501076E-05   65148008.0       35735.7617       880.644531      0.955583632       114927.281      0.514994502    
   4.37406634E-05   65126700.0       34608.3438       852.893982      0.895825922       112855.500      0.499418020    
   4.37313902E-05   65105776.0       33516.5586       826.018860      0.839825928       110821.414      0.484314173    
   4.37222698E-05   65085220.0       32459.2773       799.991455      0.787345588       108824.297      0.469668448    
   4.37132985E-05   65065012.0       31435.4004       774.784912      0.738162160       106863.461      0.455466807    
   4.37044655E-05   65045140.0       30443.8691       750.373352      0.692067027       104938.219      0.441695720    
   4.36957598E-05   65025588.0       29483.6562       726.731628      0.648864985       103047.898      0.428342015    
   4.36871815E-05   65006344.0       28553.7715       703.835327      0.608373225       101191.859      0.415392935    
   4.36787122E-05   64987396.0       27653.2500       681.660950      0.570420682       99369.4531      0.402836174    
   4.36726550E-05   64971944.0       27651.2754       660.196411      0.534869790       97584.2031      0.390676320    
   4.36665978E-05   64956624.0       27649.2988       639.407715      0.501542389       95831.0234      0.378883511    
   4.36605442E-05   64941436.0       27647.3262       619.273682      0.470298946       94109.3438      0.367446721    
   4.36544906E-05   64926368.0       27645.3516       599.773621      0.441008568       92418.6016      0.356355131    
   4.36484406E-05   64911428.0       27643.3789       580.887573      0.413548738       90758.2344      0.345598340    
   4.36423943E-05   64896608.0       27641.4062       562.596252      0.387804598       89127.6953      0.335166276    
   4.36363480E-05   64881904.0       27639.4355       544.880920      0.363668531       87526.4531      0.325049132    
   4.36303017E-05   64867320.0       27637.4629       527.723389      0.341039747       85953.9844      0.315237373    
   4.36242590E-05   64852852.0       27635.4922       511.106140      0.319823712       84409.7656      0.305721790    
   4.36182199E-05   64838496.0       27633.5215       495.012146      0.299931943       82893.2891      0.296493441    
   4.36121809E-05   64824248.0       27631.5527       479.424927      0.281281471       81404.0625      0.287543654    
   4.36061418E-05   64810112.0       27629.5840       464.328552      0.263794541       79941.5859      0.278864026    
   4.36001064E-05   64796080.0       27627.6152       449.707520      0.247398287       78505.3906      0.270446420    
   4.35940710E-05   64782156.0       27625.6465       435.546906      0.232024476       77095.0000      0.262282878    
   4.35880393E-05   64768332.0       27623.6777       421.832153      0.217609093       75709.9453      0.254365772    
   4.35820111E-05   64754612.0       27621.7109       408.549286      0.204092190       74349.7734      0.246687666    
   4.35759794E-05   64740988.0       27619.7441       395.684692      0.191417560       73014.0391      0.239241317    
   4.35699549E-05   64727460.0       27617.7773       383.225159      0.179532543       71702.3047      0.232019737    
   4.35639267E-05   64714032.0       27615.8125       371.157990      0.168387771       70414.1406      0.225016162    
   4.35579022E-05   64700696.0       27613.8457       359.470795      0.157936990       69149.1172      0.218223974    
   4.35518814E-05   64687452.0       27611.8809       348.151581      0.148136839       67906.8203      0.211636826    
   4.35458605E-05   64674296.0       27609.9160       337.188812      0.138946667       66686.8438      0.205248505    
   4.35398397E-05   64661232.0       27607.9512       326.571259      0.130328387       65488.7812      0.199053034    
   4.35338225E-05   64648252.0       27605.9883       316.288025      0.122246280       64312.2500      0.193044573    
   4.35278052E-05   64635360.0       27604.0234       306.328613      0.114666887       63156.8516      0.187217474    
   4.35217917E-05   64622552.0       27602.0605       296.682800      0.107558839       62022.2148      0.181566268    
   4.35157745E-05   64609828.0       27600.0977       287.340698      0.100892723       60907.9609      0.176085651    
   4.35097645E-05   64597180.0       27598.1348       278.292786       9.46409777E-02   59813.7227      0.170770481    
   4.35037509E-05   64584616.0       27596.1719       269.529785       8.87777582E-02   58739.1484      0.165615737    
   4.34977410E-05   64572128.0       27594.2109       261.042694       8.32788497E-02   57683.8750      0.160616592    
   4.34917347E-05   64559720.0       27592.2500       252.822876       7.81215355E-02   56647.5664      0.155768350    
   4.34857284E-05   64547384.0       27590.2891       244.861877       7.32845291E-02   55629.8711      0.151066467    
   4.34797221E-05   64535120.0       27588.3281       237.151550       6.87478781E-02   54630.4609      0.146506503    
   4.34737158E-05   64522932.0       27586.3672       229.684021       6.44928738E-02   53649.0078      0.142084181    
   4.34677131E-05   64510816.0       27584.4062       222.451630       6.05019778E-02   52685.1836      0.137795344    
   4.34617104E-05   64498768.0       27582.4473       215.446976       5.67587428E-02   51738.6797      0.133635983    
   4.34557223E-05   64486808.0       27580.4922       215.436493       5.32477684E-02   50809.1875      0.129602194    
   4.34497379E-05   64474912.0       27578.5371       215.426010       4.99545820E-02   49896.3984      0.125690162    
   4.34437497E-05   64463084.0       27576.5820       215.415527       4.68656383E-02   49000.0039      0.121896215    
   4.34377653E-05   64451320.0       27574.6270       215.405045       4.39682305E-02   48119.7148      0.118216790    
   4.34317808E-05   64439620.0       27572.6719       215.394562       4.12504449E-02   47255.2422      0.114648432    
   4.34257963E-05   64427980.0       27570.7168       215.384079       3.87011133E-02   46406.2969      0.111187778    
   4.34198118E-05   64416404.0       27568.7617       215.373596       3.63097675E-02   45572.6055      0.107831590    
   4.34138310E-05   64404888.0       27566.8086       215.363113       3.40665840E-02   44753.8867      0.104576707    
   4.34078502E-05   64393428.0       27564.8535       215.352631       3.19623575E-02   43949.8828      0.101420067    
   4.34018693E-05   64382028.0       27562.9004       215.342148       2.99884584E-02   43160.3164       9.83587131E-02
   4.33958885E-05   64370684.0       27560.9414       215.331680       2.81367879E-02   42384.9414       9.53897685E-02
   4.33899113E-05   64359400.0       27558.9824       215.321198       2.63997559E-02   41623.4922       9.25104320E-02
   4.33839305E-05   64348168.0       27557.0215       215.310715       2.47702450E-02   40875.7227       8.97180140E-02
   4.33779533E-05   64336988.0       27555.0625       215.300247       2.32415833E-02   40141.3867       8.70098919E-02
   4.33719797E-05   64325860.0       27553.1035       215.289764       2.18075085E-02   39420.2422       8.43835026E-02
   4.33660025E-05   64314788.0       27551.1465       215.279282       2.04621553E-02   38712.0547       8.18363950E-02
   4.33600289E-05   64303764.0       27549.1875       215.268814       1.92000158E-02   38016.5898       7.93661773E-02
   4.33540554E-05   64292792.0       27547.2285       215.258331       1.80159304E-02   37333.6172       7.69705176E-02
   4.33480818E-05   64281872.0       27545.2715       215.247864       1.69050582E-02   36662.9180       7.46471658E-02
   4.33421083E-05   64270996.0       27543.3125       215.237381       1.58628598E-02   36004.2656       7.23939538E-02
   4.33361383E-05   64260168.0       27541.3555       215.226913       1.48850791E-02   35357.4453       7.02087507E-02
   4.33301648E-05   64249388.0       27539.3965       215.216431       1.39677236E-02   34722.2461       6.80895001E-02
   4.33241948E-05   64238652.0       27537.4395       215.205963       1.31070474E-02   34098.4570       6.60342276E-02
   4.33182286E-05   64227964.0       27535.4824       215.195496       1.22995414E-02   33485.8750       6.40409961E-02
   4.33122586E-05   64217316.0       27533.5254       215.185013       1.15419105E-02   32884.3008       6.21079206E-02
   4.33062924E-05   64206716.0       27531.5684       215.174545       1.08310664E-02   32293.5312       6.02332018E-02
   4.33003261E-05   64196156.0       27529.6113       215.164078       1.01641128E-02   31713.3750       5.84150702E-02
   4.32943598E-05   64185640.0       27527.6543       215.153610       9.53833107E-03   31143.6406       5.66518158E-02
   4.32883935E-05   64175164.0       27525.6973       215.143127       8.95117410E-03   30584.1426       5.49417883E-02
   4.32824309E-05   64164728.0       27523.7402       215.132660       8.40025116E-03   30034.6973       5.32833748E-02
   4.32764682E-05   64154332.0       27521.7852       215.122192       7.88332056E-03   29495.1211       5.16750216E-02
   4.32705056E-05   64143976.0       27519.8281       215.111725       7.39827938E-03   28965.2383       5.01152165E-02
   4.32645429E-05   64133656.0       27517.8730       215.101257       6.94315555E-03   28444.8750       4.86024953E-02
   4.32585803E-05   64123376.0       27515.9180       215.090790       6.51609851E-03   27933.8613       4.71354313E-02
   4.32526213E-05   64113132.0       27513.9609       215.080322       6.11537322E-03   27432.0273       4.57126535E-02
   4.32466622E-05   64102924.0       27512.0059       215.069855       5.73935173E-03   26939.2090       4.43328246E-02
   4.32407032E-05   64092752.0       27510.0508       215.059387       5.38650760E-03   26455.2441       4.29946408E-02
   4.32347479E-05   64082616.0       27508.0957       215.048920       5.05540799E-03   25979.9727       4.16968539E-02
   4.32287889E-05   64072512.0       27506.1406       215.038452       4.74471040E-03   25513.2402       4.04382385E-02
   4.32228335E-05   64062444.0       27504.1855       215.028000       4.45315382E-03   25054.8926       3.92176136E-02
   4.32168781E-05   64052408.0       27502.2305       215.017532       4.17955592E-03   24604.7793       3.80338356E-02
   4.32109264E-05   64042408.0       27500.2773       215.007065       3.92280798E-03   24162.7520       3.68857868E-02
   4.32049710E-05   64032436.0       27498.3223       214.996597       3.68187018E-03   23728.6680       3.57723944E-02
   4.31990193E-05   64022500.0       27496.3672       214.986145       3.45576578E-03   23302.3789       3.46926078E-02
   4.31930675E-05   64012592.0       27494.4141       214.975677       3.24357953E-03   22883.7500       3.36454138E-02
   4.31871158E-05   64002712.0       27492.4609       214.965210       3.04445275E-03   22472.6426       3.26298326E-02
   4.31811677E-05   63992868.0       27490.5059       214.954758       2.85757962E-03   22068.9199       3.16449031E-02
   4.31752160E-05   63983048.0       27488.5527       214.944290       2.68220413E-03   21672.4492       3.06897052E-02
   4.31692679E-05   63973260.0       27486.5996       214.933838       2.51761707E-03   21283.1016       2.97633391E-02
   4.31633198E-05   63963500.0       27484.6465       214.923370       2.36315327E-03   20900.7500       2.88649369E-02
   4.31573717E-05   63953764.0       27482.6934       214.912918       2.21818872E-03   20525.2656       2.79936511E-02
   4.31514272E-05   63944060.0       27480.7402       214.902451       2.08213739E-03   20156.5273       2.71486659E-02
   4.31454828E-05   63934380.0       27478.7871       214.891998       1.95445027E-03   19794.4141       2.63291858E-02
   4.31395383E-05   63924728.0       27476.8359       214.881546       1.83461199E-03   19438.8066       2.55344436E-02
   4.31335939E-05   63915104.0       27474.8828       214.871078       1.72213861E-03   19089.5859       2.47636884E-02
   4.31276530E-05   63905504.0       27472.9297       214.860626       1.61657657E-03   18746.6406       2.40161996E-02
   4.31217086E-05   63895928.0       27470.9785       214.850174       1.51750015E-03   18409.8555       2.32912730E-02
   4.31157678E-05   63886376.0       27469.0254       214.839722       1.42450992E-03   18079.1211       2.25882288E-02
   4.31098269E-05   63876852.0       27467.0742       214.829254       1.33723114E-03   17754.3281       2.19064057E-02
   4.31038898E-05   63867348.0       27465.1230       214.818802       1.25531212E-03   17435.3691       2.12451629E-02
   4.30979489E-05   63857868.0       27463.1719       214.808350       1.17842306E-03   17122.1426       2.06038784E-02
   4.30920118E-05   63848412.0       27461.2188       214.797897       1.10625429E-03   16814.5410       1.99819542E-02
   4.30860746E-05   63838980.0       27459.2676       214.787445       1.03851536E-03   16512.4668       1.93787999E-02
   4.30801374E-05   63829568.0       27457.3164       214.776993       9.74933675E-04   16215.8184       1.87938530E-02
   4.30742039E-05   63820176.0       27455.3672       214.766541       9.15253593E-04   15924.5000       1.82265621E-02
   4.30682703E-05   63810808.0       27453.4160       214.756088       8.59235122E-04   15638.4150       1.76763963E-02
   4.30623331E-05   63801460.0       27451.4648       214.745636       8.06653057E-04   15357.4697       1.71428360E-02
   4.30564032E-05   63792136.0       27449.5137       214.735184       7.57296046E-04   15081.5723       1.66253801E-02
   4.30504697E-05   63782828.0       27447.5645       214.724731       7.10965949E-04   14810.6299       1.61235463E-02
   4.30445398E-05   63773544.0       27445.6133       214.714279       6.67476619E-04   14544.5557       1.56368576E-02
   4.30386062E-05   63764276.0       27443.6641       214.703842       6.26653491E-04   14283.2617       1.51648615E-02
   4.30326763E-05   63755028.0       27441.7148       214.693390       5.88332769E-04   14026.6621       1.47071118E-02
   4.30267501E-05   63745800.0       27439.7637       214.682938       5.52360609E-04   13774.6719       1.42631792E-02
   4.30208202E-05   63736592.0       27437.8145       214.672485       5.18592831E-04   13527.2090       1.38326464E-02
   4.30148939E-05   63727400.0       27435.8652       214.662048       4.86894045E-04   13284.1914       1.34151094E-02
   4.30089676E-05   63718228.0       27433.9160       214.651596       4.57137125E-04   13045.5400       1.30101759E-02
   4.30030414E-05   63709072.0       27431.9668       214.641159       4.29202890E-04   12811.1758       1.26174651E-02
   4.29971187E-05   63699932.0       27430.0176       214.630707       4.02979436E-04   12581.0215       1.22366082E-02
   4.29911925E-05   63690812.0       27428.0703       214.620255       3.78361729E-04   12355.0029       1.18672475E-02
   4.29852698E-05   63681708.0       27426.1211       214.609818       3.55251250E-04   12133.0439       1.15090357E-02
   4.29793472E-05   63672620.0       27424.1719       214.599365       3.33555479E-04   11915.0732       1.11616366E-02
   4.29734246E-05   63663552.0       27422.2246       214.588928       3.13187658E-04   11701.0176       1.08247241E-02
   4.29675056E-05   63654496.0       27420.2754       214.578491       2.94066267E-04   11490.8076       1.04979808E-02
   4.29615866E-05   63645456.0       27418.3281       214.568039       2.76114908E-04   11284.3750       1.01811001E-02
   4.29556676E-05   63636432.0       27416.3809       214.557602       2.59261811E-04   11081.6494       9.87378508E-03
   4.29497486E-05   63627424.0       27414.4316       214.547165       2.43439645E-04   10882.5674       9.57574602E-03
   4.29438296E-05   63618428.0       27412.4844       214.536713       2.28585181E-04   10687.0605       9.28670261E-03
   4.29379143E-05   63609452.0       27410.5371       214.526276       2.14639105E-04   10495.0674       9.00638476E-03
   4.29319989E-05   63600484.0       27408.5898       214.515839       2.01545758E-04   10306.5225       8.73452798E-03
   4.29260836E-05   63591536.0       27406.6426       214.505402       1.89252882E-04   10121.3652       8.47087707E-03
   4.29201682E-05   63582600.0       27404.6953       214.494965       1.89252882E-04   9939.53320       8.21518432E-03
   4.29142565E-05   63573676.0       27402.7480       214.484512       1.89252882E-04   9760.96875       7.96721037E-03
   4.29083448E-05   63564768.0       27400.8027       214.474075       1.89252882E-04   9585.61230       7.72672053E-03
   4.29024331E-05   63555872.0       27398.8555       214.463638       1.89252882E-04   9413.40625       7.49349035E-03
   4.28965213E-05   63546988.0       27396.9102       214.453201       1.89252882E-04   9244.29395       7.26730004E-03
   4.28906096E-05   63538116.0       27394.9629       214.442764       1.89252882E-04   9078.21875       7.04793772E-03
   4.28847015E-05   63529260.0       27393.0176       214.432327       1.89252882E-04   8915.12793       6.83519617E-03
   4.28787935E-05   63520416.0       27391.0703       214.421890       1.89252882E-04   8754.96680       6.62887655E-03
   4.28728854E-05   63511580.0       27389.1250       214.411469       1.89252882E-04   8597.68359       6.42878469E-03
   4.28669773E-05   63502760.0       27387.1797       214.401031       1.89252882E-04   8443.22559       6.23473246E-03
   4.28610729E-05   63493952.0       27385.2344       214.390594       1.89252882E-04   8291.54199       6.04653778E-03
   4.28551684E-05   63485156.0       27383.2891       214.380157       1.89252882E-04   8142.58398       5.86402370E-03
   4.28492640E-05   63476368.0       27381.3438       214.369720       1.89252882E-04   7996.30176       5.68701886E-03
   4.28433596E-05   63467592.0       27379.3984       214.359299       1.89252882E-04   7852.64746       5.51535655E-03
   4.28374551E-05   63458828.0       27377.4531       214.348862       1.89252882E-04   7711.57422       5.34887612E-03
   4.28315543E-05   63450076.0       27375.5098       214.338425       1.89252882E-04   7573.03516       5.18742111E-03
   4.28256535E-05   63441336.0       27373.5645       214.328003       1.89252882E-04   7436.98486       5.03083924E-03
   4.28197527E-05   63432604.0       27371.6191       214.317566       1.89252882E-04   7303.37891       4.87898383E-03
   4.28138519E-05   63423880.0       27369.6758       214.307144       1.89252882E-04   7172.17285       4.73171240E-03
   4.28079547E-05   63415172.0       27367.7305       214.296707       1.89252882E-04   7043.32422       4.58888616E-03
   4.28020576E-05   63406468.0       27365.7871       214.286285       1.89252882E-04   6916.79053       4.45037102E-03
   4.27961604E-05   63397780.0       27363.8438       214.275848       1.89252882E-04   6792.52979       4.31603706E-03
   4.27902633E-05   63389096.0       27361.9004       214.265427       1.89252882E-04   6670.50146       4.18575807E-03
   4.27843661E-05   63380424.0       27359.9551       214.254990       1.89252882E-04   6550.66504       4.05941112E-03
   4.27784726E-05   63371760.0       27358.0117       214.244568       1.89252882E-04   6432.98193       3.93687841E-03
   4.27725790E-05   63363108.0       27356.0684       214.234146       1.89252882E-04   6317.41309       3.81804397E-03
   4.27666855E-05   63354464.0       27354.1270       214.223709       1.89252882E-04   6203.91992       3.70279676E-03
   4.27607920E-05   63345828.0       27352.1836       214.213287       1.89252882E-04   6092.46631       3.59102827E-03
   4.27549021E-05   63337204.0       27350.2402       214.202866       1.89252882E-04   5983.01465       3.48263350E-03
   4.27490122E-05   63328584.0       27348.2969       214.192444       1.89252882E-04   5875.52930       3.37751047E-03
   4.27431223E-05   63319976.0       27346.3555       214.182007       1.89252882E-04   5769.97510       3.27556068E-03
   4.27372324E-05   63311372.0       27344.4121       214.171585       1.89252882E-04   5666.31689       3.17668822E-03
   4.27313462E-05   63302780.0       27342.4707       214.161163       1.89252882E-04   5564.52100       3.08080018E-03
   4.27254563E-05   63294196.0       27340.5273       214.150742       1.89252882E-04   5464.55371       2.98780669E-03
   4.27195700E-05   63285620.0       27338.5859       214.140320       1.89252882E-04   5366.38281       2.89761997E-03
   4.27136838E-05   63277052.0       27336.6445       214.129898       1.89252882E-04   5269.97510       2.81015574E-03
   4.27078012E-05   63268488.0       27334.7031       214.119476       1.89252882E-04   5175.29980       2.72533135E-03
   4.27019149E-05   63259936.0       27332.7617       214.109055       1.89252882E-04   5082.32520       2.64306762E-03
   4.26960323E-05   63251388.0       27330.8203       214.098633       1.89252882E-04   4991.02051       2.56328681E-03
   4.26901497E-05   63242852.0       27328.8789       214.088211       1.89252882E-04   4901.35645       2.48591439E-03
   4.26842671E-05   63234320.0       27326.9375       214.077805       1.89252882E-04   4813.30322       2.41087726E-03
   4.26783881E-05   63225796.0       27324.9961       214.067383       1.89252882E-04   4726.83203       2.33810511E-03
   4.26725055E-05   63217280.0       27323.0566       214.056961       1.89252882E-04   4641.91406       2.26752972E-03
   4.26666265E-05   63208768.0       27321.1152       214.046539       1.89252882E-04   4558.52148       2.19908450E-03
   4.26607512E-05   63200264.0       27319.1738       214.036133       1.89252882E-04   4476.62744       2.13270541E-03
   4.26548722E-05   63191768.0       27317.2344       214.025711       1.89252882E-04   4396.20459       2.06833007E-03
   4.26489969E-05   63183280.0       27315.2930       214.015289       1.89252882E-04   4317.22607       2.00589770E-03
   4.26431179E-05   63174796.0       27313.3535       214.004883       1.89252882E-04   4239.66699       1.94534985E-03
   4.26372426E-05   63166316.0       27311.4141       213.994461       1.89252882E-04   4163.50098       1.88662962E-03
   4.26313709E-05   63157848.0       27309.4746       213.984055       1.89252882E-04   4088.70337       1.82968192E-03
   4.26254956E-05   63149384.0       27307.5352       213.973633       1.89252882E-04   4015.24951       1.77445321E-03
   4.26196239E-05   63140924.0       27305.5957       213.963226       1.89252882E-04   3943.11523       1.72089145E-03
   4.26137522E-05   63132472.0       27303.6562       213.952805       1.89252882E-04   3872.27686       1.66894658E-03
   4.26078805E-05   63124024.0       27301.7168       213.942398       1.89252882E-04   3802.71094       1.61856960E-03
   4.26020088E-05   63115584.0       27299.7773       213.931976       1.89252882E-04   3734.39502       1.56971323E-03
   4.25961407E-05   63107152.0       27297.8379       213.921570       1.89252882E-04   3667.30640       1.52233161E-03
   4.25902726E-05   63098720.0       27295.9004       213.911163       1.89252882E-04   3601.42285       1.47638016E-03
   4.25844046E-05   63090300.0       27293.9609       213.900742       1.89252882E-04   3536.72290       1.43181579E-03
   4.25785365E-05   63081880.0       27292.0234       213.890335       1.89252882E-04   3473.18555       1.38859660E-03
   4.25726685E-05   63073468.0       27290.0840       213.879929       1.89252882E-04   3410.78931       1.34668197E-03
   4.25668040E-05   63065060.0       27288.1465       213.869522       1.89252882E-04   3349.51440       1.30603253E-03
   4.25609396E-05   63056660.0       27286.2070       213.859116       1.89252882E-04   3289.34009       1.26661011E-03
   4.25550752E-05   63048264.0       27284.2695       213.848694       1.89252882E-04   3230.24683       1.22837757E-03
   4.25492144E-05   63039872.0       27282.3320       213.838287       1.89252882E-04   3172.21509       1.19129906E-03
   4.25433500E-05   63031484.0       27280.3945       213.827881       1.89252882E-04   3115.22607       1.15533988E-03
   4.25374892E-05   63023104.0       27278.4570       213.817474       1.89252882E-04   3059.26074       1.12046604E-03
   4.25316284E-05   63014728.0       27276.5195       213.807068       1.89252882E-04   3004.30078       1.08664494E-03
   4.25257676E-05   63006356.0       27274.5820       213.796661       1.89252882E-04   2950.32837       1.05384469E-03
   4.25199105E-05   62997988.0       27272.6465       213.786255       1.89252882E-04   2897.32544       1.02203444E-03
   4.25140497E-05   62989628.0       27270.7090       213.775864       1.89252882E-04   2845.27466       9.91184497E-04
   4.25081926E-05   62981268.0       27268.7715       213.765457       1.89252882E-04   2794.15918       9.61265643E-04
   4.25023391E-05   62972916.0       27266.8359       213.755051       1.89252882E-04   2743.96191       9.32249939E-04
   4.24964819E-05   62964568.0       27264.8984       213.744644       1.89252882E-04   2694.66626       9.04110086E-04
   4.24906248E-05   62956224.0       27262.9629       213.734238       1.89252882E-04   2646.25659       8.76819657E-04
   4.24847713E-05   62947884.0       27261.0273       213.723846       1.89252882E-04   2598.71631       8.50352924E-04
   4.24789177E-05   62939548.0       27259.0898       213.713440       1.89252882E-04   2552.03003       8.24685092E-04
   4.24730679E-05   62931220.0       27257.1543       213.703033       1.89252882E-04   2506.18262       7.99792062E-04
   4.24672144E-05   62922892.0       27255.2188       213.692642       1.89252882E-04   2461.15894       7.75650435E-04
   4.24613645E-05   62914568.0       27253.2832       213.682236       1.89252882E-04   2416.94409       7.52237509E-04
   4.24555146E-05   62906252.0       27251.3477       213.671829       1.89252882E-04   2373.52344       7.29531283E-04
   4.24496648E-05   62897936.0       27249.4121       213.661438       1.89252882E-04   2330.88281       7.07510451E-04
   4.24438149E-05   62889628.0       27247.4766       213.651031       1.89252882E-04   2289.00830       6.86154352E-04
   4.24379687E-05   62881320.0       27245.5430       213.640640       1.89252882E-04   2247.88623       6.65442843E-04
   4.24321224E-05   62873016.0       27243.6074       213.630234       1.89252882E-04   2207.50269       6.45356544E-04
   4.24262762E-05   62864720.0       27241.6719       213.619843       1.89252882E-04   2167.84473       6.25876535E-04
   4.24204300E-05   62856424.0       27239.7383       213.609451       1.89252882E-04   2128.89917       6.06984482E-04
   4.24145837E-05   62848132.0       27237.8027       213.599045       1.89252882E-04   2090.65332       5.88662748E-04
   4.24087411E-05   62839844.0       27235.8691       213.588654       1.89252882E-04   2053.09448       5.70893986E-04
   4.24028985E-05   62831560.0       27233.9355       213.578262       1.89252882E-04   2016.21057       5.53661608E-04
   4.23970559E-05   62823280.0       27232.0020       213.567871       1.89252882E-04   1979.98926       5.36949432E-04
   4.23912134E-05   62815004.0       27230.0664       213.557465       1.89252882E-04   1944.41858       5.20741625E-04
   4.23853744E-05   62806732.0       27228.1328       213.547073       1.89252882E-04   1909.48694       5.05023112E-04
   4.23795354E-05   62798460.0       27226.1992       213.536682       1.89252882E-04   1875.18286       4.89779050E-04
   4.23736965E-05   62790196.0       27224.2656       213.526291       1.89252882E-04   1841.49500       4.74995119E-04
   4.23678575E-05   62781932.0       27222.3340       213.515900       1.89252882E-04   1808.41235       4.60657437E-04
   4.23620186E-05   62773672.0       27220.4004       213.505508       1.89252882E-04   1775.92407       4.46752558E-04
   4.23561833E-05   62765416.0       27218.4668       213.495117       1.89252882E-04   1744.01953       4.33267356E-04
   4.23503479E-05   62757164.0       27216.5332       213.484726       1.89252882E-04   1712.68799       4.20189230E-04
   4.23445126E-05   62748912.0       27214.6016       213.474335       1.89252882E-04   1681.91943       4.07505868E-04
   4.23386809E-05   62740668.0       27212.6680       213.463943       1.89252882E-04   1651.70361       3.95205338E-04
   4.23328456E-05   62732424.0       27210.7363       213.453552       1.89252882E-04   1622.03064       3.83276114E-04
   4.23270139E-05   62724184.0       27208.8047       213.443161       1.89252882E-04   1592.89075       3.71706963E-04
   4.23211823E-05   62715944.0       27206.8711       213.432770       1.89252882E-04   1564.27429       3.60487029E-04
   4.23153506E-05   62707712.0       27204.9395       213.422394       1.89252882E-04   1536.17200       3.49605776E-04
   4.23095225E-05   62699480.0       27203.0078       213.412003       1.89252882E-04   1508.57458       3.39052960E-04
   4.23036909E-05   62691252.0       27201.0762       213.401611       1.89252882E-04   1481.47290       3.28818685E-04
   4.22978628E-05   62683024.0       27199.1445       213.391235       1.89252882E-04   1454.85815       3.18893319E-04
   4.22920348E-05   62674804.0       27197.2129       213.380844       1.89252882E-04   1428.72144       3.09267576E-04
   4.22862104E-05   62666584.0       27195.2812       213.370453       1.89252882E-04   1403.05432       2.99932348E-04
   4.22803823E-05   62658364.0       27193.3516       213.360077       1.89252882E-04   1377.84839       2.90878932E-04
   4.22745579E-05   62650152.0       27191.4199       213.349686       1.89252882E-04   1353.09521       2.82098772E-04
   4.22687335E-05   62641940.0       27189.4883       213.339310       1.89252882E-04   1328.78674       2.73583661E-04
   4.22629091E-05   62633732.0       27187.5586       213.328918       1.89252882E-04   1304.91504       2.65325565E-04
   4.22570884E-05   62625524.0       27185.6270       213.318542       1.89252882E-04   1281.47205       2.57316744E-04
   4.22512639E-05   62617320.0       27183.6973       213.308151       1.89252882E-04   1258.45032       2.49549659E-04
   4.22454432E-05   62609120.0       27181.7676       213.297775       1.89252882E-04   1235.84216       2.42017035E-04
   4.22396224E-05   62600924.0       27179.8359       213.287384       1.89252882E-04   1213.64014       2.34711770E-04
   4.22338017E-05   62592728.0       27177.9062       213.277008       1.89252882E-04   1191.83704       2.27627024E-04
   4.22279845E-05   62584536.0       27175.9766       213.266632       1.89252882E-04   1170.42554       2.20756119E-04
   4.22221674E-05   62576344.0       27174.0469       213.256256       1.89252882E-04   1149.39880       2.14092623E-04
   4.22163503E-05   62568156.0       27172.1172       213.245865       1.89252882E-04   1128.74976       2.07630263E-04
   4.22105331E-05   62559972.0       27170.1875       213.235489       1.89252882E-04   1108.47168       2.01362956E-04
   4.22047160E-05   62551788.0       27168.2598       213.225113       1.89252882E-04   1088.55786       1.95284840E-04
   4.21989025E-05   62543608.0       27166.3301       213.214737       1.89252882E-04   1069.00183       1.89390194E-04
   4.21930890E-05   62535428.0       27164.4004       213.204361       1.89252882E-04   1049.79712       1.83673474E-04
   4.21872755E-05   62527252.0       27162.4727       213.193985       1.89252882E-04   1030.93750       1.78129310E-04
   4.21814620E-05   62519080.0       27160.5430       213.183609       1.89252882E-04   1012.41656       1.72752494E-04
   4.21756522E-05   62510908.0       27158.6152       213.173233       1.89252882E-04   994.228455       1.67537975E-04
   4.21698423E-05   62502736.0       27156.6855       213.162857       1.89252882E-04   976.367065       1.62480850E-04
   4.21640289E-05   62494572.0       27154.7578       213.152481       1.89252882E-04   958.826538       1.57576389E-04
   4.21582226E-05   62486408.0       27152.8301       213.142105       1.89252882E-04   941.601135       1.52819965E-04
   4.21524128E-05   62478244.0       27150.9023       213.131729       1.89252882E-04   924.685181       1.48207109E-04
   4.21466066E-05   62470084.0       27148.9746       213.121353       1.89252882E-04   908.073120       1.43733487E-04
   4.21407967E-05   62461928.0       27147.0469       213.110977       1.89252882E-04   891.759521       1.39394906E-04
   4.21349941E-05   62453772.0       27145.1191       213.100616       1.89252882E-04   875.739014       1.35187292E-04
   4.21291879E-05   62445616.0       27143.1914       213.090240       1.89252882E-04   860.006287       1.31106674E-04
   4.21233817E-05   62437464.0       27141.2637       213.079865       1.89252882E-04   844.556213       1.27149237E-04
   4.21175791E-05   62429316.0       27139.3359       213.069489       1.89252882E-04   829.383667       1.23311256E-04
   4.21117766E-05   62421168.0       27137.4102       213.059128       1.89252882E-04   814.483765       1.19589116E-04
   4.21059740E-05   62413024.0       27135.4824       213.048752       1.89252882E-04   799.851440       1.15979332E-04
   4.21001751E-05   62404880.0       27133.5566       213.038391       1.89252882E-04   785.482056       1.12478505E-04
   4.20943725E-05   62396740.0       27131.6289       213.028015       1.89252882E-04   771.370850       1.09083354E-04
   4.20885735E-05   62388600.0       27129.7031       213.017654       1.89252882E-04   757.513062       1.05790685E-04
   4.20827746E-05   62380464.0       27127.7773       213.007278       1.89252882E-04   743.904297       1.02597405E-04
   4.20769757E-05   62372328.0       27125.8516       212.996918       1.89252882E-04   730.539978       9.95005103E-05
   4.20711804E-05   62364196.0       27123.9238       212.986542       1.89252882E-04   717.415771       9.95005103E-05
   4.20653814E-05   62356064.0       27121.9980       212.976181       1.89252882E-04   704.527344       9.95005103E-05
   4.20595861E-05   62347936.0       27120.0723       212.965805       1.89252882E-04   691.870483       9.95005103E-05
   4.20537908E-05   62339808.0       27118.1465       212.955444       1.89252882E-04   679.440979       9.95005103E-05
   4.20479992E-05   62331684.0       27116.2227       212.945084       1.89252882E-04   667.234741       9.95005103E-05
   4.20422039E-05   62323560.0       27114.2969       212.934723       1.89252882E-04   655.247803       9.95005103E-05
   4.20364122E-05   62315436.0       27112.3711       212.924347       1.89252882E-04   643.476257       9.95005103E-05
   4.20306205E-05   62307316.0       27110.4473       212.913986       1.89252882E-04   631.916138       9.95005103E-05
   4.20248289E-05   62299200.0       27108.5215       212.903625       1.89252882E-04   620.563721       9.95005103E-05
   4.20190408E-05   62291084.0       27106.5977       212.893265       1.89252882E-04   609.415222       9.95005103E-05
   4.20132528E-05   62282968.0       27104.6719       212.882904       1.89252882E-04   598.467041       9.95005103E-05
   4.20074612E-05   62274856.0       27102.7480       212.872543       1.89252882E-04   587.715515       9.95005103E-05
   4.20016768E-05   62266744.0       27100.8242       212.862183       1.89252882E-04   577.157166       9.95005103E-05
   4.19958888E-05   62258636.0       27098.8984       212.851822       1.89252882E-04   566.788513       9.95005103E-05
   4.19901007E-05   62250528.0       27096.9746       212.841461       1.89252882E-04   556.606079       9.95005103E-05
   4.19843163E-05   62242424.0       27095.0508       212.831100       1.89252882E-04   546.606628       9.95005103E-05
   4.19785320E-05   62234320.0       27093.1270       212.820740       1.89252882E-04   536.786804       9.95005103E-05
   4.19727476E-05   62226216.0       27091.2031       212.810379       1.89252882E-04   527.143372       9.95005103E-05
   4.19669668E-05   62218116.0       27089.2812       212.800018       1.89252882E-04   517.673218       9.95005103E-05
   4.19611824E-05   62210020.0       27087.3574       212.789658       1.89252882E-04   508.373169       9.95005103E-05
   4.19554017E-05   62201920.0       27085.4336       212.779312       1.89252882E-04   499.240204       9.95005103E-05
   4.19496209E-05   62193828.0       27083.5117       212.768951       1.89252882E-04   490.271301       9.95005103E-05
   4.19438438E-05   62185732.0       27081.5879       212.758591       1.89252882E-04   481.463531       9.95005103E-05
   4.19380631E-05   62177640.0       27079.6660       212.748245       1.89252882E-04   472.813995       9.95005103E-05
   4.19322860E-05   62169548.0       27077.7422       212.737885       1.89252882E-04   464.319855       9.95005103E-05
   4.19265089E-05   62161460.0       27075.8203       212.727524       1.89252882E-04   455.978333       9.95005103E-05
   4.19207317E-05   62153372.0       27073.8984       212.717178       1.89252882E-04   447.786621       9.95005103E-05
   4.19149546E-05   62145288.0       27071.9766       212.706818       1.89252882E-04   439.742096       9.95005103E-05
   4.19091812E-05   62137204.0       27070.0547       212.696472       1.89252882E-04   431.842102       9.95005103E-05
   4.19034077E-05   62129120.0       27068.1328       212.686111       1.89252882E-04   424.084015       9.95005103E-05
   4.18976342E-05   62121040.0       27066.2109       212.675766       1.89252882E-04   416.465332       9.95005103E-05
   4.18918607E-05   62112960.0       27064.2891       212.665405       1.89252882E-04   408.983490       9.95005103E-05
   4.18860909E-05   62104884.0       27062.3672       212.655060       1.89252882E-04   401.636078       9.95005103E-05
   4.18803174E-05   62096808.0       27060.4453       212.644714       1.89252882E-04   394.420654       9.95005103E-05
   4.18745476E-05   62088732.0       27058.5254       212.634354       1.89252882E-04   387.334839       9.95005103E-05
   4.18687778E-05   62080660.0       27056.6035       212.624008       1.89252882E-04   380.376343       9.95005103E-05
   4.18630116E-05   62072588.0       27054.6816       212.613663       1.89252882E-04   373.542847       9.95005103E-05
   4.18572417E-05   62064520.0       27052.7617       212.603317       1.89252882E-04   366.832123       9.95005103E-05
   4.18514755E-05   62056452.0       27050.8418       212.592957       1.89252882E-04   360.241943       9.95005103E-05
   4.18457093E-05   62048384.0       27048.9199       212.582611       1.89252882E-04   353.770172       9.95005103E-05
   4.18399432E-05   62040316.0       27047.0000       212.572266       1.89252882E-04   347.414673       9.95005103E-05
   4.18341806E-05   62032252.0       27045.0801       212.561920       1.89252882E-04   341.173340       9.95005103E-05
   4.18284180E-05   62024192.0       27043.1602       212.551575       1.89252882E-04   335.044128       9.95005103E-05
   4.18226518E-05   62016128.0       27041.2402       212.541229       1.89252882E-04   329.025024       9.95005103E-05
   4.18168929E-05   62008068.0       27039.3203       212.530884       1.89252882E-04   323.114075       9.95005103E-05
   4.18111304E-05   62000012.0       27037.4004       212.520538       1.89252882E-04   317.309296       9.95005103E-05
   4.18053678E-05   61991956.0       27035.4805       212.510193       1.89252882E-04   311.608826       9.95005103E-05
   4.17996089E-05   61983900.0       27033.5625       212.499847       1.89252882E-04   306.010742       9.95005103E-05
   4.17938500E-05   61975844.0       27031.6426       212.489502       1.89252882E-04   300.513214       9.95005103E-05
   4.17880910E-05   61967792.0       27029.7246       212.479156       1.89252882E-04   295.114471       9.95005103E-05
   4.17823358E-05   61959740.0       27027.8047       212.468826       1.89252882E-04   289.812714       9.95005103E-05
   4.17765768E-05   61951692.0       27025.8867       212.458481       1.89252882E-04   284.606232       9.95005103E-05
   4.17708216E-05   61943644.0       27023.9668       212.448135       1.89252882E-04   279.493256       9.95005103E-05
   4.17650663E-05   61935596.0       27022.0488       212.437805       1.89252882E-04   274.472137       9.95005103E-05
   4.17593146E-05   61927552.0       27020.1309       212.427460       1.89252882E-04   269.541199       9.95005103E-05
   4.17535593E-05   61919508.0       27018.2129       212.417114       1.89252882E-04   264.698883       9.95005103E-05
   4.17478077E-05   61911464.0       27016.2949       212.406784       1.89252882E-04   259.943542       9.95005103E-05
   4.17420561E-05   61903420.0       27014.3770       212.396439       1.89252882E-04   255.273636       9.95005103E-05
   4.17363044E-05   61895380.0       27012.4590       212.386108       1.89252882E-04   250.687622       9.95005103E-05
   4.17305528E-05   61887344.0       27010.5410       212.375763       1.89252882E-04   246.184006       9.95005103E-05
   4.17248048E-05   61879304.0       27008.6230       212.365433       1.89252882E-04   241.761292       9.95005103E-05
   4.17190568E-05   61871268.0       27006.7051       212.355087       1.89252882E-04   237.418030       9.95005103E-05
   4.17133087E-05   61863236.0       27004.7891       212.344757       1.89252882E-04   233.152786       9.95005103E-05
   4.17075607E-05   61855200.0       27002.8711       212.334412       1.89252882E-04   228.964188       9.95005103E-05
   4.17018164E-05   61847168.0       27000.9551       212.324081       1.89252882E-04   224.850830       9.95005103E-05
   4.16960684E-05   61839140.0       26999.0371       212.313751       1.89252882E-04   220.811356       9.95005103E-05
   4.16903240E-05   61831108.0       26997.1211       212.303406       1.89252882E-04   216.844467       9.95005103E-05
   4.16845796E-05   61823080.0       26995.2051       212.293076       1.89252882E-04   212.948837       9.95005103E-05
   4.16788389E-05   61815052.0       26993.2891       212.282745       1.89252882E-04   209.123199       9.95005103E-05
   4.16730945E-05   61807028.0       26991.3711       212.272415       1.89252882E-04   205.366272       9.95005103E-05
   4.16673538E-05   61799004.0       26989.4551       212.262085       1.89252882E-04   201.676865       9.95005103E-05
   4.16616131E-05   61790980.0       26987.5391       212.251740       1.89252882E-04   198.053711       9.95005103E-05
   4.16558723E-05   61782960.0       26985.6250       212.241409       1.89252882E-04   194.495667       9.95005103E-05
   4.16501352E-05   61774940.0       26983.7090       212.231079       1.89252882E-04   191.001541       9.95005103E-05
   4.16443945E-05   61766920.0       26981.7930       212.220749       1.89252882E-04   187.570175       9.95005103E-05
   4.16386574E-05   61758904.0       26979.8770       212.210419       1.89252882E-04   184.200470       9.95005103E-05
   4.16329203E-05   61750884.0       26977.9629       212.200089       1.89252882E-04   180.891281       9.95005103E-05
   4.16271832E-05   61742872.0       26976.0469       212.189758       1.89252882E-04   177.641556       9.95005103E-05
   4.16214498E-05   61734856.0       26974.1328       212.179443       1.89252882E-04   174.450211       9.95005103E-05
   4.16157163E-05   61726844.0       26972.2168       212.169113       1.89252882E-04   171.316208       9.95005103E-05
   4.16099829E-05   61718832.0       26970.3027       212.158783       1.89252882E-04   168.238495       9.95005103E-05
   4.16042494E-05   61710820.0       26968.3887       212.148453       1.89252882E-04   165.216080       9.95005103E-05
   4.15985160E-05   61702812.0       26966.4746       212.138123       1.89252882E-04   162.247955       9.95005103E-05
   4.15927861E-05   61694804.0       26964.5586       212.127808       1.89252882E-04   159.333160       9.95005103E-05
   4.15870563E-05   61686796.0       26962.6445       212.117477       1.89252882E-04   156.470718       9.95005103E-05
   4.15813265E-05   61678792.0       26960.7305       212.107147       1.89252882E-04   153.659714       9.95005103E-05
   4.15755967E-05   61670788.0       26958.8184       212.096832       1.89252882E-04   150.899200       9.95005103E-05
   4.15698669E-05   61662784.0       26956.9043       212.086502       1.89252882E-04   148.188293       9.95005103E-05
   4.15641407E-05   61654784.0       26954.9902       212.076172       1.89252882E-04   145.526077       9.95005103E-05
   4.15584145E-05   61646784.0       26953.0762       212.065857       1.89252882E-04   142.911682       9.95005103E-05
   4.15526883E-05   61638784.0       26951.1641       212.055527       1.89252882E-04   140.344269       9.95005103E-05
   4.15469622E-05   61630788.0       26949.2500       212.045212       1.89252882E-04   137.822968       9.95005103E-05
   4.15412396E-05   61622788.0       26947.3379       212.034882       1.89252882E-04   135.346970       9.95005103E-05
   4.15355171E-05   61614792.0       26945.4238       212.024567       1.89252882E-04   132.915451       9.95005103E-05
   4.15297945E-05   61606800.0       26943.5117       212.014252       1.89252882E-04   130.527618       9.95005103E-05
   4.15240720E-05   61598804.0       26941.5996       212.003922       1.89252882E-04   128.182678       9.95005103E-05
   4.15183495E-05   61590812.0       26939.6875       211.993607       1.89252882E-04   125.879860       9.95005103E-05
   4.15126306E-05   61582824.0       26937.7754       211.983292       1.89252882E-04   123.618423       9.95005103E-05
   4.15069117E-05   61574832.0       26935.8633       211.972977       1.89252882E-04   121.397606       9.95005103E-05
   4.15011928E-05   61566844.0       26933.9512       211.962646       1.89252882E-04   119.216690       9.95005103E-05
   4.14954739E-05   61558856.0       26932.0391       211.952332       1.89252882E-04   117.074951       9.95005103E-05
   4.14897586E-05   61550872.0       26930.1270       211.942017       1.89252882E-04   114.971687       9.95005103E-05
   4.14840397E-05   61542888.0       26928.2148       211.931702       1.89252882E-04   112.906212       9.95005103E-05
   4.14783244E-05   61534904.0       26926.3047       211.921387       1.89252882E-04   110.877846       9.95005103E-05
   4.14726092E-05   61526920.0       26924.3926       211.911072       1.89252882E-04   108.885918       9.95005103E-05
   4.14668975E-05   61518940.0       26922.4805       211.900757       1.89252882E-04   106.929771       9.95005103E-05
   4.14611823E-05   61510960.0       26920.5703       211.890442       1.89252882E-04   105.008766       9.95005103E-05
   4.14554706E-05   61502980.0       26918.6602       211.880127       1.89252882E-04   103.122276       9.95005103E-05
   4.14497590E-05   61495000.0       26916.7480       211.869812       1.89252882E-04   101.269676       9.95005103E-05
   4.14440474E-05   61487024.0       26914.8379       211.859497       1.89252882E-04   99.4503555       9.95005103E-05
   4.14383394E-05   61479048.0       26912.9277       211.849182       1.89252882E-04   97.6637268       9.95005103E-05
   4.14326278E-05   61471076.0       26911.0176       211.838867       1.89252882E-04   95.9091873       9.95005103E-05
   4.14269198E-05   61463100.0       26909.1074       211.828568       1.89252882E-04   94.1861725       9.95005103E-05
   4.14212118E-05   61455128.0       26907.1973       211.818253       1.89252882E-04   92.4941101       9.95005103E-05
   4.14155074E-05   61447160.0       26905.2871       211.807938       1.89252882E-04   90.8324432       9.95005103E-05
   4.14097995E-05   61439188.0       26903.3770       211.797623       1.89252882E-04   89.2006302       9.95005103E-05
   4.14040951E-05   61431220.0       26901.4688       211.787323       1.89252882E-04   87.5981369       9.95005103E-05
   4.13983907E-05   61423252.0       26899.5586       211.777008       1.89252882E-04   86.0244293       9.95005103E-05
   4.13926864E-05   61415284.0       26897.6484       211.766693       1.89252882E-04   84.4789963       9.95005103E-05
   4.13869820E-05   61407320.0       26895.7402       211.756393       1.89252882E-04   82.9613190       9.95005103E-05
   4.13812813E-05   61399356.0       26893.8301       211.746078       1.89252882E-04   81.4709167       9.95005103E-05
   4.13755806E-05   61391392.0       26891.9219       211.735779       1.89252882E-04   80.0072861       9.95005103E-05
   4.13698799E-05   61383432.0       26890.0137       211.725464       1.89252882E-04   78.5699463       9.95005103E-05
   4.13641792E-05   61375472.0       26888.1055       211.715164       1.89252882E-04   77.1584320       9.95005103E-05
   4.13584821E-05   61367512.0       26886.1953       211.704865       1.89252882E-04   75.7722702       9.95005103E-05
   4.13527814E-05   61359552.0       26884.2871       211.694550       1.89252882E-04   74.4110184       9.95005103E-05
   4.13470843E-05   61351596.0       26882.3789       211.684250       1.89252882E-04   73.0742188       9.95005103E-05
   4.13413873E-05   61343640.0       26880.4707       211.673950       1.89252882E-04   71.7614365       9.95005103E-05
   4.13356938E-05   61335684.0       26878.5625       211.663635       1.89252882E-04   70.4722366       9.95005103E-05
   4.13299967E-05   61327728.0       26876.6562       211.653336       1.89252882E-04   69.2061920       9.95005103E-05
   4.13243033E-05   61319776.0       26874.7480       211.643036       1.89252882E-04   67.9628983       9.95005103E-05
   4.13186099E-05   61311824.0       26872.8398       211.632736       1.89252882E-04   66.7419434       9.95005103E-05
   4.13129164E-05   61303876.0       26870.9336       211.622421       1.89252882E-04   65.5429153       9.95005103E-05
   4.13072266E-05   61295924.0       26869.0254       211.612122       1.89252882E-04   64.3654327       9.95005103E-05
   4.13015332E-05   61287976.0       26867.1191       211.601822       1.89252882E-04   63.2091026       9.95005103E-05
   4.12958434E-05   61280028.0       26865.2109       211.591522       1.89252882E-04   62.0735435       9.95005103E-05
   4.12901536E-05   61272084.0       26863.3047       211.581223       1.89252882E-04   60.9583893       9.95005103E-05
   4.12844638E-05   61264136.0       26861.3984       211.570923       1.89252882E-04   59.8632660       9.95005103E-05
   4.12787776E-05   61256192.0       26859.4922       211.560623       1.89252882E-04   58.7878189       9.95005103E-05
   4.12730915E-05   61248252.0       26857.5859       211.550323       1.89252882E-04   57.7316895       9.95005103E-05
   4.12674053E-05   61240308.0       26855.6797       211.540024       1.89252882E-04   56.6945343       9.95005103E-05
   4.12617192E-05   61232368.0       26853.7734       211.529739       1.89252882E-04   55.6760139       9.95005103E-05
   4.12560330E-05   61224428.0       26851.8672       211.519440       1.89252882E-04   54.6757889       9.95005103E-05
   4.12503505E-05   61216492.0       26849.9609       211.509140       1.89252882E-04   53.6935349       9.95005103E-05
   4.12446643E-05   61208552.0       26848.0566       211.498840       1.89252882E-04   52.7289238       9.95005103E-05
   4.12389818E-05   61200616.0       26846.1504       211.488541       1.89252882E-04   51.7816467       9.95005103E-05
   4.12333029E-05   61192680.0       26844.2441       211.478256       1.89252882E-04   50.8513832       9.95005103E-05
   4.12276204E-05   61184748.0       26842.3398       211.467957       1.89252882E-04   49.9378357       9.95005103E-05
   4.12219415E-05   61176816.0       26840.4336       211.457657       1.89252882E-04   49.0406990       9.95005103E-05
   4.12162626E-05   61168884.0       26838.5293       211.447372       1.89252882E-04   48.1596794       9.95005103E-05
   4.12105837E-05   61160952.0       26836.6250       211.437073       1.89252882E-04   47.2944870       9.95005103E-05
   4.12049048E-05   61153020.0       26834.7207       211.426788       1.89252882E-04   46.4448357       9.95005103E-05
   4.11992260E-05   61145092.0       26832.8145       211.416489       1.89252882E-04   45.6104507       9.95005103E-05
   4.11935507E-05   61137164.0       26830.9102       211.406204       1.89252882E-04   44.7910538       9.95005103E-05
   4.11878755E-05   61129240.0       26829.0059       211.395905       1.89252882E-04   43.9863815       9.95005103E-05
   4.11822002E-05   61121312.0       26827.1016       211.385620       1.89252882E-04   43.1961632       9.95005103E-05
   4.11765286E-05   61113388.0       26825.1992       211.375336       1.89252882E-04   42.4201393       9.95005103E-05
   4.11708534E-05   61105464.0       26823.2949       211.365036       1.89252882E-04   41.6580582       9.95005103E-05
   4.11651818E-05   61097544.0       26821.3906       211.354752       1.89252882E-04   40.9096680       9.95005103E-05
   4.11595101E-05   61089624.0       26819.4863       211.344467       1.89252882E-04   40.1747208       9.95005103E-05
   4.11538385E-05   61081704.0       26817.5840       211.334167       1.89252882E-04   39.4529800       9.95005103E-05
   4.11481706E-05   61073784.0       26815.6797       211.323883       1.89252882E-04   38.7442055       9.95005103E-05
   4.11424990E-05   61065864.0       26813.7773       211.313599       1.89252882E-04   38.0481606       9.95005103E-05
   4.11368310E-05   61057948.0       26811.8750       211.303314       1.89252882E-04   37.3646240       9.95005103E-05
   4.11311630E-05   61050032.0       26809.9707       211.293030       1.89252882E-04   36.6933632       9.95005103E-05
   4.11254950E-05   61042120.0       26808.0684       211.282745       1.89252882E-04   36.0341644       9.95005103E-05
   4.11198307E-05   61034204.0       26806.1660       211.272461       1.89252882E-04   35.3868065       9.95005103E-05
   4.11141664E-05   61026292.0       26804.2637       211.262177       1.89252882E-04   34.7510796       9.95005103E-05
   4.11085020E-05   61018380.0       26802.3613       211.251892       1.89252882E-04   34.1267738       9.95005103E-05
   4.11028377E-05   61010472.0       26800.4590       211.241608       1.89252882E-04   33.5136833       9.95005103E-05
   4.10971734E-05   61002560.0       26798.5566       211.231323       1.89252882E-04   32.9116096       9.95005103E-05
   4.10915127E-05   60994652.0       26796.6543       211.221039       1.89252882E-04   32.3203506       9.95005103E-05
   4.10858520E-05   60986748.0       26794.7539       211.210754       1.89252882E-04   31.7397118       9.95005103E-05
   4.10801913E-05   60978840.0       26792.8516       211.200470       1.89252882E-04   31.1695061       9.95005103E-05
   4.10745306E-05   60970936.0       26790.9512       211.190186       1.89252882E-04   30.6095428       9.95005103E-05
   4.10688699E-05   60963032.0       26789.0488       211.179916       1.89252882E-04   30.0596390       9.95005103E-05
   4.10632128E-05   60955128.0       26787.1484       211.169632       1.89252882E-04   29.5196152       9.95005103E-05
   4.10575558E-05   60947228.0       26785.2461       211.159348       1.89252882E-04   28.9892941       9.95005103E-05
   4.10518987E-05   60939324.0       26783.3457       211.149063       1.89252882E-04   28.4684982       9.95005103E-05
   4.10462417E-05   60931424.0       26781.4453       211.138794       1.89252882E-04   27.9570599       9.95005103E-05
   4.10405883E-05   60923528.0       26779.5449       211.128510       1.89252882E-04   27.4548092       9.95005103E-05
   4.10349312E-05   60915628.0       26777.6445       211.118240       1.89252882E-04   26.9615803       9.95005103E-05
   4.10292778E-05   60907732.0       26775.7441       211.107956       1.89252882E-04   26.4772129       9.95005103E-05
   4.10236244E-05   60899836.0       26773.8438       211.097687       1.89252882E-04   26.0015488       9.95005103E-05
   4.10179746E-05   60891944.0       26771.9434       211.087402       1.89252882E-04   25.5344276       9.95005103E-05
   4.10123212E-05   60884048.0       26770.0430       211.077133       1.89252882E-04   25.0757008       9.95005103E-05
   4.10066714E-05   60876156.0       26768.1426       211.066849       1.89252882E-04   24.6252136       9.95005103E-05
   4.10010216E-05   60868268.0       26766.2441       211.056580       1.89252882E-04   24.1828194       9.95005103E-05
   4.09953718E-05   60860376.0       26764.3438       211.046310       1.89252882E-04   23.7483730       9.95005103E-05
   4.09897257E-05   60852488.0       26762.4453       211.036026       1.89252882E-04   23.3217316       9.95005103E-05
   4.09840795E-05   60844600.0       26760.5449       211.025757       1.89252882E-04   22.9027557       9.95005103E-05
   4.09784298E-05   60836712.0       26758.6465       211.015488       1.89252882E-04   22.4913044       9.95005103E-05
   4.09727836E-05   60828824.0       26756.7480       211.005219       1.89252882E-04   22.0872478       9.95005103E-05
   4.09671411E-05   60820940.0       26754.8496       210.994934       1.89252882E-04   21.6904469       9.95005103E-05
   4.09614950E-05   60813056.0       26752.9492       210.984665       1.89252882E-04   21.3007774       9.95005103E-05
   4.09558525E-05   60805172.0       26751.0508       210.974396       1.89252882E-04   20.9181061       9.95005103E-05
   4.09502100E-05   60797292.0       26749.1523       210.964127       1.89252882E-04   20.5423107       9.95005103E-05
   4.09445674E-05   60789412.0       26747.2559       210.953857       1.89252882E-04   20.1732674       9.95005103E-05
   4.09389249E-05   60781532.0       26745.3574       210.943588       1.89252882E-04   19.8108521       9.95005103E-05
   4.09332861E-05   60773652.0       26743.4590       210.933319       1.89252882E-04   19.4549484       9.95005103E-05
   4.09276472E-05   60765776.0       26741.5605       210.923050       1.89252882E-04   19.1054401       9.95005103E-05
   4.09220083E-05   60757900.0       26739.6641       210.912781       1.89252882E-04   18.7622089       9.95005103E-05
   4.09163695E-05   60750024.0       26737.7656       210.902512       1.89252882E-04   18.4251442       9.95005103E-05
   4.09107306E-05   60742148.0       26735.8691       210.892242       1.89252882E-04   18.0941353       9.95005103E-05
   4.09050954E-05   60734276.0       26733.9707       210.881973       1.89252882E-04   17.7690716       9.95005103E-05
   4.08994601E-05   60726404.0       26732.0742       210.871719       1.89252882E-04   17.4498501       9.95005103E-05
   4.08938249E-05   60718532.0       26730.1777       210.861450       1.89252882E-04   17.1363621       9.95005103E-05
   4.08881897E-05   60710660.0       26728.2793       210.851181       1.89252882E-04   16.8285046       9.95005103E-05
   4.08825581E-05   60702792.0       26726.3828       210.840912       1.89252882E-04   16.5261803       9.95005103E-05
   4.08769265E-05   60694924.0       26724.4863       210.830658       1.89252882E-04   16.2292862       9.95005103E-05
   4.08712913E-05   60687056.0       26722.5898       210.820389       1.89252882E-04   15.9377251       9.95005103E-05
   4.08656633E-05   60679192.0       26720.6934       210.810120       1.89252882E-04   15.6514025       9.95005103E-05
   4.08600317E-05   60671324.0       26718.7969       210.799866       1.89252882E-04   15.3702240       9.95005103E-05
   4.08544038E-05   60663460.0       26716.9023       210.789597       1.89252882E-04   15.0940971       9.95005103E-05
   4.08487722E-05   60655600.0       26715.0059       210.779343       1.89252882E-04   14.8229303       9.95005103E-05
   4.08431442E-05   60647736.0       26713.1094       210.769073       1.89252882E-04   14.5566349       9.95005103E-05
   4.08375163E-05   60639876.0       26711.2148       210.758820       1.89252882E-04   14.2951241       9.95005103E-05
   4.08318920E-05   60632016.0       26709.3184       210.748550       1.89252882E-04   14.0383110       9.95005103E-05
   4.08262677E-05   60624156.0       26707.4238       210.738297       1.89252882E-04   13.7861109       9.95005103E-05
   4.08206397E-05   60616300.0       26705.5293       210.728043       1.89252882E-04   13.5384426       9.95005103E-05
   4.08150154E-05   60608444.0       26703.6328       210.717773       1.89252882E-04   13.2952232       9.95005103E-05
   4.08093947E-05   60600588.0       26701.7383       210.707520       1.89252882E-04   13.0563736       9.95005103E-05
   4.08037704E-05   60592732.0       26699.8438       210.697266       1.89252882E-04   12.8218145       9.95005103E-05
   4.07981497E-05   60584880.0       26697.9492       210.687012       1.89252882E-04   12.5914698       9.95005103E-05
   4.07925290E-05   60577024.0       26696.0547       210.676743       1.89252882E-04   12.3652630       9.95005103E-05
   4.07869084E-05   60569176.0       26694.1602       210.666489       1.89252882E-04   12.1431198       9.95005103E-05
   4.07812877E-05   60561324.0       26692.2656       210.656235       1.89252882E-04   11.9249678       9.95005103E-05
   4.07756706E-05   60553476.0       26690.3711       210.645981       1.89252882E-04   11.7107353       9.95005103E-05
   4.07700536E-05   60545624.0       26688.4785       210.635727       1.89252882E-04   11.5003510       9.95005103E-05
   4.07644366E-05   60537780.0       26686.5840       210.625473       1.89252882E-04   11.2937460       9.95005103E-05
   4.07588195E-05   60529932.0       26684.6914       210.615219       1.89252882E-04   11.0908527       9.95005103E-05
   4.07532025E-05   60522088.0       26682.7969       210.604965       1.89252882E-04   10.8916044       9.95005103E-05
   4.07475891E-05   60514244.0       26680.9043       210.594711       1.89252882E-04   10.6959362       9.95005103E-05
   4.07419757E-05   60506400.0       26679.0098       210.584457       1.89252882E-04   10.5037832       9.95005103E-05
   4.07363623E-05   60498556.0       26677.1172       210.574203       1.89252882E-04   10.3150816       9.95005103E-05
   4.07307489E-05   60490716.0       26675.2246       210.563965       1.89252882E-04   10.1297703       9.95005103E-05
   4.07251355E-05   60482876.0       26673.3320       210.553711       1.89252882E-04   9.94778824       9.95005103E-05
   4.07195257E-05   60475036.0       26671.4395       210.543457       1.89252882E-04   9.76907539       9.95005103E-05
   4.07139160E-05   60467196.0       26669.5469       210.533203       1.89252882E-04   9.59357357       9.95005103E-05
   4.07083062E-05   60459360.0       26667.6543       210.522949       1.89252882E-04   9.42122364       9.95005103E-05
   4.07026964E-05   60451524.0       26665.7617       210.512711       1.89252882E-04   9.25197029       9.95005103E-05
   4.06970903E-05   60443688.0       26663.8691       210.502457       1.89252882E-04   9.08575821       9.95005103E-05
   4.06914805E-05   60435856.0       26661.9785       210.492218       1.89252882E-04   8.92253208       9.95005103E-05
   4.06858744E-05   60428024.0       26660.0859       210.481964       1.89252882E-04   8.76223755       9.95005103E-05
   4.06802719E-05   60420192.0       26658.1934       210.471710       1.89252882E-04   8.60482407       9.95005103E-05
   4.06746658E-05   60412360.0       26656.3027       210.461472       1.89252882E-04   8.45023727       9.95005103E-05
   4.06690633E-05   60404528.0       26654.4102       210.451218       1.89252882E-04   8.29842854       9.95005103E-05
   4.06634572E-05   60396700.0       26652.5195       210.440979       1.89252882E-04   8.14934635       9.95005103E-05
   4.06578547E-05   60388872.0       26650.6289       210.430740       1.89252882E-04   8.00294209       9.95005103E-05
   4.06522558E-05   60381044.0       26648.7383       210.420486       1.89252882E-04   7.85916901       9.95005103E-05
   4.06466534E-05   60373220.0       26646.8477       210.410248       1.89252882E-04   7.71797848       9.95005103E-05
   4.06410545E-05   60365396.0       26644.9551       210.399994       1.89252882E-04   7.57932425       9.95005103E-05
   4.06354520E-05   60357572.0       26643.0645       210.389755       1.89252882E-04   7.44316101       9.95005103E-05
   4.06298568E-05   60349748.0       26641.1758       210.379517       1.89252882E-04   7.30944395       9.95005103E-05
   4.06242580E-05   60341928.0       26639.2852       210.369278       1.89252882E-04   7.17812920       9.95005103E-05
   4.06186591E-05   60334108.0       26637.3945       210.359024       1.89252882E-04   7.04917383       9.95005103E-05
   4.06130639E-05   60326288.0       26635.5039       210.348785       1.89252882E-04   6.92253447       9.95005103E-05
   4.06074687E-05   60318468.0       26633.6152       210.338547       1.89252882E-04   6.79817057       9.95005103E-05
   4.06018735E-05   60310652.0       26631.7246       210.328308       1.89252882E-04   6.67604113       9.95005103E-05
   4.05962783E-05   60302832.0       26629.8359       210.318069       1.89252882E-04   6.55610561       9.95005103E-05
   4.05906867E-05   60295016.0       26627.9453       210.307831       1.89252882E-04   6.43832445       9.95005103E-05
   4.05850951E-05   60287204.0       26626.0566       210.297592       1.89252882E-04   6.32265949       9.95005103E-05
   4.05795035E-05   60279388.0       26624.1680       210.287354       1.89252882E-04   6.20907259       9.95005103E-05
   4.05739120E-05   60271576.0       26622.2773       210.277115       1.89252882E-04   6.09752607       9.95005103E-05
   4.05683204E-05   60263764.0       26620.3887       210.266876       1.89252882E-04   5.98798323       9.95005103E-05
   4.05627325E-05   60255956.0       26618.5000       210.256638       1.89252882E-04   5.88040876       9.95005103E-05
   4.05571445E-05   60248144.0       26616.6113       210.246399       1.89252882E-04   5.77476692       9.95005103E-05
   4.05515566E-05   60240336.0       26614.7227       210.236176       1.89252882E-04   5.67102242       9.95005103E-05
   4.05459687E-05   60232532.0       26612.8340       210.225937       1.89252882E-04   5.56914234       9.95005103E-05
   4.05403807E-05   60224724.0       26610.9473       210.215698       1.89252882E-04   5.46909189       9.95005103E-05
   4.05347964E-05   60216920.0       26609.0586       210.205460       1.89252882E-04   5.37083960       9.95005103E-05
   4.05292121E-05   60209116.0       26607.1699       210.195236       1.89252882E-04   5.27435160       9.95005103E-05
   4.05236278E-05   60201312.0       26605.2832       210.184998       1.89252882E-04   5.17959785       9.95005103E-05
   4.05180435E-05   60193508.0       26603.3945       210.174759       1.89252882E-04   5.08654594       9.95005103E-05
   4.05124629E-05   60185708.0       26601.5078       210.164536       1.89252882E-04   4.99516535       9.95005103E-05
   4.05068822E-05   60177908.0       26599.6211       210.154297       1.89252882E-04   4.90542698       9.95005103E-05
   4.05013016E-05   60170108.0       26597.7324       210.144073       1.89252882E-04   4.81730080       9.95005103E-05
   4.04957209E-05   60162308.0       26595.8457       210.133835       1.89252882E-04   4.73075724       9.95005103E-05
   4.04901402E-05   60154512.0       26593.9590       210.123611       1.89252882E-04   4.64576912       9.95005103E-05
   4.04845632E-05   60146716.0       26592.0723       210.113373       1.89252882E-04   4.56230736       9.95005103E-05
   4.04789826E-05   60138920.0       26590.1855       210.103149       1.89252882E-04   4.48034525       9.95005103E-05
   4.04734055E-05   60131128.0       26588.2988       210.092926       1.89252882E-04   4.39985514       9.95005103E-05
   4.04678322E-05   60123332.0       26586.4121       210.082687       1.89252882E-04   4.32081175       9.95005103E-05
   4.04622551E-05   60115540.0       26584.5254       210.072464       1.89252882E-04   4.24318790       9.95005103E-05
   4.04566817E-05   60107752.0       26582.6406       210.062241       1.89252882E-04   4.16695881       9.95005103E-05
   4.04511084E-05   60099960.0       26580.7539       210.052002       1.89252882E-04   4.09209871       9.95005103E-05
   4.04455350E-05   60092172.0       26578.8672       210.041779       1.89252882E-04   4.01858425       9.95005103E-05
   4.04399616E-05   60084384.0       26576.9824       210.031555       1.89252882E-04   3.94638991       9.95005103E-05
   4.04343882E-05   60076596.0       26575.0957       210.021332       1.89252882E-04   3.87549257       9.95005103E-05
   4.04288185E-05   60068812.0       26573.2109       210.011108       1.89252882E-04   3.80586910       9.95005103E-05
   4.04232487E-05   60061024.0       26571.3262       210.000885       1.89252882E-04   3.73749638       9.95005103E-05
   4.04176790E-05   60053240.0       26569.4414       209.990662       1.89252882E-04   3.67035198       9.95005103E-05
   4.04121092E-05   60045460.0       26567.5547       209.980438       1.89252882E-04   3.60441375       9.95005103E-05
   4.04065431E-05   60037676.0       26565.6699       209.970215       1.89252882E-04   3.53966022       9.95005103E-05
   4.04009770E-05   60029896.0       26563.7852       209.959991       1.89252882E-04   3.47606993       9.95005103E-05
   4.03954109E-05   60022116.0       26561.9004       209.949768       1.89252882E-04   3.41362190       9.95005103E-05
   4.03898448E-05   60014336.0       26560.0176       209.939545       1.89252882E-04   3.35229611       9.95005103E-05
   4.03842787E-05   60006560.0       26558.1328       209.929321       1.89252882E-04   3.29207182       9.95005103E-05
   4.03787162E-05   59998780.0       26556.2480       209.919098       1.89252882E-04   3.23292947       9.95005103E-05
   4.03731501E-05   59991004.0       26554.3633       209.908875       1.89252882E-04   3.17484951       9.95005103E-05
   4.03675876E-05   59983232.0       26552.4805       209.898666       1.89252882E-04   3.11781311       9.95005103E-05
   4.03620288E-05   59975456.0       26550.5957       209.888443       1.89252882E-04   3.06180143       9.95005103E-05
   4.03564663E-05   59967684.0       26548.7129       209.878220       1.89252882E-04   3.00679588       9.95005103E-05
   4.03509075E-05   59959912.0       26546.8301       209.868011       1.89252882E-04   2.95277858       9.95005103E-05
   4.03453487E-05   59952140.0       26544.9453       209.857788       1.89252882E-04   2.89973164       9.95005103E-05
   4.03397898E-05   59944372.0       26543.0625       209.847565       1.89252882E-04   2.84763765       9.95005103E-05
   4.03342310E-05   59936604.0       26541.1797       209.837357       1.89252882E-04   2.79647970       9.95005103E-05
   4.03286722E-05   59928836.0       26539.2969       209.827133       1.89252882E-04   2.74624062       9.95005103E-05
   4.03231170E-05   59921068.0       26537.4141       209.816925       1.89252882E-04   2.69690418       9.95005103E-05
   4.03175618E-05   59913304.0       26535.5312       209.806702       1.89252882E-04   2.64845419       9.95005103E-05
   4.03120066E-05   59905540.0       26533.6484       209.796494       1.89252882E-04   2.60087442       9.95005103E-05
   4.03064514E-05   59897776.0       26531.7656       209.786270       1.89252882E-04   2.55414963       9.95005103E-05
   4.03008999E-05   59890012.0       26529.8848       209.776062       1.89252882E-04   2.50826406       9.95005103E-05
   4.02953483E-05   59882252.0       26528.0020       209.765854       1.89252882E-04   2.46320295       9.95005103E-05
   4.02897967E-05   59874488.0       26526.1191       209.755630       1.89252882E-04   2.41895127       9.95005103E-05
   4.02842452E-05   59866728.0       26524.2383       209.745422       1.89252882E-04   2.37549448       9.95005103E-05
   4.02786936E-05   59858972.0       26522.3555       209.735214       1.89252882E-04   2.33281851       9.95005103E-05
   4.02731457E-05   59851212.0       26520.4746       209.725006       1.89252882E-04   2.29090929       9.95005103E-05
   4.02675978E-05   59843456.0       26518.5938       209.714783       1.89252882E-04   2.24975300       9.95005103E-05
   4.02620499E-05   59835700.0       26516.7129       209.704575       1.89252882E-04   2.20933604       9.95005103E-05
   4.02565020E-05   59827948.0       26514.8301       209.694366       1.89252882E-04   2.16964507       9.95005103E-05
   4.02509540E-05   59820192.0       26512.9492       209.684158       1.89252882E-04   2.13066721       9.95005103E-05
   4.02454098E-05   59812440.0       26511.0684       209.673950       1.89252882E-04   2.09238958       9.95005103E-05
   4.02398655E-05   59804688.0       26509.1875       209.663742       1.89252882E-04   2.05479956       9.95005103E-05
   4.02343212E-05   59796940.0       26507.3086       209.653534       1.89252882E-04   2.01788497       9.95005103E-05
   4.02287769E-05   59789188.0       26505.4277       209.643326       1.89252882E-04   1.98163354       9.95005103E-05
   4.02232326E-05   59781440.0       26503.5469       209.633118       1.89252882E-04   1.94603336       9.95005103E-05
   4.02176920E-05   59773692.0       26501.6660       209.622910       1.89252882E-04   1.91107273       9.95005103E-05
   4.02121514E-05   59765948.0       26499.7871       209.612701       1.89252882E-04   1.87674010       9.95005103E-05
   4.02066107E-05   59758200.0       26497.9062       209.602509       1.89252882E-04   1.84302437       9.95005103E-05
   4.02010701E-05   59750456.0       26496.0273       209.592300       1.89252882E-04   1.80991423       9.95005103E-05
   4.01955331E-05   59742712.0       26494.1465       209.582092       1.89252882E-04   1.77739894       9.95005103E-05
   4.01899961E-05   59734972.0       26492.2676       209.571884       1.89252882E-04   1.74546790       9.95005103E-05
   4.01844591E-05   59727228.0       26490.3887       209.561676       1.89252882E-04   1.71411037       9.95005103E-05
   4.01789221E-05   59719488.0       26488.5098       209.551483       1.89252882E-04   1.68331623       9.95005103E-05
   4.01733851E-05   59711748.0       26486.6309       209.541275       1.89252882E-04   1.65307534       9.95005103E-05
   4.01678517E-05   59704012.0       26484.7520       209.531082       1.89252882E-04   1.62337768       9.95005103E-05
   4.01623147E-05   59696272.0       26482.8730       209.520874       1.89252882E-04   1.59421360       9.95005103E-05
   4.01567813E-05   59688536.0       26480.9941       209.510666       1.89252882E-04   1.56557345       9.95005103E-05
   4.01512516E-05   59680800.0       26479.1152       209.500473       1.89252882E-04   1.53744781       9.95005103E-05
   4.01457182E-05   59673068.0       26477.2363       209.490265       1.89252882E-04   1.50982738       9.95005103E-05
   4.01401885E-05   59665332.0       26475.3594       209.480072       1.89252882E-04   1.48270321       9.95005103E-05
   4.01346551E-05   59657600.0       26473.4805       209.469879       1.89252882E-04   1.45606637       9.95005103E-05
   4.01291254E-05   59649868.0       26471.6016       209.459671       1.89252882E-04   1.42990804       9.95005103E-05
   4.01235993E-05   59642140.0       26469.7246       209.449478       1.89252882E-04   1.40421963       9.95005103E-05
   4.01180696E-05   59634408.0       26467.8477       209.439270       1.89252882E-04   1.37899268       9.95005103E-05
   4.01125435E-05   59626680.0       26465.9688       209.429077       1.89252882E-04   1.35421896       9.95005103E-05
   4.01070174E-05   59618952.0       26464.0918       209.418884       1.89252882E-04   1.32989025       9.95005103E-05
   4.01014913E-05   59611228.0       26462.2148       209.408691       1.89252882E-04   1.30599868       9.95005103E-05
   4.00959652E-05   59603500.0       26460.3379       209.398483       1.89252882E-04   1.28253639       9.95005103E-05
   4.00904428E-05   59595776.0       26458.4609       209.388290       1.89252882E-04   1.25949550       9.95005103E-05
   4.00849167E-05   59588052.0       26456.5840       209.378098       1.89252882E-04   1.23686850       9.95005103E-05
   4.00793942E-05   59580332.0       26454.7070       209.367905       1.89252882E-04   1.21464813       9.95005103E-05
   4.00738718E-05   59572612.0       26452.8301       209.357712       1.89252882E-04   1.19282687       9.95005103E-05
   4.00683530E-05   59564888.0       26450.9531       209.347519       1.89252882E-04   1.17139757       9.95005103E-05
   4.00628305E-05   59557172.0       26449.0781       209.337326       1.89252882E-04   1.15035331       9.95005103E-05
   4.00573117E-05   59549452.0       26447.2012       209.327133       1.89252882E-04   1.12968719       9.95005103E-05
   4.00517929E-05   59541736.0       26445.3262       209.316940       1.89252882E-04   1.10939229       9.95005103E-05
   4.00462741E-05   59534020.0       26443.4492       209.306747       1.89252882E-04   1.08946192       9.95005103E-05
   4.00407589E-05   59526304.0       26441.5742       209.296555       1.89252882E-04   1.06988966       9.95005103E-05
   4.00352401E-05   59518588.0       26439.6973       209.286362       1.89252882E-04   1.05066895       9.95005103E-05
   4.00297249E-05   59510876.0       26437.8223       209.276184       1.89252882E-04   1.03179359       9.95005103E-05
   4.00242097E-05   59503164.0       26435.9473       209.265991       1.89252882E-04   1.01325738       9.95005103E-05
   4.00186946E-05   59495452.0       26434.0723       209.255798       1.89252882E-04  0.995054126       9.95005103E-05
   4.00131830E-05   59487740.0       26432.1973       209.245605       1.89252882E-04  0.977177918       9.95005103E-05
   4.00076678E-05   59480032.0       26430.3223       209.235428       1.89252882E-04  0.959622800       9.95005103E-05
   4.00021563E-05   59472324.0       26428.4473       209.225235       1.89252882E-04  0.942383111       9.95005103E-05
   3.99966448E-05   59464616.0       26426.5723       209.215042       1.89252882E-04  0.925453126       9.95005103E-05
   3.99911332E-05   59456912.0       26424.6973       209.204865       1.89252882E-04  0.908827305       9.95005103E-05
   3.99856253E-05   59449204.0       26422.8242       209.194672       1.89252882E-04  0.892500103       9.95005103E-05
   3.99801138E-05   59441500.0       26420.9492       209.184494       1.89252882E-04  0.876466274       9.95005103E-05
   3.99746059E-05   59433796.0       26419.0742       209.174301       1.89252882E-04  0.860720515       9.95005103E-05
   3.99690980E-05   59426096.0       26417.2012       209.164124       1.89252882E-04  0.845257580       9.95005103E-05
   3.99635937E-05   59418392.0       26415.3281       209.153931       1.89252882E-04  0.830072463       9.95005103E-05
   3.99580858E-05   59410692.0       26413.4531       209.143753       1.89252882E-04  0.815160155       9.95005103E-05
   3.99525816E-05   59402996.0       26411.5801       209.133575       1.89252882E-04  0.800515711       9.95005103E-05
   3.99470773E-05   59395296.0       26409.7070       209.123383       1.89252882E-04  0.786134422       9.95005103E-05
   3.99415730E-05   59387600.0       26407.8340       209.113205       1.89252882E-04  0.772011399       9.95005103E-05
   3.99360688E-05   59379904.0       26405.9609       209.103027       1.89252882E-04  0.758142173       9.95005103E-05
   3.99305682E-05   59372208.0       26404.0879       209.092834       1.89252882E-04  0.744522095       9.95005103E-05
   3.99250675E-05   59364512.0       26402.2148       209.082657       1.89252882E-04  0.731146693       9.95005103E-05
   3.99195669E-05   59356820.0       26400.3418       209.072479       1.89252882E-04  0.718011558       9.95005103E-05
   3.99140663E-05   59349128.0       26398.4688       209.062302       1.89252882E-04  0.705112457       9.95005103E-05
   3.99085657E-05   59341436.0       26396.5957       209.052124       1.89252882E-04  0.692445040       9.95005103E-05
   3.99030687E-05   59333744.0       26394.7246       209.041946       1.89252882E-04  0.680005193       9.95005103E-05
   3.98975717E-05   59326056.0       26392.8516       209.031769       1.89252882E-04  0.667788863       9.95005103E-05
   3.98920747E-05   59318368.0       26390.9805       209.021591       1.89252882E-04  0.655791998       9.95005103E-05
   3.98865777E-05   59310680.0       26389.1074       209.011414       1.89252882E-04  0.644010603       9.95005103E-05
   3.98810807E-05   59302996.0       26387.2363       209.001236       1.89252882E-04  0.632440925       9.95005103E-05
   3.98755874E-05   59295308.0       26385.3652       208.991058       1.89252882E-04  0.621079087       9.95005103E-05
   3.98700940E-05   59287624.0       26383.4941       208.980881       1.89252882E-04  0.609921336       9.95005103E-05
   3.98646007E-05   59279940.0       26381.6211       208.970703       1.89252882E-04  0.598964036       9.95005103E-05
   3.98591073E-05   59272260.0       26379.7500       208.960526       1.89252882E-04  0.588203609       9.95005103E-05
   3.98536176E-05   59264576.0       26377.8789       208.950348       1.89252882E-04  0.577636480       9.95005103E-05
   3.98481243E-05   59256896.0       26376.0078       208.940186       1.89252882E-04  0.567259192       9.95005103E-05
   3.98426346E-05   59249220.0       26374.1387       208.930008       1.89252882E-04  0.557068348       9.95005103E-05
   3.98371449E-05   59241540.0       26372.2676       208.919830       1.89252882E-04  0.547060549       9.95005103E-05
   3.98316588E-05   59233864.0       26370.3965       208.909653       1.89252882E-04  0.537232578       9.95005103E-05
   3.98261691E-05   59226188.0       26368.5254       208.899490       1.89252882E-04  0.527581155       9.95005103E-05
   3.98206830E-05   59218512.0       26366.6562       208.889313       1.89252882E-04  0.518103123       9.95005103E-05
   3.98151969E-05   59210836.0       26364.7852       208.879150       1.89252882E-04  0.508795321       9.95005103E-05
   3.98097109E-05   59203164.0       26362.9160       208.868973       1.89252882E-04  0.499654800       9.95005103E-05
   3.98042248E-05   59195492.0       26361.0469       208.858810       1.89252882E-04  0.490678459       9.95005103E-05
   3.97987424E-05   59187820.0       26359.1758       208.848633       1.89252882E-04  0.481863379       9.95005103E-05
   3.97932599E-05   59180148.0       26357.3066       208.838470       1.89252882E-04  0.473206669       9.95005103E-05
   3.97877739E-05   59172480.0       26355.4375       208.828293       1.89252882E-04  0.464705467       9.95005103E-05
   3.97822951E-05   59164812.0       26353.5684       208.818130       1.89252882E-04  0.456357002       9.95005103E-05
   3.97768126E-05   59157144.0       26351.6992       208.807953       1.89252882E-04  0.448158503       9.95005103E-05
   3.97713338E-05   59149476.0       26349.8301       208.797791       1.89252882E-04  0.440107316       9.95005103E-05
   3.97658514E-05   59141812.0       26347.9609       208.787628       1.89252882E-04  0.432200730       9.95005103E-05
   3.97603726E-05   59134148.0       26346.0918       208.777466       1.89252882E-04  0.424436212       9.95005103E-05
   3.97548974E-05   59126484.0       26344.2246       208.767288       1.89252882E-04  0.416811198       9.95005103E-05
   3.97494186E-05   59118824.0       26342.3555       208.757126       1.89252882E-04  0.409323126       9.95005103E-05
   3.97439435E-05   59111160.0       26340.4863       208.746964       1.89252882E-04  0.401969612       9.95005103E-05
   3.97384683E-05   59103500.0       26338.6191       208.736801       1.89252882E-04  0.394748211       9.95005103E-05
   3.97329932E-05   59095840.0       26336.7500       208.726639       1.89252882E-04  0.387656510       9.95005103E-05
   3.97275180E-05   59088184.0       26334.8828       208.716476       1.89252882E-04  0.380692244       9.95005103E-05
   3.97220429E-05   59080524.0       26333.0156       208.706314       1.89252882E-04  0.373853058       9.95005103E-05
   3.97165713E-05   59072868.0       26331.1465       208.696152       1.89252882E-04  0.367136776       9.95005103E-05
   3.97110998E-05   59065216.0       26329.2793       208.685989       1.89252882E-04  0.360541135       9.95005103E-05
   3.97056283E-05   59057560.0       26327.4121       208.675827       1.89252882E-04  0.354063988       9.95005103E-05
   3.97001568E-05   59049908.0       26325.5449       208.665665       1.89252882E-04  0.347703189       9.95005103E-05
   3.96946889E-05   59042252.0       26323.6777       208.655502       1.89252882E-04  0.341456681       9.95005103E-05
   3.96892174E-05   59034604.0       26321.8105       208.645340       1.89252882E-04  0.335322380       9.95005103E-05
   3.96837495E-05   59026952.0       26319.9434       208.635178       1.89252882E-04  0.329298288       9.95005103E-05
   3.96782816E-05   59019304.0       26318.0781       208.625015       1.89252882E-04  0.323382407       9.95005103E-05
   3.96728174E-05   59011656.0       26316.2109       208.614868       1.89252882E-04  0.317572832       9.95005103E-05
   3.96673495E-05   59004008.0       26314.3438       208.604706       1.89252882E-04  0.311867595       9.95005103E-05
   3.96618852E-05   58996360.0       26312.4785       208.594543       1.89252882E-04  0.306264877       9.95005103E-05
   3.96564210E-05   58988716.0       26310.6113       208.584396       1.89252882E-04  0.300762802       9.95005103E-05
   3.96509568E-05   58981072.0       26308.7461       208.574234       1.89252882E-04  0.295359582       9.95005103E-05
   3.96454925E-05   58973428.0       26306.8809       208.564072       1.89252882E-04  0.290053397       9.95005103E-05
   3.96400319E-05   58965784.0       26305.0156       208.553925       1.89252882E-04  0.284842581       9.95005103E-05
   3.96345713E-05   58958144.0       26303.1484       208.543762       1.89252882E-04  0.279725343       9.95005103E-05
   3.96291107E-05   58950504.0       26301.2832       208.533615       1.89252882E-04  0.274700075       9.95005103E-05
   3.96236501E-05   58942864.0       26299.4180       208.523453       1.89252882E-04  0.269765049       9.95005103E-05
   3.96181895E-05   58935224.0       26297.5527       208.513306       1.89252882E-04  0.264918715       9.95005103E-05
   3.96127325E-05   58927588.0       26295.6875       208.503159       1.89252882E-04  0.260159433       9.95005103E-05
   3.96072755E-05   58919952.0       26293.8223       208.492996       1.89252882E-04  0.255485624       9.95005103E-05
   3.96018186E-05   58912316.0       26291.9590       208.482849       1.89252882E-04  0.250895828       9.95005103E-05
   3.95963616E-05   58904680.0       26290.0938       208.472702       1.89252882E-04  0.246388450       9.95005103E-05
   3.95909046E-05   58897048.0       26288.2285       208.462540       1.89252882E-04  0.241962060       9.95005103E-05
   3.95854513E-05   58889416.0       26286.3652       208.452393       1.89252882E-04  0.237615198       9.95005103E-05
   3.95799980E-05   58881784.0       26284.5000       208.442245       1.89252882E-04  0.233346418       9.95005103E-05
   3.95745446E-05   58874152.0       26282.6367       208.432098       1.89252882E-04  0.229154333       9.95005103E-05
   3.95690913E-05   58866524.0       26280.7734       208.421936       1.89252882E-04  0.225037560       9.95005103E-05
   3.95636380E-05   58858896.0       26278.9082       208.411789       1.89252882E-04  0.220994741       9.95005103E-05
   3.95581883E-05   58851268.0       26277.0449       208.401642       1.89252882E-04  0.217024550       9.95005103E-05
   3.95527386E-05   58843640.0       26275.1816       208.391495       1.89252882E-04  0.213125691       9.95005103E-05
   3.95472889E-05   58836016.0       26273.3184       208.381348       1.89252882E-04  0.209296867       9.95005103E-05
   3.95418392E-05   58828392.0       26271.4551       208.371201       1.89252882E-04  0.205536827       9.95005103E-05
   3.95363932E-05   58820768.0       26269.5918       208.361053       1.89252882E-04  0.201844350       9.95005103E-05
   3.95309471E-05   58813144.0       26267.7285       208.350906       1.89252882E-04  0.198218197       9.95005103E-05
   3.95254974E-05   58805524.0       26265.8672       208.340759       1.89252882E-04  0.194657192       9.95005103E-05
   3.95200550E-05   58797900.0       26264.0039       208.330627       1.89252882E-04  0.191160157       9.95005103E-05
   3.95146089E-05   58790280.0       26262.1406       208.320480       1.89252882E-04  0.187725946       9.95005103E-05
   3.95091629E-05   58782664.0       26260.2793       208.310333       1.89252882E-04  0.184353441       9.95005103E-05
   3.95037205E-05   58775044.0       26258.4160       208.300186       1.89252882E-04  0.181041509       9.95005103E-05
   3.94982781E-05   58767428.0       26256.5547       208.290039       1.89252882E-04  0.177789092       9.95005103E-05
   3.94928356E-05   58759812.0       26254.6914       208.279907       1.89252882E-04  0.174595088       9.95005103E-05
   3.94873932E-05   58752200.0       26252.8301       208.269760       1.89252882E-04  0.171458483       9.95005103E-05
   3.94819544E-05   58744584.0       26250.9688       208.259613       1.89252882E-04  0.168378204       9.95005103E-05
   3.94765157E-05   58736972.0       26249.1074       208.249481       1.89252882E-04  0.165353283       9.95005103E-05
   3.94710769E-05   58729360.0       26247.2461       208.239334       1.89252882E-04  0.162382692       9.95005103E-05
   3.94656381E-05   58721748.0       26245.3848       208.229202       1.89252882E-04  0.159465477       9.95005103E-05
   3.94601993E-05   58714140.0       26243.5234       208.219055       1.89252882E-04  0.156600669       9.95005103E-05
   3.94547642E-05   58706532.0       26241.6621       208.208923       1.89252882E-04  0.153787330       9.95005103E-05
   3.94493291E-05   58698924.0       26239.8008       208.198776       1.89252882E-04  0.151024520       9.95005103E-05
   3.94438939E-05   58691316.0       26237.9395       208.188644       1.89252882E-04  0.148311362       9.95005103E-05
   3.94384588E-05   58683712.0       26236.0801       208.178497       1.89252882E-04  0.145646930       9.95005103E-05
   3.94330236E-05   58676104.0       26234.2188       208.168365       1.89252882E-04  0.143030375       9.95005103E-05
   3.94275921E-05   58668504.0       26232.3594       208.158234       1.89252882E-04  0.140460819       9.95005103E-05
   3.94221606E-05   58660900.0       26230.4980       208.148087       1.89252882E-04  0.137937427       9.95005103E-05
