   0.00000000       0.00000000       0.00000000       3.49069596E-14   1.11762596E-12   6.96162183E-10   1.24865496E-09   7.08938659E-14   7.56080407E-11   1.35645120E-10   2.65316523E-12   7.08916161E-14   7.56060908E-11   1.35645092E-10   2.67996481E-14   3.07130536E-11   2.93657570E-10   1.12780042E-10   1.07832687E-09   3.55680319E-10   3.55680312E-11   448830080.       146825648.       58663724.0       873403.625       96819808.0       9697929.00       969.792969       0.00000000       0.00000000       0.00000000       0.00000000       0.00000000       0.00000000    
   0.00000000       0.00000000       0.00000000       7.24623293E-16   1.09864006E-12   6.74285516E-10   1.20926835E-09   5.46091601E-13   7.32330446E-11   1.31366432E-10   2.15780367E-12   7.27990666E-14   7.32297625E-11   1.31366418E-10   2.17959958E-14   2.97475447E-11   2.84394674E-10   1.09234635E-10   1.04431297E-09   3.42051942E-10   3.37795659E-11   9370640.00       143478528.       56850172.0       845977.250       80422568.0       9525271.00       940.674500       0.00000000       0.00000000       0.00000000       0.00000000       0.00000000       0.00000000    
   0.00000000       0.00000000       0.00000000       2.71820896E-17   1.06360374E-12   6.53139709E-10   1.17112386E-09   8.52961202E-13   7.09397957E-11   1.27222677E-10   1.81179030E-12   7.37200150E-14   7.09330164E-11   1.27222663E-10   1.83009125E-14   2.88143970E-11   2.75423878E-10   1.05808064E-10   1.01137176E-09   3.28942457E-10   3.20807061E-11   351511.688       140965344.       55095176.0       819413.250       68967472.0       9355684.00       912.430115       0.00000000       0.00000000       0.00000000       0.00000000       0.00000000       0.00000000    
   0.00000000       0.00000000       0.00000000       1.55382021E-18   1.03234652E-12   6.32653430E-10   1.13418253E-09   1.07392339E-12   6.87191276E-11   1.23209637E-10   1.54440013E-12   7.40374830E-14   6.87079560E-11   1.23209623E-10   1.56000006E-14   2.79103858E-11   2.66736050E-10   1.02488490E-10   9.79469617E-10   3.16332849E-10   3.04670421E-11   20093.5996       138780368.       53392460.0       793681.500       60044052.0       9189116.00       885.033630       0.00000000       0.00000000       0.00000000       0.00000000       0.00000000       0.00000000    
   0.00000000       0.00000000       0.00000000       1.23486071E-19   1.00491382E-12   6.12806583E-10   1.09840659E-09   1.23927474E-12   6.65683411E-11   1.19323190E-10   1.33049691E-12   7.40284841E-14   6.65523747E-11   1.19323176E-10   1.34393627E-14   2.70346159E-11   2.58322280E-10   9.92726040E-11   9.48573775E-10   3.04204301E-10   2.89343272E-11   1596.88977       136878752.       51740620.0       768756.062       52832484.0       9025511.00       858.459595       0.00000000       0.00000000       0.00000000       0.00000000       0.00000000       0.00000000    
   0.00000000       0.00000000       0.00000000       1.28225524E-20   9.79727475E-13   5.93579574E-10   1.06375908E-09   1.36657612E-12   6.44850631E-11   1.15559333E-10   1.15390401E-12   7.37727005E-14   6.44641285E-11   1.15559312E-10   1.16555952E-14   2.61862112E-11   2.50173937E-10   9.61572211E-11   9.18652543E-10   2.92538660E-10   2.74785177E-11   165.817917       135145328.       50138276.0       744611.812       46799040.0       8864818.00       832.683411       0.00000000       0.00000000       0.00000000       0.00000000       0.00000000       0.00000000    
   0.00000000       0.00000000       0.00000000       1.66686809E-21   9.56049909E-13   5.74953307E-10   1.03020459E-09   1.46545319E-12   6.24670940E-11   1.11914200E-10   1.00557637E-12   7.33221602E-14   6.24411495E-11   1.11914186E-10   1.01573370E-14   2.53643287E-11   2.42282611E-10   9.31392255E-11   8.89675167E-10   2.81318330E-10   2.60957679E-11   21.5555038       133525944.       48584076.0       721224.438       41654844.0       8706985.00       807.681030       0.00000000       0.00000000       0.00000000       0.00000000       0.00000000       0.00000000    
   0.00000000       0.00000000       0.00000000       2.62646127E-22   9.33142235E-13   5.56909296E-10   9.97708471E-10   1.54152082E-12   6.05123174E-11   1.08384052E-10   8.79629106E-13   7.26883492E-14   6.04814254E-11   1.08384038E-10   8.88514184E-15   2.45681479E-11   2.34640196E-10   9.02156058E-11   8.61611837E-10   2.70526407E-10   2.47824209E-11   3.39647150       131968824.       47076688.0       698570.250       37216568.0       8551961.00       783.429321       0.00000000       0.00000000       0.00000000       0.00000000       0.00000000       0.00000000    
   0.00000000       0.00000000       0.00000000       4.88921821E-23   9.11715039E-13   5.39429557E-10   9.66237423E-10   1.60031125E-12   5.86187002E-11   1.04965266E-10   7.72226792E-13   7.19706345E-14   5.85829857E-11   1.04965245E-10   7.80027051E-15   2.37968742E-11   2.27238880E-10   8.73834408E-11   8.34433744E-10   2.60146626E-10   2.35350038E-11  0.632260978       130520024.       45614824.0       676626.500       33371128.0       8399696.00       759.905640       0.00000000       0.00000000       0.00000000       0.00000000       0.00000000       0.00000000    
   0.00000000       0.00000000       0.00000000       1.05230219E-23   8.90806472E-13   5.22496546E-10   9.35759137E-10   1.64444782E-12   5.67843203E-11   1.01654317E-10   6.79584481E-13   7.11366526E-14   5.67439359E-11   1.01654296E-10   6.86448968E-15   2.30497323E-11   2.20071017E-10   8.46398923E-11   8.08112965E-10   2.50163307E-10   2.23502154E-11  0.136080980       129111000.       44197204.0       655370.938       29995898.0       8250140.50       737.088257       0.00000000       0.00000000       0.00000000       0.00000000       0.00000000       0.00000000    
   0.00000000       0.00000000       0.00000000       2.57416653E-24   8.70654514E-13   5.06093389E-10   9.06242248E-10   1.67679683E-12   5.50072973E-11   9.84478055E-11   5.99487528E-13   7.02299072E-14   5.49624408E-11   9.84477916E-11   6.05542922E-15   2.23259761E-11   2.13129250E-10   8.19822196E-11   7.82622411E-10   2.40561376E-10   2.12249177E-11   3.32884528E-02   127757496.       42822588.0       634782.125       27026760.0       8103247.00       714.955872       0.00000000       0.00000000       0.00000000       0.00000000       0.00000000       0.00000000    
   0.00000000       0.00000000       0.00000000       7.05178639E-25   8.51418382E-13   4.90203600E-10   8.77656448E-10   1.69994303E-12   5.32858341E-11   9.53424423E-11   5.29898228E-13   6.92862719E-14   5.32367102E-11   9.53424284E-11   5.35250707E-15   2.16248807E-11   2.06406461E-10   7.94077581E-11   7.57935992E-10   2.31326361E-10   2.01561337E-11   9.11918655E-03   126468872.       41489764.0       614839.188       24400838.0       7958967.50       693.487915       0.00000000       0.00000000       0.00000000       0.00000000       0.00000000       0.00000000    
   0.00000000       0.00000000       0.00000000       2.13642860E-25   8.32469185E-13   4.74811357E-10   8.49972315E-10   1.71460003E-12   5.16181993E-11   9.23350355E-11   4.69033883E-13   6.82744470E-14   5.15650161E-11   9.23350216E-11   4.73771616E-15   2.09457399E-11   1.99895739E-10   7.69139197E-11   7.34028227E-10   2.22444271E-10   1.91410325E-11   2.76277401E-03   125199136.       40197540.0       595522.000       22060636.0       7817256.50       672.664551       0.00000000       0.00000000       0.00000000       0.00000000       0.00000000       0.00000000    
   0.00000000       0.00000000       0.00000000       7.08385075E-26   8.14040458E-13   4.59901117E-10   8.23161483E-10   1.72242841E-12   5.00026999E-11   8.94224902E-11   4.15780989E-13   6.72255017E-14   4.99456795E-11   8.94224764E-11   4.19980789E-15   2.02878738E-11   1.93590394E-10   7.44981993E-11   7.10874637E-10   2.13901688E-10   1.81769218E-11   9.16065183E-04   123964736.       38944752.0       576810.938       19974826.0       7678067.00       652.466309       0.00000000       0.00000000       0.00000000       0.00000000       0.00000000       0.00000000    
   0.00000000       0.00000000       0.00000000       2.54683281E-26   7.96083685E-13   4.45457921E-10   7.97196364E-10   1.72450314E-12   4.84376983E-11   8.66018229E-11   3.69052228E-13   6.61473304E-14   4.83770732E-11   8.66018091E-11   3.72780005E-15   1.96506197E-11   1.87483931E-10   7.21581683E-11   6.88451407E-10   2.05685691E-10   1.72612497E-11   3.29349801E-04   122761320.       37730276.0       558687.062       18109806.0       7541355.50       632.874512       0.00000000       0.00000000       0.00000000       0.00000000       0.00000000       0.00000000    
   0.00000000       0.00000000       0.00000000       9.84846849E-27   7.78559780E-13   4.31467279E-10   7.72050257E-10   1.72170991E-12   4.69216228E-11   8.38701261E-11   3.27946139E-13   6.50464789E-14   4.68576150E-11   8.38701122E-11   3.31258704E-15   1.90333374E-11   1.81570092E-10   6.98914676E-11   6.66735445E-10   1.97783873E-10   1.63915895E-11   1.27357838E-04   121585256.       36552996.0       541132.062       16437628.0       7407076.50       613.870911       0.00000000       0.00000000       0.00000000       0.00000000       0.00000000       0.00000000    
   0.00000000       0.00000000       0.00000000       4.12576757E-27   7.61436758E-13   4.17915064E-10   7.47697348E-10   1.71478597E-12   4.54529470E-11   8.12246034E-11   2.91708254E-13   6.39284429E-14   4.53857785E-11   8.12245896E-11   2.94654789E-15   1.84354025E-11   1.75842813E-10   6.76958212E-11   6.45704545E-10   1.90184243E-10   1.55656321E-11   5.28801575E-05   120433512.       35411840.0       524128.125       14934787.0       7275188.00       595.437866       0.00000000       0.00000000       0.00000000       0.00000000       0.00000000       0.00000000    
   0.00000000       0.00000000       0.00000000       4.12576834E-27   7.45437566E-13   4.04787648E-10   7.24112659E-10   1.70606541E-12   4.40301857E-11   7.86625209E-11   2.59702091E-13   6.28610526E-14   4.39600786E-11   7.86625071E-11   2.62325341E-15   1.78562148E-11   1.70296180E-10   6.55690155E-11   6.25337004E-10   1.82875326E-10   1.47811884E-11   5.28801684E-05   119358856.       34305748.0       507658.000       13581337.0       7145646.50       577.558228       0.00000000       0.00000000       0.00000000       0.00000000       0.00000000       0.00000000    
   0.00000000       0.00000000       0.00000000       4.12576911E-27   7.28962246E-13   3.92071819E-10   7.01271874E-10   1.69274469E-12   4.26519688E-11   7.61812627E-11   2.31143745E-13   6.17180460E-14   4.25790826E-11   7.61812488E-11   2.33478512E-15   1.72951896E-11   1.64924505E-10   6.35088926E-11   6.05611894E-10   1.75846046E-10   1.40361767E-11   5.28801793E-05   118238144.       33233698.0       491704.938       12347214.0       7018411.00       560.215454       0.00000000       0.00000000       0.00000000       0.00000000       0.00000000       0.00000000    
   0.00000000       0.00000000       0.00000000       4.12576988E-27   7.12826553E-13   3.79754728E-10   6.79151624E-10   1.67682827E-12   4.13168458E-11   7.37782682E-11   2.05871941E-13   6.05696117E-14   4.12413922E-11   7.37782543E-11   2.07951459E-15   1.67517597E-11   1.59722277E-10   6.15133916E-11   5.86509064E-10   1.69085745E-10   1.33286212E-11   5.28801902E-05   117135536.       32194688.0       476252.781       11233286.0       6893440.00       543.393311       0.00000000       0.00000000       0.00000000       0.00000000       0.00000000       0.00000000    
   0.00000000       0.00000000       0.00000000       4.12577104E-27   6.97014441E-13   3.67823938E-10   6.57729093E-10   1.65871017E-12   4.00234706E-11   7.14510742E-11   1.83479114E-13   5.94187446E-14   3.99456579E-11   7.14510673E-11   1.85332439E-15   1.62253769E-11   1.54684140E-10   5.95804864E-11   5.68008751E-10   1.62584182E-10   1.26566431E-11   5.28802011E-05   116049336.       31187738.0       461285.812       10226385.0       6770693.50       527.076233       0.00000000       0.00000000       0.00000000       0.00000000       0.00000000       0.00000000    
   0.00000000       0.00000000       0.00000000       4.12577181E-27   6.81512301E-13   3.56267377E-10   6.36982300E-10   1.63872865E-12   3.87705423E-11   6.91972937E-11   1.63614199E-13   5.82680334E-14   3.86905716E-11   6.91972799E-11   1.65266864E-15   1.57155088E-11   1.49804932E-10   5.77082201E-11   5.50092027E-10   1.56331517E-10   1.20184591E-11   5.28802157E-05   114978064.       30211904.0       446788.875       9315053.00       6650131.50       511.249084       0.00000000       0.00000000       0.00000000       0.00000000       0.00000000       0.00000000    
   0.00000000       0.00000000       0.00000000       4.12577296E-27   6.66308480E-13   3.45073359E-10   6.16889928E-10   1.61717579E-12   3.75568014E-11   6.70146022E-11   1.45973579E-13   5.71197075E-14   3.74748600E-11   6.70145883E-11   1.47448054E-15   1.52216399E-11   1.45079629E-10   5.58947021E-11   5.32740463E-10   1.50318244E-10   1.14123728E-11   5.28802266E-05   113920432.       29266256.0       432747.219       8489273.00       6531715.50       495.897125       0.00000000       0.00000000       0.00000000       0.00000000       0.00000000       0.00000000    
   0.00000000       0.00000000       0.00000000       4.12577373E-27   6.51393002E-13   3.34230588E-10   5.97431382E-10   1.59430487E-12   3.63810232E-11   6.49007584E-11   1.30293725E-13   5.59757115E-14   3.62972985E-11   6.49007445E-11   1.31609819E-15   1.47432691E-11   1.40503373E-10   5.41381037E-11   5.15936183E-10   1.44535245E-10   1.08367751E-11   5.28802411E-05   112875296.       28349894.0       419146.594       7740243.00       6415407.50       481.006073       0.00000000       0.00000000       0.00000000       0.00000000       0.00000000       0.00000000    
   0.00000000       0.00000000       0.00000000       4.12577489E-27   6.36757140E-13   3.23728100E-10   5.78586568E-10   1.57033598E-12   3.52420246E-11   6.28535904E-11   1.16345193E-13   5.48377397E-14   3.51566901E-11   6.28535765E-11   1.17520400E-15   1.42799141E-11   1.36071474E-10   5.24366349E-11   4.99662034E-10   1.38973763E-10   1.02901359E-11   5.28802520E-05   111841640.       27461942.0       405973.156       7060207.00       6301169.50       466.562134       0.00000000       0.00000000       0.00000000       0.00000000       0.00000000       0.00000000    
   0.00000000       0.00000000       0.00000000       4.12577605E-27   6.22393196E-13   3.13555210E-10   5.60336222E-10   1.54546102E-12   3.41386537E-11   6.08710027E-11   1.03927656E-13   5.37072692E-14   3.40518828E-11   6.08709888E-11   1.04977431E-15   1.38311047E-11   1.31779379E-10   5.07885817E-11   4.83901197E-10   1.33625347E-10   9.77100258E-12   5.28802666E-05   110818560.       26601546.0       393213.500       6442300.00       6188964.50       452.551880       0.00000000       0.00000000       0.00000000       0.00000000       0.00000000       0.00000000    
   0.00000000       0.00000000       0.00000000       4.12577682E-27   6.08294610E-13   3.03701675E-10   5.42661527E-10   1.51984762E-12   3.30698004E-11   5.89509483E-11   9.28657311E-14   5.25855740E-14   3.29817597E-11   5.89509344E-11   9.38037638E-16   1.33963856E-11   1.27622662E-10   4.91922683E-11   4.68637462E-10   1.28481864E-10   9.27799504E-12   5.28802775E-05   109805264.       25767874.0       380854.656       5880430.00       6078757.50       438.962250       0.00000000       0.00000000       0.00000000       0.00000000       0.00000000       0.00000000    
   0.00000000       0.00000000       0.00000000       4.12577797E-27   5.94455420E-13   2.94157448E-10   5.25544386E-10   1.49364267E-12   3.20343856E-11   5.70914600E-11   8.30055561E-14   5.14737856E-14   3.19452277E-11   5.70914496E-11   8.38439957E-16   1.29753153E-11   1.23597063E-10   4.76460781E-11   4.53855259E-10   1.23535501E-10   8.80980185E-12   5.28802921E-05   108801016.       24960120.0       368884.094       5369175.00       5970511.50       425.780670       0.00000000       0.00000000       0.00000000       0.00000000       0.00000000       0.00000000    
   0.00000000       0.00000000       0.00000000       4.12577913E-27   5.80870313E-13   2.84912871E-10   5.08967146E-10   1.46697530E-12   3.10313650E-11   5.52906262E-11   7.42118769E-14   5.03728732E-14   3.09412426E-11   5.52906158E-11   7.49614894E-16   1.25674679E-11   1.19698446E-10   4.61484392E-11   4.39539322E-10   1.18778751E-10   8.36517661E-12   5.28803066E-05   107805192.       24177500.0       357289.594       4903696.00       5864192.50       412.994843       0.00000000       0.00000000       0.00000000       0.00000000       0.00000000       0.00000000    
   0.00000000       0.00000000       0.00000000       4.12578028E-27   5.67534518E-13   2.75958562E-10   4.92912822E-10   1.43995861E-12   3.00597325E-11   5.35465977E-11   6.63655600E-14   4.92836972E-14   2.99687809E-11   5.35465873E-11   6.70359133E-16   1.21724297E-11   1.15922806E-10   4.46978357E-11   4.25674967E-10   1.14204382E-10   7.94293711E-12   5.28803212E-05   106817192.       23419250.0       346059.344       4479664.50       5759766.50       400.592926       0.00000000       0.00000000       0.00000000       0.00000000       0.00000000       0.00000000    
   0.00000000       0.00000000       0.00000000       4.12578144E-27   5.54486416E-13   2.67285444E-10   4.77364925E-10   1.41280661E-12   2.91185062E-11   5.18575807E-11   5.93563962E-14   4.82107640E-14   2.90268608E-11   5.18575703E-11   5.99559566E-16   1.17897983E-11   1.12266259E-10   4.32927930E-11   4.12247930E-10   1.09805429E-10   7.54195924E-12   5.28803357E-05   105839920.       22684626.0       335181.969       4092849.75       5657199.00       388.563385       0.00000000       0.00000000       0.00000000       0.00000000       0.00000000       0.00000000    
   0.00000000       0.00000000       0.00000000       4.12578259E-27   5.41632331E-13   2.58884719E-10   4.62307442E-10   1.38537218E-12   2.82067304E-11   5.02218406E-11   5.30977646E-14   4.71468533E-14   2.81145211E-11   5.02218302E-11   5.36341050E-16   1.14191850E-11   1.08725057E-10   4.19318816E-11   3.99244415E-10   1.05575194E-10   7.16117530E-12   5.28803503E-05   104865424.       21972910.0       324646.344       3740183.75       5556457.00       376.895020       0.00000000       0.00000000       0.00000000       0.00000000       0.00000000       0.00000000    
   0.00000000       0.00000000       0.00000000       4.12578375E-27   5.29015904E-13   2.50747839E-10   4.47724913E-10   1.35785263E-12   2.73234890E-11   4.86376980E-11   4.75073302E-14   4.60966307E-14   2.72308374E-11   4.86376876E-11   4.79872011E-16   1.10602144E-11   1.05295550E-10   4.06137207E-11   3.86651100E-10   1.01507254E-10   6.79957046E-12   5.28803648E-05   103897384.       21283402.0       314441.781       3418523.75       5457508.50       365.577026       0.00000000       0.00000000       0.00000000       0.00000000       0.00000000       0.00000000    
   0.00000000       0.00000000       0.00000000       4.12578490E-27   5.16633774E-13   2.42866532E-10   4.33602376E-10   1.33031628E-12   2.64678904E-11   4.71035259E-11   4.25121635E-14   4.50605739E-14   2.63749109E-11   4.71035155E-11   4.29415767E-16   1.07125211E-11   1.01974228E-10   3.93369712E-11   3.74454995E-10   9.75954040E-11   6.45618238E-12   5.28803830E-05   102935416.       20615418.0       304557.875       3125038.00       5360321.50       354.598846       0.00000000       0.00000000       0.00000000       0.00000000       0.00000000       0.00000000    
   0.00000000       0.00000000       0.00000000       4.12578606E-27   5.04482686E-13   2.35232778E-10   4.19925317E-10   1.30282319E-12   2.56390673E-11   4.56177457E-11   3.80476053E-14   4.40391030E-14   2.55458727E-11   4.56177353E-11   3.84319230E-16   1.03757515E-11   9.87576618E-11   3.81003354E-11   3.62643610E-10   9.38336769E-11   6.13009470E-12   5.28803976E-05   101979168.       19968300.0       294984.531       2857172.00       5264864.50       343.950287       0.00000000       0.00000000       0.00000000       0.00000000       0.00000000       0.00000000    
   0.00000000       0.00000000       0.00000000       4.12578760E-27   4.92559606E-13   2.27838845E-10   4.06679662E-10   1.27542660E-12   2.48361869E-11   4.41788307E-11   3.40562641E-14   4.30325602E-14   2.47428779E-11   4.41788203E-11   3.44002659E-16   1.00495627E-11   9.56425633E-11   3.69025505E-11   3.51204787E-10   9.02163552E-11   5.82043875E-12   5.28804158E-05   101028352.       19341408.0       285712.062       2612617.75       5171106.50       333.621490       0.00000000       0.00000000       0.00000000       0.00000000       0.00000000       0.00000000    
   0.00000000       0.00000000       0.00000000       4.12578876E-27   4.90106003E-13   2.20677199E-10   3.93851840E-10   1.27216813E-12   2.40584341E-11   4.27853031E-11   3.04839365E-14   4.28494622E-14   2.39651111E-11   4.27852927E-11   3.07918526E-16   9.73362363E-12   9.26257265E-11   3.57424056E-11   3.40126788E-10   8.67287422E-11   5.52580464E-12   5.28804303E-05   100485624.       18734086.0       276730.938       2389282.25       5079007.50       323.602142       0.00000000       0.00000000       0.00000000       0.00000000       0.00000000       0.00000000    
   0.00000000       0.00000000       0.00000000       4.12579068E-27   4.87324807E-13   2.13740525E-10   3.81428639E-10   1.26770090E-12   2.33050506E-11   4.14357333E-11   2.73027975E-14   4.26341024E-14   2.32117780E-11   4.14357264E-11   2.75785828E-16   9.42761060E-12   8.97040497E-11   3.46187072E-11   3.29398231E-10   8.33749944E-11   5.24602410E-12   5.28804558E-05   99919864.0       18145760.0       268032.062       2186382.50       4988548.00       313.883636       0.00000000       0.00000000       0.00000000       0.00000000       0.00000000       0.00000000    
   0.00000000       0.00000000       0.00000000       4.12579261E-27   4.84614627E-13   2.07021816E-10   3.69397291E-10   1.26310008E-12   2.25752732E-11   4.01287371E-11   2.44677884E-14   4.24217376E-14   2.24821169E-11   4.01287267E-11   2.52597136E-16   9.13121401E-12   8.68745284E-11   3.35303244E-11   3.19008098E-10   8.01499769E-11   4.98035033E-12   5.28804776E-05   99368144.0       17575850.0       259606.578       2001895.00       4899698.50       304.456970       0.00000000       0.00000000       0.00000000       0.00000000       0.00000000       0.00000000    
   0.00000000       0.00000000       0.00000000       4.12579453E-27   4.81972752E-13   2.00514230E-10   3.57745472E-10   1.25839584E-12   2.18683665E-11   3.88629649E-11   2.19393629E-14   4.22130016E-14   2.17753836E-11   3.88629545E-11   2.31489763E-16   8.84413202E-12   8.41342690E-11   3.24761433E-11   3.08945675E-10   7.70487910E-11   4.72807470E-12   5.28805031E-05   98829984.0       17023782.0       251445.891       1834016.62       4812430.50       295.313324       0.00000000       0.00000000       0.00000000       0.00000000       0.00000000       0.00000000    
   0.00000000       0.00000000       0.00000000       4.12579646E-27   4.79396741E-13   1.94211119E-10   3.46461193E-10   1.25361429E-12   2.11836139E-11   3.76371191E-11   1.96827553E-14   4.20078977E-14   2.10908582E-11   3.76371087E-11   2.12262380E-16   8.56607233E-12   8.14804405E-11   3.14550920E-11   2.99200692E-10   7.40667042E-11   4.48852414E-12   5.28805285E-05   98304904.0       16489005.0       243541.688       1681136.50       4726716.00       286.444214       0.00000000       0.00000000       0.00000000       0.00000000       0.00000000       0.00000000    
   0.00000000       0.00000000       0.00000000       4.12579839E-27   4.76884211E-13   1.88106100E-10   3.35532852E-10   1.24877832E-12   2.05203198E-11   3.64499403E-11   1.76673709E-14   4.18064326E-14   2.04278469E-11   3.64499299E-11   1.94734886E-16   8.29675217E-12   7.89103227E-11   3.04661331E-11   2.89763075E-10   7.11991646E-11   4.26105809E-12   5.28805540E-05   97792488.0       15970984.0       235885.906       1541814.38       4642526.50       277.841431       0.00000000       0.00000000       0.00000000       0.00000000       0.00000000       0.00000000    
   0.00000000       0.00000000       0.00000000       4.12580070E-27   4.74432884E-13   1.82192941E-10   3.24949234E-10   1.24390721E-12   1.98778112E-11   3.53002072E-11   1.58662485E-14   4.16085996E-14   1.97856714E-11   3.53002003E-11   1.78745909E-16   8.03589660E-12   7.64212721E-11   2.95082604E-11   2.80623136E-10   6.84418008E-11   4.04506940E-12   5.28805831E-05   97292312.0       15469198.0       228470.734       1414759.75       4559836.00       269.496918       0.00000000       0.00000000       0.00000000       0.00000000       0.00000000       0.00000000    
   0.00000000       0.00000000       0.00000000       4.12580262E-27   4.72040701E-13   1.76465606E-10   3.14699433E-10   1.23901789E-12   1.92554410E-11   3.41867437E-11   1.42555984E-14   4.14143783E-14   1.91636776E-11   3.41867333E-11   1.64150697E-16   7.78324107E-12   7.40107350E-11   2.85804921E-11   2.71771522E-10   6.57904009E-11   3.83998128E-12   5.28806086E-05   96803984.0       14983143.0       221288.641       1298815.62       4478617.00       261.402985       0.00000000       0.00000000       0.00000000       0.00000000       0.00000000       0.00000000    
   0.00000000       0.00000000       0.00000000       4.12580493E-27   4.69705817E-13   1.70918293E-10   3.04772957E-10   1.23412478E-12   1.86525743E-11   3.31084014E-11   1.28144091E-14   4.12237518E-14   1.85612324E-11   3.31083910E-11   1.50819259E-16   7.53852623E-12   7.16762344E-11   2.76818863E-11   2.63199101E-10   6.32409194E-11   3.64524513E-12   5.28806377E-05   96327144.0       14512329.0       214332.297       1192942.75       4398844.00       253.552094       0.00000000       0.00000000       0.00000000       0.00000000       0.00000000       0.00000000    
   0.00000000       0.00000000       0.00000000       4.12580725E-27   4.67426228E-13   1.65545314E-10   2.95159591E-10   1.22924034E-12   1.80686004E-11   3.20640701E-11   1.15241018E-14   4.10366931E-14   1.79777235E-11   3.20640632E-11   1.38634637E-16   7.30150402E-12   6.94153693E-11   2.68115270E-11   2.54897103E-10   6.07894568E-11   3.46034074E-12   5.28806704E-05   95861440.0       14056282.0       207594.594       1096206.88       4320490.50       245.936920       0.00000000       0.00000000       0.00000000       0.00000000       0.00000000       0.00000000    
   0.00000000       0.00000000       0.00000000       4.12580956E-27   4.65200307E-13   1.60341213E-10   2.85849455E-10   1.22437520E-12   1.75029297E-11   3.10526847E-11   1.03682330E-14   4.08531648E-14   1.74125540E-11   3.10526778E-11   1.27491574E-16   7.07193202E-12   6.72258221E-11   2.59685259E-11   2.46856952E-10   5.84322729E-11   3.28477306E-12   5.28806995E-05   95406536.0       13614542.0       201068.656       1007766.94       4243532.00       238.550400       0.00000000       0.00000000       0.00000000       0.00000000       0.00000000       0.00000000    
   0.00000000       0.00000000       0.00000000       4.12581225E-27   4.63026319E-13   1.55300675E-10   2.76833001E-10   1.21953868E-12   1.69549878E-11   3.00732009E-11   9.33223717E-15   4.06731330E-14   1.68651499E-11   3.00731905E-11   1.17295190E-16   6.84957690E-12   6.51053447E-11   2.51520263E-11   2.39070430E-10   5.61657561E-11   3.11807264E-12   5.28807323E-05   94962112.0       13186663.0       194747.859       926865.188       4167943.25       231.385681       0.00000000       0.00000000       0.00000000       0.00000000       0.00000000       0.00000000    
   0.00000000       0.00000000       0.00000000       4.12581456E-27   4.60902692E-13   1.50418580E-10   2.68100958E-10   1.21473827E-12   1.64242179E-11   2.91246090E-11   8.40319703E-15   4.04965571E-14   1.63349525E-11   2.91246020E-11   1.07959895E-16   6.63421184E-12   6.30517444E-11   2.43611936E-11   2.31529504E-10   5.39864473E-11   2.95979322E-12   5.28807650E-05   94527856.0       12772212.0       188625.750       852818.188       4093700.00       224.436081       0.00000000       0.00000000       0.00000000       0.00000000       0.00000000       0.00000000    
   0.00000000       0.00000000       0.00000000       4.12581726E-27   4.58827963E-13   1.45689946E-10   2.59644334E-10   1.20998090E-12   1.59100823E-11   2.82059428E-11   7.56965054E-15   4.03233965E-14   1.58214206E-11   2.82059359E-11   9.94083756E-17   6.42561698E-12   6.10629255E-11   2.35952230E-11   2.24226443E-10   5.18910054E-11   2.80951109E-12   5.28807977E-05   94103496.0       12370771.0       182696.078       785008.750       4020778.00       217.695175       0.00000000       0.00000000       0.00000000       0.00000000       0.00000000       0.00000000    
   0.00000000       0.00000000       0.00000000       4.12581996E-27   4.56800721E-13   1.41109943E-10   2.51454468E-10   1.20527188E-12   1.54120588E-11   2.73162534E-11   6.82141679E-15   4.01535969E-14   1.53240302E-11   2.73162465E-11   9.15707599E-17   6.22357981E-12   5.91368413E-11   2.28533303E-11   2.17153753E-10   4.98762281E-11   2.66682336E-12   5.28808341E-05   93688736.0       11981932.0       176952.781       722879.188       3949154.25       211.156677       0.00000000       0.00000000       0.00000000       0.00000000       0.00000000       0.00000000    
   0.00000000       0.00000000       0.00000000       4.12582304E-27   4.54819450E-13   1.36673908E-10   2.43522924E-10   1.20061610E-12   1.49296443E-11   2.64546267E-11   6.14944649E-15   3.99871210E-14   1.48422750E-11   2.64546197E-11   8.43838376E-17   6.02789433E-12   5.72715070E-11   2.21347628E-11   2.10304149E-10   4.79390277E-11   2.53134818E-12   5.28808705E-05   93283312.0       11605302.0       171390.031       665925.188       3878805.25       204.814499       0.00000000       0.00000000       0.00000000       0.00000000       0.00000000       0.00000000    
   0.00000000       0.00000000       0.00000000       4.12582573E-27   4.52883011E-13   1.32377317E-10   2.35841596E-10   1.19601735E-12   1.44623489E-11   2.56201796E-11   5.54568945E-15   3.98239079E-14   1.43756647E-11   2.56201727E-11   7.77903544E-17   5.83836104E-12   5.54650145E-11   2.14387848E-11   2.03670608E-10   4.60764309E-11   2.40272212E-12   5.28809069E-05   92886968.0       11240499.0       166002.141       613690.062       3809708.75       198.662781       0.00000000       0.00000000       0.00000000       0.00000000       0.00000000       0.00000000    
   0.00000000       0.00000000       0.00000000       4.12582882E-27   4.50990048E-13   1.28215785E-10   2.28402533E-10   1.19147899E-12   1.40096979E-11   2.48120517E-11   5.00298020E-15   3.96639170E-14   1.39237224E-11   2.48120448E-11   7.17384496E-17   5.65478653E-12   5.37155043E-11   2.07646886E-11   1.97246317E-10   4.42855926E-11   2.28060019E-12   5.28809469E-05   92499464.0       10887153.0       160783.609       565760.188       3741842.00       192.695770       0.00000000       0.00000000       0.00000000       0.00000000       0.00000000       0.00000000    
   0.00000000       0.00000000       0.00000000       4.12583190E-27   4.49139396E-13   1.24185079E-10   2.21198129E-10   1.18700362E-12   1.35712335E-11   2.40294156E-11   4.51493464E-15   3.95070871E-14   1.34859875E-11   2.40294087E-11   6.61810731E-17   5.47698302E-12   5.20211790E-11   2.01117855E-11   1.91024654E-10   4.25637581E-11   2.16465496E-12   5.28809869E-05   92120560.0       10544906.0       155729.125       521760.438       3675183.25       186.907944       0.00000000       0.00000000       0.00000000       0.00000000       0.00000000       0.00000000    
   0.00000000       0.00000000       0.00000000       4.12583498E-27   4.47329863E-13   1.20281063E-10   2.14220960E-10   1.18259341E-12   1.31465091E-11   2.32714664E-11   4.07586367E-15   3.93533710E-14   1.30620133E-11   2.32714594E-11   6.10755357E-17   5.30477008E-12   5.03802972E-11   1.94794094E-11   1.84999238E-10   4.09082872E-11   2.05457526E-12   5.28810269E-05   91750016.0       10213410.0       150833.516       481350.469       3609711.00       181.293915       0.00000000       0.00000000       0.00000000       0.00000000       0.00000000       0.00000000    
   0.00000000       0.00000000       0.00000000       4.12583845E-27   4.45560364E-13   1.16499796E-10   2.07463893E-10   1.17824999E-12   1.27350951E-11   2.25374251E-11   3.68069104E-15   3.92027143E-14   1.26513669E-11   2.25374181E-11   5.63830459E-17   5.13797121E-12   4.87911725E-11   1.88669150E-11   1.79163892E-10   3.93166437E-11   1.95006533E-12   5.28810706E-05   91387624.0       9892327.00       146091.812       444221.250       3545404.25       175.848465       0.00000000       0.00000000       0.00000000       0.00000000       0.00000000       0.00000000    
   0.00000000       0.00000000       0.00000000       4.12584191E-27   4.43829842E-13   1.12837378E-10   2.00919947E-10   1.17397455E-12   1.23365745E-11   2.18265371E-11   3.32488702E-15   3.90550629E-14   1.22536304E-11   2.18265319E-11   5.20683593E-17   4.97641641E-12   4.72521744E-11   1.82736777E-11   1.73512607E-10   3.77863747E-11   1.85084478E-12   5.28811142E-05   91033160.0       9581333.00       141499.172       410091.969       3482242.25       170.566528       0.00000000       0.00000000       0.00000000       0.00000000       0.00000000       0.00000000    
   0.00000000       0.00000000       0.00000000       4.12584538E-27   4.42137239E-13   1.09290105E-10   1.94582433E-10   1.16976828E-12   1.19505430E-11   2.11380722E-11   3.00440596E-15   3.89103626E-14   1.18683978E-11   2.11380670E-11   4.80994177E-17   4.81994132E-12   4.57617243E-11   1.76990922E-11   1.68039582E-10   3.63151384E-11   1.75664691E-12   5.28811579E-05   90686432.0       9280110.00       137050.891       378707.281       3420204.75       165.443207       0.00000000       0.00000000       0.00000000       0.00000000       0.00000000       0.00000000    
   0.00000000       0.00000000       0.00000000       4.12584923E-27   4.40481581E-13   1.05854339E-10   1.88444815E-10   1.16563150E-12   1.15766077E-11   2.04713260E-11   2.71563316E-15   3.87685591E-14   1.14952752E-11   2.04713191E-11   4.44470514E-17   4.66838590E-12   4.43182817E-11   1.71425721E-11   1.62739197E-10   3.49006657E-11   1.66721845E-12   5.28812052E-05   90347240.0       8988353.00       132742.453       349834.875       3359271.50       160.473724       0.00000000       0.00000000       0.00000000       0.00000000       0.00000000       0.00000000    
   0.00000000       0.00000000       0.00000000       4.12585270E-27   4.38861892E-13   1.02526591E-10   1.82500792E-10   1.16156498E-12   1.12143905E-11   1.98256082E-11   2.45533612E-15   3.86295949E-14   1.11338837E-11   1.98256030E-11   4.10846846E-17   4.52159577E-12   4.29203756E-11   1.66035501E-11   1.57605998E-10   3.35407882E-11   1.58231902E-12   5.28812525E-05   90015376.0       8705764.00       128569.453       323263.219       3299422.75       155.653473       0.00000000       0.00000000       0.00000000       0.00000000       0.00000000       0.00000000    
   0.00000000       0.00000000       0.00000000       4.12585655E-27   4.37277276E-13   9.93034543E-11   1.76744258E-10   1.15756851E-12   1.08635245E-11   1.92002594E-11   2.22062350E-15   3.84934225E-14   1.07838530E-11   1.92002542E-11   3.79881108E-17   4.37942087E-12   4.15665592E-11   1.60814764E-11   1.52634710E-10   3.22334069E-11   1.50172019E-12   5.28813034E-05   89690672.0       8432056.00       124527.633       298799.656       3240639.50       150.977966       0.00000000       0.00000000       0.00000000       0.00000000       0.00000000       0.00000000    
   0.00000000       0.00000000       0.00000000       4.12586079E-27   4.35726813E-13   9.61816460E-11   1.71169315E-10   1.15364239E-12   1.05236523E-11   1.85946362E-11   2.00890741E-15   3.83599843E-14   1.04448273E-11   1.85946310E-11   3.51352509E-17   4.24171592E-12   4.02554483E-11   1.55758167E-11   1.47820228E-10   3.09765130E-11   1.42520501E-12   5.28813543E-05   89372944.0       8166950.00       120612.867       276268.500       3182902.75       146.442871       0.00000000       0.00000000       0.00000000       0.00000000       0.00000000       0.00000000    
   0.00000000       0.00000000       0.00000000       4.12586502E-27   4.34209661E-13   9.31579744E-11   1.65770217E-10   1.14978610E-12   1.01944304E-11   1.80081158E-11   1.81786992E-15   3.82292295E-14   1.01164598E-11   1.80081106E-11   3.25059647E-17   4.10834084E-12   3.89856931E-11   1.50860557E-11   1.43157625E-10   2.97681671E-11   1.35256758E-12   5.28814089E-05   89062016.0       7910176.50       116821.172       255509.594       3126193.75       142.043961       0.00000000       0.00000000       0.00000000       0.00000000       0.00000000       0.00000000    
   0.00000000       0.00000000       0.00000000       4.12586926E-27   4.32724955E-13   9.02293656E-11   1.60541413E-10   1.14599953E-12   9.87552401E-12   1.74400962E-11   1.64543487E-15   3.81011005E-14   9.79841555E-12   1.74400910E-11   3.00818722E-17   3.97915945E-12   3.77559893E-11   1.46116938E-11   1.38642084E-10   2.86065147E-11   1.28361211E-12   5.28814635E-05   88757728.0       7661473.50       113148.672       236376.703       3070494.25       137.777145       0.00000000       0.00000000       0.00000000       0.00000000       0.00000000       0.00000000    
   0.00000000       0.00000000       0.00000000       4.12587350E-27   4.31271934E-13   8.73928221E-11   1.55477548E-10   1.14228212E-12   9.56661052E-12   1.68899929E-11   1.48974090E-15   3.79755533E-14   9.49036943E-12   1.68899894E-11   2.78461850E-17   3.85403992E-12   3.65650739E-11   1.41522479E-11   1.34268971E-10   2.74897570E-11   1.21815286E-12   5.28815181E-05   88459904.0       7420587.50       109591.625       218736.375       3015786.25       133.638458       0.00000000       0.00000000       0.00000000       0.00000000       0.00000000       0.00000000    
   0.00000000       0.00000000       0.00000000       4.12587812E-27   4.29849786E-13   8.46454573E-11   1.50573415E-10   1.13863335E-12   9.26737593E-12   1.63572419E-11   1.34911850E-15   3.78525302E-14   9.19200913E-12   1.63572385E-11   2.57835539E-17   3.73285430E-12   3.54117222E-11   1.37072471E-11   1.30033803E-10   2.64161748E-11   1.15601322E-12   5.28815799E-05   88168392.0       7187274.00       106146.398       202466.656       2962052.25       129.624069       0.00000000       0.00000000       0.00000000       0.00000000       0.00000000       0.00000000    
   0.00000000       0.00000000       0.00000000       4.12588274E-27   4.28457752E-13   8.19844609E-11   1.45823978E-10   1.13505245E-12   8.97751665E-12   1.58412953E-11   1.22207023E-15   3.77319839E-14   8.90302849E-12   1.58412918E-11   2.38799582E-17   3.61547901E-12   3.42947545E-11   1.32762395E-11   1.25932237E-10   2.53841115E-11   1.09702590E-12   5.28816381E-05   87883040.0       6961294.00       102809.477       187456.094       2909274.75       125.730225       0.00000000       0.00000000       0.00000000       0.00000000       0.00000000       0.00000000    
   0.00000000       0.00000000       0.00000000       4.12588775E-27   4.27095127E-13   7.94071267E-11   1.41224338E-10   1.13153876E-12   8.69673951E-12   1.53416238E-11   1.10725142E-15   3.76138634E-14   8.62313259E-12   1.53416203E-11   2.21225633E-17   3.50179434E-12   3.32130157E-11   1.28587826E-11   1.21960039E-10   2.43919728E-11   1.04103141E-12   5.28817000E-05   87603704.0       6742418.00       99577.4531       173602.750       2857437.00       121.953316       0.00000000       0.00000000       0.00000000       0.00000000       0.00000000       0.00000000    
   0.00000000       0.00000000       0.00000000       4.12589276E-27   4.25761179E-13   7.69108111E-11   1.36769790E-10   1.12809144E-12   8.42475915E-12   1.48577140E-11   1.00345473E-15   3.74981181E-14   8.35203694E-12   1.48577088E-11   2.04996300E-17   3.39168429E-12   3.21653988E-11   1.24544524E-11   1.18113130E-10   2.34382253E-11   9.87878724E-13   5.28817654E-05   87330232.0       6530422.50       96447.0391       160813.375       2806521.75       118.289825       0.00000000       0.00000000       0.00000000       0.00000000       0.00000000       0.00000000    
   0.00000000       0.00000000       0.00000000       4.12589776E-27   4.24455203E-13   7.44929812E-11   1.32455755E-10   1.12470959E-12   8.16130063E-12   1.43890663E-11   9.09595648E-16   3.73847004E-14   8.08946486E-12   1.43890620E-11   1.90004048E-17   3.28503631E-12   3.11508284E-11   1.20628360E-11   1.14387562E-10   2.25213945E-11   9.37424292E-13   5.28818309E-05   87062488.0       6325092.00       93415.0391       149002.594       2756513.25       114.736359       0.00000000       0.00000000       0.00000000       0.00000000       0.00000000       0.00000000    
   0.00000000       0.00000000       0.00000000       4.12590316E-27   4.23176549E-13   7.21511600E-11   1.28277791E-10   1.12139237E-12   7.90609505E-12   1.39352020E-11   8.24699230E-16   3.72735629E-14   7.83514659E-12   1.39351976E-11   1.76150394E-17   3.18174176E-12   3.01682568E-11   1.16835326E-11   1.10779518E-10   2.16400630E-11   8.89531829E-13   5.28819000E-05   86800336.0       6126216.00       90478.3438       138092.250       2707395.00       111.289604       0.00000000       0.00000000       0.00000000       0.00000000       0.00000000       0.00000000    
   0.00000000       0.00000000       0.00000000       4.12590893E-27   4.21924594E-13   6.98829675E-11   1.24231611E-10   1.11813889E-12   7.65888481E-12   1.34956534E-11   7.47888800E-16   3.71646582E-14   7.58882453E-12   1.34956499E-11   1.63345060E-17   3.08169527E-12   2.92166812E-11   1.13161555E-11   1.07285278E-10   2.07928692E-11   8.44071774E-13   5.28819728E-05   86543640.0       5933592.50       87633.9766       128010.695       2659151.00       107.946365       0.00000000       0.00000000       0.00000000       0.00000000       0.00000000       0.00000000    
   0.00000000       0.00000000       0.00000000       4.12591471E-27   4.20698659E-13   6.76860790E-11   1.20313065E-10   1.11494798E-12   7.41941838E-12   1.30699705E-11   6.78375929E-16   3.70579388E-14   7.35024715E-12   1.30699661E-11   1.51505326E-17   2.98479427E-12   2.82951215E-11   1.09603307E-11   1.03901256E-10   1.99784963E-11   8.00921233E-13   5.28820456E-05   86292280.0       5747025.00       84879.0312       118692.297       2611766.00       104.703522       0.00000000       0.00000000       0.00000000       0.00000000       0.00000000       0.00000000    
   0.00000000       0.00000000       0.00000000       4.12592049E-27   4.19498149E-13   6.55582602E-11   1.16518128E-10   1.11181886E-12   7.18745419E-12   1.26577134E-11   6.15451175E-16   3.69533607E-14   7.11916984E-12   1.26577099E-11   1.40555241E-17   2.89094031E-12   2.74026288E-11   1.06156932E-11   1.00623974E-10   1.91956884E-11   7.59963381E-13   5.28821220E-05   86046128.0       5566323.00       82210.6875       110076.844       2565224.75       101.558075       0.00000000       0.00000000       0.00000000       0.00000000       0.00000000       0.00000000    
   0.00000000       0.00000000       0.00000000       4.12592665E-27   4.18322495E-13   6.34973324E-11   1.12842881E-10   1.10875035E-12   6.96275633E-12   1.22584616E-11   5.58475768E-16   3.68508833E-14   6.89535755E-12   1.22584573E-11   1.30425165E-17   2.80003755E-12   2.65382889E-11   1.02818925E-11   9.74500688E-11   1.84432278E-11   7.21087415E-13   5.28821984E-05   85805056.0       5391302.50       79626.2266       102109.102       2519511.75       98.5070877       0.00000000       0.00000000       0.00000000       0.00000000       0.00000000       0.00000000    
   0.00000000       0.00000000       0.00000000       4.12593282E-27   4.17171099E-13   6.15012000E-11   1.09283568E-10   1.10574158E-12   6.74509667E-12   1.18718022E-11   5.06874574E-16   3.67504557E-14   6.67858173E-12   1.18717987E-11   1.21051158E-17   2.71199296E-12   2.57012120E-11   9.95858864E-12   9.43762776E-11   1.77199488E-11   6.84188004E-13   5.28822820E-05   85568960.0       5221784.00       77123.0156       94738.3828       2474613.00       95.5477219       0.00000000       0.00000000       0.00000000       0.00000000       0.00000000       0.00000000    
   0.00000000       0.00000000       0.00000000       4.12593936E-27   4.16043393E-13   5.95678229E-11   1.05836520E-10   1.10279136E-12   6.53425491E-12   1.14973395E-11   4.60129473E-16   3.66520406E-14   6.46862165E-12   1.14973361E-11   1.12374471E-17   2.62671677E-12   2.48905393E-11   9.64544937E-12   9.13994436E-11   1.70247288E-11   6.49165183E-13   5.28823657E-05   85337720.0       5057596.00       74698.5000       87918.1406       2430513.25       92.6772385       0.00000000       0.00000000       0.00000000       0.00000000       0.00000000       0.00000000    
   0.00000000       0.00000000       0.00000000       4.12594630E-27   4.14938862E-13   5.76952271E-11   1.02498204E-10   1.09989871E-12   6.33001724E-12   1.11346887E-11   4.17773564E-16   3.65555906E-14   6.26526218E-12   1.11346852E-11   1.04341158E-17   2.54412203E-12   2.41054381E-11   9.34215726E-12   8.85164997E-11   1.63564873E-11   6.15923978E-13   5.28824494E-05   85111216.0       4898569.50       72350.2031       81605.6328       2387199.00       89.8929672       0.00000000       0.00000000       0.00000000       0.00000000       0.00000000       0.00000000    
   0.00000000       0.00000000       0.00000000       4.12595323E-27   4.13856937E-13   5.58815043E-11   9.92651933E-11   1.09706265E-12   6.13217636E-12   1.07834765E-11   3.79385978E-16   3.64610719E-14   6.06829647E-12   1.07834731E-11   9.69016114E-18   2.46412417E-12   2.33451002E-11   9.04840092E-12   8.57245039E-11   1.57141886E-11   5.84374183E-13   5.28825403E-05   84889352.0       4744543.50       70075.7344       75761.5781       2344655.75       87.1923141       0.00000000       0.00000000       0.00000000       0.00000000       0.00000000       0.00000000    
   0.00000000       0.00000000       0.00000000       4.12596016E-27   4.12797129E-13   5.41248019E-11   9.61341562E-11   1.09428222E-12   5.94053192E-12   1.04433424E-11   3.44587111E-16   3.63684370E-14   5.87752286E-12   1.04433389E-11   9.00102291E-18   2.38664188E-12   2.26087465E-11   8.76388198E-12   8.30205696E-11   1.50968335E-11   5.54430254E-13   5.28826313E-05   84672016.0       4595360.00       67872.7656       70349.8594       2302870.00       84.5727692       0.00000000       0.00000000       0.00000000       0.00000000       0.00000000       0.00000000    
   0.00000000       0.00000000       0.00000000       4.12596748E-27   4.11758924E-13   5.24233261E-11   9.31018804E-11   1.09155610E-12   5.75488962E-12   1.01139375E-11   3.13034631E-16   3.62776520E-14   5.69274749E-12   1.01139340E-11   8.36250648E-18   2.31159601E-12   2.18956173E-11   8.48830901E-12   8.04019212E-11   1.45034592E-11   5.26010821E-13   5.28827259E-05   84459112.0       4450867.00       65739.0547       65337.2773       2261828.00       82.0318909       0.00000000       0.00000000       0.00000000       0.00000000       0.00000000       0.00000000    
   0.00000000       0.00000000       0.00000000       4.12597519E-27   4.10741834E-13   5.07753457E-11   9.01652503E-11   1.08888354E-12   5.57506125E-12   9.79492269E-12   2.84419608E-16   3.61886763E-14   5.51378127E-12   9.79491922E-12   7.77075222E-18   2.23890980E-12   2.12049839E-11   8.22140099E-12   7.78658804E-11   1.39331446E-11   4.99038690E-13   5.28828241E-05   84250536.0       4310917.50       63672.4180       60693.2852       2221517.00       79.5673294       0.00000000       0.00000000       0.00000000       0.00000000       0.00000000       0.00000000    
   0.00000000       0.00000000       0.00000000       4.12598328E-27   4.09745371E-13   4.91791746E-11   8.73212544E-11   1.08626346E-12   5.40086465E-12   9.48597017E-12   2.58463131E-16   3.61014692E-14   5.34044163E-12   9.48596757E-12   7.22220740E-18   2.16850908E-12   2.05361353E-11   7.96288556E-12   7.54098242E-11   1.33849997E-11   4.73440568E-13   5.28829260E-05   84046184.0       4175368.00       61670.7500       56389.7812       2181923.75       77.1767883       0.00000000       0.00000000       0.00000000       0.00000000       0.00000000       0.00000000    
   0.00000000       0.00000000       0.00000000       4.12599136E-27   4.08769101E-13   4.76331821E-11   8.45669645E-11   1.08369477E-12   5.23212289E-12   9.18676333E-12   2.40261451E-16   3.60159968E-14   5.17255206E-12   9.18676073E-12   6.71359968E-18   2.10032209E-12   1.98883826E-11   7.71249904E-12   7.30312477E-11   1.28581720E-11   4.49146850E-13   5.28830315E-05   83845968.0       4044080.50       59732.0117       52400.8828       2143035.25       74.8580475       0.00000000       0.00000000       0.00000000       0.00000000       0.00000000       0.00000000    
   0.00000000       0.00000000       0.00000000       4.12599984E-27   4.07812564E-13   4.61357966E-11   8.18995496E-11   1.08117692E-12   5.06866554E-12   8.89699425E-12   2.23381170E-16   3.59322218E-14   5.00994038E-12   8.89699165E-12   6.24191566E-18   2.03427900E-12   1.92610632E-11   7.46998557E-12   7.07276945E-11   1.23518383E-11   4.26091372E-13   5.28831406E-05   83649800.0       3916921.00       57854.2227       48702.7656       2104839.25       72.6089478       0.00000000       0.00000000       0.00000000       0.00000000       0.00000000       0.00000000    
   0.00000000       0.00000000       0.00000000       4.12600831E-27   4.06875298E-13   4.46854845E-11   7.93162758E-11   1.07870885E-12   4.91032649E-12   8.61636543E-12   2.07722932E-16   3.58501071E-14   4.85244137E-12   8.61636283E-12   5.80437930E-18   1.97031280E-12   1.86535301E-11   7.23509750E-12   6.84967985E-11   1.18652085E-11   4.04211387E-13   5.28832497E-05   83457592.0       3793759.75       56035.4648       45273.4805       2067323.50       70.4273987       0.00000000       0.00000000       0.00000000       0.00000000       0.00000000       0.00000000    
   0.00000000       0.00000000       0.00000000       4.12601756E-27   4.05956898E-13   4.32807679E-11   7.68144784E-11   1.07628956E-12   4.75694484E-12   8.34458804E-12   1.93195139E-16   3.57696220E-14   4.69989369E-12   8.34458544E-12   5.39843090E-18   1.90835780E-12   1.80651622E-11   7.00759546E-12   6.63362767E-11   1.13975244E-11   3.83447316E-13   5.28833662E-05   83269240.0       3674471.00       54273.8867       42092.8008       2030475.62       68.3113708       0.00000000       0.00000000       0.00000000       0.00000000       0.00000000       0.00000000    
   0.00000000       0.00000000       0.00000000       4.12602680E-27   4.05056956E-13   4.19202138E-11   7.43916040E-11   1.07391797E-12   4.60836621E-12   8.08138365E-12   1.79713326E-16   3.56907293E-14   4.55214252E-12   8.08138105E-12   5.02171010E-18   1.84835090E-12   1.74953507E-11   6.78724698E-12   6.42439019E-11   1.09480532E-11   3.63742538E-13   5.28834862E-05   83084680.0       3558933.00       52567.6836       39142.0859       1994283.75       66.2588959       0.00000000       0.00000000       0.00000000       0.00000000       0.00000000       0.00000000    
   0.00000000       0.00000000       0.00000000       4.12603643E-27   4.04175039E-13   4.06024311E-11   7.20451476E-11   1.07159312E-12   4.46443923E-12   7.82648078E-12   1.67199605E-16   3.56133952E-14   4.40903607E-12   7.82647818E-12   4.67204059E-18   1.79023083E-12   1.69435143E-11   6.57382699E-12   6.22175228E-11   1.05160941E-11   3.45043330E-13   5.28836099E-05   82903808.0       3447028.00       50915.1211       36404.1445       1958736.50       64.2680664       0.00000000       0.00000000       0.00000000       0.00000000       0.00000000       0.00000000    
   0.00000000       0.00000000       0.00000000       4.12604645E-27   4.03310767E-13   3.93260806E-11   6.97727084E-11   1.06931413E-12   4.32501864E-12   7.57961922E-12   1.55582112E-16   3.55375892E-14   4.27042950E-12   7.57961662E-12   4.34741397E-18   1.73393841E-12   1.64090842E-11   6.36711777E-12   6.02550648E-11   1.01009695E-11   3.27298681E-13   5.28837372E-05   82726560.0       3338641.50       49314.5117       33863.1172       1923822.12       62.3370399       0.00000000       0.00000000       0.00000000       0.00000000       0.00000000       0.00000000    
   0.00000000       0.00000000       0.00000000       4.12605646E-27   4.02463761E-13   3.80898577E-11   6.75719480E-11   1.06707991E-12   4.18996261E-12   7.34054397E-12   1.44794512E-16   3.54632773E-14   4.13618011E-12   7.34054137E-12   4.04597736E-18   1.67941594E-12   1.58915103E-11   6.16690856E-12   5.83545087E-11   9.70202998E-12   3.10460127E-13   5.28838682E-05   82552856.0       3233663.00       47764.2227       31504.3750       1889529.38       60.4640083       0.00000000       0.00000000       0.00000000       0.00000000       0.00000000       0.00000000    
   0.00000000       0.00000000       0.00000000       4.12606725E-27   4.01633642E-13   3.68924960E-11   6.54405974E-11   1.06488971E-12   4.05913497E-12   7.10900913E-12   1.34775568E-16   3.53904291E-14   4.00615131E-12   7.10900696E-12   3.76601933E-18   1.62660792E-12   1.53902620E-11   5.97299423E-12   5.65138977E-11   9.31865089E-12   2.94481697E-13   5.28840028E-05   82382608.0       3131985.25       46262.6719       29314.4180       1855847.38       58.6472359       0.00000000       0.00000000       0.00000000       0.00000000       0.00000000       0.00000000    
   0.00000000       0.00000000       0.00000000       4.12607803E-27   4.00820056E-13   3.57327778E-11   6.33764846E-11   1.06274256E-12   3.93240258E-12   6.88477834E-12   1.25468741E-16   3.53190174E-14   3.88021082E-12   6.88477574E-12   3.50595953E-18   1.57546036E-12   1.49048256E-11   5.78517789E-12   5.47313445E-11   8.95023118E-12   2.79319672E-13   5.28841447E-05   82215752.0       3033504.75       44808.3203       27280.7812       1822765.12       56.8850327       0.00000000       0.00000000       0.00000000       0.00000000       0.00000000       0.00000000    
   0.00000000       0.00000000       0.00000000       4.12608920E-27   4.00022626E-13   3.46095201E-11   6.13774795E-11   1.06063747E-12   3.80963707E-12   6.66762002E-12   1.16821805E-16   3.52490084E-14   3.75822984E-12   6.66761785E-12   3.26433904E-18   1.52592121E-12   1.44347008E-11   5.60326698E-12   5.30050205E-11   8.59619233E-12   2.64932607E-13   5.28842902E-05   82052208.0       2938120.75       43399.6953       25391.9551       1790272.00       55.1757622       0.00000000       0.00000000       0.00000000       0.00000000       0.00000000       0.00000000    
   0.00000000       0.00000000       0.00000000       4.12610114E-27   3.99240997E-13   3.35215779E-11   5.94415211E-11   1.05857369E-12   3.69071440E-12   6.45731168E-12   1.08786486E-16   3.51803751E-14   3.64008389E-12   6.45730908E-12   3.03980913E-18   1.47793962E-12   1.39794044E-11   5.42707632E-12   5.13331495E-11   8.25597923E-12   2.51281119E-13   5.28844394E-05   81891912.0       2845736.00       42035.3516       23637.3066       1758357.38       53.5178299       0.00000000       0.00000000       0.00000000       0.00000000       0.00000000       0.00000000    
   0.00000000       0.00000000       0.00000000       4.12611308E-27   3.98474873E-13   3.24678340E-11   5.75666355E-11   1.05655025E-12   3.57551402E-12   6.25363650E-12   1.01318197E-16   3.51130868E-14   3.52565221E-12   6.25363433E-12   2.83112346E-18   1.43146682E-12   1.35384698E-11   5.25642550E-12   4.97140107E-11   7.92905672E-12   2.38327858E-13   5.28845958E-05   81734792.0       2756256.00       40713.8984       22007.0117       1727011.12       51.9096985       0.00000000       0.00000000       0.00000000       0.00000000       0.00000000       0.00000000    
   0.00000000       0.00000000       0.00000000       4.12612541E-27   3.97723873E-13   3.14472233E-11   5.57508831E-11   1.05456648E-12   3.46391947E-12   6.05638630E-12   9.43756897E-17   3.50471198E-14   3.41481834E-12   6.05638413E-12   2.63712975E-18   1.38645540E-12   1.31114434E-11   5.09114105E-12   4.81459490E-11   7.61491131E-12   2.26037315E-13   5.28847559E-05   81580776.0       2669589.75       39433.9922       20491.9922       1696223.12       50.3498688       0.00000000       0.00000000       0.00000000       0.00000000       0.00000000       0.00000000    
   0.00000000       0.00000000       0.00000000       4.12613851E-27   3.96987727E-13   3.04586946E-11   5.39924078E-11   1.05262142E-12   3.35581714E-12   5.86535768E-12   8.79208420E-17   3.49824438E-14   3.30746888E-12   5.86535594E-12   2.45676261E-18   1.34285931E-12   1.26978870E-11   4.93105383E-12   4.66273443E-11   7.31304774E-12   2.14375785E-13   5.28849196E-05   81429800.0       2585648.50       38194.3203       19083.8555       1665983.38       48.8368950       0.00000000       0.00000000       0.00000000       0.00000000       0.00000000       0.00000000    
   0.00000000       0.00000000       0.00000000       4.12615160E-27   3.96266082E-13   2.95012452E-11   5.22893985E-11   1.05071442E-12   3.25109818E-12   5.68035462E-12   8.19183761E-17   3.49190315E-14   3.20349454E-12   5.68035289E-12   2.28903644E-18   1.30063397E-12   1.22973749E-11   4.77599991E-12   4.51566423E-11   7.02299156E-12   2.03311285E-13   5.28850906E-05   81281800.0       2504346.50       36993.6211       17774.8379       1636282.25       47.3693695       0.00000000       0.00000000       0.00000000       0.00000000       0.00000000       0.00000000    
   0.00000000       0.00000000       0.00000000       4.12616547E-27   3.95558640E-13   2.85738950E-11   5.06401067E-11   1.04884460E-12   3.14965632E-12   5.50118718E-12   7.63356680E-17   3.48568593E-14   3.10278908E-12   5.50118544E-12   2.13303948E-18   1.25973646E-12   1.19094960E-11   4.62582186E-12   4.37323268E-11   6.74428525E-12   1.92813430E-13   5.28852652E-05   81136720.0       2425601.25       35830.6680       16557.7637       1607109.88       45.9459229       0.00000000       0.00000000       0.00000000       0.00000000       0.00000000       0.00000000    
   0.00000000       0.00000000       0.00000000       4.12617972E-27   3.94865130E-13   2.76756985E-11   4.90428392E-11   1.04701122E-12   3.05138879E-12   5.32767103E-12   7.11425222E-17   3.47959000E-14   3.00524969E-12   5.32766930E-12   1.98792780E-18   1.22012491E-12   1.15338511E-11   4.48036616E-12   4.23529406E-11   6.47648992E-12   1.82853407E-13   5.28854507E-05   80994488.0       2349331.75       34704.2773       15425.9912       1578457.12       44.5652351       0.00000000       0.00000000       0.00000000       0.00000000       0.00000000       0.00000000    
   0.00000000       0.00000000       0.00000000       4.12619436E-27   3.94185200E-13   2.68057417E-11   4.74959516E-11   1.04521361E-12   2.95619605E-12   5.15962837E-12   6.63109735E-17   3.47361300E-14   2.91077665E-12   5.15962620E-12   1.85292035E-18   1.18175890E-12   1.11700562E-11   4.33948407E-12   4.10170647E-11   6.21918272E-12   1.73403826E-13   5.28856363E-05   80855048.0       2275460.75       33613.2969       14373.3721       1550314.75       43.2260246       0.00000000       0.00000000       0.00000000       0.00000000       0.00000000       0.00000000    
   0.00000000       0.00000000       0.00000000       4.12620938E-27   3.93518632E-13   2.59631327E-11   4.59978583E-11   1.04345092E-12   2.86398205E-12   4.99688572E-12   6.18151476E-17   3.46775255E-14   2.81927389E-12   4.99688398E-12   1.72729405E-18   1.14459928E-12   1.08177356E-11   4.20303202E-12   3.97233253E-11   5.97195687E-12   1.64438707E-13   5.28858327E-05   80718344.0       2203912.25       32556.6133       13394.2207       1522673.38       41.9270401       0.00000000       0.00000000       0.00000000       0.00000000       0.00000000       0.00000000    
   0.00000000       0.00000000       0.00000000       4.12622517E-27   3.92865075E-13   2.51470147E-11   4.45470189E-11   1.04172248E-12   2.77465312E-12   4.83927655E-12   5.76310762E-17   3.46200594E-14   2.73064796E-12   4.83927481E-12   1.61037900E-18   1.10860821E-12   1.04765285E-11   4.07087081E-12   3.84703935E-11   5.73442205E-12   1.55933358E-13   5.28860328E-05   80584312.0       2134613.75       31533.1504       12483.2686       1495524.38       40.6670761       0.00000000       0.00000000       0.00000000       0.00000000       0.00000000       0.00000000    
   0.00000000       0.00000000       0.00000000       4.12624135E-27   3.92224339E-13   2.43565532E-11   4.31419414E-11   1.04002766E-12   2.68811882E-12   4.68663910E-12   5.37365576E-17   3.45637113E-14   2.64480842E-12   4.68663736E-12   1.50155481E-18   1.07374873E-12   1.01460836E-11   3.94286513E-12   3.72569822E-11   5.50620226E-12   1.47864387E-13   5.28862402E-05   80452904.0       2067494.00       30541.8613       11635.6396       1468858.88       39.4449654       0.00000000       0.00000000       0.00000000       0.00000000       0.00000000       0.00000000    
   0.00000000       0.00000000       0.00000000       4.12625830E-27   3.91596098E-13   2.35909417E-11   4.17811827E-11   1.03836568E-12   2.60429178E-12   4.53881594E-12   5.01110151E-17   3.45084577E-14   2.56166746E-12   4.53881420E-12   1.40024669E-18   1.03998548E-12   9.82606184E-12   3.81888444E-12   3.60818424E-11   5.28693625E-12   1.40209526E-13   5.28864548E-05   80324072.0       2002485.00       29581.7383       10846.8145       1442668.38       38.2595634       0.00000000       0.00000000       0.00000000       0.00000000       0.00000000       0.00000000    
   0.00000000       0.00000000       0.00000000       4.12627525E-27   3.90980109E-13   2.28493995E-11   4.04633480E-11   1.03673591E-12   2.52308721E-12   4.39565571E-12   4.67353837E-17   3.44542781E-14   2.48114051E-12   4.39565398E-12   1.30592173E-18   1.00728388E-12   9.51613441E-12   3.69880212E-12   3.49437736E-11   5.07627664E-12   1.32947676E-13   5.28866767E-05   80197744.0       1939520.00       28651.7969       10112.6104       1416944.25       37.1097717       0.00000000       0.00000000       0.00000000       0.00000000       0.00000000       0.00000000    
   0.00000000       0.00000000       0.00000000       4.12629335E-27   3.90376127E-13   2.21311702E-11   3.91870807E-11   1.03513769E-12   2.44442270E-12   4.25701098E-12   4.35919915E-17   3.44011454E-14   2.40314517E-12   4.25700924E-12   1.21808632E-18   9.75610543E-13   9.21598301E-12   3.58249606E-12   3.38415997E-11   4.87388949E-12   1.26058791E-13   5.28869059E-05   80073880.0       1878534.88       27751.0918       9429.14648       1391678.38       35.9945183       0.00000000       0.00000000       0.00000000       0.00000000       0.00000000       0.00000000    
   0.00000000       0.00000000       0.00000000       4.12631184E-27   3.89783908E-13   2.14355200E-11   3.79510728E-11   1.03357047E-12   2.36821869E-12   4.12273904E-12   4.06644570E-17   3.43490461E-14   2.32760187E-12   4.12273774E-12   1.13628250E-18   9.44933151E-13   8.92529974E-12   3.46984702E-12   3.27741931E-11   4.67945387E-12   1.19523871E-13   5.28871460E-05   79952432.0       1819467.50       26878.7031       8792.82910       1366862.38       34.9127731       0.00000000       0.00000000       0.00000000       0.00000000       0.00000000       0.00000000    
   0.00000000       0.00000000       0.00000000       4.12633071E-27   3.89203210E-13   2.07617395E-11   3.67540477E-11   1.03203362E-12   2.29439818E-12   3.99270287E-12   3.79375800E-17   3.42979531E-14   2.25443362E-12   3.99270157E-12   1.06008572E-18   9.15220482E-13   8.64378447E-12   3.36074029E-12   3.17404540E-11   4.49266058E-12   1.13324829E-13   5.28873898E-05   79833344.0       1762257.38       26033.7383       8200.32617       1342488.50       33.8635216       0.00000000       0.00000000       0.00000000       0.00000000       0.00000000       0.00000000    
   0.00000000       0.00000000       0.00000000       4.12635074E-27   3.88633787E-13   2.01091400E-11   3.55947806E-11   1.03052636E-12   2.22288659E-12   3.86676845E-12   3.53972753E-17   3.42478494E-14   2.18356561E-12   3.86676672E-12   9.89102251E-19   8.86442016E-13   8.37114926E-12   3.25506419E-12   3.07393243E-11   4.31321255E-12   1.07444544E-13   5.28876444E-05   79716568.0       1706846.12       25215.3398       7648.54590       1318548.75       32.8457909       0.00000000       0.00000000       0.00000000       0.00000000       0.00000000       0.00000000    
   0.00000000       0.00000000       0.00000000       4.12637116E-27   3.88075395E-13   1.94770589E-11   3.44720814E-11   1.02904827E-12   2.15361127E-12   3.74480611E-12   3.30304601E-17   3.41987147E-14   2.11492564E-12   3.74480481E-12   9.22966577E-19   8.58568533E-13   8.10711394E-12   3.15271117E-12   2.97697700E-11   4.14082484E-12   1.01866730E-13   5.28879027E-05   79602064.0       1653177.25       24422.6680       7134.62305       1295035.38       31.8586388       0.00000000       0.00000000       0.00000000       0.00000000       0.00000000       0.00000000    
   0.00000000       0.00000000       0.00000000       4.12639196E-27   3.87527846E-13   1.88648472E-11   3.33847949E-11   1.02759869E-12   2.08650241E-12   3.62669074E-12   3.08250079E-17   3.41505287E-14   2.04844366E-12   3.62668944E-12   8.61339811E-19   8.31571465E-13   7.85140616E-12   3.05357649E-12   2.88307989E-11   3.97522249E-12   9.65759455E-14   5.28881756E-05   79489784.0       1601196.00       23654.9160       6655.89893       1271940.88       30.9011402       0.00000000       0.00000000       0.00000000       0.00000000       0.00000000       0.00000000    
   0.00000000       0.00000000       0.00000000       4.12641391E-27   3.86990922E-13   1.82718823E-11   3.23318039E-11   1.02617719E-12   2.02149213E-12   3.51230113E-12   2.87696527E-17   3.41032710E-14   1.98405181E-12   3.51229983E-12   8.03907317E-19   8.05423382E-13   7.60376484E-12   2.95755933E-12   2.79214464E-11   3.81614185E-12   9.15575260E-14   5.28884557E-05   79379672.0       1550849.25       22911.3008       6209.90625       1249257.75       29.9724083       0.00000000       0.00000000       0.00000000       0.00000000       0.00000000       0.00000000    
   0.00000000       0.00000000       0.00000000       4.12643625E-27   3.86464352E-13   1.76975587E-11   3.13120259E-11   1.02478291E-12   1.95851451E-12   3.40151973E-12   2.68539471E-17   3.40569281E-14   1.92168438E-12   3.40151843E-12   7.50376944E-19   7.80097449E-13   7.36393412E-12   2.86456102E-12   2.70407759E-11   3.66332919E-12   8.67975600E-14   5.28887431E-05   79271696.0       1502085.50       22191.0625       5794.35645       1226978.62       29.0715771       0.00000000       0.00000000       0.00000000       0.00000000       0.00000000       0.00000000    
   0.00000000       0.00000000       0.00000000       4.12645975E-27   3.85948001E-13   1.71412901E-11   3.03244166E-11   1.02341562E-12   1.89750602E-12   3.29423251E-12   2.50681833E-17   3.40114764E-14   1.86127784E-12   3.29423121E-12   7.00477532E-19   7.55567917E-13   7.13166895E-12   2.77448724E-12   2.61878835E-11   3.51654036E-12   8.22828202E-14   5.28890414E-05   79165816.0       1454855.25       21493.4688       5407.12500       1205096.38       28.1978111       0.00000000       0.00000000       0.00000000       0.00000000       0.00000000       0.00000000    
   0.00000000       0.00000000       0.00000000       4.12648363E-27   3.85441624E-13   1.66025093E-11   2.93679560E-11   1.02207468E-12   1.83840486E-12   3.19032951E-12   2.34033499E-17   3.39669021E-14   1.80277017E-12   3.19032821E-12   6.53957257E-19   7.31809741E-13   6.90672996E-12   2.68724583E-12   2.53618949E-11   3.37554095E-12   7.80007840E-14   5.28893506E-05   79061976.0       1409110.12       20817.8047       5046.23877       1183603.88       27.3502960       0.00000000       0.00000000       0.00000000       0.00000000       0.00000000       0.00000000    
   0.00000000       0.00000000       0.00000000       4.12650867E-27   3.84945006E-13   1.60806663E-11   2.84416657E-11   1.02075943E-12   1.78115140E-12   3.08970384E-12   2.18510777E-17   3.39231850E-14   1.74610207E-12   3.08970276E-12   6.10582283E-19   7.08798580E-13   6.68888556E-12   2.60274766E-12   2.45619584E-11   3.24010523E-12   7.39395388E-14   5.28896708E-05   78960144.0       1364803.25       20163.3809       4709.86621       1162494.38       26.5282440       0.00000000       0.00000000       0.00000000       0.00000000       0.00000000       0.00000000    
   0.00000000       0.00000000       0.00000000       4.12653448E-27   3.84457982E-13   1.55752286E-11   2.75445933E-11   1.01946956E-12   1.72568763E-12   2.99225228E-12   2.04035877E-17   3.38803116E-14   1.69121542E-12   2.99225098E-12   5.70135271E-19   6.86511015E-13   6.47791282E-12   2.52090666E-12   2.37872552E-11   3.11001680E-12   7.00877887E-14   5.28900018E-05   78860280.0       1321889.75       19529.5312       4396.30713       1141760.88       25.7308903       0.00000000       0.00000000       0.00000000       0.00000000       0.00000000       0.00000000    
   0.00000000       0.00000000       0.00000000       4.12656105E-27   3.83980364E-13   1.50856810E-11   2.66758161E-11   1.01820451E-12   1.67195760E-12   2.89787443E-12   1.90536587E-17   3.38382615E-14   1.63805438E-12   2.89787313E-12   5.32414336E-19   6.64924333E-13   6.27359492E-12   2.44163890E-12   2.30369890E-11   2.98506705E-12   6.64348134E-14   5.28903438E-05   78762352.0       1280325.62       18915.6074       4103.98096       1121396.62       24.9574928       0.00000000       0.00000000       0.00000000       0.00000000       0.00000000       0.00000000    
   0.00000000       0.00000000       0.00000000       4.12658840E-27   3.83511961E-13   1.46115221E-11   2.58344440E-11   1.01696375E-12   1.61990701E-12   2.80647337E-12   1.77945740E-17   3.37970178E-14   1.58656465E-12   2.80647229E-12   4.97231863E-19   6.44016362E-13   6.07572152E-12   2.36486395E-12   2.23103862E-11   2.86505542E-12   6.29704283E-14   5.28906967E-05   78666304.0       1240068.38       18320.9863       3831.42065       1101395.38       24.2073307       0.00000000       0.00000000       0.00000000       0.00000000       0.00000000       0.00000000    
   0.00000000       0.00000000       0.00000000       4.12661691E-27   3.83052585E-13   1.41522705E-11   2.50196096E-11   1.01574684E-12   1.56948315E-12   2.71795563E-12   1.66200934E-17   3.37565703E-14   1.53669362E-12   2.71795455E-12   4.64413472E-19   6.23765904E-13   5.88408966E-12   2.29050307E-12   2.16067025E-11   2.74978933E-12   5.96849840E-14   5.28910605E-05   78572112.0       1201077.12       17745.0566       3577.26172       1081750.25       23.4797096       0.00000000       0.00000000       0.00000000       0.00000000       0.00000000       0.00000000    
   0.00000000       0.00000000       0.00000000       4.12664657E-27   3.82602045E-13   1.37074562E-11   2.42304770E-11   1.01455335E-12   1.52063507E-12   2.63222972E-12   1.55244165E-17   3.37168986E-14   1.48839057E-12   2.63222864E-12   4.33797088E-19   6.04152199E-13   5.69850200E-12   2.21848039E-12   2.09252164E-11   2.63908361E-12   5.65693054E-14   5.28914388E-05   78479736.0       1163311.88       17187.2344       3340.23730       1062455.25       22.7739506       0.00000000       0.00000000       0.00000000       0.00000000       0.00000000       0.00000000    
   0.00000000       0.00000000       0.00000000       4.12667700E-27   3.82160178E-13   1.32766246E-11   2.34662359E-11   1.01338274E-12   1.47331355E-12   2.54920802E-12   1.45021487E-17   3.36779927E-14   1.44160606E-12   2.54920694E-12   4.05231982E-19   5.85155242E-13   5.51876860E-12   2.14872261E-12   2.02652235E-11   2.53276046E-12   5.36146885E-14   5.28918317E-05   78389144.0       1126734.12       16646.9473       3119.16919       1043504.00       22.0893955       0.00000000       0.00000000       0.00000000       0.00000000       0.00000000       0.00000000    
   0.00000000       0.00000000       0.00000000       4.12670820E-27   3.81726822E-13   1.28593377E-11   2.27261005E-11   1.01223468E-12   1.42747066E-12   2.46880489E-12   1.35482763E-17   3.36398322E-14   1.39629237E-12   2.46880381E-12   3.78578026E-19   5.66755681E-13   5.34470428E-12   2.08115816E-12   1.96260508E-11   2.43064835E-12   5.08128797E-14   5.28922355E-05   78300296.0       1091306.62       16123.6465       2912.96216       1024890.38       21.4254112       0.00000000       0.00000000       0.00000000       0.00000000       0.00000000       0.00000000    
   0.00000000       0.00000000       0.00000000       4.12674094E-27   3.81301815E-13   1.24551688E-11   2.20093110E-11   1.01110851E-12   1.38306022E-12   2.39093793E-12   1.26581315E-17   3.36024035E-14   1.35240322E-12   2.39093684E-12   3.53704808E-19   5.48934650E-13   5.17613036E-12   2.01571854E-12   1.90070373E-11   2.33258269E-12   4.81560423E-14   5.28926539E-05   78213160.0       1056993.00       15616.7959       2720.59839       1006608.38       20.7813759       0.00000000       0.00000000       0.00000000       0.00000000       0.00000000       0.00000000    
   0.00000000       0.00000000       0.00000000       4.12677445E-27   3.80884967E-13   1.20637059E-11   2.13151320E-11   1.01000415E-12   1.34003724E-12   2.31552711E-12   1.18273766E-17   3.35656931E-14   1.30989393E-12   2.31552603E-12   3.30491122E-19   5.31674043E-13   5.01287380E-12   1.95233651E-12   1.84075498E-11   2.23840564E-12   4.56367291E-14   5.28930832E-05   78127704.0       1023758.50       15125.8809       2541.13062       988652.188       20.1566944       0.00000000       0.00000000       0.00000000       0.00000000       0.00000000       0.00000000    
   0.00000000       0.00000000       0.00000000       4.12680950E-27   3.80476168E-13   1.16845492E-11   2.06428485E-11   1.00892092E-12   1.29835834E-12   2.24249482E-12   1.10519751E-17   3.35296908E-14   1.26872102E-12   2.24249395E-12   3.08824134E-19   5.14956188E-13   4.85476676E-12   1.89094768E-12   1.78269725E-11   2.14796497E-12   4.32478895E-14   5.28935307E-05   78043888.0       991569.000       14650.3984       2373.67871       971015.875       19.5507812       0.00000000       0.00000000       0.00000000       0.00000000       0.00000000       0.00000000    
   0.00000000       0.00000000       0.00000000       4.12684532E-27   3.80075203E-13   1.13173125E-11   1.99917704E-11   1.00785851E-12   1.25798135E-12   2.17176624E-12   1.03281689E-17   3.34943797E-14   1.22884255E-12   2.17176537E-12   2.88598895E-19   4.98764008E-13   4.70164662E-12   1.83148917E-12   1.72647070E-11   2.06111430E-12   4.09828184E-14   5.28939963E-05   77961696.0       960391.688       14189.8643       2217.42334       953693.875       18.9630756       0.00000000       0.00000000       0.00000000       0.00000000       0.00000000       0.00000000    
   0.00000000       0.00000000       0.00000000       4.12688268E-27   3.79681990E-13   1.09616196E-11   1.93612279E-11   1.00681648E-12   1.21886561E-12   2.10326873E-12   9.65246238E-18   3.34597462E-14   1.19021785E-12   2.10326786E-12   2.69717723E-19   4.83081023E-13   4.55335639E-12   1.77390025E-12   1.67201773E-11   1.97771335E-12   3.88351630E-14   5.28944729E-05   77881080.0       930194.750       13743.8086       2071.60205       936680.500       18.3930302       0.00000000       0.00000000       0.00000000       0.00000000       0.00000000       0.00000000    
   0.00000000       0.00000000       0.00000000       4.12692120E-27   3.79296312E-13   1.06171088E-11   1.87505757E-11   1.00579441E-12   1.18097155E-12   2.03693160E-12   9.02160234E-18   3.34257768E-14   1.15280734E-12   2.03693074E-12   2.52089651E-19   4.67891188E-13   4.40974384E-12   1.71812228E-12   1.61928231E-11   1.89762702E-12   3.67988822E-14   5.28949677E-05   77802024.0       900947.375       13311.7754       1935.50635       919970.312       17.8401146       0.00000000       0.00000000       0.00000000       0.00000000       0.00000000       0.00000000    
   0.00000000       0.00000000       0.00000000       4.12696126E-27   3.78918088E-13   1.02834286E-11   1.81591842E-11   1.00479206E-12   1.14426101E-12   1.97268699E-12   8.43255958E-18   3.33924613E-14   1.11657298E-12   1.97268612E-12   2.35630101E-19   4.53178998E-13   4.27066108E-12   1.66409833E-12   1.56821032E-11   1.82072543E-12   3.48682570E-14   5.28954806E-05   77724496.0       872619.688       12893.3252       1808.47607       903557.875       17.3038139       0.00000000       0.00000000       0.00000000       0.00000000       0.00000000       0.00000000    
   0.00000000       0.00000000       0.00000000       4.12700248E-27   3.78547129E-13   9.96023750E-12   1.75864479E-11   1.00380902E-12   1.10869690E-12   1.91046875E-12   7.88251425E-18   3.33597862E-14   1.08147779E-12   1.91046809E-12   2.20260232E-19   4.38929438E-13   4.13596501E-12   1.61177321E-12   1.51874936E-11   1.74688356E-12   3.30378493E-14   5.28960118E-05   77648456.0       845182.750       12488.0293       1689.89697       887437.938       16.7836285       0.00000000       0.00000000       0.00000000       0.00000000       0.00000000       0.00000000    
   0.00000000       0.00000000       0.00000000       4.12704523E-27   3.78183325E-13   9.64720664E-12   1.70317753E-11   1.00284483E-12   1.07424334E-12   1.85021313E-12   7.36884005E-18   3.33277412E-14   1.04748588E-12   1.85021247E-12   2.05906697E-19   4.25127950E-13   4.00551771E-12   1.56109349E-12   1.47084844E-11   1.67598162E-12   3.13025024E-14   5.28965611E-05   77573888.0       818608.562       12095.4756       1579.19751       871605.250       16.2790737       0.00000000       0.00000000       0.00000000       0.00000000       0.00000000       0.00000000    
   0.00000000       0.00000000       0.00000000       4.12708953E-27   3.77826514E-13   9.34401688E-12   1.64945991E-11   1.00189919E-12   1.04086542E-12   1.79185811E-12   6.88909143E-18   3.32963129E-14   1.01456267E-12   1.79185735E-12   1.92501136E-19   4.11760497E-13   3.87918517E-12   1.51200732E-12   1.42445838E-11   1.60790435E-12   2.96573306E-14   5.28971286E-05   77500760.0       792870.062       11715.2627       1475.84546       856054.750       15.7896833       0.00000000       0.00000000       0.00000000       0.00000000       0.00000000       0.00000000    
   0.00000000       0.00000000       0.00000000       4.12713537E-27   3.77476587E-13   9.05035769E-12   1.59743677E-11   1.00097177E-12   1.00852963E-12   1.73534375E-12   6.44099073E-18   3.32654877E-14   9.82674445E-13   1.73534299E-12   1.79979909E-19   3.98813361E-13   3.75683772E-12   1.46446473E-12   1.37953156E-11   1.54254073E-12   2.80976821E-14   5.28977180E-05   77429040.0       767940.875       11347.0029       1379.34497       840781.375       15.3149996       0.00000000       0.00000000       0.00000000       0.00000000       0.00000000       0.00000000    
   0.00000000       0.00000000       0.00000000       4.12718274E-27   3.77133410E-13   8.76592982E-12   1.54705450E-11   1.00006223E-12   9.77203344E-13   1.68061203E-12   6.02241666E-18   3.32352588E-14   9.51788778E-13   1.68061127E-12   1.68283743E-19   3.86273370E-13   3.63834917E-12   1.41841725E-12   1.33602192E-11   1.47978429E-12   2.66191556E-14   5.28983255E-05   77358712.0       743795.625       10990.3203       1289.23486       825780.250       14.8545809       0.00000000       0.00000000       0.00000000       0.00000000       0.00000000       0.00000000    
   0.00000000       0.00000000       0.00000000       4.12723205E-27   3.76796874E-13   8.49044359E-12   1.49826141E-11   9.99170148E-13   9.46854899E-13   1.62760658E-12   5.63139226E-18   3.32056126E-14   9.21874122E-13   1.62760593E-12   1.57357386E-19   3.74127704E-13   3.52359786E-12   1.37381773E-12   1.29388470E-11   1.41953257E-12   2.52175701E-14   5.28989549E-05   77289744.0       720409.625       10644.8506       1205.08521       811046.500       14.4079990       0.00000000       0.00000000       0.00000000       0.00000000       0.00000000       0.00000000    
   0.00000000       0.00000000       0.00000000       4.12728289E-27   3.76466843E-13   8.22361797E-12   1.45100746E-11   9.98295413E-13   9.17453722E-13   1.57627318E-12   5.26607580E-18   3.31765390E-14   8.92899849E-13   1.57627242E-12   1.47149382E-19   3.62363975E-13   3.41246627E-12   1.33062062E-12   1.25307655E-11   1.36168724E-12   2.38889600E-14   5.28996061E-05   77222112.0       697759.000       10310.2422       1126.49561       796575.312       13.9748383       0.00000000       0.00000000       0.00000000       0.00000000       0.00000000       0.00000000    
   0.00000000       0.00000000       0.00000000       4.12733528E-27   3.76143181E-13   7.96517973E-12   1.40524389E-11   9.97437484E-13   8.88970213E-13   1.52655894E-12   4.92475088E-18   3.31480279E-14   8.64836468E-13   1.52655818E-12   1.37611783E-19   3.50970175E-13   3.30484013E-12   1.28878191E-12   1.21355564E-11   1.30615354E-12   2.26295609E-14   5.29002828E-05   77155792.0       675820.688       9986.15332       1053.09314       782362.125       13.5546951       0.00000000       0.00000000       0.00000000       0.00000000       0.00000000       0.00000000    
   0.00000000       0.00000000       0.00000000       4.12738997E-27   3.75825781E-13   7.71486607E-12   1.36092387E-11   9.96596252E-13   8.61375533E-13   1.47841277E-12   4.60581775E-18   3.31200657E-14   8.37655357E-13   1.47841212E-12   1.28699868E-19   3.39934651E-13   3.20060883E-12   1.24825887E-12   1.17528131E-11   1.25284050E-12   2.14358001E-14   5.29009812E-05   77090760.0       654572.188       9672.25293       984.530334       768402.250       13.1471796       0.00000000       0.00000000       0.00000000       0.00000000       0.00000000       0.00000000    
   0.00000000       0.00000000       0.00000000       4.12744621E-27   3.75514561E-13   7.47242112E-12   1.31800187E-11   9.95771282E-13   8.34641926E-13   1.43178525E-12   4.30778582E-18   3.30926455E-14   8.11328814E-13   1.43178460E-12   1.20371995E-19   3.29246152E-13   3.09966506E-12   1.20901011E-12   1.13821418E-11   1.20166084E-12   2.03042912E-14   5.29017088E-05   77027000.0       633991.938       9368.22168       920.483459       754691.250       12.7519121       0.00000000       0.00000000       0.00000000       0.00000000       0.00000000       0.00000000    
   0.00000000       0.00000000       0.00000000       4.12750476E-27   3.75209385E-13   7.23759811E-12   1.27643373E-11   9.94962251E-13   8.08742450E-13   1.38662844E-12   4.02926501E-18   3.30657607E-14   7.85829843E-13   1.38662790E-12   1.12589311E-19   3.18893756E-13   3.00190536E-12   1.17099559E-12   1.10231633E-11   1.15253054E-12   1.92318204E-14   5.29024583E-05   76964472.0       614058.812       9073.74707       860.650696       741224.688       12.3685236       0.00000000       0.00000000       0.00000000       0.00000000       0.00000000       0.00000000    
   0.00000000       0.00000000       0.00000000       4.12756523E-27   3.74910118E-13   7.01015678E-12   1.23617670E-11   9.94168940E-13   7.83651030E-13   1.34289606E-12   3.76895913E-18   3.30393942E-14   7.61132531E-13   1.34289552E-12   1.05315615E-19   3.08866919E-13   2.90722936E-12   1.13417641E-12   1.06755074E-11   1.10536873E-12   1.82153351E-14   5.29032368E-05   76903168.0       594752.500       8788.53125       804.750854       727998.125       11.9966583       0.00000000       0.00000000       0.00000000       0.00000000       0.00000000       0.00000000    
   0.00000000       0.00000000       0.00000000       4.12762802E-27   3.74616706E-13   6.78986511E-12   1.19718948E-11   9.93391133E-13   7.59342350E-13   1.30054312E-12   3.52566049E-18   3.30135462E-14   7.37211670E-13   1.30054257E-12   9.85171463E-20   2.99155394E-13   2.81553969E-12   1.09851516E-12   1.03388175E-11   1.06011640E-12   1.72522417E-14   5.29040408E-05   76843064.0       576053.250       8512.28223       752.522095       715007.688       11.6359739       0.00000000       0.00000000       0.00000000       0.00000000       0.00000000       0.00000000    
   0.00000000       0.00000000       0.00000000       4.12769312E-27   3.74328986E-13   6.57649846E-12   1.15943210E-11   9.92628505E-13   7.35791961E-13   1.25952612E-12   3.29824207E-18   3.29881962E-14   7.14042811E-13   1.25952547E-12   9.21624217E-20   2.89749236E-13   2.72674201E-12   1.06397530E-12   1.00127484E-11   1.01671709E-12   1.63400787E-14   5.29048775E-05   76784136.0       557942.125       8244.71777       703.720215       702249.312       11.2861385       0.00000000       0.00000000       0.00000000       0.00000000       0.00000000       0.00000000    
   0.00000000       0.00000000       0.00000000       4.12776052E-27   3.74046931E-13   6.36983912E-12   1.12286560E-11   9.91880731E-13   7.12976065E-13   1.21980280E-12   3.08565314E-18   3.29633476E-14   6.91602374E-13   1.21980225E-12   8.62220759E-20   2.80638902E-13   2.64074548E-12   1.03052159E-12   9.69696372E-12   9.75095005E-13   1.54761491E-14   5.29057397E-05   76726368.0       540400.438       7985.56445       658.117371       689719.000       10.9468260       0.00000000       0.00000000       0.00000000       0.00000000       0.00000000       0.00000000    
   0.00000000       0.00000000       0.00000000       4.12783024E-27   3.73770378E-13   6.16967631E-12   1.08745252E-11   9.91147594E-13   6.90871730E-13   1.18133259E-12   2.88691390E-18   3.29389802E-14   6.69867373E-13   1.18133205E-12   8.06687213E-20   2.71815014E-13   2.55746119E-12   9.98119881E-13   9.39113978E-12   9.35177174E-13   1.46579052E-14   5.29066383E-05   76669736.0       523410.438       7734.55908       615.501099       677412.500       10.6177206       0.00000000       0.00000000       0.00000000       0.00000000       0.00000000       0.00000000    
   0.00000000       0.00000000       0.00000000       4.12790266E-27   3.73499273E-13   5.97580579E-12   1.05315652E-11   9.90428876E-13   6.69456678E-13   1.14407572E-12   2.70110969E-18   3.29150939E-14   6.48815691E-13   1.14407518E-12   7.54768123E-20   2.63268655E-13   2.47680414E-12   9.66737107E-13   9.09496263E-12   8.96893996E-13   1.38829301E-14   5.29075660E-05   76614216.0       506954.688       7491.44434       575.673157       665325.938       10.2985134       0.00000000       0.00000000       0.00000000       0.00000000       0.00000000       0.00000000    
   0.00000000       0.00000000       0.00000000       4.12797777E-27   3.73233481E-13   5.78802978E-12   1.01994229E-11   9.89724253E-13   6.48709385E-13   1.10799412E-12   2.52738770E-18   3.28916785E-14   6.28425805E-13   1.10799358E-12   7.06225223E-20   2.54991015E-13   2.39869127E-12   9.36341174E-13   8.80812697E-12   8.60178411E-13   1.31489346E-14   5.29085301E-05   76559800.0       491016.438       7255.97314       538.448730       653455.375       9.98890877       0.00000000       0.00000000       0.00000000       0.00000000       0.00000000       0.00000000    
   0.00000000       0.00000000       0.00000000       4.12805558E-27   3.72972947E-13   5.60615703E-12   9.87775747E-12   9.89033616E-13   6.28608927E-13   1.07305061E-12   2.36495218E-18   3.28687239E-14   6.08676954E-13   1.07305007E-12   6.60836078E-20   2.46973693E-13   2.32304215E-12   9.06901128E-13   8.53033963E-12   8.24966289E-13   1.24537535E-14   5.29095305E-05   76506464.0       475579.406       7027.90479       503.655548       641796.938       9.68861675       0.00000000       0.00000000       0.00000000       0.00000000       0.00000000       0.00000000    
   0.00000000       0.00000000       0.00000000       4.12813647E-27   3.72717590E-13   5.43000107E-12   9.56623756E-12   9.88356640E-13   6.09135084E-13   1.03920930E-12   2.21306072E-18   3.28462233E-14   5.89548972E-13   1.03920887E-12   6.18393182E-20   2.39208501E-13   2.24977936E-12   8.78386881E-13   8.26131438E-12   7.91196047E-13   1.17953319E-14   5.29105673E-05   76454192.0       460627.781       6807.00635       471.132782       630346.875       9.39735699       0.00000000       0.00000000       0.00000000       0.00000000       0.00000000       0.00000000    
   0.00000000       0.00000000       0.00000000       4.12822005E-27   3.72467302E-13   5.25938277E-12   9.26454399E-12   9.87693000E-13   5.90268286E-13   1.00643549E-12   2.07102016E-18   3.28241700E-14   5.71022288E-13   1.00643495E-12   5.78702924E-20   2.31687499E-13   2.17882743E-12   8.50769379E-13   8.00077452E-12   7.58808652E-13   1.11717276E-14   5.29116405E-05   76402960.0       446146.375       6593.05273       440.730469       619101.438       9.11485958       0.00000000       0.00000000       0.00000000       0.00000000       0.00000000       0.00000000    
   0.00000000       0.00000000       0.00000000       4.12830710E-27   3.72222001E-13   5.09412781E-12   8.97236712E-12   9.87042696E-13   5.71989504E-13   9.74695368E-13   1.93818406E-18   3.28025571E-14   5.53078091E-13   9.74694934E-13   5.41584680E-20   2.24403016E-13   2.11011330E-12   8.24020322E-13   7.74845379E-12   7.27747452E-13   1.05810992E-14   5.29127537E-05   76352760.0       432120.375       6385.82520       412.308685       608057.000       8.84085846       0.00000000       0.00000000       0.00000000       0.00000000       0.00000000       0.00000000    
   0.00000000       0.00000000       0.00000000       4.12839724E-27   3.71981607E-13   4.93406834E-12   8.68940683E-12   9.86405402E-13   5.54280417E-13   9.43956502E-13   1.81394856E-18   3.27813745E-14   5.35698005E-13   9.43956068E-13   5.06869687E-20   2.17347611E-13   2.04356692E-12   7.98112444E-13   7.50409110E-12   6.97958184E-13   1.00217025E-14   5.29139106E-05   76303576.0       418535.469       6185.11279       385.736908       597210.000       8.57510090       0.00000000       0.00000000       0.00000000       0.00000000       0.00000000       0.00000000    
   0.00000000       0.00000000       0.00000000       4.12849084E-27   3.71746037E-13   4.77904001E-12   8.41537083E-12   9.85780793E-13   5.37123135E-13   9.14187237E-13   1.69775036E-18   3.27606188E-14   5.18864303E-13   9.14186804E-13   4.74400554E-20   2.10514074E-13   1.97911956E-12   7.73019344E-13   7.26743665E-12   6.69388698E-13   9.49188594E-15   5.29151112E-05   76255376.0       405377.750       5990.71094       360.893280       586556.875       8.31733704       0.00000000       0.00000000       0.00000000       0.00000000       0.00000000       0.00000000    
   0.00000000       0.00000000       0.00000000       4.12858790E-27   3.71515237E-13   4.62888495E-12   8.14997982E-12   9.85168869E-13   5.20500418E-13   8.85356892E-13   1.58906348E-18   3.27402832E-14   5.02559854E-13   8.85356458E-13   4.44030294E-20   2.03895440E-13   1.91670486E-12   7.48715326E-13   7.03824672E-12   6.41989120E-13   8.99008498E-15   5.29163590E-05   76208160.0       392633.844       5802.42041       337.664154       576094.125       8.06732655       0.00000000       0.00000000       0.00000000       0.00000000       0.00000000       0.00000000    
   0.00000000       0.00000000       0.00000000       4.12868882E-27   3.71289100E-13   4.48345050E-12   7.89295886E-12   9.84569414E-13   5.04395570E-13   8.57436030E-13   1.48739668E-18   3.27203576E-14   4.86767907E-13   8.57435596E-13   4.15621649E-20   1.97484946E-13   1.85625907E-12   7.25175670E-13   6.81628625E-12   6.15711529E-13   8.51481903E-15   5.29176541E-05   76161912.0       380290.688       5620.04980       315.943390       565818.500       7.82483768       0.00000000       0.00000000       0.00000000       0.00000000       0.00000000       0.00000000    
   0.00000000       0.00000000       0.00000000       4.12879321E-27   3.71067597E-13   4.34258749E-12   7.64404599E-12   9.83982102E-13   4.88792438E-13   8.30395865E-13   1.39229159E-18   3.27008386E-14   4.71472525E-13   8.30395431E-13   3.89046533E-20   1.91276045E-13   1.79771996E-12   7.02376254E-13   6.60132756E-12   5.90509954E-13   8.06468455E-15   5.29189965E-05   76116616.0       368335.719       5443.41260       295.631989       555726.500       7.58964252       0.00000000       0.00000000       0.00000000       0.00000000       0.00000000       0.00000000    
   0.00000000       0.00000000       0.00000000       4.12890221E-27   3.70850621E-13   4.20615279E-12   7.40298448E-12   9.83406824E-13   4.73675244E-13   8.04208588E-13   1.30332004E-18   3.26817193E-14   4.56657932E-13   8.04208208E-13   3.64185296E-20   1.85262409E-13   1.74102735E-12   6.80293875E-13   6.39314903E-12   5.66340323E-13   7.63835254E-15   5.29203935E-05   76072256.0       356756.688       5272.32861       276.637482       545815.000       7.36152315       0.00000000       0.00000000       0.00000000       0.00000000       0.00000000       0.00000000    
   0.00000000       0.00000000       0.00000000       4.12901507E-27   3.70638118E-13   4.07400719E-12   7.16952712E-12   9.82843364E-13   4.59028919E-13   7.78847364E-13   1.22008210E-18   3.26629965E-14   4.42309085E-13   7.78847039E-13   3.40926205E-20   1.79437899E-13   1.68612303E-12   6.58905927E-13   6.19153687E-12   5.43160460E-13   7.23456346E-15   5.29218414E-05   76028816.0       345541.844       5106.62305       258.873596       536080.688       7.14026594       0.00000000       0.00000000       0.00000000       0.00000000       0.00000000       0.00000000    
   0.00000000       0.00000000       0.00000000       4.12913256E-27   3.70430032E-13   3.94601539E-12   6.94343324E-12   9.82291614E-13   4.44838665E-13   7.54286173E-13   1.14220439E-18   3.26446600E-14   4.28411375E-13   7.54285794E-13   3.19164925E-20   1.73796551E-13   1.63295050E-12   6.38190564E-13   5.99628463E-12   5.20929762E-13   6.85212639E-15   5.29233512E-05   75986288.0       334679.688       4946.12793       242.259750       526520.438       6.92566490       0.00000000       0.00000000       0.00000000       0.00000000       0.00000000       0.00000000    
   0.00000000       0.00000000       0.00000000       4.12925466E-27   3.70226283E-13   3.82204728E-12   6.72447167E-12   9.81751464E-13   4.31090249E-13   7.30499699E-13   1.06933805E-18   3.26267062E-14   4.14950572E-13   7.30499320E-13   2.98803971E-20   1.68332619E-13   1.58145524E-12   6.18126752E-13   5.80719110E-12   4.99609360E-13   6.48991181E-15   5.29249155E-05   75944664.0       324159.125       4790.67822       226.720734       517131.125       6.71751976       0.00000000       0.00000000       0.00000000       0.00000000       0.00000000       0.00000000    
   0.00000000       0.00000000       0.00000000       4.12938139E-27   3.70026817E-13   3.70197623E-12   6.51241647E-12   9.81222590E-13   4.17769850E-13   7.07463493E-13   1.00115748E-18   3.26091320E-14   4.01912932E-13   7.07463168E-13   2.79752354E-20   1.63040534E-13   1.53158432E-12   5.98693892E-13   5.62406241E-12   4.79162012E-13   6.14684991E-15   5.29265453E-05   75903920.0       313969.438       4640.11572       212.186295       507909.750       6.51563644       0.00000000       0.00000000       0.00000000       0.00000000       0.00000000       0.00000000    
   0.00000000       0.00000000       0.00000000       4.12951312E-27   3.69831607E-13   3.58567971E-12   6.30705037E-12   9.80704992E-13   4.04864131E-13   6.85153973E-13   9.37358072E-19   3.25919305E-14   3.89285202E-13   6.85153648E-13   2.61924964E-20   1.57914873E-13   1.48328658E-12   5.79872142E-13   5.44671036E-12   4.59551993E-13   5.82192850E-15   5.29282370E-05   75864048.0       304100.250       4494.28711       198.590851       498853.281       6.31982660       0.00000000       0.00000000       0.00000000       0.00000000       0.00000000       0.00000000    
   0.00000000       0.00000000       0.00000000       4.12965063E-27   3.69640543E-13   3.47303913E-12   6.10816259E-12   9.80198453E-13   3.92360081E-13   6.63548155E-13   8.77655691E-19   3.25750948E-14   3.77054453E-13   6.63547830E-13   2.45242395E-20   1.52950420E-13   1.43651226E-12   5.61642421E-13   5.27495278E-12   4.40744934E-13   5.51418830E-15   5.29300014E-05   75825048.0       294541.406       4353.04297       185.873138       489958.844       6.12990761       0.00000000       0.00000000       0.00000000       0.00000000       0.00000000       0.00000000    
   0.00000000       0.00000000       0.00000000       4.12979354E-27   3.69453627E-13   3.36393955E-12   5.91554843E-12   9.79702864E-13   3.80245206E-13   6.42623921E-13   8.21784655E-19   3.25586217E-14   3.65208243E-13   6.42623595E-13   2.29630395E-20   1.48142092E-13   1.39121342E-12   5.43985972E-13   5.10861275E-12   4.22708038E-13   5.22272045E-15   5.29318349E-05   75786896.0       285283.219       4216.23975       173.975952       481223.500       5.94570208       0.00000000       0.00000000       0.00000000       0.00000000       0.00000000       0.00000000    
   0.00000000       0.00000000       0.00000000       4.12994222E-27   3.69270776E-13   3.25826974E-12   5.72900971E-12   9.79218009E-13   3.68507308E-13   6.22359694E-13   7.69496656E-19   3.25425112E-14   3.53734457E-13   6.22359369E-13   2.15019623E-20   1.43484982E-13   1.34734346E-12   5.26884797E-13   4.94751982E-12   4.05409728E-13   4.94666437E-15   5.29337412E-05   75749584.0       276316.219       4083.73804       162.845840       472644.438       5.76703882       0.00000000       0.00000000       0.00000000       0.00000000       0.00000000       0.00000000    
   0.00000000       0.00000000       0.00000000       4.13009706E-27   3.69091937E-13   3.15592170E-12   5.54835561E-12   9.78743887E-13   3.57134624E-13   6.02734659E-13   7.20559772E-19   3.25267530E-14   3.42621412E-13   6.02734388E-13   2.01345245E-20   1.38974349E-13   1.30485737E-12   5.10321494E-13   4.79150877E-12   3.88819781E-13   4.68520562E-15   5.29357312E-05   75713120.0       267631.250       3955.40186       152.432892       464218.875       5.59375095       0.00000000       0.00000000       0.00000000       0.00000000       0.00000000       0.00000000    
   0.00000000       0.00000000       0.00000000       4.13025845E-27   3.68917109E-13   3.05679115E-12   5.37340008E-12   9.78280282E-13   3.46115768E-13   5.83728703E-13   6.74757282E-19   3.25113471E-14   3.31857751E-13   5.83728432E-13   1.88546709E-20   1.34605584E-13   1.26371147E-12   4.94279151E-13   4.64041869E-12   3.72909196E-13   4.43757215E-15   5.29378012E-05   75677472.0       259219.438       3831.10083       142.690491       455944.062       5.42567730       0.00000000       0.00000000       0.00000000       0.00000000       0.00000000       0.00000000    
   0.00000000       0.00000000       0.00000000       4.13042640E-27   3.68746212E-13   2.96077702E-12   5.20396356E-12   9.77827194E-13   3.35439657E-13   5.65322312E-13   6.31886579E-19   3.24962869E-14   3.21432469E-13   5.65322040E-13   1.76567389E-20   1.30374213E-13   1.22386357E-12   4.78741341E-13   4.49409477E-12   3.57650135E-13   4.20303254E-15   5.29399586E-05   75642640.0       251072.203       3710.70801       133.575043       447817.375       5.26266003       0.00000000       0.00000000       0.00000000       0.00000000       0.00000000       0.00000000    
   0.00000000       0.00000000       0.00000000       4.13060166E-27   3.68579245E-13   2.86778132E-12   5.03987173E-12   9.77384406E-13   3.25095609E-13   5.47496510E-13   5.91758393E-19   3.24815756E-14   3.11334996E-13   5.47496239E-13   1.65354406E-20   1.26275929E-13   1.18527258E-12   4.63692236E-13   4.35238651E-12   3.43015953E-13   3.98089434E-15   5.29422068E-05   75608624.0       243181.234       3594.10034       125.045860       439836.125       5.10454798       0.00000000       0.00000000       0.00000000       0.00000000       0.00000000       0.00000000    
   0.00000000       0.00000000       0.00000000       4.13078423E-27   3.68416127E-13   2.77770905E-12   4.88095632E-12   9.76951918E-13   3.15073244E-13   5.30233030E-13   5.54195604E-19   3.24671998E-14   3.01554978E-13   5.30232759E-13   1.54858292E-20   1.22306557E-13   1.14789894E-12   4.49116438E-13   4.21514863E-12   3.28981037E-13   3.77050237E-15   5.29445533E-05   75575416.0       235538.453       3481.15918       117.064919       431997.781       4.95119381       0.00000000       0.00000000       0.00000000       0.00000000       0.00000000       0.00000000    
   0.00000000       0.00000000       0.00000000       4.13097490E-27   3.68256857E-13   2.69046872E-12   4.72705382E-12   9.76529621E-13   3.05362533E-13   5.13514144E-13   5.19032932E-19   3.24531661E-14   2.92082439E-13   5.13513873E-13   1.45032808E-20   1.18462016E-13   1.11170437E-12   4.34999123E-13   4.08223975E-12   3.15520857E-13   3.57123532E-15   5.29470017E-05   75543000.0       228136.094       3371.76904       109.596664       424299.750       4.80245399       0.00000000       0.00000000       0.00000000       0.00000000       0.00000000       0.00000000    
   0.00000000       0.00000000       0.00000000       4.13117404E-27   3.68101410E-13   2.60597078E-12   4.57800638E-12   9.76117407E-13   2.95953718E-13   4.97322669E-13   4.86115693E-19   3.24394679E-14   2.82907730E-13   4.97322452E-13   1.35834786E-20   1.14738419E-13   1.07665146E-12   4.21325816E-13   3.95352371E-12   3.02611912E-13   3.38250474E-15   5.29495555E-05   75511384.0       220966.562       3265.81836       102.607895       416739.594       4.65819025       0.00000000       0.00000000       0.00000000       0.00000000       0.00000000       0.00000000    
   0.00000000       0.00000000       0.00000000       4.13138204E-27   3.67949730E-13   2.52412956E-12   4.43366047E-12   9.75715277E-13   2.86837421E-13   4.81641962E-13   4.55299286E-19   3.24261017E-14   2.74021501E-13   4.81641745E-13   1.27223779E-20   1.11131929E-13   1.04270433E-12   4.08082612E-13   3.82886821E-12   2.90231597E-13   3.20375347E-15   5.29522258E-05   75480552.0       214022.562       3163.19922       96.0675812       409314.844       4.51826763       0.00000000       0.00000000       0.00000000       0.00000000       0.00000000       0.00000000    
   0.00000000       0.00000000       0.00000000       4.13159929E-27   3.67801845E-13   2.44486137E-12   4.29386865E-12   9.75323121E-13   2.78004453E-13   4.66455921E-13   4.26448519E-19   3.24130710E-14   2.65414670E-13   4.66455704E-13   1.19162048E-20   1.07638887E-13   1.00982818E-12   3.95255958E-13   3.70814534E-12   2.78358283E-13   3.03445424E-15   5.29550125E-05   75450512.0       207297.000       3063.80664       89.9467087       402023.125       4.38255644       0.00000000       0.00000000       0.00000000       0.00000000       0.00000000       0.00000000    
   0.00000000       0.00000000       0.00000000       4.13182616E-27   3.67657700E-13   2.36808511E-12   4.15848649E-12   9.74940940E-13   2.69446032E-13   4.51748990E-13   3.99437065E-19   3.24003655E-14   2.57078457E-13   4.51748746E-13   1.11614267E-20   1.04255715E-13   9.77989174E-13   3.82832763E-13   3.59123039E-12   2.66971232E-13   2.87410688E-15   5.29579265E-05   75421248.0       200783.016       2967.53955       84.2181625       394862.031       4.25092936       0.00000000       0.00000000       0.00000000       0.00000000       0.00000000       0.00000000    
   0.00000000       0.00000000       0.00000000       4.13206382E-27   3.67517296E-13   2.29372294E-12   4.02737522E-12   9.74568625E-13   2.61153566E-13   4.37505988E-13   3.74146716E-19   3.23879954E-14   2.49004349E-13   4.37505745E-13   1.04547414E-20   1.00978972E-13   9.47154573E-13   3.70800368E-13   3.47800413E-12   2.56050525E-13   2.72223811E-15   5.29609752E-05   75392768.0       194473.969       2874.29932       78.8566055       387829.312       4.12326384       0.00000000       0.00000000       0.00000000       0.00000000       0.00000000       0.00000000    
   0.00000000       0.00000000       0.00000000       4.13231227E-27   3.67380605E-13   2.22169874E-12   3.90040040E-12   9.74206176E-13   2.53118761E-13   4.23712308E-13   3.50466965E-19   3.23759506E-14   2.41184134E-13   4.23712091E-13   9.79306074E-21   9.78053020E-14   9.17292717E-13   3.59146469E-13   3.36834965E-12   2.45577050E-13   2.57839963E-15   5.29641657E-05   75365072.0       188363.391       2783.99121       73.8383484       380922.656       3.99944115       0.00000000       0.00000000       0.00000000       0.00000000       0.00000000       0.00000000    
   0.00000000       0.00000000       0.00000000       4.13257265E-27   3.67247682E-13   2.15193922E-12   3.77743149E-12   9.73853702E-13   2.45333566E-13   4.10353826E-13   3.28294466E-19   3.23642344E-14   2.33609844E-13   4.10353609E-13   9.17349681E-21   9.47314669E-14   8.88372980E-13   3.47859193E-13   3.26215487E-12   2.35532541E-13   2.44216709E-15   5.29675090E-05   75338152.0       182445.078       2696.52295       69.1412506       374139.875       3.87934589       0.00000000       0.00000000       0.00000000       0.00000000       0.00000000       0.00000000    
   0.00000000       0.00000000       0.00000000       4.13284575E-27   3.67118472E-13   2.08437282E-12   3.65834186E-12   9.73511094E-13   2.37790229E-13   3.97416746E-13   3.07532594E-19   3.23528503E-14   2.26273712E-13   3.97416556E-13   8.59334997E-21   9.17543358E-14   8.60365598E-13   3.36927019E-13   3.15931005E-12   2.25899404E-13   2.31313814E-15   5.29710123E-05   75312016.0       176712.953       2611.80518       64.7445984       367478.750       3.76286602       0.00000000       0.00000000       0.00000000       0.00000000       0.00000000       0.00000000    
   0.00000000       0.00000000       0.00000000       4.13313194E-27   3.66993003E-13   2.01893125E-12   3.54300942E-12   9.73178461E-13   2.30481161E-13   3.84887841E-13   2.88090929E-19   3.23417949E-14   2.19168284E-13   3.84887651E-13   8.05009345E-21   8.88708662E-14   8.33241841E-13   3.26338755E-13   3.05971025E-12   2.16660836E-13   2.19093203E-15   5.29746867E-05   75286672.0       171161.203       2529.75171       60.6290436       360937.156       3.64989305       0.00000000       0.00000000       0.00000000       0.00000000       0.00000000       0.00000000    
   0.00000000       0.00000000       0.00000000       4.13343239E-27   3.66871301E-13   1.95554727E-12   3.43131600E-12   9.72855694E-13   2.23399112E-13   3.72754236E-13   2.69884916E-19   3.23310680E-14   2.12286311E-13   3.72754047E-13   7.54136525E-21   8.60781173E-14   8.06973845E-13   3.16083612E-13   2.96325269E-12   2.07800655E-13   2.07518795E-15   5.29785430E-05   75262112.0       165784.156       2450.27856       56.7764854       354513.000       3.54032159       0.00000000       0.00000000       0.00000000       0.00000000       0.00000000       0.00000000    
   0.00000000       0.00000000       0.00000000       4.13374785E-27   3.66753367E-13   1.89415649E-12   3.32314645E-12   9.72543010E-13   2.16536966E-13   3.61003463E-13   2.52835509E-19   3.23206766E-14   2.05620758E-13   3.61003274E-13   7.06495527E-21   8.33732362E-14   7.81534614E-13   3.06151155E-13   2.86983848E-12   1.99303397E-13   1.96556431E-15   5.29825920E-05   75238352.0       160576.312       2373.30493       53.1700020       348204.188       3.43404984       0.00000000       0.00000000       0.00000000       0.00000000       0.00000000       0.00000000    
   0.00000000       0.00000000       0.00000000       4.13407989E-27   3.66639282E-13   1.83469646E-12   3.21838975E-12   9.72240409E-13   2.09887893E-13   3.49623434E-13   2.36868700E-19   3.23106207E-14   1.99164849E-13   3.49623244E-13   6.61879634E-21   8.07534649E-14   7.56898071E-13   2.96531219E-13   2.77937157E-12   1.91154221E-13   1.86173734E-15   5.29868521E-05   75215392.0       155532.359       2298.75220       49.7937737       342008.750       3.33097839       0.00000000       0.00000000       0.00000000       0.00000000       0.00000000       0.00000000    
   0.00000000       0.00000000       0.00000000       4.13442886E-27   3.66529019E-13   1.77710635E-12   3.11693878E-12   9.71948108E-13   2.03445239E-13   3.38602491E-13   2.21915265E-19   3.23009069E-14   1.92911998E-13   3.38602302E-13   6.20095462E-21   7.82161337E-14   7.33038847E-13   2.87213965E-13   2.69175936E-12   1.83338858E-13   1.76340094E-15   5.29913341E-05   75193248.0       150647.172       2226.54443       46.6329956       335924.688       3.23101163       0.00000000       0.00000000       0.00000000       0.00000000       0.00000000       0.00000000    
   0.00000000       0.00000000       0.00000000       4.13479710E-27   3.66422658E-13   1.72132740E-12   3.01868881E-12   9.71666107E-13   1.97202592E-13   3.27929307E-13   2.07910529E-19   3.22915353E-14   1.86855834E-13   3.27929117E-13   5.80962145E-21   7.57586471E-14   7.09932547E-13   2.78189933E-13   2.60691165E-12   1.75843674E-13   1.67026469E-15   5.29960562E-05   75171936.0       145915.734       2156.60791       43.6738358       329950.031       3.13405633       0.00000000       0.00000000       0.00000000       0.00000000       0.00000000       0.00000000    
   0.00000000       0.00000000       0.00000000       4.13518498E-27   3.66320282E-13   1.66730291E-12   2.92353902E-12   9.71394623E-13   1.91153720E-13   3.17592903E-13   1.94793861E-19   3.22825127E-14   1.80990165E-13   3.17592740E-13   5.44310369E-21   7.33784981E-14   6.87555319E-13   2.69449908E-13   2.52474127E-12   1.68655563E-13   1.58205373E-15   5.30010366E-05   75151464.0       141333.266       2088.87134       40.9033508       324082.938       3.04002237       0.00000000       0.00000000       0.00000000       0.00000000       0.00000000       0.00000000    
   0.00000000       0.00000000       0.00000000       4.13559444E-27   3.66221945E-13   1.61497779E-12   2.83139224E-12   9.71133872E-13   1.85292591E-13   3.07582708E-13   1.82508626E-19   3.22738459E-14   1.75309027E-13   3.07582546E-13   5.09981849E-21   7.10732607E-14   6.65884286E-13   2.60984973E-13   2.44516408E-12   1.61761961E-13   1.49850780E-15   5.30062971E-05   75131848.0       136895.047       2023.26550       38.3094330       318321.500       2.94882226       0.00000000       0.00000000       0.00000000       0.00000000       0.00000000       0.00000000    
   0.00000000       0.00000000       0.00000000       4.13602777E-27   3.66127728E-13   1.56429882E-12   2.74215329E-12   9.70884072E-13   1.79613364E-13   2.97888423E-13   1.71001781E-19   3.22655449E-14   1.69806619E-13   2.97888260E-13   4.77828393E-21   6.88405902E-14   6.44897167E-13   2.52786453E-13   2.36809812E-12   1.55150835E-13   1.41938020E-15   5.30118559E-05   75113104.0       132596.578       1959.72363       35.8807678       312663.906       2.86037135       0.00000000       0.00000000       0.00000000       0.00000000       0.00000000       0.00000000    
   0.00000000       0.00000000       0.00000000       4.13648614E-27   3.66037739E-13   1.51521428E-12   2.65573089E-12   9.70645439E-13   1.74110373E-13   2.88500099E-13   1.60223709E-19   3.22576133E-14   1.64477359E-13   2.88499937E-13   4.47711385E-21   6.66782032E-14   6.24572442E-13   2.44846054E-13   2.29346446E-12   1.48810651E-13   1.34443759E-15   5.30177422E-05   75095272.0       128433.492       1898.18115       33.6067581       307108.375       2.77458715       0.00000000       0.00000000       0.00000000       0.00000000       0.00000000       0.00000000    
   0.00000000       0.00000000       0.00000000       4.13697225E-27   3.65952142E-13   1.46767407E-12   2.57203612E-12   9.70418407E-13   1.68778159E-13   2.79408088E-13   1.50128008E-19   3.22500680E-14   1.59315798E-13   2.79407926E-13   4.19501053E-21   6.45838973E-14   6.04889186E-13   2.37155646E-13   2.22118656E-12   1.42730310E-13   1.27345866E-15   5.30239813E-05   75078368.0       124401.523       1838.57520       31.4775066       301653.188       2.69139004       0.00000000       0.00000000       0.00000000       0.00000000       0.00000000       0.00000000    
   0.00000000       0.00000000       0.00000000       4.13748840E-27   3.65871016E-13   1.42163007E-12   2.49098355E-12   9.70203301E-13   1.63611407E-13   2.70603093E-13   1.40671214E-19   3.22429224E-14   1.54316704E-13   2.70602930E-13   3.93076066E-21   6.25555448E-14   5.85827285E-13   2.29707421E-13   2.15119025E-12   1.36899213E-13   1.20623410E-15   5.30306061E-05   75062432.0       120496.578       1780.84497       29.4837399       296296.656       2.61070275       0.00000000       0.00000000       0.00000000       0.00000000       0.00000000       0.00000000    
   0.00000000       0.00000000       0.00000000       4.13803767E-27   3.65794580E-13   1.37703520E-12   2.41248948E-12   9.70000664E-13   1.58604995E-13   2.62076060E-13   1.31812678E-19   3.22361868E-14   1.49474956E-13   2.62075897E-13   3.68322726E-21   6.05910653E-14   5.67367117E-13   2.22493763E-13   2.08340355E-12   1.31307183E-13   1.14256560E-15   5.30376528E-05   75047504.0       116714.688       1724.93176       27.6167946       291037.094       2.53245091       0.00000000       0.00000000       0.00000000       0.00000000       0.00000000       0.00000000    
   0.00000000       0.00000000       0.00000000       4.13862277E-27   3.65723050E-13   1.33384428E-12   2.33647390E-12   9.69810929E-13   1.53753922E-13   2.53818234E-13   1.23514351E-19   3.22298815E-14   1.44785659E-13   2.53818098E-13   3.45134810E-21   5.86884735E-14   5.49489816E-13   2.15507327E-13   2.01775706E-12   1.25944462E-13   1.08226533E-15   5.30451653E-05   75033624.0       113051.992       1670.77869       25.8685608       285872.875       2.45656180       0.00000000       0.00000000       0.00000000       0.00000000       0.00000000       0.00000000    
   0.00000000       0.00000000       0.00000000       4.13924793E-27   3.65656615E-13   1.29201337E-12   2.26285852E-12   9.69634854E-13   1.49053404E-13   2.45821186E-13   1.15740623E-19   3.22240302E-14   1.40244031E-13   2.45821050E-13   3.23412776E-21   5.68458312E-14   5.32177058E-13   2.08741024E-13   1.95418356E-12   1.20801698E-13   1.02515540E-15   5.30531906E-05   75020848.0       109504.781       1618.33069       24.2314510       280802.500       2.38296533       0.00000000       0.00000000       0.00000000       0.00000000       0.00000000       0.00000000    
   0.00000000       0.00000000       0.00000000       4.13991699E-27   3.65595629E-13   1.25149988E-12   2.19156811E-12   9.69473091E-13   1.44498779E-13   2.38076675E-13   1.08458177E-19   3.22186532E-14   1.35845464E-13   2.38076540E-13   3.03063507E-21   5.50612548E-14   5.15411010E-13   2.02187984E-13   1.89261779E-12   1.15869919E-13   9.71067476E-16   5.30617799E-05   75009248.0       106069.461       1567.53430       22.6983681       275824.406       2.31159353       0.00000000       0.00000000       0.00000000       0.00000000       0.00000000       0.00000000    
   0.00000000       0.00000000       0.00000000       4.14063537E-27   3.65540362E-13   1.21226293E-12   2.12252958E-12   9.69326616E-13   1.40085521E-13   2.30576815E-13   1.01635818E-19   3.22137845E-14   1.31585484E-13   2.30576680E-13   2.83999862E-21   5.33329450E-14   4.99174595E-13   1.95841526E-13   1.83299686E-12   1.11140541E-13   9.19841994E-16   5.30709985E-05   74998888.0       102742.531       1518.33801       21.2626724       270937.156       2.24238062       0.00000000       0.00000000       0.00000000       0.00000000       0.00000000       0.00000000    
   0.00000000       0.00000000       0.00000000       4.14140882E-27   3.65491274E-13   1.17426251E-12   2.05567226E-12   9.69196403E-13   1.35809292E-13   2.23313921E-13   9.52443481E-20   3.22094578E-14   1.27459797E-13   2.23313799E-13   2.66140253E-21   5.16591402E-14   4.83451170E-13   1.89695224E-13   1.77525963E-12   1.06605344E-13   8.71328076E-16   5.30809266E-05   74989872.0       99520.6406       1470.69189       19.9181519       266139.344       2.17526340       0.00000000       0.00000000       0.00000000       0.00000000       0.00000000       0.00000000    
   0.00000000       0.00000000       0.00000000       4.14224390E-27   3.65448828E-13   1.13746035E-12   1.99092804E-12   9.69083863E-13   1.31665878E-13   2.16280552E-13   8.92564587E-20   3.22057173E-14   1.23464214E-13   2.16280431E-13   2.49408344E-21   5.00381495E-14   4.68224689E-13   1.83742859E-13   1.71934700E-12   1.02256433E-13   8.25382785E-16   5.30916477E-05   74982304.0       96400.5312       1424.54761       18.6589928       261429.625       2.11018038       0.00000000       0.00000000       0.00000000       0.00000000       0.00000000       0.00000000    
   0.00000000       0.00000000       0.00000000       4.14314909E-27   3.65413646E-13   1.10181937E-12   1.92823058E-12   9.68990513E-13   1.27651186E-13   2.09469540E-13   8.36465650E-20   3.22026172E-14   1.19594710E-13   2.09469432E-13   2.33732686E-21   4.84683365E-14   4.53479566E-13   1.77978414E-13   1.66520216E-12   9.80862730E-14   7.81870809E-16   5.31032674E-05   74976320.0       93379.0703       1379.85852       17.4797592       256806.750       2.04707265       0.00000000       0.00000000       0.00000000       0.00000000       0.00000000       0.00000000    
   0.00000000       0.00000000       0.00000000       4.14413478E-27   3.65386405E-13   1.06730347E-12   1.86751634E-12   9.68918305E-13   1.23761312E-13   2.02873959E-13   7.83907434E-20   3.22002150E-14   1.15847382E-13   2.02873837E-13   2.19046413E-21   4.69481157E-14   4.39200813E-13   1.72396087E-13   1.61276971E-12   9.40876405E-14   7.40664191E-16   5.31159167E-05   74972072.0       90453.2188       1336.57959       16.3753586       252269.547       1.98588300       0.00000000       0.00000000       0.00000000       0.00000000       0.00000000       0.00000000    
   0.00000000       0.00000000       0.00000000       4.14521253E-27   3.65368028E-13   1.03387828E-12   1.80872298E-12   9.68869624E-13   1.19992436E-13   1.96487073E-13   7.34665954E-20   3.21985955E-14   1.12218482E-13   1.96486951E-13   2.05286902E-21   4.54759657E-14   4.25373875E-13   1.66990269E-13   1.56199641E-12   9.02536374E-14   7.01641859E-16   5.31297483E-05   74969776.0       87620.0625       1294.66711       15.3410368       247816.953       1.92655694       0.00000000       0.00000000       0.00000000       0.00000000       0.00000000       0.00000000    
   0.00000000       0.00000000       0.00000000       4.14639775E-27   3.65359652E-13   1.00151040E-12   1.75179153E-12   9.68847398E-13   1.16340924E-13   1.90302418E-13   6.88531636E-20   3.21978568E-14   1.08704387E-13   1.90302310E-13   1.92395647E-21   4.40504160E-14   4.11984764E-13   1.61755578E-13   1.51283088E-12   8.65776702E-14   6.64689306E-16   5.31449659E-05   74969672.0       84876.8047       1254.07910       14.3723392       243448.031       1.86904228       0.00000000       0.00000000       0.00000000       0.00000000       0.00000000       0.00000000    
   0.00000000       0.00000000       0.00000000       4.14771008E-27   3.65362661E-13   9.70167848E-13   1.69666419E-12   9.68855421E-13   1.12803267E-13   1.84313773E-13   6.45308541E-20   3.21981245E-14   1.05301618E-13   1.84313665E-13   1.80317861E-21   4.26700538E-14   3.99019956E-13   1.56686811E-13   1.46522345E-12   8.30534643E-14   6.29698375E-16   5.31618061E-05   74972080.0       82220.7578       1214.77539       13.4651041       239162.000       1.81328905       0.00000000       0.00000000       0.00000000       0.00000000       0.00000000       0.00000000    
   0.00000000       0.00000000       0.00000000       4.14917378E-27   3.65378951E-13   9.39819945E-13   1.64328577E-12   9.68898572E-13   1.09376111E-13   1.78515121E-13   6.04813267E-20   3.21995577E-14   1.02006850E-13   1.78515013E-13   1.69002329E-21   4.13335273E-14   3.86466494E-13   1.51779007E-13   1.41912632E-12   7.96750564E-14   5.96566999E-16   5.31805963E-05   74977416.0       79649.3594       1176.71692       12.6154394       234958.328       1.75925076       0.00000000       0.00000000       0.00000000       0.00000000       0.00000000       0.00000000    
   0.00000000       0.00000000       0.00000000       4.15082161E-27   3.65410935E-13   9.10437524E-13   1.59160337E-12   9.68983357E-13   1.06056263E-13   1.72900702E-13   5.66874629E-20   3.22023766E-14   9.88169168E-14   1.72900607E-13   1.58401170E-21   4.00395523E-14   3.74311882E-13   1.47027450E-13   1.37449394E-12   7.64368020E-14   5.65198934E-16   5.32017475E-05   74986232.0       77160.1797       1139.86682       11.8197098       230836.797       1.70688367       0.00000000       0.00000000       0.00000000       0.00000000       0.00000000       0.00000000    
   0.00000000       0.00000000       0.00000000       4.15269785E-27   3.65461974E-13   8.81992992E-13   1.54156646E-12   9.69118774E-13   1.02840723E-13   1.67465041E-13   5.31332746E-20   3.22068761E-14   9.57288177E-14   1.67464946E-13   1.48469731E-21   3.87869092E-14   3.62544223E-13   1.42427682E-13   1.33128252E-12   7.33334021E-14   5.35503970E-16   5.32258309E-05   74999264.0       74750.9688       1104.18982       11.0745249       226797.578       1.65614867       0.00000000       0.00000000       0.00000000       0.00000000       0.00000000       0.00000000    
   0.00000000       0.00000000       0.00000000       4.15486529E-27   3.65536784E-13   8.54460816E-13   1.49312713E-12   9.69317075E-13   9.97267183E-14   1.62202933E-13   4.98038694E-20   3.22134694E-14   9.27397943E-14   1.62202839E-13   1.39166413E-21   3.75744730E-14   3.51152321E-13   1.37975555E-13   1.28945075E-12   7.03599641E-14   5.07397723E-16   5.32536505E-05   75017576.0       72419.6719       1069.65308       10.3767271       222841.594       1.60701227       0.00000000       0.00000000       0.00000000       0.00000000       0.00000000       0.00000000    
   0.00000000       0.00000000       0.00000000       4.15741484E-27   3.65642277E-13   8.27818228E-13   1.44624135E-12   9.69596907E-13   9.67117825E-14   1.57109582E-13   4.66854502E-20   3.22227664E-14   8.98473461E-14   1.57109487E-13   1.30452643E-21   3.64012375E-14   3.40125741E-13   1.33667369E-13   1.24896057E-12   6.75120834E-14   4.80802159E-16   5.32863778E-05   75042704.0       70164.4922       1036.22668       9.72338772       218970.797       1.55944884       0.00000000       0.00000000       0.00000000       0.00000000       0.00000000       0.00000000    
   0.00000000       0.00000000       0.00000000       4.16048824E-27   3.65789213E-13   8.02046201E-13   1.40086933E-12   9.69986569E-13   9.37939098E-14   1.52180690E-13   4.37653249E-20   3.22357158E-14   8.70494269E-14   1.52180596E-13   1.22292979E-21   3.52663624E-14   3.29455213E-13   1.29500035E-13   1.20977783E-12   6.47860333E-14   4.55646763E-16   5.33258317E-05   75077056.0       67984.0938       1003.88464       9.11181641       215189.031       1.51344657       0.00000000       0.00000000       0.00000000       0.00000000       0.00000000       0.00000000    
   0.00000000       0.00000000       0.00000000       4.16432430E-27   3.65995672E-13   7.77132373E-13   1.35697931E-12   9.70534091E-13   9.09718739E-14   1.47412776E-13   4.10320875E-20   3.22539101E-14   8.43446881E-14   1.47412695E-13   1.14655523E-21   3.41693057E-14   3.19133175E-13   1.25471573E-13   1.17187477E-12   6.21792114E-14   4.31871077E-16   5.33750645E-05   75124664.0       65877.8594       972.608154       8.53959274       211503.719       1.46901751       0.00000000       0.00000000       0.00000000       0.00000000       0.00000000       0.00000000    
   0.00000000       0.00000000       0.00000000       4.16936677E-27   3.66295508E-13   7.53077993E-13   1.31455404E-12   9.71329137E-13   8.82460405E-14   1.42803995E-13   3.84760832E-20   3.22803341E-14   8.17332652E-14   1.42803914E-13   1.07513305E-21   3.31101079E-14   3.09155642E-13   1.21582161E-13   1.13523665E-12   5.96911775E-14   4.09431322E-16   5.34397950E-05   75193088.0       63846.7109       942.392151       8.00466442       207929.906       1.42622471       0.00000000       0.00000000       0.00000000       0.00000000       0.00000000       0.00000000    
   0.00000000       0.00000000       0.00000000       4.17660365E-27   3.66763775E-13   7.29918404E-13   1.27361294E-12   9.72570874E-13   8.56208211E-14   1.38356449E-13   3.60910437E-20   3.23216016E-14   7.92189868E-14   1.38356367E-13   1.00848806E-21   3.20903277E-14   2.99527167E-13   1.17837462E-13   1.09988039E-12   5.73269188E-14   3.88321593E-16   5.35326872E-05   75299080.0       61895.5117       913.266235       7.50568724       204502.906       1.38526380       0.00000000       0.00000000       0.00000000       0.00000000       0.00000000       0.00000000    
   0.00000000       0.00000000       0.00000000       4.18902744E-27   3.67628210E-13   7.07814449E-13   1.23430779E-12   9.74863094E-13   8.31154535E-14   1.34086603E-13   3.38815828E-20   3.23977803E-14   7.68193086E-14   1.34086535E-13   9.46749409E-22   3.11170259E-14   2.90283422E-13   1.14263444E-13   1.06593684E-12   5.51112263E-14   3.68667649E-16   5.36921543E-05   75493496.0       60043.6016       885.386841       7.04358006       201333.031       1.34682155       0.00000000       0.00000000       0.00000000       0.00000000       0.00000000       0.00000000    
   0.00000000       0.00000000       0.00000000       4.22773362E-27   3.70494352E-13   6.88062454E-13   1.19798431E-12   9.82463460E-13   8.08833388E-14   1.30140676E-13   3.19489626E-20   3.26503622E-14   7.46749193E-14   1.30140595E-13   8.92746389E-22   3.02471739E-14   2.81740885E-13   1.11069296E-13   1.03456816E-12   5.32482011E-14   3.51772518E-16   5.41889931E-05   76134848.0       58441.7617       860.056396       6.63934517       199211.297       1.31604576       0.00000000       0.00000000       0.00000000       0.00000000       0.00000000       0.00000000    
   0.00000000       0.00000000       0.00000000       4.18081951E-27   3.66846419E-13   6.63553739E-13   1.15715825E-12   9.72789991E-13   7.80863276E-14   1.25705612E-13   2.96582216E-20   3.23288827E-14   7.20143278E-14   1.25705544E-13   8.28736473E-22   2.91683148E-14   2.72139462E-13   1.07107669E-13   9.99311094E-13   5.06107133E-14   3.30188134E-16   5.35867912E-05   75321296.0       56267.5547       830.096924       6.16101646       193903.453       1.26504087       0.00000000       0.00000000       0.00000000       0.00000000       0.00000000       0.00000000    
   0.00000000       0.00000000       0.00000000       4.16904591E-27   3.65872263E-13   6.42002890E-13   1.11991471E-12   9.70206771E-13   7.56323647E-14   1.21659735E-13   2.77226803E-20   3.22430342E-14   6.96747957E-14   1.21659667E-13   7.74651816E-22   2.82195633E-14   2.63380545E-13   1.03623802E-13   9.67148020E-13   4.84279670E-14   3.12016259E-16   5.34356659E-05   75105232.0       54415.3945       803.285156       5.75680113       190008.641       1.22420573       0.00000000       0.00000000       0.00000000       0.00000000       0.00000000       0.00000000    
   0.00000000       0.00000000       0.00000000       4.16188377E-27   3.65250853E-13   6.21419637E-13   1.08415111E-12   9.68559000E-13   7.32878995E-14   1.17774632E-13   2.59396942E-20   3.21882718E-14   6.74403025E-14   1.17774565E-13   7.24830037E-22   2.73134210E-14   2.54969711E-13   1.00296399E-13   9.36262894E-13   4.63804783E-14   2.95106146E-16   5.33437305E-05   74967904.0       52655.1133       777.609436       5.38455200       186357.297       1.18573999       0.00000000       0.00000000       0.00000000       0.00000000       0.00000000       0.00000000    
   0.00000000       0.00000000       0.00000000       4.15666796E-27   3.64779279E-13   6.01606059E-13   1.04964485E-12   9.67308482E-13   7.10299197E-14   1.14026112E-13   2.42827835E-20   3.21467130E-14   6.52893809E-14   1.14026044E-13   6.78531198E-22   2.64411855E-14   2.46854539E-13   9.70934962E-14   9.06463544E-13   4.44362293E-14   2.79217238E-16   5.32767845E-05   74863992.0       50964.4297       752.864990       5.03874016       182844.734       1.14891398       0.00000000       0.00000000       0.00000000       0.00000000       0.00000000       0.00000000    
   0.00000000       0.00000000       0.00000000       4.15253376E-27   3.64391541E-13   5.82483497E-13   1.01629892E-12   9.66280224E-13   6.88493723E-14   1.10403636E-13   2.27382144E-20   3.21125437E-14   6.32134793E-14   1.10403569E-13   6.35371494E-22   2.55993906E-14   2.39012261E-13   9.40023816E-14   8.77666321E-13   4.25823690E-14   2.64238969E-16   5.32237173E-05   74778776.0       49334.8398       728.967529       4.71648645       179435.797       1.11346400       0.00000000       0.00000000       0.00000000       0.00000000       0.00000000       0.00000000    
   0.00000000       0.00000000       0.00000000       4.14908904E-27   3.64057742E-13   5.64005494E-13   9.84050623E-13   9.65395082E-13   6.67409582E-14   1.06900417E-13   2.12961413E-20   3.20831279E-14   6.12075562E-14   1.06900349E-13   5.95075772E-22   2.47859916E-14   2.31428158E-13   9.10155333E-14   8.49817016E-13   4.08112841E-14   2.50097489E-16   5.31795013E-05   74705584.0       47761.5547       705.865417       4.41572428       176113.891       1.07925165       0.00000000       0.00000000       0.00000000       0.00000000       0.00000000       0.00000000    
   0.00000000       0.00000000       0.00000000       4.14612234E-27   3.63761782E-13   5.46138384E-13   9.52851513E-13   9.64610228E-13   6.47009031E-14   1.03511153E-13   1.99485429E-20   3.20570461E-14   5.92679660E-14   1.03511085E-13   5.57419970E-22   2.39995097E-14   2.24090765E-13   8.81275304E-14   8.22873724E-13   3.91174791E-14   2.42525412E-16   5.31414189E-05   74640800.0       46241.2617       683.520264       4.13476562       172869.453       1.04618716       0.00000000       0.00000000       0.00000000       0.00000000       0.00000000       0.00000000    
   0.00000000       0.00000000       0.00000000       4.14350693E-27   3.63493903E-13   5.28854955E-13   9.22659843E-13   9.63899858E-13   6.27261372E-14   1.00231340E-13   1.86884787E-20   3.20334376E-14   5.73917541E-14   1.00231279E-13   5.22210117E-22   2.32387453E-14   2.16990312E-13   8.53339548E-14   7.96800451E-13   3.74965189E-14   2.35198550E-16   5.31078476E-05   74582264.0       44771.3633       661.900024       3.87215233       169696.297       1.01420450       0.00000000       0.00000000       0.00000000       0.00000000       0.00000000       0.00000000    
   0.00000000       0.00000000       0.00000000       4.14115999E-27   3.63247816E-13   5.12131678E-13   8.93438427E-13   9.63247386E-13   6.08140450E-14   9.70569314E-14   1.75097689E-20   3.20117502E-14   5.55763558E-14   9.70568705E-14   4.89273596E-22   2.25026584E-14   2.10118056E-13   8.26310049E-14   7.71565103E-13   3.59445953E-14   2.28104914E-16   5.30777252E-05   74528568.0       43349.6758       640.976746       3.62658334       166590.062      0.983250678       0.00000000       0.00000000       0.00000000       0.00000000       0.00000000       0.00000000    
   0.00000000       0.00000000       0.00000000       4.13902567E-27   3.63019185E-13   4.95947359E-13   8.65152893E-13   9.62641100E-13   5.89622616E-14   9.39841873E-14   1.64068189E-20   3.19916043E-14   5.38194740E-14   9.39841263E-14   4.58453949E-22   2.17903156E-14   2.03465879E-13   8.00152452E-14   7.47138029E-13   3.44583235E-14   2.21234312E-16   5.30503276E-05   74478752.0       41974.2617       620.724854       3.39688110       163547.422      0.953280807       0.00000000       0.00000000       0.00000000       0.00000000       0.00000000       0.00000000    
   0.00000000       0.00000000       0.00000000       4.13706315E-27   3.62804920E-13   4.80282480E-13   8.37770988E-13   9.62072869E-13   5.71686253E-14   9.10096109E-14   1.53745039E-20   3.19727223E-14   5.21189910E-14   9.10095499E-14   4.29608095E-22   2.11008596E-14   1.97026247E-13   7.74835247E-14   7.23491254E-13   3.30346068E-14   2.14577798E-16   5.30251382E-05   74432112.0       40643.3711       601.120667       3.18196821       160565.688      0.924255192       0.00000000       0.00000000       0.00000000       0.00000000       0.00000000       0.00000000    
   0.00000000       0.00000000       0.00000000       4.13524276E-27   3.62602689E-13   4.65118829E-13   8.11262299E-13   9.61536623E-13   5.54311100E-14   8.81298886E-14   1.44081114E-20   3.19549007E-14   5.04729281E-14   8.81298344E-14   4.02604289E-22   2.04334874E-14   1.90791949E-13   7.50328957E-14   7.00598596E-13   3.16705822E-14   2.08127298E-16   5.30017714E-05   74388144.0       39355.3867       582.141907       2.98085284       157642.641      0.896138012       0.00000000       0.00000000       0.00000000       0.00000000       0.00000000       0.00000000    
   0.00000000       0.00000000       0.00000000       4.13354140E-27   3.62410758E-13   4.50439219E-13   7.85597715E-13   9.61027698E-13   5.37478150E-14   8.53418627E-14   1.35032841E-20   3.19379838E-14   4.88794186E-14   8.53418153E-14   3.77320804E-22   1.97874367E-14   1.84756168E-13   7.26605665E-14   6.78434902E-13   3.03635833E-14   2.01875361E-16   5.29799327E-05   74346440.0       38108.7930       563.767456       2.79261875       154776.391      0.868896246       0.00000000       0.00000000       0.00000000       0.00000000       0.00000000       0.00000000    
   0.00000000       0.00000000       0.00000000       4.13194172E-27   3.62227717E-13   4.36227280E-13   7.60749374E-13   9.60542301E-13   5.21169276E-14   8.26425178E-14   1.26559845E-20   3.19218529E-14   4.73366904E-14   8.26424703E-14   3.53644804E-22   1.91619927E-14   1.78912373E-13   7.03639011E-14   6.56976101E-13   2.91110926E-14   1.95815092E-16   5.29593999E-05   74306712.0       36902.1523       545.977173       2.61641645       151965.250      0.842499197       0.00000000       0.00000000       0.00000000       0.00000000       0.00000000       0.00000000    
   0.00000000       0.00000000       0.00000000       4.13042948E-27   3.62052483E-13   4.22467454E-13   7.36690711E-13   9.60077612E-13   5.05367232E-14   8.00289468E-14   1.18624582E-20   3.19064098E-14   4.58430460E-14   8.00288994E-14   3.31471401E-22   1.85564641E-14   1.73254260E-13   6.81403650E-14   6.36199264E-13   2.79107419E-14   1.89939952E-16   5.29399877E-05   74268704.0       35734.1094       528.751831       2.45145774       149207.688      0.816917956       0.00000000       0.00000000       0.00000000       0.00000000       0.00000000       0.00000000    
   0.00000000       0.00000000       0.00000000       4.12899273E-27   3.61884161E-13   4.09144778E-13   7.13395922E-13   9.59631246E-13   4.90055486E-14   7.74983715E-14   1.11192171E-20   3.18915765E-14   4.43968660E-14   7.74983173E-14   3.10703079E-22   1.79701953E-14   1.67775814E-13   6.59875529E-14   6.16082109E-13   2.67602780E-14   1.84243801E-16   5.29215504E-05   74232216.0       34603.3672       512.072815       2.29700899       146502.328      0.792125046       0.00000000       0.00000000       0.00000000       0.00000000       0.00000000       0.00000000    
   0.00000000       0.00000000       0.00000000       4.12762301E-27   3.61722018E-13   3.96244967E-13   6.90840397E-13   9.59201360E-13   4.75218145E-14   7.50480881E-14   1.04230089E-20   3.18772888E-14   4.29965918E-14   7.50480407E-14   2.91249011E-22   1.74025528E-14   1.62471233E-13   6.39031403E-14   5.96603333E-13   2.56575682E-14   1.78720789E-16   5.29039680E-05   74197080.0       33508.6797       495.922485       2.15238690       143847.859      0.768094540       0.00000000       0.00000000       0.00000000       0.00000000       0.00000000       0.00000000    
   0.00000000       0.00000000       0.00000000       4.12631222E-27   3.61565460E-13   3.83754172E-13   6.69000228E-13   9.58786110E-13   4.60839998E-14   7.26755285E-14   9.77080361E-21   3.18634889E-14   4.16407326E-14   7.26754811E-14   2.73024507E-22   1.68529300E-14   1.57334879E-13   6.18848912E-14   5.77742390E-13   2.46005795E-14   1.73365317E-16   5.28871424E-05   74163176.0       32448.8594       480.283661       2.01695514       141243.125      0.744801581       0.00000000       0.00000000       0.00000000       0.00000000       0.00000000       0.00000000    
   0.00000000       0.00000000       0.00000000       4.12505382E-27   3.61413915E-13   3.71659192E-13   6.47852431E-13   9.58384305E-13   4.46906306E-14   7.03781787E-14   9.15977320E-21   3.18501363E-14   4.03278417E-14   7.03781380E-14   2.55950553E-22   1.63207426E-14   1.52361359E-13   5.99306710E-14   5.59479383E-13   2.35873722E-14   1.68172039E-16   5.28709897E-05   74130384.0       31422.7617       465.139862       1.89012027       138686.953      0.722222269       0.00000000       0.00000000       0.00000000       0.00000000       0.00000000       0.00000000    
   0.00000000       0.00000000       0.00000000       4.12384241E-27   3.61267033E-13   3.59947179E-13   6.27374834E-13   9.57994751E-13   4.33402974E-14   6.81536397E-14   8.58727940E-21   3.18371902E-14   3.90565333E-14   6.81535923E-14   2.39953438E-22   1.58054247E-14   1.47545455E-13   5.80383926E-14   5.41795124E-13   2.26161033E-14   1.63135819E-16   5.28554374E-05   74098600.0       30429.2852       450.475159       1.77132821       136178.281      0.700333893       0.00000000       0.00000000       0.00000000       0.00000000       0.00000000       0.00000000    
   0.00000000       0.00000000       0.00000000       4.12267337E-27   3.61124352E-13   3.48605856E-13   6.07545969E-13   9.57616473E-13   4.20316282E-14   6.59995672E-14   8.05085762E-21   3.18246203E-14   3.78254692E-14   6.59995265E-14   2.24964248E-22   1.53064342E-14   1.42882125E-13   5.62060774E-14   5.24671073E-13   2.16850057E-14   1.58251708E-16   5.28404307E-05   74067744.0       29467.3691       436.274231       1.66006207       133716.094      0.679114461       0.00000000       0.00000000       0.00000000       0.00000000       0.00000000       0.00000000    
   0.00000000       0.00000000       0.00000000       4.12154208E-27   3.60985601E-13   3.37623267E-13   5.88345074E-13   9.57248495E-13   4.07633081E-14   6.39137181E-14   7.54820404E-21   3.18123891E-14   3.66333550E-14   6.39136774E-14   2.10918662E-22   1.48232477E-14   1.38366478E-13   5.44317873E-14   5.08089393E-13   2.07923939E-14   1.53514954E-16   5.28259152E-05   74037736.0       28535.9922       422.522156       1.55583882       131299.391      0.658542812       0.00000000       0.00000000       0.00000000       0.00000000       0.00000000       0.00000000    
   0.00000000       0.00000000       0.00000000       4.12044584E-27   3.60850455E-13   3.26987948E-13   5.69752145E-13   9.56890166E-13   3.95340634E-14   6.18939104E-14   7.07716830E-21   3.18004798E-14   3.54789440E-14   6.18938697E-14   1.97756562E-22   1.43553568E-14   1.33993809E-13   5.27136657E-14   4.92032684E-13   1.99366602E-14   1.48920992E-16   5.28118435E-05   74008528.0       27634.1660       409.204681       1.45820713       128927.234      0.638598680       0.00000000       0.00000000       0.00000000       0.00000000       0.00000000       0.00000000    
   0.00000000       0.00000000       0.00000000       4.11938119E-27   3.60718698E-13   3.16688787E-13   5.51747829E-13   9.56540728E-13   3.83426608E-14   5.99380436E-14   6.63573860E-21   3.17888687E-14   3.43610265E-14   5.99380029E-14   1.85421731E-22   1.39022713E-14   1.29759566E-13   5.10499100E-14   4.76484303E-13   1.91162614E-14   1.44465387E-16   5.27981792E-05   73980048.0       26760.9414       396.307892       1.36674559       126598.711      0.619262278       0.00000000       0.00000000       0.00000000       0.00000000       0.00000000       0.00000000    
   0.00000000       0.00000000       0.00000000       4.11834581E-27   3.60590084E-13   3.06715048E-13   5.34313262E-13   9.56199638E-13   3.71879109E-14   5.80440779E-14   6.22203318E-21   3.17775354E-14   3.32784405E-14   5.80440372E-14   1.73861599E-22   1.34635192E-14   1.25659316E-13   4.94387890E-14   4.61427988E-13   1.83297269E-14   1.40143878E-16   5.27848861E-05   73952256.0       25915.3984       383.818451       1.28106010       124312.945      0.600514770       0.00000000       0.00000000       0.00000000       0.00000000       0.00000000       0.00000000    
   0.00000000       0.00000000       0.00000000       4.11733662E-27   3.60464398E-13   2.97056325E-13   5.17430445E-13   9.55866462E-13   3.60686653E-14   5.62100449E-14   5.83429348E-21   3.17664596E-14   3.22300577E-14   5.62100076E-14   1.63027030E-22   1.30386424E-14   1.21688833E-13   4.78786153E-14   4.46848125E-13   1.75756440E-14   1.35952348E-16   5.27719349E-05   73925112.0       25096.6484       371.723328       1.20078206       122069.070      0.582337856       0.00000000       0.00000000       0.00000000       0.00000000       0.00000000       0.00000000    
   0.00000000       0.00000000       0.00000000       4.11635247E-27   3.60341504E-13   2.87702615E-13   5.01081761E-13   9.55540551E-13   3.49838092E-14   5.44340370E-14   5.47087362E-21   3.17556277E-14   3.12147870E-14   5.44339998E-14   1.52872030E-22   1.26271987E-14   1.17843967E-13   4.63677728E-14   4.32729563E-13   1.68526641E-14   1.31886802E-16   5.27592965E-05   73898560.0       24303.8340       360.010010       1.12556696       119866.273      0.564713836       0.00000000       0.00000000       0.00000000       0.00000000       0.00000000       0.00000000    
   0.00000000       0.00000000       0.00000000       4.11539028E-27   3.60221212E-13   2.78644187E-13   4.85250241E-13   9.55221579E-13   3.39322652E-14   5.27142112E-14   5.13023394E-21   3.17450296E-14   3.02315783E-14   5.27141773E-14   1.43353571E-22   1.22287612E-14   1.14120722E-13   4.49046894E-14   4.19057611E-13   1.61594947E-14   1.27943400E-16   5.27469529E-05   73872584.0       23536.1250       348.666412       1.05509257       117703.750      0.547625542       0.00000000       0.00000000       0.00000000       0.00000000       0.00000000       0.00000000    
   0.00000000       0.00000000       0.00000000       4.11444965E-27   3.60103413E-13   2.69871690E-13   4.69919513E-13   9.54909112E-13   3.29129966E-14   5.10487852E-14   4.81093414E-21   3.17346450E-14   2.92794082E-14   5.10487513E-14   1.34431415E-22   1.18429148E-14   1.10515248E-13   4.34878404E-14   4.05818120E-13   1.54948991E-14   1.24118411E-16   5.27348748E-05   73847136.0       22792.7188       337.680786      0.989057541       115580.703      0.531056523       0.00000000       0.00000000       0.00000000       0.00000000       0.00000000       0.00000000    
   0.00000000       0.00000000       0.00000000       4.11352829E-27   3.59987918E-13   2.61376017E-13   4.55073587E-13   9.54602933E-13   3.19249869E-14   4.94360310E-14   4.51162562E-21   3.17244705E-14   2.83572926E-14   4.94359972E-14   1.26067861E-22   1.14692606E-14   1.07023806E-13   4.21157622E-14   3.92997348E-13   1.48576931E-14   1.20408222E-16   5.27230477E-05   73822200.0       22072.8418       327.041748      0.927179813       113496.383      0.514990747       0.00000000       0.00000000       0.00000000       0.00000000       0.00000000       0.00000000    
   0.00000000       0.00000000       0.00000000       4.11262464E-27   3.59874646E-13   2.53148387E-13   4.40697175E-13   9.54302609E-13   3.09672704E-14   4.78742751E-14   4.23104660E-21   3.17144856E-14   2.74642776E-14   4.78742446E-14   1.18227682E-22   1.11074107E-14   1.03642775E-13   4.07870284E-14   3.80582013E-13   1.42467418E-14   1.16809351E-16   5.27114535E-05   73797736.0       21375.7422       316.738373      0.869195461       111450.039      0.499412805       0.00000000       0.00000000       0.00000000       0.00000000       0.00000000       0.00000000    
   0.00000000       0.00000000       0.00000000       4.11173833E-27   3.59763489E-13   2.45180314E-13   4.26775341E-13   9.54007815E-13   3.00388952E-14   4.63619045E-14   3.96801569E-21   3.17046905E-14   2.65994400E-14   4.63618740E-14   1.10877833E-22   1.07569906E-14   1.00368647E-13   3.95002634E-14   3.68559241E-13   1.36609567E-14   1.13318423E-16   5.27000739E-05   73773736.0       20700.6953       306.759979      0.814857721       109440.945      0.484307617       0.00000000       0.00000000       0.00000000       0.00000000       0.00000000       0.00000000    
   0.00000000       0.00000000       0.00000000       4.11086781E-27   3.59654336E-13   2.37463532E-13   4.13293694E-13   9.53718333E-13   2.91389498E-14   4.48973507E-14   3.72142701E-21   3.16950716E-14   2.57618871E-14   4.48973202E-14   1.03987436E-22   1.04176370E-14   9.71980404E-14   3.82541424E-14   3.56916590E-13   1.30992976E-14   1.09932151E-16   5.26888980E-05   73750168.0       20047.0000       297.096283      0.763935447       107468.398      0.469660729       0.00000000       0.00000000       0.00000000       0.00000000       0.00000000       0.00000000    
   0.00000000       0.00000000       0.00000000       4.11001154E-27   3.59547109E-13   2.29990126E-13   4.00238219E-13   9.53433946E-13   2.82665482E-14   4.34790990E-14   3.49024538E-21   3.16856221E-14   2.49507531E-14   4.34790685E-14   9.75275553E-23   1.00890001E-14   9.41276679E-14   3.70473678E-14   3.45642026E-13   1.25607659E-14   1.06647377E-16   5.26779113E-05   73727008.0       19413.9766       287.737366      0.716212451       105531.711      0.455458134       0.00000000       0.00000000       0.00000000       0.00000000       0.00000000       0.00000000    
   0.00000000       0.00000000       0.00000000       4.10916952E-27   3.59441697E-13   2.22752345E-13   3.87595500E-13   9.53154439E-13   2.74208350E-14   4.21056792E-14   3.27350124E-21   3.16763319E-14   2.41652012E-14   4.21056487E-14   9.14710915E-23   9.77074019E-15   9.11543654E-14   3.58786995E-14   3.34723866E-13   1.20444070E-14   1.03461031E-16   5.26671029E-05   73704248.0       18800.9688       278.673523      0.671486318       103630.195      0.441686183       0.00000000       0.00000000       0.00000000       0.00000000       0.00000000       0.00000000    
   0.00000000       0.00000000       0.00000000       4.10834022E-27   3.59338048E-13   2.15742761E-13   3.75352391E-13   9.52879594E-13   2.66009816E-14   4.07756748E-14   3.07028663E-21   3.16671975E-14   2.34044233E-14   4.07756443E-14   8.57926877E-23   9.46252693E-15   8.82750429E-14   3.47469246E-14   3.24150835E-13   1.15493044E-14   1.00370135E-16   5.26564581E-05   73681856.0       18207.3398       269.895477      0.629567504       101763.203      0.428331763       0.00000000       0.00000000       0.00000000       0.00000000       0.00000000       0.00000000    
   0.00000000       0.00000000       0.00000000       4.10752324E-27   3.59236051E-13   2.08954138E-13   3.63496261E-13   9.52609085E-13   2.58061818E-14   3.94877070E-14   2.87975115E-21   3.16582088E-14   2.26676334E-14   3.94876799E-14   8.04685771E-23   9.16404437E-15   8.54867324E-14   3.36508775E-14   3.13912009E-13   1.10745789E-14   9.73718107E-17   5.26459735E-05   73659832.0       17632.4746       261.394196      0.590278685       99930.0781      0.415382087       0.00000000       0.00000000       0.00000000       0.00000000       0.00000000       0.00000000    
   0.00000000       0.00000000       0.00000000       4.10671781E-27   3.59135681E-13   2.02379509E-13   3.52014885E-13   9.52342914E-13   2.50356596E-14   3.82404476E-14   2.70109892E-21   3.16493624E-14   2.19540742E-14   3.82404239E-14   7.54765138E-23   8.87498252E-15   8.27865473E-14   3.25894300E-14   3.03996791E-13   1.06193910E-14   9.44632583E-17   5.26356343E-05   73638152.0       17075.7793       253.160889      0.553453803       98130.1953      0.402824819       0.00000000       0.00000000       0.00000000       0.00000000       0.00000000       0.00000000    
   0.00000000       0.00000000       0.00000000       4.10592317E-27   3.59036856E-13   2.02374982E-13   3.40896338E-13   9.52080862E-13   2.50771168E-14   3.70326091E-14   2.53358394E-21   3.16406549E-14   2.19532458E-14   3.70325820E-14   7.07956593E-23   8.87405587E-15   8.01717023E-14   3.25860249E-14   2.94394934E-13   1.01829335E-14   9.16417850E-17   5.26254335E-05   73616808.0       17073.4863       245.187119      0.518937349       96362.9297      0.390647978       0.00000000       0.00000000       0.00000000       0.00000000       0.00000000       0.00000000    
   0.00000000       0.00000000       0.00000000       4.10535464E-27   3.58955866E-13   2.02374630E-13   3.30133300E-13   9.51866190E-13   2.51183182E-14   3.58633852E-14   2.37660016E-21   3.16335195E-14   2.19528748E-14   3.58633614E-14   6.64090815E-23   8.87332488E-15   7.76404562E-14   3.25833415E-14   2.85100041E-13   9.76484738E-15   8.89085288E-17   5.26181320E-05   73599424.0       17071.7051       237.468628      0.486602694       94631.6953      0.378856003       0.00000000       0.00000000       0.00000000       0.00000000       0.00000000       0.00000000    
   0.00000000       0.00000000       0.00000000       4.10478611E-27   3.58875608E-13   2.02374074E-13   3.19710052E-13   9.51653253E-13   2.51587403E-14   3.47310783E-14   2.22937797E-21   3.16264450E-14   2.19524885E-14   3.47310546E-14   6.22952665E-23   8.87259812E-15   7.51891293E-14   3.25806717E-14   2.76098643E-13   9.36392636E-15   8.62567929E-17   5.26108379E-05   73582192.0       17069.9316       229.993118      0.456289887       92931.5625      0.367420018       0.00000000       0.00000000       0.00000000       0.00000000       0.00000000       0.00000000    
   0.00000000       0.00000000       0.00000000       4.10421757E-27   3.58796028E-13   2.02373329E-13   3.09615913E-13   9.51442267E-13   2.51983984E-14   3.36345196E-14   2.09130787E-21   3.16194316E-14   2.19520870E-14   3.36344993E-14   5.84371940E-23   8.87187561E-15   7.28152009E-14   3.25780188E-14   2.67381440E-13   8.97946742E-15   8.36841487E-17   5.26035437E-05   73565096.0       17068.1699       222.752945      0.427872002       91261.9688      0.356329232       0.00000000       0.00000000       0.00000000       0.00000000       0.00000000       0.00000000    
   0.00000000       0.00000000       0.00000000       4.10364981E-27   3.58717125E-13   2.02372393E-13   2.99840502E-13   9.51233016E-13   2.52373043E-14   3.25725842E-14   1.96181877E-21   3.16124792E-14   2.19516720E-14   3.25725639E-14   5.48188909E-23   8.87115817E-15   7.05162179E-14   3.25753862E-14   2.58939463E-13   8.61079295E-15   8.11882337E-17   5.25962496E-05   73548144.0       17066.4180       215.740677      0.401230127       89622.3828      0.345573246       0.00000000       0.00000000       0.00000000       0.00000000       0.00000000       0.00000000    
   0.00000000       0.00000000       0.00000000       4.10308166E-27   3.58638900E-13   2.02371282E-13   2.90373709E-13   9.51025608E-13   2.52754750E-14   3.15441812E-14   1.84037528E-21   3.16055843E-14   2.19512434E-14   3.15441575E-14   5.14254070E-23   8.87044497E-15   6.82898291E-14   3.25727638E-14   2.50764036E-13   8.25725579E-15   7.87667651E-17   5.25889591E-05   73531336.0       17064.6738       208.949173      0.376252830       88012.2500      0.335141927       0.00000000       0.00000000       0.00000000       0.00000000       0.00000000       0.00000000    
   0.00000000       0.00000000       0.00000000       4.10251389E-27   3.58561325E-13   2.02369995E-13   2.81205804E-13   9.50819935E-13   2.53129223E-14   3.05482432E-14   1.72647558E-21   3.15987504E-14   2.19507995E-14   3.05482229E-14   4.82427192E-23   8.86973600E-15   6.61337304E-14   3.25701617E-14   2.42846731E-13   7.91823424E-15   7.64175192E-17   5.25816722E-05   73514656.0       17062.9414       202.371460      0.352835715       86431.0469      0.325025499       0.00000000       0.00000000       0.00000000       0.00000000       0.00000000       0.00000000    
   0.00000000       0.00000000       0.00000000       4.10194651E-27   3.58484401E-13   2.02368517E-13   2.72327354E-13   9.50615997E-13   2.53496598E-14   2.95837505E-14   1.61964902E-21   3.15919708E-14   2.19503438E-14   2.95837302E-14   4.52576790E-23   8.86903127E-15   6.40457061E-14   3.25675732E-14   2.35179389E-13   7.59313199E-15   7.41383388E-17   5.25743890E-05   73498104.0       17061.2148       196.000809      0.330880970       84878.2578      0.315214425       0.00000000       0.00000000       0.00000000       0.00000000       0.00000000       0.00000000    
   0.00000000       0.00000000       0.00000000       4.10137914E-27   3.58408127E-13   2.02366878E-13   2.63729251E-13   9.50413684E-13   2.53857011E-14   2.86497138E-14   1.51945505E-21   3.15852454E-14   2.19498729E-14   2.86496934E-14   4.24579675E-23   8.86832993E-15   6.20236081E-14   3.25649982E-14   2.27754122E-13   7.28137812E-15   7.19271394E-17   5.25671057E-05   73481688.0       17059.5000       189.830719      0.310296923       83353.3594      0.305699527       0.00000000       0.00000000       0.00000000       0.00000000       0.00000000       0.00000000    
   0.00000000       0.00000000       0.00000000       4.10081176E-27   3.58332450E-13   2.02365062E-13   2.55402606E-13   9.50212999E-13   2.54210579E-14   2.77451639E-14   1.42548009E-21   3.15785775E-14   2.19493901E-14   2.77451436E-14   3.98320357E-23   8.86763366E-15   6.00653560E-14   3.25624402E-14   2.20563314E-13   6.98242377E-15   6.97818895E-17   5.25598261E-05   73465400.0       17057.7930       183.854858      0.290997654       81855.8594      0.296471864       0.00000000       0.00000000       0.00000000       0.00000000       0.00000000       0.00000000    
   0.00000000       0.00000000       0.00000000       4.10024476E-27   3.58257396E-13   2.02363083E-13   2.47338852E-13   9.50013939E-13   2.54557439E-14   2.68691743E-14   1.33733678E-21   3.15719639E-14   2.19488937E-14   2.68691539E-14   3.73690574E-23   8.86694079E-15   5.81689306E-14   3.25598991E-14   2.13599537E-13   6.69574378E-15   6.77006237E-17   5.25525465E-05   73449240.0       17056.0938       178.067123      0.272902727       80385.2656      0.287522733       0.00000000       0.00000000       0.00000000       0.00000000       0.00000000       0.00000000    
   0.00000000       0.00000000       0.00000000       4.09967777E-27   3.58182911E-13   2.02360942E-13   2.39529696E-13   9.49816506E-13   2.54897693E-14   2.60208420E-14   1.25466184E-21   3.15654011E-14   2.19483855E-14   2.60208233E-14   3.50588814E-23   8.86625215E-15   5.63323836E-14   3.25573681E-14   2.06855624E-13   6.42083415E-15   6.56814361E-17   5.25452706E-05   73433200.0       17054.4023       172.461578      0.255936682       78941.1016      0.278843731       0.00000000       0.00000000       0.00000000       0.00000000       0.00000000       0.00000000    
   0.00000000       0.00000000       0.00000000       4.09911116E-27   3.58109050E-13   2.02358638E-13   2.31967115E-13   9.49620590E-13   2.55231491E-14   2.51992946E-14   1.17711487E-21   3.15588891E-14   2.19478654E-14   2.51992759E-14   3.28919940E-23   8.86556690E-15   5.45538177E-14   3.25548541E-14   2.00324647E-13   6.15721209E-15   6.37224739E-17   5.25379946E-05   73417280.0       17052.7207       167.032501      0.240028858       77522.8750      0.270426720       0.00000000       0.00000000       0.00000000       0.00000000       0.00000000       0.00000000    
   0.00000000       0.00000000       0.00000000       4.09854455E-27   3.58035758E-13   2.02356171E-13   2.24643288E-13   9.49426193E-13   2.55558920E-14   2.44036850E-14   1.10437659E-21   3.15524313E-14   2.19473318E-14   2.44036680E-14   3.08594750E-23   8.86488589E-15   5.28314100E-14   3.25523503E-14   1.93999859E-13   5.90441341E-15   6.18219371E-17   5.25307260E-05   73401480.0       17051.0469       161.774338      0.225112975       76130.1328      0.262263775       0.00000000       0.00000000       0.00000000       0.00000000       0.00000000       0.00000000    
   0.00000000       0.00000000       0.00000000       4.09797833E-27   3.57963008E-13   2.02353555E-13   2.17550709E-13   9.49233313E-13   2.55880132E-14   2.36331967E-14   1.03614772E-21   3.15460209E-14   2.19467863E-14   2.36331798E-14   2.89529654E-23   8.86420826E-15   5.11633819E-14   3.25498634E-14   1.87874767E-13   5.66199428E-15   5.99780787E-17   5.25234536E-05   73385800.0       17049.3809       156.681686      0.211126998       74762.4062      0.254347235       0.00000000       0.00000000       0.00000000       0.00000000       0.00000000       0.00000000    
   0.00000000       0.00000000       0.00000000       4.09741210E-27   3.57890827E-13   2.02350791E-13   2.10682058E-13   9.49041952E-13   2.56195212E-14   2.28870335E-14   9.72147751E-22   3.15396614E-14   2.19462289E-14   2.28870183E-14   2.71646178E-23   8.86353403E-15   4.95480190E-14   3.25473867E-14   1.81943070E-13   5.42952820E-15   5.81892246E-17   5.25161886E-05   73370232.0       17047.7227       151.749359      0.198012725       73419.2578      0.246669680       0.00000000       0.00000000       0.00000000       0.00000000       0.00000000       0.00000000    
   0.00000000       0.00000000       0.00000000       4.09684588E-27   3.57819216E-13   2.02347863E-13   2.04030274E-13   9.48852000E-13   2.56504277E-14   2.21644297E-14   9.12113543E-22   3.15333493E-14   2.19456614E-14   2.21644145E-14   2.54870908E-23   8.86286318E-15   4.79836575E-14   3.25449269E-14   1.76198642E-13   5.20660692E-15   5.64537202E-17   5.25089199E-05   73354768.0       17046.0723       146.972305      0.185715646       72100.2422      0.239223883       0.00000000       0.00000000       0.00000000       0.00000000       0.00000000       0.00000000    
   0.00000000       0.00000000       0.00000000       4.09628004E-27   3.57748119E-13   2.02344801E-13   1.97588500E-13   9.48663457E-13   2.56807447E-14   2.14646416E-14   8.55798618E-22   3.15270813E-14   2.19450804E-14   2.14646263E-14   2.39134885E-23   8.86219656E-15   4.64686883E-14   3.25424773E-14   1.70635600E-13   4.99283783E-15   5.47699776E-17   5.25016585E-05   73339424.0       17044.4277       142.345642      0.174184650       70804.9297      0.232002825       0.00000000       0.00000000       0.00000000       0.00000000       0.00000000       0.00000000    
   0.00000000       0.00000000       0.00000000       4.09571420E-27   3.57677538E-13   2.02341589E-13   1.91350110E-13   9.48476324E-13   2.57104840E-14   2.07869458E-14   8.02971645E-22   3.15208641E-14   2.19444891E-14   2.07869322E-14   2.24373498E-23   8.86153249E-15   4.50015493E-14   3.25400412E-14   1.65248186E-13   4.78784569E-15   5.31364547E-17   5.24943971E-05   73324184.0       17042.7930       137.864609      0.163371861       69532.8828      0.224999741       0.00000000       0.00000000       0.00000000       0.00000000       0.00000000       0.00000000    
   0.00000000       0.00000000       0.00000000       4.09514875E-27   3.57607498E-13   2.02338228E-13   1.85308691E-13   9.48290600E-13   2.57396541E-14   2.01306494E-14   7.53415883E-22   3.15146909E-14   2.19438877E-14   2.01306342E-14   2.10526181E-23   8.86087265E-15   4.35807328E-14   3.25376153E-14   1.60030870E-13   4.59127009E-15   5.15516527E-17   5.24871357E-05   73309056.0       17041.1641       133.524643      0.153232396       68283.6875      0.218208060       0.00000000       0.00000000       0.00000000       0.00000000       0.00000000       0.00000000    
   0.00000000       0.00000000       0.00000000       4.09458330E-27   3.57537947E-13   2.02334745E-13   1.79458025E-13   9.48106177E-13   2.57682652E-14   1.94950715E-14   7.06928070E-22   3.15085618E-14   2.19432762E-14   1.94950579E-14   1.97536135E-23   8.86021535E-15   4.22047786E-14   3.25352030E-14   1.54978284E-13   4.40276545E-15   5.00141159E-17   5.24798779E-05   73294024.0       17039.5430       129.321304      0.143724158       67056.9375      0.211621389       0.00000000       0.00000000       0.00000000       0.00000000       0.00000000       0.00000000    
   0.00000000       0.00000000       0.00000000       4.09401785E-27   3.57468910E-13   2.02331112E-13   1.73792065E-13   9.47923055E-13   2.57963291E-14   1.88795631E-14   6.63317618E-22   3.15024767E-14   2.19426528E-14   1.88795495E-14   1.85350111E-23   8.85956229E-15   4.08722637E-14   3.25328042E-14   1.50085226E-13   4.22200015E-15   4.85224412E-17   5.24726202E-05   73279104.0       17037.9277       125.250290      0.134807736       65852.2266      0.205233544       0.00000000       0.00000000       0.00000000       0.00000000       0.00000000       0.00000000    
   0.00000000       0.00000000       0.00000000       4.09345278E-27   3.57400361E-13   2.02327345E-13   1.68305013E-13   9.47741343E-13   2.58238560E-14   1.82834857E-14   6.22405802E-22   3.14964356E-14   2.19420192E-14   1.82834738E-14   1.73918176E-23   8.85891177E-15   3.95818225E-14   3.25304121E-14   1.45346639E-13   4.04865655E-15   4.70752523E-17   5.24653660E-05   73264280.0       17036.3203       121.307426      0.126446173       64669.1641      0.199038506       0.00000000       0.00000000       0.00000000       0.00000000       0.00000000       0.00000000    
   0.00000000       0.00000000       0.00000000       4.09288771E-27   3.57332274E-13   2.02323455E-13   1.62991189E-13   9.47560715E-13   2.58508543E-14   1.77062293E-14   5.84025106E-22   3.14904353E-14   2.19413754E-14   1.77062175E-14   1.63193501E-23   8.85826379E-15   3.83321237E-14   3.25280371E-14   1.40757685E-13   3.88243015E-15   4.56712290E-17   5.24581155E-05   73249552.0       17034.7188       117.488678      0.118604816       63507.3516      0.193030477       0.00000000       0.00000000       0.00000000       0.00000000       0.00000000       0.00000000    
   0.00000000       0.00000000       0.00000000       4.09232303E-27   3.57264674E-13   2.02319430E-13   1.57845145E-13   9.47381496E-13   2.58773343E-14   1.71471995E-14   5.48018414E-22   3.14844789E-14   2.19407215E-14   1.71471876E-14   1.53132196E-23   8.85761919E-15   3.71218796E-14   3.25256688E-14   1.36313595E-13   3.72302871E-15   4.43090809E-17   5.24508650E-05   73234920.0       17033.1230       113.790154      0.111251198       62366.4141      0.187203810       0.00000000       0.00000000       0.00000000       0.00000000       0.00000000       0.00000000    
   0.00000000       0.00000000       0.00000000       4.09175796E-27   3.57197534E-13   2.02315283E-13   1.52861569E-13   9.47203470E-13   2.59033043E-14   1.66058184E-14   5.14238355E-22   3.14785599E-14   2.19400575E-14   1.66058065E-14   1.43693065E-23   8.85697799E-15   3.59498469E-14   3.25233140E-14   1.32009841E-13   3.57017187E-15   4.29875607E-17   5.24436145E-05   73220392.0       17031.5352       110.208054      0.104354881       61245.9766      0.181553021       0.00000000       0.00000000       0.00000000       0.00000000       0.00000000       0.00000000    
   0.00000000       0.00000000       0.00000000       4.09119328E-27   3.57130829E-13   2.02311001E-13   1.48035352E-13   9.47026637E-13   2.59287763E-14   1.60815321E-14   4.82546847E-22   3.14726848E-14   2.19393849E-14   1.60815202E-14   1.34837533E-23   8.85633933E-15   3.48148193E-14   3.25209694E-14   1.27841951E-13   3.42359071E-15   4.17054539E-17   5.24363677E-05   73205952.0       17029.9531       106.738724       9.78873372E-02   60145.6680      0.176072806       0.00000000       0.00000000       0.00000000       0.00000000       0.00000000       0.00000000    
   0.00000000       0.00000000       0.00000000       4.09062898E-27   3.57064584E-13   2.02306610E-13   1.43361492E-13   9.46850996E-13   2.59537570E-14   1.55737968E-14   4.52814238E-22   3.14668471E-14   2.19387022E-14   1.55737849E-14   1.26529400E-23   8.85570405E-15   3.37156281E-14   3.25186350E-14   1.23805656E-13   3.28302792E-15   4.04615860E-17   5.24291208E-05   73191600.0       17028.3789       103.378601       9.18218195E-02   59065.1250      0.170758009       0.00000000       0.00000000       0.00000000       0.00000000       0.00000000       0.00000000    
   0.00000000       0.00000000       0.00000000       4.09006468E-27   3.56998800E-13   2.02302097E-13   1.38835219E-13   9.46676439E-13   2.59782565E-14   1.50820942E-14   4.24919157E-22   3.14610466E-14   2.19380110E-14   1.50820823E-14   1.18734697E-23   8.85507132E-15   3.26511414E-14   3.25163107E-14   1.19896809E-13   3.14823618E-15   3.92548155E-17   5.24218776E-05   73177344.0       17026.8086       100.124260       8.61332491E-02   58004.0000      0.165603638       0.00000000       0.00000000       0.00000000       0.00000000       0.00000000       0.00000000    
   0.00000000       0.00000000       0.00000000       4.08950038E-27   3.56933423E-13   2.02297462E-13   1.34451844E-13   9.46503076E-13   2.60022852E-14   1.46059143E-14   3.98747604E-22   3.14552868E-14   2.19373097E-14   1.46059024E-14   1.11421609E-23   8.85444113E-15   3.16202651E-14   3.25140000E-14   1.16111358E-13   3.01897874E-15   3.80840406E-17   5.24146344E-05   73163176.0       17025.2461       96.9723587       8.07981417E-02   56961.9336      0.160604864       0.00000000       0.00000000       0.00000000       0.00000000       0.00000000       0.00000000    
   0.00000000       0.00000000       0.00000000       4.08893609E-27   3.56868479E-13   2.02292705E-13   1.30206867E-13   9.46330904E-13   2.60258479E-14   1.41447692E-14   3.74192750E-22   3.14495608E-14   2.19365999E-14   1.41447582E-14   1.04560279E-23   8.85381348E-15   3.06219351E-14   3.25116961E-14   1.12445440E-13   2.89502838E-15   3.69481827E-17   5.24073948E-05   73149096.0       17023.6875       93.9196854       7.57944509E-02   55938.5938      0.155756980       0.00000000       0.00000000       0.00000000       0.00000000       0.00000000       0.00000000    
   0.00000000       0.00000000       0.00000000       4.08837217E-27   3.56803942E-13   2.02287839E-13   1.26095911E-13   9.46159709E-13   2.60489550E-14   1.36981838E-14   3.51154452E-22   3.14438756E-14   2.19358816E-14   1.36981736E-14   9.81227082E-24   8.85318921E-15   2.96551249E-14   3.25094023E-14   1.08895260E-13   2.77616679E-15   3.58462027E-17   5.24001553E-05   73135096.0       17022.1348       90.9631119       7.11015314E-02   54933.6367      0.151055425       0.00000000       0.00000000       0.00000000       0.00000000       0.00000000       0.00000000    
   0.00000000       0.00000000       0.00000000       4.08780826E-27   3.56739811E-13   2.02282865E-13   1.22114748E-13   9.45989706E-13   2.60716165E-14   1.32656981E-14   3.29538704E-22   3.14382241E-14   2.19351531E-14   1.32656879E-14   9.20826448E-24   8.85256749E-15   2.87188384E-14   3.25071187E-14   1.05457167E-13   2.66218559E-15   3.47770883E-17   5.23929157E-05   73121184.0       17020.5898       88.0996017       6.67000189E-02   53946.7344      0.146495789       0.00000000       0.00000000       0.00000000       0.00000000       0.00000000       0.00000000    
   0.00000000       0.00000000       0.00000000       4.08724474E-27   3.56676060E-13   2.02277783E-13   1.18259284E-13   9.45820679E-13   2.60938376E-14   1.28468674E-14   3.09257406E-22   3.14326066E-14   2.19344179E-14   1.28468581E-14   8.64154602E-24   8.85194746E-15   2.78121151E-14   3.25048419E-14   1.02127623E-13   2.55288403E-15   3.37398634E-17   5.23856797E-05   73107352.0       17019.0488       85.3262405       6.25717640E-02   52977.5625      0.142073795       0.00000000       0.00000000       0.00000000       0.00000000       0.00000000       0.00000000    
   0.00000000       0.00000000       0.00000000       4.08668082E-27   3.56612743E-13   2.02272579E-13   1.14525549E-13   9.45652736E-13   2.61156284E-14   1.24412606E-14   2.90227910E-22   3.14270264E-14   2.19336742E-14   1.24412513E-14   8.10980723E-24   8.85133082E-15   2.69340180E-14   3.25025786E-14   9.89032058E-14   2.44807006E-15   3.27335717E-17   5.23784474E-05   73093600.0       17017.5137       82.6401901       5.86997420E-02   52025.8008      0.137785271       0.00000000       0.00000000       0.00000000       0.00000000       0.00000000       0.00000000    
   0.00000000       0.00000000       0.00000000       4.08611768E-27   3.56549778E-13   2.02267280E-13   1.10909701E-13   9.45485769E-13   2.61369956E-14   1.20484601E-14   2.72372744E-22   3.14214766E-14   2.19329221E-14   1.20484508E-14   7.61088189E-24   8.85071672E-15   2.60836461E-14   3.25003221E-14   9.57805883E-14   2.34755944E-15   3.17572934E-17   5.23712151E-05   73079928.0       17015.9824       80.0386887       5.50680123E-02   51091.1406      0.133626208       0.00000000       0.00000000       0.00000000       0.00000000       0.00000000       0.00000000    
   0.00000000       0.00000000       0.00000000       4.08555415E-27   3.56487219E-13   2.02261873E-13   1.10894672E-13   9.45319886E-13   2.61579478E-14   1.20468261E-14   2.55619156E-22   3.14159641E-14   2.19321614E-14   1.20468177E-14   7.14273870E-24   8.85010432E-15   2.60801089E-14   3.24980758E-14   9.57676050E-14   2.25117556E-15   3.08101352E-17   5.23639828E-05   73066336.0       17014.4590       80.0354996       5.16616069E-02   50173.2734      0.129592687       0.00000000       0.00000000       0.00000000       0.00000000       0.00000000       0.00000000    
   0.00000000       0.00000000       0.00000000       4.08499217E-27   3.56425095E-13   2.02256397E-13   1.10879642E-13   9.45155087E-13   2.61784934E-14   1.20451948E-14   2.39899089E-22   3.14104889E-14   2.19313957E-14   1.20451854E-14   6.70347413E-24   8.84949615E-15   2.60765767E-14   3.24958397E-14   9.57546352E-14   2.15874944E-15   2.98912302E-17   5.23567687E-05   73052840.0       17012.9414       80.0323181       4.84665222E-02   49271.9062      0.125680938       0.00000000       0.00000000       0.00000000       0.00000000       0.00000000       0.00000000    
   0.00000000       0.00000000       0.00000000       4.08443018E-27   3.56363349E-13   2.02250814E-13   1.10864626E-13   9.44991372E-13   2.61986410E-14   1.20435625E-14   2.25148501E-22   3.14050476E-14   2.19306232E-14   1.20435532E-14   6.29130022E-24   8.84888967E-15   2.60730429E-14   3.24936136E-14   9.57416587E-14   2.07011824E-15   2.89997314E-17   5.23495546E-05   73039416.0       17011.4297       80.0291290       4.54695933E-02   48386.7305      0.121887274       0.00000000       0.00000000       0.00000000       0.00000000       0.00000000       0.00000000    
   0.00000000       0.00000000       0.00000000       4.08386820E-27   3.56301956E-13   2.02245135E-13   1.10849603E-13   9.44828634E-13   2.62183938E-14   1.20419311E-14   2.11307425E-22   3.13996367E-14   2.19298422E-14   1.20419218E-14   5.90454065E-24   8.84828574E-15   2.60695108E-14   3.24913944E-14   9.57286889E-14   1.98512569E-15   2.81348214E-17   5.23423405E-05   73026072.0       17009.9238       80.0259476       4.26584929E-02   47517.4609      0.118208125       0.00000000       0.00000000       0.00000000       0.00000000       0.00000000       0.00000000    
   0.00000000       0.00000000       0.00000000       4.08330621E-27   3.56240916E-13   2.02239348E-13   1.10834586E-13   9.44666762E-13   2.62377620E-14   1.20402998E-14   1.98319606E-22   3.13942564E-14   2.19290528E-14   1.20402904E-14   5.54162322E-24   8.84768350E-15   2.60659804E-14   3.24891854E-14   9.57157259E-14   1.90362269E-15   2.72957095E-17   5.23351300E-05   73012792.0       17008.4199       80.0227661       4.00216654E-02   46663.8047      0.114640020       0.00000000       0.00000000       0.00000000       0.00000000       0.00000000       0.00000000    
   0.00000000       0.00000000       0.00000000       4.08274461E-27   3.56180200E-13   2.02233480E-13   1.10819577E-13   9.44505758E-13   2.62567508E-14   1.20386692E-14   1.86132299E-22   3.13889099E-14   2.19282566E-14   1.20386599E-14   5.20107473E-24   8.84708380E-15   2.60624499E-14   3.24869831E-14   9.57027562E-14   1.82546612E-15   2.64816215E-17   5.23279195E-05   72999584.0       17006.9238       80.0195847       3.75482738E-02   45825.4844      0.111179627       0.00000000       0.00000000       0.00000000       0.00000000       0.00000000       0.00000000    
   0.00000000       0.00000000       0.00000000       4.08218301E-27   3.56119837E-13   2.02227517E-13   1.10804568E-13   9.44345622E-13   2.62753669E-14   1.20370387E-14   1.74696012E-22   3.13835871E-14   2.19274536E-14   1.20370294E-14   4.88151191E-24   8.84648664E-15   2.60589195E-14   3.24847910E-14   9.56897932E-14   1.75051821E-15   2.56918146E-17   5.23207091E-05   72986448.0       17005.4297       80.0164032       3.52281630E-02   45002.2266      0.107823677       0.00000000       0.00000000       0.00000000       0.00000000       0.00000000       0.00000000    
   0.00000000       0.00000000       0.00000000       4.08162141E-27   3.56059800E-13   2.02221445E-13   1.10789558E-13   9.44186461E-13   2.62936188E-14   1.20354081E-14   1.63964335E-22   3.13782983E-14   2.19266439E-14   1.20353988E-14   4.58163748E-24   8.84589118E-15   2.60553891E-14   3.24826022E-14   9.56768370E-14   1.67864757E-15   2.49255624E-17   5.23135022E-05   72973384.0       17003.9414       80.0132217       3.30518000E-02   44193.7578      0.104569033       0.00000000       0.00000000       0.00000000       0.00000000       0.00000000       0.00000000    
   0.00000000       0.00000000       0.00000000       4.08105980E-27   3.56000087E-13   2.02215306E-13   1.10774555E-13   9.44028167E-13   2.63115115E-14   1.20337784E-14   1.53893712E-22   3.13730365E-14   2.19258256E-14   1.20337691E-14   4.30023541E-24   8.84529825E-15   2.60518603E-14   3.24804237E-14   9.56638807E-14   1.60972757E-15   2.41821636E-17   5.23062954E-05   72960376.0       17002.4570       80.0100327       3.10102552E-02   43399.8125      0.101412632       0.00000000       0.00000000       0.00000000       0.00000000       0.00000000       0.00000000    
   0.00000000       0.00000000       0.00000000       4.08049820E-27   3.55940700E-13   2.02209058E-13   1.10759553E-13   9.43870633E-13   2.63290519E-14   1.20321488E-14   1.44443310E-22   3.13678018E-14   2.19250023E-14   1.20321394E-14   4.03616383E-24   8.84470702E-15   2.60483333E-14   3.24782552E-14   9.56509245E-14   1.54363729E-15   2.34609382E-17   5.22990886E-05   72947440.0       17000.9785       80.0068512       2.90951543E-02   42620.1328       9.83515009E-02   0.00000000       0.00000000       0.00000000       0.00000000       0.00000000       0.00000000    
   0.00000000       0.00000000       0.00000000       4.07993699E-27   3.55881638E-13   2.02754521E-13   1.10744557E-13   9.43713965E-13   2.64181428E-14   1.20305191E-14   1.35574822E-22   3.13625943E-14   2.19839981E-14   1.20305097E-14   3.78835264E-24   8.86825200E-15   2.60448062E-14   3.25647136E-14   9.56379683E-14   1.48026048E-15   2.27612212E-17   5.22918817E-05   72934568.0       17050.8691       80.0036697       2.72986405E-02   41854.4570       9.53827724E-02   0.00000000       0.00000000       0.00000000       0.00000000       0.00000000       0.00000000    
   0.00000000       0.00000000       0.00000000       4.07937577E-27   3.55822847E-13   2.02748056E-13   1.10729561E-13   9.43558166E-13   2.64350411E-14   1.20288902E-14   1.27252326E-22   3.13574172E-14   2.19831545E-14   1.20288809E-14   3.55579802E-24   8.86766162E-15   2.60412792E-14   3.25625452E-14   9.56250189E-14   1.41948566E-15   2.20823739E-17   5.22846785E-05   72921760.0       17049.3906       80.0004883       2.56133527E-02   41102.5391       9.25036520E-02   0.00000000       0.00000000       0.00000000       0.00000000       0.00000000       0.00000000    
   0.00000000       0.00000000       0.00000000       4.07881417E-27   3.55764382E-13   2.02741510E-13   1.10714565E-13   9.43403125E-13   2.64516040E-14   1.20272614E-14   1.19442086E-22   3.13522639E-14   2.19823041E-14   1.20272521E-14   3.33755729E-24   8.86707293E-15   2.60377521E-14   3.25603836E-14   9.56120694E-14   1.36120619E-15   2.14237727E-17   5.22774753E-05   72909016.0       17047.9160       79.9973068       2.40323842E-02   40364.1289       8.97114351E-02   0.00000000       0.00000000       0.00000000       0.00000000       0.00000000       0.00000000    
   0.00000000       0.00000000       0.00000000       4.07825334E-27   3.55706214E-13   2.02734883E-13   1.10699576E-13   9.43248843E-13   2.64678382E-14   1.20256334E-14   1.12112495E-22   3.13471376E-14   2.19814486E-14   1.20256241E-14   3.13274730E-24   8.86648593E-15   2.60342268E-14   3.25582287E-14   9.55991268E-14   1.30531938E-15   2.07848154E-17   5.22702721E-05   72896328.0       17046.4453       79.9941254       2.25492567E-02   39638.9844       8.70035067E-02   0.00000000       0.00000000       0.00000000       0.00000000       0.00000000       0.00000000    
   0.00000000       0.00000000       0.00000000       4.07769212E-27   3.55648345E-13   2.02728161E-13   1.10684587E-13   9.43095320E-13   2.64837523E-14   1.20240054E-14   1.05233893E-22   3.13420385E-14   2.19805846E-14   1.20239952E-14   2.94053917E-24   8.86590148E-15   2.60307031E-14   3.25560806E-14   9.55861841E-14   1.25172708E-15   2.01649130E-17   5.22630689E-05   72883704.0       17044.9785       79.9909439       2.11579017E-02   38926.8672       8.43773186E-02   0.00000000       0.00000000       0.00000000       0.00000000       0.00000000       0.00000000    
   0.00000000       0.00000000       0.00000000       4.07713129E-27   3.55590747E-13   2.02721371E-13   1.10669605E-13   9.42942664E-13   2.64993495E-14   1.20223774E-14   9.87784426E-23   3.13369631E-14   2.19797155E-14   1.20223681E-14   2.76015528E-24   8.86531872E-15   2.60271795E-14   3.25539427E-14   9.55732414E-14   1.20033515E-15   1.95634998E-17   5.22558694E-05   72871136.0       17043.5156       79.9877625       1.98526233E-02   38227.5430       8.18303972E-02   0.00000000       0.00000000       0.00000000       0.00000000       0.00000000       0.00000000    
   0.00000000       0.00000000       0.00000000       4.07657008E-27   3.55533447E-13   2.02714500E-13   1.10654622E-13   9.42790659E-13   2.65146368E-14   1.20207502E-14   9.27200476E-23   3.13319113E-14   2.19788414E-14   1.20207401E-14   2.59086632E-24   8.86473766E-15   2.60236558E-14   3.25518082E-14   9.55603055E-14   1.15105319E-15   1.89800231E-17   5.22486698E-05   72858632.0       17042.0566       79.9845810       1.86280794E-02   37540.7812       7.93603510E-02   0.00000000       0.00000000       0.00000000       0.00000000       0.00000000       0.00000000    
   0.00000000       0.00000000       0.00000000       4.07600925E-27   3.55476391E-13   2.02707561E-13   1.10639640E-13   9.42639413E-13   2.65296174E-14   1.20191222E-14   8.70342096E-23   3.13268834E-14   2.19779605E-14   1.20191129E-14   2.43198757E-24   8.86415829E-15   2.60201322E-14   3.25496805E-14   9.55473697E-14   1.10379468E-15   1.84139487E-17   5.22414703E-05   72846176.0       17040.6016       79.9813995       1.74792670E-02   36866.3594       7.69648701E-02   0.00000000       0.00000000       0.00000000       0.00000000       0.00000000       0.00000000    
   0.00000000       0.00000000       0.00000000       4.07544880E-27   3.55419633E-13   2.02700541E-13   1.10624665E-13   9.42488925E-13   2.65443016E-14   1.20174959E-14   8.16979631E-23   3.13218825E-14   2.19770728E-14   1.20174858E-14   2.28287728E-24   8.86358061E-15   2.60166102E-14   3.25475595E-14   9.55344338E-14   1.05847641E-15   1.78647587E-17   5.22342743E-05   72833784.0       17039.1504       79.9782181       1.64014846E-02   36204.0508       7.46416897E-02   0.00000000       0.00000000       0.00000000       0.00000000       0.00000000       0.00000000    
   0.00000000       0.00000000       0.00000000       4.07488797E-27   3.55363146E-13   2.02693439E-13   1.10609696E-13   9.42339089E-13   2.65586910E-14   1.20158688E-14   7.66897503E-23   3.13169019E-14   2.19761800E-14   1.20158595E-14   2.14293335E-24   8.86300463E-15   2.60130882E-14   3.25454419E-14   9.55215047E-14   1.01501864E-15   1.73319468E-17   5.22270748E-05   72821440.0       17037.7012       79.9750366       1.53903328E-02   35553.6445       7.23886415E-02   0.00000000       0.00000000       0.00000000       0.00000000       0.00000000       0.00000000    
   0.00000000       0.00000000       0.00000000       4.07432752E-27   3.55306903E-13   2.02686270E-13   1.10594720E-13   9.42189902E-13   2.65727907E-14   1.20142425E-14   7.19893447E-23   3.13119485E-14   2.19752822E-14   1.20142332E-14   2.01159058E-24   8.86243034E-15   2.60095680E-14   3.25433345E-14   9.55085755E-14   9.73345253E-16   1.68150251E-17   5.22198825E-05   72809152.0       17036.2578       79.9718552       1.44416783E-02   34914.9180       7.02035949E-02   0.00000000       0.00000000       0.00000000       0.00000000       0.00000000       0.00000000    
   0.00000000       0.00000000       0.00000000       4.07376669E-27   3.55250931E-13   2.02679033E-13   1.10579751E-13   9.42041475E-13   2.65866092E-14   1.20126170E-14   6.75777884E-23   3.13070154E-14   2.19743792E-14   1.20126069E-14   1.88831883E-24   8.86185775E-15   2.60060477E-14   3.25412305E-14   9.54956532E-14   9.33382768E-16   1.63135220E-17   5.22126866E-05   72796920.0       17034.8164       79.9686737       1.35516487E-02   34287.6680       6.80845082E-02   0.00000000       0.00000000       0.00000000       0.00000000       0.00000000       0.00000000    
   0.00000000       0.00000000       0.00000000       4.07320625E-27   3.55195203E-13   2.02671728E-13   1.10564789E-13   9.41893698E-13   2.66001498E-14   1.20109916E-14   6.34372657E-23   3.13021026E-14   2.19734695E-14   1.20109814E-14   1.77262074E-24   8.86128685E-15   2.60025291E-14   3.25391366E-14   9.54827241E-14   8.95061092E-16   1.58269761E-17   5.22054943E-05   72784736.0       17033.3789       79.9654922       1.27166118E-02   33671.6875       6.60293847E-02   0.00000000       0.00000000       0.00000000       0.00000000       0.00000000       0.00000000    
   0.00000000       0.00000000       0.00000000       4.07264619E-27   3.55139719E-13   2.02664356E-13   1.10549827E-13   9.41746572E-13   2.66134161E-14   1.20093661E-14   5.95510971E-23   3.12972135E-14   2.19725547E-14   1.20093559E-14   1.66402990E-24   8.86071679E-15   2.59990105E-14   3.25370427E-14   9.54698085E-14   8.58312726E-16   1.53549405E-17   5.21982984E-05   72772608.0       17031.9453       79.9623108       1.19331591E-02   33066.7734       6.40362948E-02   0.00000000       0.00000000       0.00000000       0.00000000       0.00000000       0.00000000    
   0.00000000       0.00000000       0.00000000       4.07208574E-27   3.55084479E-13   2.02656915E-13   1.10534865E-13   9.41600097E-13   2.66264163E-14   1.20077407E-14   5.59036062E-23   3.12923447E-14   2.19716365E-14   1.20077313E-14   1.56210838E-24   8.86014928E-15   2.59954920E-14   3.25349590E-14   9.54568862E-14   8.23073138E-16   1.48969835E-17   5.21911097E-05   72760520.0       17030.5156       79.9591293       1.11980969E-02   32472.7266       6.21033683E-02   0.00000000       0.00000000       0.00000000       0.00000000       0.00000000       0.00000000    
   0.00000000       0.00000000       0.00000000       4.07152568E-27   3.55029482E-13   2.02649394E-13   1.10519910E-13   9.41454271E-13   2.66391523E-14   1.20061160E-14   5.24800919E-23   3.12874997E-14   2.19707116E-14   1.20061067E-14   1.46644549E-24   8.85958262E-15   2.59919751E-14   3.25328787E-14   9.54439707E-14   7.89280388E-16   1.44526850E-17   5.21839174E-05   72748488.0       17029.0879       79.9559479       1.05084283E-02   31889.3516       6.02287836E-02   0.00000000       0.00000000       0.00000000       0.00000000       0.00000000       0.00000000    
   0.00000000       0.00000000       0.00000000       4.07096523E-27   3.54974730E-13   2.02641818E-13   1.10504955E-13   9.41309097E-13   2.66516291E-14   1.20044914E-14   4.92667680E-23   3.12826716E-14   2.19697815E-14   1.20044821E-14   1.37665596E-24   8.85901765E-15   2.59884582E-14   3.25308052E-14   9.54310551E-14   7.56875025E-16   1.40216378E-17   5.21767288E-05   72736504.0       17027.6641       79.9527664       9.86134168E-03   31316.4570       5.84107824E-02   0.00000000       0.00000000       0.00000000       0.00000000       0.00000000       0.00000000    
   0.00000000       0.00000000       0.00000000       4.07040517E-27   3.54920195E-13   2.02634188E-13   1.10490007E-13   9.41164464E-13   2.66638535E-14   1.20028677E-14   4.62506940E-23   3.12778673E-14   2.19688464E-14   1.20028575E-14   1.29237820E-24   8.85845437E-15   2.59849413E-14   3.25287350E-14   9.54181463E-14   7.25800139E-16   1.36034459E-17   5.21695401E-05   72724568.0       17026.2441       79.9495850       9.25420132E-03   30753.8535       5.66476621E-02   0.00000000       0.00000000       0.00000000       0.00000000       0.00000000       0.00000000    
   0.00000000       0.00000000       0.00000000       4.06984550E-27   3.54865876E-13   2.02626490E-13   1.10475058E-13   9.41020482E-13   2.66758288E-14   1.20012439E-14   4.34197309E-23   3.12730832E-14   2.19679079E-14   1.20012337E-14   1.21327281E-24   8.85789279E-15   2.59814261E-14   3.25266717E-14   9.54052375E-14   6.96001096E-16   1.31977262E-17   5.21623515E-05   72712680.0       17024.8262       79.9464035       8.68453458E-03   30201.3594       5.49377576E-02   0.00000000       0.00000000       0.00000000       0.00000000       0.00000000       0.00000000    
   0.00000000       0.00000000       0.00000000       4.06928544E-27   3.54811802E-13   2.02618724E-13   1.10460117E-13   9.40877042E-13   2.66875602E-14   1.19996201E-14   4.07624845E-23   3.12683161E-14   2.19669626E-14   1.19996100E-14   1.13902167E-24   8.85733205E-15   2.59779110E-14   3.25246151E-14   9.53923287E-14   6.67425540E-16   1.28041074E-17   5.21551628E-05   72700840.0       17023.4121       79.9432297       8.15002248E-03   29658.7891       5.32794669E-02   0.00000000       0.00000000       0.00000000       0.00000000       0.00000000       0.00000000    
   0.00000000       0.00000000       0.00000000       4.06872576E-27   3.54757944E-13   2.02610904E-13   1.10445168E-13   9.40734253E-13   2.66990511E-14   1.19979972E-14   3.82682673E-23   3.12635693E-14   2.19660139E-14   1.19979871E-14   1.06932610E-24   8.85677301E-15   2.59743975E-14   3.25225618E-14   9.53794267E-14   6.40023177E-16   1.24222287E-17   5.21479778E-05   72689040.0       17022.0000       79.9400482       7.64849037E-03   29125.9668       5.16712330E-02   0.00000000       0.00000000       0.00000000       0.00000000       0.00000000       0.00000000    
   0.00000000       0.00000000       0.00000000       4.06816570E-27   3.54704303E-13   2.02603017E-13   1.10430233E-13   9.40592005E-13   2.67103065E-14   1.19963743E-14   3.59270543E-23   3.12588395E-14   2.19650602E-14   1.19963642E-14   1.00390577E-24   8.85621481E-15   2.59708840E-14   3.25205120E-14   9.53665247E-14   6.13745833E-16   1.20517386E-17   5.21407928E-05   72677288.0       17020.5918       79.9368668       7.17789773E-03   28602.7148       5.01115397E-02   0.00000000       0.00000000       0.00000000       0.00000000       0.00000000       0.00000000    
   0.00000000       0.00000000       0.00000000       4.06760603E-27   3.54650852E-13   2.02595075E-13   1.10415298E-13   9.40450300E-13   2.67213314E-14   1.19947514E-14   3.37294299E-23   3.12541334E-14   2.19641030E-14   1.19947412E-14   9.42497877E-25   8.85565831E-15   2.59673705E-14   3.25184690E-14   9.53536227E-14   5.88547397E-16   1.16922989E-17   5.21336115E-05   72665576.0       17019.1855       79.9336853       6.73633069E-03   28088.8652       4.85989302E-02   0.00000000       0.00000000       0.00000000       0.00000000       0.00000000       0.00000000    
   0.00000000       0.00000000       0.00000000       4.06704635E-27   3.54597618E-13   2.02587079E-13   1.10400363E-13   9.40309137E-13   2.67321277E-14   1.19931293E-14   3.16665681E-23   3.12494408E-14   2.19631408E-14   1.19931192E-14   0.00000000       8.85510351E-15   2.59638587E-14   3.25164293E-14   9.53407275E-14   5.64383506E-16   1.13435794E-17   5.21264265E-05   72653904.0       17017.7832       79.9305038       6.32199505E-03   27584.2461       4.71319743E-02   0.00000000       0.00000000       0.00000000       0.00000000       0.00000000       0.00000000    
   0.00000000       0.00000000       0.00000000       4.06648706E-27   3.54544600E-13   2.02579029E-13   1.10385429E-13   9.40168516E-13   2.67427021E-14   1.19915073E-14   2.97301827E-23   3.12447686E-14   2.19621735E-14   1.19914971E-14   0.00000000       8.85454955E-15   2.59603469E-14   3.25143964E-14   9.53278323E-14   5.41211702E-16   1.10052600E-17   5.21192451E-05   72642280.0       17016.3828       79.9273224       5.93320653E-03   27088.6934       4.57093008E-02   0.00000000       0.00000000       0.00000000       0.00000000       0.00000000       0.00000000    
   0.00000000       0.00000000       0.00000000       4.06592739E-27   3.54491772E-13   2.02570924E-13   1.10370500E-13   9.40028437E-13   2.67530579E-14   1.19898852E-14   2.79124989E-23   3.12401133E-14   2.19612028E-14   1.19898759E-14   0.00000000       8.85399728E-15   2.59568368E-14   3.25123670E-14   9.53149438E-14   5.18991275E-16   1.06770315E-17   5.21120637E-05   72630696.0       17014.9844       79.9241486       5.56838652E-03   26602.0430       4.43295725E-02   0.00000000       0.00000000       0.00000000       0.00000000       0.00000000       0.00000000    
   0.00000000       0.00000000       0.00000000       4.06536810E-27   3.54439134E-13   2.02562766E-13   1.10355579E-13   9.39888900E-13   2.67631986E-14   1.19882640E-14   2.62062212E-23   3.12354750E-14   2.19602287E-14   1.19882538E-14   0.00000000       8.85344586E-15   2.59533267E-14   3.25103442E-14   9.53020486E-14   4.97683155E-16   1.03585917E-17   5.21048860E-05   72619152.0       17013.5898       79.9209671       5.22605283E-03   26124.1348       4.29914892E-02   0.00000000       0.00000000       0.00000000       0.00000000       0.00000000       0.00000000    
   0.00000000       0.00000000       0.00000000       4.06480881E-27   3.54386713E-13   2.02554553E-13   1.10340651E-13   9.39749797E-13   2.67731275E-14   1.19866428E-14   2.46045038E-23   3.12308535E-14   2.19592495E-14   1.19866326E-14   0.00000000       8.85289614E-15   2.59498166E-14   3.25083249E-14   9.52891669E-14   4.77249862E-16   1.00496489E-17   5.20977082E-05   72607648.0       17012.1973       79.9177856       4.90481639E-03   25654.8125       4.16937955E-02   0.00000000       0.00000000       0.00000000       0.00000000       0.00000000       0.00000000    
   0.00000000       0.00000000       0.00000000       4.06424952E-27   3.54334455E-13   2.02546286E-13   1.10325736E-13   9.39611236E-13   2.67828498E-14   1.19850224E-14   2.31009239E-23   3.12262491E-14   2.19582653E-14   1.19850122E-14   0.00000000       8.85234726E-15   2.59463082E-14   3.25063090E-14   9.52762785E-14   4.57655501E-16   9.74992080E-18   5.20905269E-05   72596176.0       17010.8086       79.9146042       4.60337382E-03   25193.9219       4.04352732E-02   0.00000000       0.00000000       0.00000000       0.00000000       0.00000000       0.00000000    
   0.00000000       0.00000000       0.00000000       4.06369061E-27   3.54282386E-13   2.02537965E-13   1.10310815E-13   9.39473217E-13   2.67923687E-14   1.19834012E-14   2.16894513E-23   3.12216615E-14   2.19572793E-14   1.19833918E-14   0.00000000       8.85179923E-15   2.59427997E-14   3.25042964E-14   9.52633968E-14   4.38865637E-16   9.45913208E-18   5.20833528E-05   72584752.0       17009.4219       79.9114227       4.32050182E-03   24741.3105       3.92147377E-02   0.00000000       0.00000000       0.00000000       0.00000000       0.00000000       0.00000000    
   0.00000000       0.00000000       0.00000000       4.06313132E-27   3.54230507E-13   2.02529603E-13   1.10295901E-13   9.39335632E-13   2.68016878E-14   1.19817816E-14   2.03644316E-23   3.12170876E-14   2.19562883E-14   1.19817715E-14   0.00000000       8.85125289E-15   2.59392913E-14   3.25022907E-14   9.52505151E-14   4.20847208E-16   9.17701634E-18   5.20761751E-05   72573360.0       17008.0371       79.9082489       4.05505439E-03   24296.8320       3.80310453E-02   0.00000000       0.00000000       0.00000000       0.00000000       0.00000000       0.00000000    
   0.00000000       0.00000000       0.00000000       4.06257242E-27   3.54178817E-13   2.02521187E-13   1.10280993E-13   9.39198480E-13   2.68108103E-14   1.19801613E-14   1.91205542E-23   3.12125339E-14   2.19552922E-14   1.19801519E-14   0.00000000       8.85070741E-15   2.59357846E-14   3.25002883E-14   9.52376402E-14   4.03568557E-16   8.90331386E-18   5.20690010E-05   72562008.0       17006.6562       79.9050674       3.80595447E-03   23860.3379       3.68830822E-02   0.00000000       0.00000000       0.00000000       0.00000000       0.00000000       0.00000000    
   0.00000000       0.00000000       0.00000000       4.06201351E-27   3.54127291E-13   2.02512716E-13   1.10266078E-13   9.39061871E-13   2.68197397E-14   1.19785417E-14   1.79528381E-23   3.12079938E-14   2.19542944E-14   1.19785324E-14   0.00000000       8.85016276E-15   2.59322796E-14   3.24982893E-14   9.52247653E-14   3.86999322E-16   8.63777482E-18   5.20618269E-05   72550696.0       17005.2754       79.9018860       3.57219367E-03   23431.6836       3.57697681E-02   0.00000000       0.00000000       0.00000000       0.00000000       0.00000000       0.00000000    
   0.00000000       0.00000000       0.00000000       4.06145461E-27   3.54075954E-13   2.02504205E-13   1.10251177E-13   9.38925695E-13   2.68284811E-14   1.19769231E-14   1.68566086E-23   3.12034673E-14   2.19532915E-14   1.19769129E-14   0.00000000       8.84961981E-15   2.59287729E-14   3.24962937E-14   9.52118904E-14   3.71110360E-16   8.38015603E-18   5.20546528E-05   72539416.0       17003.8984       79.8987045       3.35282460E-03   23010.7324       3.46900634E-02   0.00000000       0.00000000       0.00000000       0.00000000       0.00000000       0.00000000    
   0.00000000       0.00000000       0.00000000       4.06089609E-27   3.54024752E-13   2.02495654E-13   1.10236269E-13   9.38790061E-13   2.68370378E-14   1.19753035E-14   1.58274780E-23   3.11989577E-14   2.19522869E-14   1.19752934E-14   0.00000000       8.84907771E-15   2.59252679E-14   3.24943048E-14   9.51990223E-14   3.55873746E-16   8.13022010E-18   5.20474823E-05   72528168.0       17002.5254       79.8955307       3.14695900E-03   22597.3418       3.36429477E-02   0.00000000       0.00000000       0.00000000       0.00000000       0.00000000       0.00000000    
   0.00000000       0.00000000       0.00000000       4.06033718E-27   3.53973741E-13   2.02487048E-13   1.10221368E-13   9.38654753E-13   2.68454099E-14   1.19736848E-14   1.48613301E-23   3.11944616E-14   2.19512773E-14   1.19736747E-14   0.00000000       8.84853646E-15   2.59217645E-14   3.24923194E-14   9.51861542E-14   3.41262719E-16   7.88773790E-18   5.20403119E-05   72516960.0       17001.1523       79.8923492       2.95376382E-03   22191.3789       3.26274373E-02   0.00000000       0.00000000       0.00000000       0.00000000       0.00000000       0.00000000    
   0.00000000       0.00000000       0.00000000       4.05977866E-27   3.53922919E-13   2.02478401E-13   1.10206474E-13   9.38519878E-13   2.68536058E-14   1.19720670E-14   1.39542978E-23   3.11899791E-14   2.19502642E-14   1.19720569E-14   0.00000000       8.84799690E-15   2.59182612E-14   3.24903339E-14   9.51732860E-14   3.27251550E-16   7.65248856E-18   5.20331414E-05   72505776.0       16999.7812       79.8891678       2.77245720E-03   21792.7090       3.16425823E-02   0.00000000       0.00000000       0.00000000       0.00000000       0.00000000       0.00000000    
   0.00000000       0.00000000       0.00000000       4.05922014E-27   3.53872232E-13   2.02469701E-13   1.10191580E-13   9.38385545E-13   2.68616238E-14   1.19704483E-14   1.31027588E-23   3.11855136E-14   2.19492478E-14   1.19704390E-14   0.00000000       8.84745819E-15   2.59147579E-14   3.24883553E-14   9.51604247E-14   3.13815648E-16   7.42425536E-18   5.20259709E-05   72494640.0       16998.4141       79.8859940       2.60230596E-03   21401.2012       3.06874551E-02   0.00000000       0.00000000       0.00000000       0.00000000       0.00000000       0.00000000    
   0.00000000       0.00000000       0.00000000       4.05866162E-27   3.53821681E-13   2.02460973E-13   1.10176686E-13   9.38251538E-13   2.68694707E-14   1.19688305E-14   1.23033066E-23   3.11810616E-14   2.19482279E-14   1.19688212E-14   0.00000000       8.84692032E-15   2.59112545E-14   3.24863800E-14   9.51475633E-14   3.00931377E-16   7.20282821E-18   5.20188041E-05   72483528.0       16997.0488       79.8828125       2.44262163E-03   21016.7266       2.97611579E-02   0.00000000       0.00000000       0.00000000       0.00000000       0.00000000       0.00000000    
   0.00000000       0.00000000       0.00000000       4.05810349E-27   3.53771320E-13   2.02452191E-13   1.10161798E-13   9.38117964E-13   2.68771482E-14   1.19672135E-14   1.15527488E-23   3.11766231E-14   2.19472064E-14   1.19672034E-14   0.00000000       8.84638330E-15   2.59077529E-14   3.24844081E-14   9.51347088E-14   2.88576078E-16   6.98800610E-18   5.20116373E-05   72472448.0       16995.6855       79.8796310       2.29275902E-03   20639.1602       2.88628191E-02   0.00000000       0.00000000       0.00000000       0.00000000       0.00000000       0.00000000    
   0.00000000       0.00000000       0.00000000       4.05754497E-27   3.53721094E-13   2.02443368E-13   1.10146911E-13   9.37984824E-13   2.68846580E-14   1.19655965E-14   1.08480870E-23   3.11721948E-14   2.19461798E-14   1.19655864E-14   0.00000000       8.84584713E-15   2.59042530E-14   3.24824396E-14   9.51218542E-14   2.76728073E-16   6.77959050E-18   5.20044705E-05   72461400.0       16994.3242       79.8764572       2.15211255E-03   20268.3750       2.79915985E-02   0.00000000       0.00000000       0.00000000       0.00000000       0.00000000       0.00000000    
   0.00000000       0.00000000       0.00000000       4.05698684E-27   3.53671031E-13   2.02434518E-13   1.10132030E-13   9.37852010E-13   2.68920069E-14   1.19639795E-14   1.01865080E-23   3.11677835E-14   2.19451515E-14   1.19639694E-14   0.00000000       8.84531181E-15   2.59007530E-14   3.24804779E-14   9.51089996E-14   2.65366502E-16   6.57739116E-18   5.19973073E-05   72450384.0       16992.9629       79.8732758       2.02011410E-03   19904.2520       2.71466747E-02   0.00000000       0.00000000       0.00000000       0.00000000       0.00000000       0.00000000    
   0.00000000       0.00000000       0.00000000       4.05642870E-27   3.53621131E-13   2.02425614E-13   1.10117150E-13   9.37719629E-13   2.68991931E-14   1.19623626E-14   9.56537156E-24   3.11633857E-14   2.19441181E-14   1.19623532E-14   0.00000000       8.84477817E-15   2.58972531E-14   3.24785161E-14   9.50961450E-14   2.54471408E-16   6.38122238E-18   5.19901441E-05   72439400.0       16991.6074       79.8700943       1.89623074E-03   19546.6719       2.63272561E-02   0.00000000       0.00000000       0.00000000       0.00000000       0.00000000       0.00000000    
   0.00000000       0.00000000       0.00000000       4.05587057E-27   3.53571339E-13   2.02416670E-13   1.10102269E-13   9.37587681E-13   2.69062235E-14   1.19607464E-14   8.98219904E-24   3.11589980E-14   2.19430831E-14   1.19607363E-14   0.00000000       8.84424454E-15   2.58937532E-14   3.24765578E-14   9.50832972E-14   2.49992589E-16   6.19090384E-18   5.19829809E-05   72428440.0       16990.2520       79.8669205       1.77996210E-03   19195.5137       2.55325697E-02   0.00000000       0.00000000       0.00000000       0.00000000       0.00000000       0.00000000    
   0.00000000       0.00000000       0.00000000       4.05531282E-27   3.53521710E-13   2.02407698E-13   1.10087395E-13   9.37456059E-13   2.69130997E-14   1.19591303E-14   8.43466409E-24   3.11546240E-14   2.19420446E-14   1.19591210E-14   0.00000000       8.84371261E-15   2.58902549E-14   3.24746028E-14   9.50704495E-14   2.45592624E-16   6.00626183E-18   5.19758178E-05   72417520.0       16988.8984       79.8637390       1.67083903E-03   18850.6641       2.47618724E-02   0.00000000       0.00000000       0.00000000       0.00000000       0.00000000       0.00000000    
   0.00000000       0.00000000       0.00000000       4.05475468E-27   3.53472216E-13   2.02398685E-13   1.10072521E-13   9.37324762E-13   2.69198235E-14   1.19575150E-14   7.92058474E-24   3.11502634E-14   2.19410044E-14   1.19575048E-14   0.00000000       8.84318152E-15   2.58867584E-14   3.24726513E-14   9.50576084E-14   2.41270109E-16   5.82712676E-18   5.19686582E-05   72406616.0       16987.5469       79.8605652       1.56842149E-03   18512.0117       2.40144376E-02   0.00000000       0.00000000       0.00000000       0.00000000       0.00000000       0.00000000    
   0.00000000       0.00000000       0.00000000       4.05419693E-27   3.53422857E-13   2.02389632E-13   1.10057654E-13   9.37193899E-13   2.69263981E-14   1.19558997E-14   7.43791073E-24   3.11459131E-14   2.19399592E-14   1.19558895E-14   0.00000000       8.84265043E-15   2.58832601E-14   3.24707031E-14   9.50447674E-14   2.37023668E-16   5.65333405E-18   5.19614950E-05   72395752.0       16986.1973       79.8573837       1.47229643E-03   18179.4414       2.32895650E-02   0.00000000       0.00000000       0.00000000       0.00000000       0.00000000       0.00000000    
   0.00000000       0.00000000       0.00000000       4.05363918E-27   3.53373662E-13   2.02380539E-13   1.10042787E-13   9.37063469E-13   2.69328254E-14   1.19542844E-14   6.98471882E-24   3.11415763E-14   2.19389140E-14   1.19542751E-14   0.00000000       8.84212103E-15   2.58797636E-14   3.24687583E-14   9.50319264E-14   2.32851951E-16   5.48472486E-18   5.19543391E-05   72384912.0       16984.8496       79.8542023       1.38207618E-03   17852.8457       2.25865711E-02   0.00000000       0.00000000       0.00000000       0.00000000       0.00000000       0.00000000    
   0.00000000       0.00000000       0.00000000       4.05308143E-27   3.53324574E-13   2.02371418E-13   1.10027920E-13   9.36933257E-13   2.69391121E-14   1.19526700E-14   6.55920488E-24   3.11372496E-14   2.19378636E-14   1.19526598E-14   0.00000000       8.84159248E-15   2.58762687E-14   3.24668169E-14   9.50190921E-14   2.28753662E-16   5.32114452E-18   5.19471796E-05   72374096.0       16983.5039       79.8510284       1.29739731E-03   17532.1191       2.19047982E-02   0.00000000       0.00000000       0.00000000       0.00000000       0.00000000       0.00000000    
   0.00000000       0.00000000       0.00000000       4.05252407E-27   3.53275596E-13   2.02362256E-13   1.10013059E-13   9.36803478E-13   2.69452548E-14   1.19510555E-14   6.15967365E-24   3.11329365E-14   2.19368116E-14   1.19510454E-14   0.00000000       8.84106478E-15   2.58727738E-14   3.24648789E-14   9.50062579E-14   2.24727529E-16   5.16244289E-18   5.19400237E-05   72363312.0       16982.1582       79.8478470       1.21791859E-03   17217.1523       2.12436039E-02   0.00000000       0.00000000       0.00000000       0.00000000       0.00000000       0.00000000    
   0.00000000       0.00000000       0.00000000       4.05196632E-27   3.53226779E-13   2.02353054E-13   1.09998199E-13   9.36674024E-13   2.69512602E-14   1.19494411E-14   5.78453479E-24   3.11286336E-14   2.19357562E-14   1.19494318E-14   0.00000000       8.84053708E-15   2.58692790E-14   3.24629443E-14   9.49934237E-14   2.20772229E-16   5.00847438E-18   5.19328678E-05   72352552.0       16980.8164       79.8446732       1.14331988E-03   16907.8457       2.06023678E-02   0.00000000       0.00000000       0.00000000       0.00000000       0.00000000       0.00000000    
   0.00000000       0.00000000       0.00000000       4.05140896E-27   3.53178072E-13   2.02343825E-13   1.09983345E-13   9.36544787E-13   2.69571302E-14   1.19478275E-14   5.43229617E-24   3.11243408E-14   2.19346991E-14   1.19478173E-14   0.00000000       8.84001107E-15   2.58657858E-14   3.24610097E-14   9.49805962E-14   2.16886558E-16   4.85909797E-18   5.19257119E-05   72341816.0       16979.4766       79.8414917       1.07330084E-03   16604.0938       1.99804883E-02   0.00000000       0.00000000       0.00000000       0.00000000       0.00000000       0.00000000    
   0.00000000       0.00000000       0.00000000       4.05085159E-27   3.53129499E-13   2.02334568E-13   1.09968492E-13   9.36415984E-13   2.69628663E-14   1.19462139E-14   5.10155559E-24   3.11200616E-14   2.19336386E-14   1.19462037E-14   0.00000000       8.83948507E-15   2.58622927E-14   3.24590818E-14   9.49677687E-14   2.13069272E-16   4.71417676E-18   5.19185560E-05   72331104.0       16978.1367       79.8383179       1.00757973E-03   16305.7998       1.93773787E-02   0.00000000       0.00000000       0.00000000       0.00000000       0.00000000       0.00000000    
   0.00000000       0.00000000       0.00000000       4.05029423E-27   3.53081063E-13   2.02325271E-13   1.09953645E-13   9.36287506E-13   2.69684719E-14   1.19446011E-14   4.79099880E-24   3.11157926E-14   2.19325765E-14   1.19445910E-14   0.00000000       8.83896075E-15   2.58587995E-14   3.24571540E-14   9.49549480E-14   2.09319166E-16   4.57357756E-18   5.19114037E-05   72320424.0       16976.8008       79.8351364       9.45892127E-04   16012.8652       1.87924746E-02   0.00000000       0.00000000       0.00000000       0.00000000       0.00000000       0.00000000    
   0.00000000       0.00000000       0.00000000       4.04973686E-27   3.53032707E-13   2.02315947E-13   1.09938798E-13   9.36159353E-13   2.69739489E-14   1.19429884E-14   4.49939045E-24   3.11115303E-14   2.19315109E-14   1.19429782E-14   0.00000000       8.83843644E-15   2.58553080E-14   3.24552295E-14   9.49421206E-14   2.05635062E-16   4.43717175E-18   5.19042514E-05   72309768.0       16975.4648       79.8319626       8.87989823E-04   15725.1924       1.82252266E-02   0.00000000       0.00000000       0.00000000       0.00000000       0.00000000       0.00000000    
   0.00000000       0.00000000       0.00000000       4.04917989E-27   3.52984487E-13   2.02306582E-13   1.09923951E-13   9.36031526E-13   2.69792987E-14   1.19413756E-14   4.22557209E-24   3.11072816E-14   2.19304436E-14   1.19413655E-14   0.00000000       8.83791297E-15   2.58518166E-14   3.24533084E-14   9.49293067E-14   2.02015809E-16   4.30483444E-18   5.18970992E-05   72299136.0       16974.1309       79.8287811       8.33639991E-04   15442.6885       1.76750999E-02   0.00000000       0.00000000       0.00000000       0.00000000       0.00000000       0.00000000    
   0.00000000       0.00000000       0.00000000       4.04862291E-27   3.52936403E-13   2.02297191E-13   1.09909111E-13   9.35903915E-13   2.69845249E-14   1.19397629E-14   3.96845550E-24   3.11030430E-14   2.19293730E-14   1.19397527E-14   0.00000000       8.83739035E-15   2.58483268E-14   3.24513874E-14   9.49164860E-14   1.98460256E-16   4.17644360E-18   5.18899506E-05   72288520.0       16972.7988       79.8256073       7.82624236E-04   15165.2588       1.71415787E-02   0.00000000       0.00000000       0.00000000       0.00000000       0.00000000       0.00000000    
   0.00000000       0.00000000       0.00000000       4.04806593E-27   3.52888400E-13   2.02287771E-13   1.09894271E-13   9.35776738E-13   2.69896308E-14   1.19381510E-14   3.72701989E-24   3.10988147E-14   2.19283006E-14   1.19381408E-14   0.00000000       8.83686858E-15   2.58448370E-14   3.24494731E-14   9.49036721E-14   1.94967278E-16   4.05188261E-18   5.18828019E-05   72277936.0       16971.4668       79.8224258       7.34737550E-04   14892.8145       1.66241620E-02   0.00000000       0.00000000       0.00000000       0.00000000       0.00000000       0.00000000    
   0.00000000       0.00000000       0.00000000       4.04750895E-27   3.52840532E-13   2.02278325E-13   1.09879431E-13   9.35649778E-13   2.69946148E-14   1.19365391E-14   3.50030639E-24   3.10945964E-14   2.19272266E-14   1.19365289E-14   0.00000000       8.83634766E-15   2.58413472E-14   3.24475588E-14   9.48908581E-14   1.91535775E-16   3.93103607E-18   5.18756533E-05   72267368.0       16970.1387       79.8192520       6.89787499E-04   14625.2637       1.61223635E-02   0.00000000       0.00000000       0.00000000       0.00000000       0.00000000       0.00000000    
   0.00000000       0.00000000       0.00000000       4.04695197E-27   3.52792773E-13   2.02268852E-13   1.09864598E-13   9.35523035E-13   2.69994835E-14   1.19349280E-14   3.28741532E-24   3.10903850E-14   2.19261492E-14   1.19349178E-14   0.00000000       8.83582758E-15   2.58378591E-14   3.24456479E-14   9.48780510E-14   1.88164677E-16   3.81379397E-18   5.18685047E-05   72256832.0       16968.8105       79.8160782       6.47593639E-04   14362.5195       1.56357121E-02   0.00000000       0.00000000       0.00000000       0.00000000       0.00000000       0.00000000    
   0.00000000       0.00000000       0.00000000       4.04639538E-27   3.52745123E-13   2.02259338E-13   1.09849772E-13   9.35396725E-13   2.70042354E-14   1.19333170E-14   3.08750179E-24   3.10861871E-14   2.19250701E-14   1.19333068E-14   0.00000000       8.83530750E-15   2.58343711E-14   3.24437403E-14   9.48652439E-14   1.84852910E-16   3.70004878E-18   5.18613597E-05   72246312.0       16967.4844       79.8128967       6.07986585E-04   14104.4951       1.51637485E-02   0.00000000       0.00000000       0.00000000       0.00000000       0.00000000       0.00000000    
   0.00000000       0.00000000       0.00000000       4.04583878E-27   3.52697553E-13   2.02249811E-13   1.09834938E-13   9.35270633E-13   2.70088754E-14   1.19317059E-14   2.89977321E-24   3.10819960E-14   2.19239892E-14   1.19316957E-14   0.00000000       8.83478827E-15   2.58308830E-14   3.24418328E-14   9.48524367E-14   1.81599430E-16   3.58969544E-18   5.18542147E-05   72235816.0       16966.1602       79.8097229       5.70807373E-04   13851.1074       1.47060324E-02   0.00000000       0.00000000       0.00000000       0.00000000       0.00000000       0.00000000    
   0.00000000       0.00000000       0.00000000       4.04528219E-27   3.52650119E-13   2.02240243E-13   1.09820119E-13   9.35144757E-13   2.70134037E-14   1.19300957E-14   2.72348489E-24   3.10778150E-14   2.19229050E-14   1.19300855E-14   0.00000000       8.83426988E-15   2.58273966E-14   3.24399287E-14   9.48396364E-14   1.78403204E-16   3.48263387E-18   5.18470697E-05   72225344.0       16964.8359       79.8065414       5.35906758E-04   13602.2705       1.42621323E-02   0.00000000       0.00000000       0.00000000       0.00000000       0.00000000       0.00000000    
   0.00000000       0.00000000       0.00000000       4.04472559E-27   3.52602767E-13   2.02230648E-13   1.09805292E-13   9.35019206E-13   2.70178218E-14   1.19284855E-14   2.55793809E-24   3.10736408E-14   2.19218208E-14   1.19284753E-14   0.00000000       8.83375235E-15   2.58239119E-14   3.24380280E-14   9.48268360E-14   1.75263240E-16   3.37876521E-18   5.18399283E-05   72214888.0       16963.5137       79.8033676       5.03144867E-04   13357.9053       1.38316322E-02   0.00000000       0.00000000       0.00000000       0.00000000       0.00000000       0.00000000    
   0.00000000       0.00000000       0.00000000       4.04416900E-27   3.52555523E-13   2.02221039E-13   1.09790473E-13   9.34893981E-13   2.70221332E-14   1.19268753E-14   2.40247687E-24   3.10694768E-14   2.19207333E-14   1.19268651E-14   0.00000000       8.83323481E-15   2.58204255E-14   3.24361272E-14   9.48140356E-14   1.72178544E-16   3.27799455E-18   5.18327834E-05   72204456.0       16962.1934       79.8001938       4.72390326E-04   13117.9287       1.34141259E-02   0.00000000       0.00000000       0.00000000       0.00000000       0.00000000       0.00000000    
   0.00000000       0.00000000       0.00000000       4.04361279E-27   3.52508360E-13   2.02211389E-13   1.09775660E-13   9.34768864E-13   2.70263412E-14   1.19252659E-14   2.25648534E-24   3.10653230E-14   2.19196440E-14   1.19252557E-14   0.00000000       8.83271897E-15   2.58169408E-14   3.24342333E-14   9.48012421E-14   1.69148125E-16   3.18022925E-18   5.18256420E-05   72194040.0       16960.8750       79.7970123       4.43519821E-04   12882.2646       1.30092213E-02   0.00000000       0.00000000       0.00000000       0.00000000       0.00000000       0.00000000    
   0.00000000       0.00000000       0.00000000       4.04305620E-27   3.52461306E-13   2.02201726E-13   1.09760840E-13   9.34644181E-13   2.70304443E-14   1.19236565E-14   2.11938526E-24   3.10611759E-14   2.19185513E-14   1.19236464E-14   0.00000000       8.83220228E-15   2.58134578E-14   3.24323393E-14   9.47884485E-14   1.66171056E-16   3.08537976E-18   5.18185043E-05   72183648.0       16959.5566       79.7938385       4.16417693E-04   12650.8340       1.26165394E-02   0.00000000       0.00000000       0.00000000       0.00000000       0.00000000       0.00000000    
   0.00000000       0.00000000       0.00000000       4.04249999E-27   3.52414360E-13   2.02192036E-13   1.09746034E-13   9.34519606E-13   2.70344473E-14   1.19220480E-14   1.99063389E-24   3.10570390E-14   2.19174586E-14   1.19220379E-14   0.00000000       8.83168728E-15   2.58099748E-14   3.24304453E-14   9.47756549E-14   1.63246384E-16   2.99335901E-18   5.18113629E-05   72173272.0       16958.2402       79.7906647       3.90975358E-04   12423.5605       1.22357104E-02   0.00000000       0.00000000       0.00000000       0.00000000       0.00000000       0.00000000    
   0.00000000       0.00000000       0.00000000       4.04194417E-27   3.52367495E-13   2.02182319E-13   1.09731221E-13   9.34395356E-13   2.70383488E-14   1.19204387E-14   1.86972183E-24   3.10529089E-14   2.19163626E-14   1.19204285E-14   0.00000000       8.83117228E-15   2.58064918E-14   3.24285547E-14   9.47628681E-14   1.60373182E-16   2.90408286E-18   5.18042252E-05   72162920.0       16956.9258       79.7874832       3.67090979E-04   12200.3701       1.18663767E-02   0.00000000       0.00000000       0.00000000       0.00000000       0.00000000       0.00000000    
   0.00000000       0.00000000       0.00000000       4.04138796E-27   3.52320739E-13   2.02172575E-13   1.09716415E-13   9.34271323E-13   2.70421536E-14   1.19188301E-14   1.75617043E-24   3.10487855E-14   2.19152665E-14   1.19188208E-14   0.00000000       8.83065814E-15   2.58030088E-14   3.24266676E-14   9.47500813E-14   1.57550550E-16   2.81746940E-18   5.17970875E-05   72152584.0       16955.6113       79.7843094       3.44668922E-04   11981.1895       1.15081919E-02   0.00000000       0.00000000       0.00000000       0.00000000       0.00000000       0.00000000    
   0.00000000       0.00000000       0.00000000       4.04083175E-27   3.52274064E-13   2.02162804E-13   1.09701615E-13   9.34147616E-13   2.70458636E-14   1.19172225E-14   1.64953054E-24   3.10446723E-14   2.19141671E-14   1.19172123E-14   0.00000000       8.83014483E-15   2.57995275E-14   3.24247804E-14   9.47372945E-14   1.54777603E-16   2.73343901E-18   5.17899498E-05   72142272.0       16954.2988       79.7811356       3.23619432E-04   11765.9463       1.11608179E-02   0.00000000       0.00000000       0.00000000       0.00000000       0.00000000       0.00000000    
   0.00000000       0.00000000       0.00000000       4.04027593E-27   3.52227470E-13   2.02153019E-13   1.09686816E-13   9.34024017E-13   2.70494771E-14   1.19156148E-14   1.54938080E-24   3.10405659E-14   2.19130659E-14   1.19156046E-14   0.00000000       8.82963153E-15   2.57960479E-14   3.24228966E-14   9.47245144E-14   1.52053465E-16   2.65191499E-18   5.17828157E-05   72131976.0       16952.9863       79.7779541       3.03858338E-04   11554.5703       1.08239297E-02   0.00000000       0.00000000       0.00000000       0.00000000       0.00000000       0.00000000    
   0.00000000       0.00000000       0.00000000       4.03972010E-27   3.52180958E-13   2.02143207E-13   1.09672017E-13   9.33900743E-13   2.70530007E-14   1.19140071E-14   1.45532511E-24   3.10364696E-14   2.19119631E-14   1.19139970E-14   0.00000000       8.82911992E-15   2.57925666E-14   3.24210161E-14   9.47117344E-14   1.49377265E-16   2.57282225E-18   5.17756816E-05   72121696.0       16951.6777       79.7747803       2.85306567E-04   11346.9912       1.04972105E-02   0.00000000       0.00000000       0.00000000       0.00000000       0.00000000       0.00000000    
   0.00000000       0.00000000       0.00000000       4.03916428E-27   3.52134554E-13   2.02133368E-13   1.09657224E-13   9.33777578E-13   2.70564312E-14   1.19124003E-14   1.36699182E-24   3.10323802E-14   2.19108585E-14   1.19123902E-14   0.00000000       8.82860747E-15   2.57890887E-14   3.24191357E-14   9.46989611E-14   1.46748167E-16   2.49608864E-18   5.17685476E-05   72111432.0       16950.3672       79.7716064       2.67889933E-04   11143.1416       1.01803532E-02   0.00000000       0.00000000       0.00000000       0.00000000       0.00000000       0.00000000    
   0.00000000       0.00000000       0.00000000       4.03860884E-27   3.52088205E-13   2.02123515E-13   1.09642432E-13   9.33654738E-13   2.70597736E-14   1.19107935E-14   1.28403205E-24   3.10282975E-14   2.19097540E-14   1.19107833E-14   0.00000000       8.82809586E-15   2.57856091E-14   3.24172587E-14   9.46861879E-14   1.44165338E-16   2.42164341E-18   5.17614171E-05   72101192.0       16949.0605       79.7684250       2.51538877E-04   10942.9541       9.87306051E-03   0.00000000       0.00000000       0.00000000       0.00000000       0.00000000       0.00000000    
   0.00000000       0.00000000       0.00000000       4.03805302E-27   3.52041963E-13   2.02113635E-13   1.09627639E-13   9.33532114E-13   2.70630279E-14   1.19091867E-14   1.20611813E-24   3.10242215E-14   2.19086461E-14   1.19091765E-14   0.00000000       8.82758510E-15   2.57821312E-14   3.24153817E-14   9.46734146E-14   1.41627972E-16   2.34941855E-18   5.17542830E-05   72090960.0       16947.7539       79.7652512       2.36188003E-04   10746.3633       9.57504380E-03   0.00000000       0.00000000       0.00000000       0.00000000       0.00000000       0.00000000    
   0.00000000       0.00000000       0.00000000       4.03749758E-27   3.51995803E-13   2.02103742E-13   1.09612853E-13   9.33409708E-13   2.70661975E-14   1.19075799E-14   1.13294251E-24   3.10201524E-14   2.19075365E-14   1.19075697E-14   0.00000000       8.82707519E-15   2.57786532E-14   3.24135080E-14   9.46606481E-14   1.39135273E-16   2.27934767E-18   5.17471526E-05   72080752.0       16946.4473       79.7620773       2.21776019E-04   10553.3037       9.28602181E-03   0.00000000       0.00000000       0.00000000       0.00000000       0.00000000       0.00000000    
   0.00000000       0.00000000       0.00000000       4.03694214E-27   3.51949725E-13   2.02093821E-13   1.09598074E-13   9.33287518E-13   2.70692807E-14   1.19059739E-14   1.06421635E-24   3.10160900E-14   2.19064252E-14   1.19059637E-14   0.00000000       8.82656527E-15   2.57751770E-14   3.24116378E-14   9.46478749E-14   1.36686435E-16   2.21136687E-18   5.17400258E-05   72070560.0       16945.1426       79.7589035       2.08245387E-04   10363.7129       9.00572445E-03   0.00000000       0.00000000       0.00000000       0.00000000       0.00000000       0.00000000    
   0.00000000       0.00000000       0.00000000       4.03638670E-27   3.51903700E-13   2.02083874E-13   1.09583288E-13   9.33165546E-13   2.70722826E-14   1.19043688E-14   9.99668501E-25   3.10120344E-14   2.19053139E-14   1.19043586E-14   0.00000000       8.82605621E-15   2.57717008E-14   3.24097676E-14   9.46351152E-14   1.34280702E-16   2.14541348E-18   5.17328954E-05   72060384.0       16943.8398       79.7557297       1.95542059E-04   10177.5283       8.73388723E-03   0.00000000       0.00000000       0.00000000       0.00000000       0.00000000       0.00000000    
   0.00000000       0.00000000       0.00000000       4.03583127E-27   3.51857784E-13   2.02073913E-13   1.09568509E-13   9.33043681E-13   2.70752032E-14   1.19027636E-14   9.39044244E-25   3.10079890E-14   2.19041992E-14   1.19027526E-14   0.00000000       8.82554714E-15   2.57682246E-14   3.24078973E-14   9.46223487E-14   1.31917308E-16   2.08142692E-18   5.17257686E-05   72050224.0       16942.5371       79.7525482       1.83615368E-04   9994.68750       8.47025588E-03   0.00000000       0.00000000       0.00000000       0.00000000       0.00000000       0.00000000    
   0.00000000       0.00000000       0.00000000       4.03527621E-27   3.51811923E-13   2.02063938E-13   1.09553737E-13   9.32922142E-13   2.70780424E-14   1.19011585E-14   0.00000000       3.10039470E-14   2.19030845E-14   1.19011483E-14   0.00000000       8.82503892E-15   2.57647500E-14   3.24060304E-14   9.46095890E-14   1.29595512E-16   2.01934909E-18   5.17186418E-05   72040080.0       16941.2363       79.7493744       0.00000000       9815.13281       8.21458176E-03   0.00000000       0.00000000       0.00000000       0.00000000       0.00000000       0.00000000    
   0.00000000       0.00000000       0.00000000       4.03472116E-27   3.51766142E-13   2.02053936E-13   1.09538965E-13   9.32800712E-13   2.70808038E-14   1.18995534E-14   0.00000000       3.09999117E-14   2.19019664E-14   1.18995432E-14   0.00000000       8.82453070E-15   2.57612755E-14   3.24041670E-14   9.45968361E-14   1.27314584E-16   1.95912248E-18   5.17115150E-05   72029952.0       16939.9355       79.7462006       0.00000000       9638.80273       7.96662550E-03   0.00000000       0.00000000       0.00000000       0.00000000       0.00000000       0.00000000    
   0.00000000       0.00000000       0.00000000       4.03416611E-27   3.51720443E-13   2.02043921E-13   1.09524193E-13   9.32679498E-13   2.70834889E-14   1.18979491E-14   0.00000000       3.09958866E-14   2.19008483E-14   1.18979389E-14   0.00000000       8.82402333E-15   2.57578027E-14   3.24023035E-14   9.45840764E-14   1.25073798E-16   1.90069210E-18   5.17043918E-05   72019832.0       16938.6367       79.7430267       0.00000000       9465.64062       7.72615382E-03   0.00000000       0.00000000       0.00000000       0.00000000       0.00000000       0.00000000    
   0.00000000       0.00000000       0.00000000       4.03361105E-27   3.51674825E-13   2.02033878E-13   1.09509427E-13   9.32558501E-13   2.70860977E-14   1.18963448E-14   0.00000000       3.09918649E-14   2.18997285E-14   1.18963346E-14   0.00000000       8.82351680E-15   2.57543298E-14   3.24004400E-14   9.45713234E-14   1.22872452E-16   1.84400458E-18   5.16972686E-05   72009736.0       16937.3398       79.7398529       0.00000000       9295.58984       7.49294087E-03   0.00000000       0.00000000       0.00000000       0.00000000       0.00000000       0.00000000    
   0.00000000       0.00000000       0.00000000       4.03305600E-27   3.51629262E-13   2.02023822E-13   1.09494662E-13   9.32437721E-13   2.70886337E-14   1.18947405E-14   0.00000000       3.09878500E-14   2.18986071E-14   1.18947304E-14   0.00000000       8.82301027E-15   2.57508570E-14   3.23985799E-14   9.45585773E-14   1.20709845E-16   1.78900762E-18   5.16901455E-05   71999648.0       16936.0430       79.7366714       0.00000000       9128.59375       7.26676732E-03   0.00000000       0.00000000       0.00000000       0.00000000       0.00000000       0.00000000    
   0.00000000       0.00000000       0.00000000       4.03250133E-27   3.51583752E-13   2.02013753E-13   1.09479903E-13   9.32317049E-13   2.70910952E-14   1.18931371E-14   0.00000000       3.09838418E-14   2.18974839E-14   1.18931269E-14   0.00000000       8.82250375E-15   2.57473859E-14   3.23967232E-14   9.45458311E-14   1.18585301E-16   1.73565095E-18   5.16830223E-05   71989584.0       16934.7461       79.7334976       0.00000000       8964.59766       7.04742083E-03   0.00000000       0.00000000       0.00000000       0.00000000       0.00000000       0.00000000    
   0.00000000       0.00000000       0.00000000       4.03194628E-27   3.51538351E-13   2.02003656E-13   1.09465144E-13   9.32196594E-13   2.70934855E-14   1.18915337E-14   0.00000000       3.09798370E-14   2.18963607E-14   1.18915235E-14   0.00000000       8.82199807E-15   2.57439147E-14   3.23948665E-14   9.45330850E-14   1.16498159E-16   1.68388558E-18   5.16759028E-05   71979528.0       16933.4512       79.7303238       0.00000000       8803.54785       6.83469512E-03   0.00000000       0.00000000       0.00000000       0.00000000       0.00000000       0.00000000    
   0.00000000       0.00000000       0.00000000       4.03139161E-27   3.51492978E-13   2.01993546E-13   1.09450385E-13   9.32076356E-13   2.70958047E-14   1.18899311E-14   0.00000000       3.09758390E-14   2.18952359E-14   1.18899209E-14   0.00000000       8.82149324E-15   2.57404453E-14   3.23930099E-14   9.45203388E-14   1.14447743E-16   1.63366413E-18   5.16687833E-05   71969488.0       16932.1562       79.7271500       0.00000000       8645.39160       6.62839040E-03   0.00000000       0.00000000       0.00000000       0.00000000       0.00000000       0.00000000    
   0.00000000       0.00000000       0.00000000       4.03083694E-27   3.51447712E-13   2.01983422E-13   1.09435634E-13   9.31956227E-13   2.70980561E-14   1.18883285E-14   0.00000000       3.09718478E-14   2.18941093E-14   1.18883183E-14   0.00000000       8.82098841E-15   2.57369741E-14   3.23911565E-14   9.45075994E-14   1.12433420E-16   1.58494051E-18   5.16616637E-05   71959456.0       16930.8633       79.7239761       0.00000000       8490.07715       6.42831298E-03   0.00000000       0.00000000       0.00000000       0.00000000       0.00000000       0.00000000    
   0.00000000       0.00000000       0.00000000       4.03028266E-27   3.51402474E-13   2.01973285E-13   1.09420882E-13   9.31836314E-13   2.71002398E-14   1.18867259E-14   0.00000000       3.09678634E-14   2.18929811E-14   1.18867157E-14   0.00000000       8.82048358E-15   2.57335064E-14   3.23893066E-14   9.44948601E-14   1.10454552E-16   1.53767003E-18   5.16545479E-05   71949448.0       16929.5703       79.7208023       0.00000000       8337.55176       6.23427518E-03   0.00000000       0.00000000       0.00000000       0.00000000       0.00000000       0.00000000    
   0.00000000       0.00000000       0.00000000       4.02972799E-27   3.51357317E-13   2.01963121E-13   1.09406136E-13   9.31716618E-13   2.71023557E-14   1.18851242E-14   0.00000000       3.09638857E-14   2.18918511E-14   1.18851132E-14   0.00000000       8.81997959E-15   2.57300369E-14   3.23874533E-14   9.44821207E-14   1.08510506E-16   1.49180948E-18   5.16474283E-05   71939448.0       16928.2793       79.7176285       0.00000000       8187.76709       6.04609447E-03   0.00000000       0.00000000       0.00000000       0.00000000       0.00000000       0.00000000    
   0.00000000       0.00000000       0.00000000       4.02917371E-27   3.51312241E-13   2.01952956E-13   1.09391391E-13   9.31597030E-13   2.71044072E-14   1.18835216E-14   0.00000000       3.09599114E-14   2.18907212E-14   1.18835114E-14   0.00000000       8.81947645E-15   2.57265692E-14   3.23856068E-14   9.44693881E-14   1.06600685E-16   1.44731668E-18   5.16403124E-05   71929456.0       16926.9883       79.7144547       0.00000000       8040.67285       5.86359343E-03   0.00000000       0.00000000       0.00000000       0.00000000       0.00000000       0.00000000    
   0.00000000       0.00000000       0.00000000       4.02861943E-27   3.51267192E-13   2.01942765E-13   1.09376646E-13   9.31477660E-13   2.71063943E-14   1.18819207E-14   0.00000000       3.09559439E-14   2.18895895E-14   1.18819105E-14   0.00000000       8.81897332E-15   2.57231031E-14   3.23837569E-14   9.44566623E-14   1.04724467E-16   1.40415077E-18   5.16332002E-05   71919488.0       16925.6992       79.7112808       0.00000000       7896.22168       5.68660162E-03   0.00000000       0.00000000       0.00000000       0.00000000       0.00000000       0.00000000    
   0.00000000       0.00000000       0.00000000       4.02806515E-27   3.51222225E-13   2.01932560E-13   1.09361908E-13   9.31358398E-13   2.71083188E-14   1.18803189E-14   0.00000000       3.09519798E-14   2.18884579E-14   1.18803088E-14   0.00000000       8.81847018E-15   2.57196371E-14   3.23819103E-14   9.44439297E-14   1.02881277E-16   1.36227238E-18   5.16260843E-05   71909520.0       16924.4102       79.7081070       0.00000000       7754.36523       5.51495235E-03   0.00000000       0.00000000       0.00000000       0.00000000       0.00000000       0.00000000    
   0.00000000       0.00000000       0.00000000       4.02751086E-27   3.51177312E-13   2.01922341E-13   1.09347169E-13   9.31239244E-13   2.71101806E-14   1.18787181E-14   0.00000000       3.09480225E-14   2.18873229E-14   1.18787079E-14   0.00000000       8.81796789E-15   2.57161710E-14   3.23800672E-14   9.44312039E-14   1.01070526E-16   1.32164292E-18   5.16189721E-05   71899576.0       16923.1211       79.7049332       0.00000000       7615.05762       5.34848403E-03   0.00000000       0.00000000       0.00000000       0.00000000       0.00000000       0.00000000    
   0.00000000       0.00000000       0.00000000       4.02695697E-27   3.51132453E-13   2.01912095E-13   1.09332438E-13   9.31120307E-13   2.71119830E-14   1.18771180E-14   0.00000000       3.09440685E-14   2.18861879E-14   1.18771078E-14   0.00000000       8.81746560E-15   2.57127049E-14   3.23782240E-14   9.44184780E-14   9.92916505E-17   1.28222528E-18   5.16118598E-05   71889640.0       16921.8340       79.7017593       0.00000000       7478.25244       5.18704066E-03   0.00000000       0.00000000       0.00000000       0.00000000       0.00000000       0.00000000    
   0.00000000       0.00000000       0.00000000       4.02640268E-27   3.51087676E-13   2.01901850E-13   1.09317706E-13   9.31001587E-13   2.71137245E-14   1.18755171E-14   0.00000000       3.09401213E-14   2.18850528E-14   1.18755070E-14   0.00000000       8.81696415E-15   2.57092406E-14   3.23763809E-14   9.44057590E-14   9.75440760E-17   1.24398327E-18   5.16047512E-05   71879712.0       16920.5488       79.6985855       0.00000000       7343.90527       5.03047043E-03   0.00000000       0.00000000       0.00000000       0.00000000       0.00000000       0.00000000    
   0.00000000       0.00000000       0.00000000       4.02584879E-27   3.51042925E-13   2.01891590E-13   1.09302981E-13   9.30882975E-13   2.71154084E-14   1.18739179E-14   0.00000000       3.09361776E-14   2.18839144E-14   1.18739069E-14   0.00000000       8.81646271E-15   2.57057779E-14   3.23745411E-14   9.43930399E-14   9.58272659E-17   1.20688185E-18   5.15976390E-05   71869800.0       16919.2617       79.6954117       0.00000000       7211.97119       4.87862621E-03   0.00000000       0.00000000       0.00000000       0.00000000       0.00000000       0.00000000    
   0.00000000       0.00000000       0.00000000       4.02529527E-27   3.50998256E-13   2.01881304E-13   1.09288250E-13   9.30764472E-13   2.71170331E-14   1.18723179E-14   0.00000000       3.09322405E-14   2.18827760E-14   1.18723077E-14   0.00000000       8.81596211E-15   2.57023135E-14   3.23727014E-14   9.43803209E-14   9.41406645E-17   1.17088687E-18   5.15905303E-05   71859896.0       16917.9785       79.6922379       0.00000000       7082.40771       4.73136501E-03   0.00000000       0.00000000       0.00000000       0.00000000       0.00000000       0.00000000    
   0.00000000       0.00000000       0.00000000       4.02474138E-27   3.50953641E-13   2.01871018E-13   1.09273532E-13   9.30646077E-13   2.71186035E-14   1.18707187E-14   0.00000000       3.09283103E-14   2.18816376E-14   1.18707085E-14   0.00000000       8.81546067E-15   2.56988509E-14   3.23708616E-14   9.43676086E-14   9.24837556E-17   1.13596548E-18   5.15834217E-05   71850008.0       16916.6934       79.6890640       0.00000000       6955.17139       4.58854949E-03   0.00000000       0.00000000       0.00000000       0.00000000       0.00000000       0.00000000    
   0.00000000       0.00000000       0.00000000       4.02418748E-27   3.50909053E-13   2.01860718E-13   1.09258807E-13   9.30527899E-13   2.71201179E-14   1.18691195E-14   0.00000000       3.09243801E-14   2.18804975E-14   1.18691093E-14   0.00000000       8.81496092E-15   2.56953899E-14   3.23690253E-14   9.43548963E-14   9.08560031E-17   1.10208561E-18   5.15763168E-05   71840136.0       16915.4102       79.6858902       0.00000000       6830.22119       4.45004459E-03   0.00000000       0.00000000       0.00000000       0.00000000       0.00000000       0.00000000    
   0.00000000       0.00000000       0.00000000       4.02363397E-27   3.50864547E-13   2.01850391E-13   1.09244089E-13   9.30409829E-13   2.71215765E-14   1.18675203E-14   0.00000000       3.09204566E-14   2.18793557E-14   1.18675101E-14   0.00000000       8.81446117E-15   2.56919289E-14   3.23671889E-14   9.43421841E-14   8.92569041E-17   1.06921624E-18   5.15692082E-05   71830264.0       16914.1270       79.6827164       0.00000000       6707.51611       4.31572041E-03   0.00000000       0.00000000       0.00000000       0.00000000       0.00000000       0.00000000    
   0.00000000       0.00000000       0.00000000       4.02308045E-27   3.50820095E-13   2.01840064E-13   1.09229378E-13   9.30291976E-13   2.71229843E-14   1.18659219E-14   0.00000000       3.09165399E-14   2.18782139E-14   1.18659118E-14   0.00000000       8.81396142E-15   2.56884679E-14   3.23653525E-14   9.43294786E-14   8.76859492E-17   1.03732709E-18   5.15621032E-05   71820408.0       16912.8457       79.6795425       0.00000000       6587.01465       4.18545073E-03   0.00000000       0.00000000       0.00000000       0.00000000       0.00000000       0.00000000    
   0.00000000       0.00000000       0.00000000       4.02252694E-27   3.50775669E-13   2.01829723E-13   1.09214666E-13   9.30174232E-13   2.71243379E-14   1.18643236E-14   0.00000000       3.09126267E-14   2.18770704E-14   1.18643134E-14   0.00000000       8.81346167E-15   2.56850070E-14   3.23635196E-14   9.43167731E-14   8.61426419E-17   1.00638909E-18   5.15550018E-05   71810568.0       16911.5645       79.6763687       0.00000000       6468.67871       4.05911356E-03   0.00000000       0.00000000       0.00000000       0.00000000       0.00000000       0.00000000    
   0.00000000       0.00000000       0.00000000       4.02197343E-27   3.50731325E-13   2.01819355E-13   1.09199955E-13   9.30056596E-13   2.71256406E-14   1.18627261E-14   0.00000000       3.09087167E-14   2.18759252E-14   1.18627159E-14   0.00000000       8.81296277E-15   2.56815477E-14   3.23616866E-14   9.43040676E-14   8.46264993E-17   9.76373803E-19   5.15478969E-05   71800728.0       16910.2852       79.6731949       0.00000000       6352.46826       3.93658970E-03   0.00000000       0.00000000       0.00000000       0.00000000       0.00000000       0.00000000    
   0.00000000       0.00000000       0.00000000       4.02142030E-27   3.50687009E-13   2.01808988E-13   1.09185251E-13   9.29939068E-13   2.71268925E-14   1.18611286E-14   0.00000000       3.09048102E-14   2.18747800E-14   1.18611184E-14   0.00000000       8.81246387E-15   2.56780901E-14   3.23598570E-14   9.42913689E-14   8.31370382E-17   9.47253737E-19   5.15407955E-05   71790904.0       16909.0039       79.6700211       0.00000000       6238.34570       3.81776411E-03   0.00000000       0.00000000       0.00000000       0.00000000       0.00000000       0.00000000    
   0.00000000       0.00000000       0.00000000       4.02086679E-27   3.50642746E-13   2.01798607E-13   1.09170546E-13   9.29821758E-13   2.71280936E-14   1.18595311E-14   0.00000000       3.09009105E-14   2.18736348E-14   1.18595209E-14   0.00000000       8.81196581E-15   2.56746325E-14   3.23580274E-14   9.42786702E-14   8.16737954E-17   9.19002107E-19   5.15336942E-05   71781096.0       16907.7266       79.6668472       0.00000000       6126.27344       3.70252528E-03   0.00000000       0.00000000       0.00000000       0.00000000       0.00000000       0.00000000    
   0.00000000       0.00000000       0.00000000       4.02031366E-27   3.50598538E-13   2.01788225E-13   1.09155842E-13   9.29704447E-13   2.71292473E-14   1.18579336E-14   0.00000000       3.08970141E-14   2.18724880E-14   1.18579234E-14   0.00000000       8.81146776E-15   2.56711749E-14   3.23561978E-14   9.42659782E-14   8.02363077E-17   8.91593167E-19   5.15265929E-05   71771288.0       16906.4473       79.6636734       0.00000000       6016.21436       3.59076494E-03   0.00000000       0.00000000       0.00000000       0.00000000       0.00000000       0.00000000    
   0.00000000       0.00000000       0.00000000       4.01976054E-27   3.50554357E-13   2.01777817E-13   1.09141144E-13   9.29587353E-13   2.71303535E-14   1.18563369E-14   0.00000000       3.08931212E-14   2.18713394E-14   1.18563267E-14   0.00000000       8.81096970E-15   2.56677173E-14   3.23543716E-14   9.42532795E-14   7.88241184E-17   8.65001637E-19   5.15194952E-05   71761496.0       16905.1699       79.6604996       0.00000000       5908.13232       3.48237809E-03   0.00000000       0.00000000       0.00000000       0.00000000       0.00000000       0.00000000    
   0.00000000       0.00000000       0.00000000       4.01920779E-27   3.50510257E-13   2.01767395E-13   1.09126453E-13   9.29470368E-13   2.71314123E-14   1.18547411E-14   0.00000000       3.08892350E-14   2.18701908E-14   1.18547309E-14   0.00000000       8.81047249E-15   2.56642614E-14   3.23525454E-14   9.42405876E-14   7.74367844E-17   8.39203166E-19   5.15123975E-05   71751712.0       16903.8926       79.6573257       0.00000000       5801.99219       3.37726274E-03   0.00000000       0.00000000       0.00000000       0.00000000       0.00000000       0.00000000    
   0.00000000       0.00000000       0.00000000       4.01865467E-27   3.50466184E-13   2.01756973E-13   1.09111755E-13   9.29353491E-13   2.71324236E-14   1.18531444E-14   0.00000000       3.08853522E-14   2.18690405E-14   1.18531343E-14   0.00000000       8.80997528E-15   2.56608055E-14   3.23507192E-14   9.42279024E-14   7.60738620E-17   8.14174180E-19   5.15052998E-05   71741936.0       16902.6172       79.6541595       0.00000000       5697.75928       3.27532040E-03   0.00000000       0.00000000       0.00000000       0.00000000       0.00000000       0.00000000    
   0.00000000       0.00000000       0.00000000       4.01810192E-27   3.50422138E-13   2.01746538E-13   1.09097071E-13   9.29236722E-13   2.71333910E-14   1.18515486E-14   0.00000000       3.08814728E-14   2.18678903E-14   1.18515385E-14   0.00000000       8.80947892E-15   2.56573513E-14   3.23488930E-14   9.42152172E-14   7.47349345E-17   7.89891621E-19   5.14982021E-05   71732176.0       16901.3418       79.6509857       0.00000000       5595.39844       3.17645539E-03   0.00000000       0.00000000       0.00000000       0.00000000       0.00000000       0.00000000    
   0.00000000       0.00000000       0.00000000       4.01754918E-27   3.50378174E-13   2.01736089E-13   1.09082380E-13   9.29120171E-13   2.71343142E-14   1.18499537E-14   0.00000000       3.08775968E-14   2.18667400E-14   1.18499435E-14   0.00000000       8.80898172E-15   2.56538971E-14   3.23470702E-14   9.42025321E-14   7.34195718E-17   7.66333310E-19   5.14911080E-05   71722416.0       16900.0664       79.6478119       0.00000000       5494.87646       3.08057433E-03   0.00000000       0.00000000       0.00000000       0.00000000       0.00000000       0.00000000    
   0.00000000       0.00000000       0.00000000       4.01699644E-27   3.50334236E-13   2.01725626E-13   1.09067696E-13   9.29003619E-13   2.71351934E-14   1.18483579E-14   0.00000000       3.08737241E-14   2.18655880E-14   1.18483477E-14   0.00000000       8.80848535E-15   2.56504429E-14   3.23452474E-14   9.41898537E-14   7.21273569E-17   7.43477638E-19   5.14840140E-05   71712672.0       16898.7910       79.6446381       0.00000000       5396.16064       2.98758759E-03   0.00000000       0.00000000       0.00000000       0.00000000       0.00000000       0.00000000    
   0.00000000       0.00000000       0.00000000       4.01644370E-27   3.50290326E-13   2.01715164E-13   1.09053012E-13   9.28887176E-13   2.71360286E-14   1.18467629E-14   0.00000000       3.08698549E-14   2.18644344E-14   1.18467527E-14   0.00000000       8.80798984E-15   2.56469904E-14   3.23434245E-14   9.41771685E-14   7.08578927E-17   7.21303614E-19   5.14769199E-05   71702936.0       16897.5176       79.6414642       0.00000000       5299.21826       2.89740739E-03   0.00000000       0.00000000       0.00000000       0.00000000       0.00000000       0.00000000    
   0.00000000       0.00000000       0.00000000       4.01589134E-27   3.50246497E-13   2.01704688E-13   1.09038334E-13   9.28770949E-13   2.71368231E-14   1.18451688E-14   0.00000000       3.08659890E-14   2.18632807E-14   1.18451586E-14   0.00000000       8.80749348E-15   2.56435379E-14   3.23416051E-14   9.41644969E-14   6.96107624E-17   6.99790921E-19   5.14698295E-05   71693208.0       16896.2441       79.6382980       0.00000000       5204.01758       2.80994945E-03   0.00000000       0.00000000       0.00000000       0.00000000       0.00000000       0.00000000    
   0.00000000       0.00000000       0.00000000       4.01533860E-27   3.50202669E-13   2.01694198E-13   1.09023657E-13   9.28654723E-13   2.71375753E-14   1.18435738E-14   0.00000000       3.08621299E-14   2.18621270E-14   1.18435636E-14   0.00000000       8.80699796E-15   2.56400871E-14   3.23397857E-14   9.41518185E-14   6.83855888E-17   6.78919861E-19   5.14627391E-05   71683488.0       16894.9727       79.6351242       0.00000000       5110.52686       2.72513158E-03   0.00000000       0.00000000       0.00000000       0.00000000       0.00000000       0.00000000    
   0.00000000       0.00000000       0.00000000       4.01478624E-27   3.50158921E-13   2.01683695E-13   1.09008986E-13   9.28538713E-13   2.71382885E-14   1.18419805E-14   0.00000000       3.08582742E-14   2.18609717E-14   1.18419695E-14   0.00000000       8.80650330E-15   2.56366363E-14   3.23379663E-14   9.41391469E-14   6.71819748E-17   6.58671256E-19   5.14556486E-05   71673776.0       16893.6992       79.6319504       0.00000000       5018.71582       2.64287367E-03   0.00000000       0.00000000       0.00000000       0.00000000       0.00000000       0.00000000    
   0.00000000       0.00000000       0.00000000       4.01423389E-27   3.50115173E-13   2.01673191E-13   1.08994316E-13   9.28422703E-13   2.71389610E-14   1.18403864E-14   0.00000000       3.08544185E-14   2.18598163E-14   1.18403763E-14   0.00000000       8.80600778E-15   2.56331855E-14   3.23361502E-14   9.41264753E-14   6.59995433E-17   6.39026543E-19   5.14485582E-05   71664080.0       16892.4277       79.6287766       0.00000000       4928.55420       2.56309891E-03   0.00000000       0.00000000       0.00000000       0.00000000       0.00000000       0.00000000    
   0.00000000       0.00000000       0.00000000       4.01368153E-27   3.50071480E-13   2.01662675E-13   1.08979645E-13   9.28306911E-13   2.71395929E-14   1.18387932E-14   0.00000000       3.08505696E-14   2.18586593E-14   1.18387830E-14   0.00000000       8.80551312E-15   2.56297364E-14   3.23343308E-14   9.41138104E-14   6.48379303E-17   6.19967733E-19   5.14414678E-05   71654384.0       16891.1582       79.6256027       0.00000000       4840.01221       2.48573208E-03   0.00000000       0.00000000       0.00000000       0.00000000       0.00000000       0.00000000    
   0.00000000       0.00000000       0.00000000       4.01312956E-27   3.50027841E-13   2.01652144E-13   1.08964981E-13   9.28191118E-13   2.71401892E-14   1.18371999E-14   0.00000000       3.08467241E-14   2.18575022E-14   1.18371897E-14   0.00000000       8.80501845E-15   2.56262873E-14   3.23325148E-14   9.41011456E-14   6.36967585E-17   6.01477351E-19   5.14343810E-05   71644696.0       16889.8867       79.6224365       0.00000000       4753.06104       2.41070054E-03   0.00000000       0.00000000       0.00000000       0.00000000       0.00000000       0.00000000    
   0.00000000       0.00000000       0.00000000       4.01257720E-27   3.49984229E-13   2.01641601E-13   1.08950318E-13   9.28075542E-13   2.71407449E-14   1.18356066E-14   0.00000000       3.08428786E-14   2.18563435E-14   1.18355965E-14   0.00000000       8.80452463E-15   2.56228381E-14   3.23307021E-14   9.40884808E-14   6.25756707E-17   5.83538441E-19   5.14272942E-05   71635024.0       16888.6172       79.6192627       0.00000000       4667.67188       2.33793375E-03   0.00000000       0.00000000       0.00000000       0.00000000       0.00000000       0.00000000    
   0.00000000       0.00000000       0.00000000       4.01202523E-27   3.49940671E-13   2.01631057E-13   1.08935661E-13   9.27959966E-13   2.71412650E-14   1.18340142E-14   0.00000000       3.08390398E-14   2.18551865E-14   1.18340040E-14   0.00000000       8.80402996E-15   2.56193907E-14   3.23288861E-14   9.40758227E-14   6.14743161E-17   5.66134560E-19   5.14202111E-05   71625352.0       16887.3477       79.6160889       0.00000000       4583.81689       2.26736348E-03   0.00000000       0.00000000       0.00000000       0.00000000       0.00000000       0.00000000    
   0.00000000       0.00000000       0.00000000       4.01147326E-27   3.49897140E-13   2.01620513E-13   1.08921003E-13   9.27844498E-13   2.71417495E-14   1.18324218E-14   0.00000000       3.08352045E-14   2.18540260E-14   1.18324116E-14   0.00000000       8.80353614E-15   2.56159433E-14   3.23270734E-14   9.40631646E-14   6.03923440E-17   5.49249788E-19   5.14131243E-05   71615688.0       16886.0801       79.6129227       0.00000000       4501.46826       2.19892338E-03   0.00000000       0.00000000       0.00000000       0.00000000       0.00000000       0.00000000    
   0.00000000       0.00000000       0.00000000       4.01092167E-27   3.49853637E-13   2.01609942E-13   1.08906346E-13   9.27729139E-13   2.71421967E-14   1.18308302E-14   0.00000000       3.08313691E-14   2.18528673E-14   1.18308200E-14   0.00000000       8.80304317E-15   2.56124976E-14   3.23252608E-14   9.40505066E-14   5.93294103E-17   5.32868562E-19   5.14060412E-05   71606040.0       16884.8125       79.6097488       0.00000000       4420.59912       2.13254895E-03   0.00000000       0.00000000       0.00000000       0.00000000       0.00000000       0.00000000    
   0.00000000       0.00000000       0.00000000       4.01036970E-27   3.49810160E-13   2.01599384E-13   1.08891696E-13   9.27613888E-13   2.71426101E-14   1.18292386E-14   0.00000000       3.08275405E-14   2.18517068E-14   1.18292285E-14   0.00000000       8.80254935E-15   2.56090518E-14   3.23234481E-14   9.40378553E-14   5.82851908E-17   5.16975889E-19   5.13989580E-05   71596392.0       16883.5449       79.6065750       0.00000000       4341.18262       2.06817826E-03   0.00000000       0.00000000       0.00000000       0.00000000       0.00000000       0.00000000    
   0.00000000       0.00000000       0.00000000       4.00981811E-27   3.49766738E-13   2.01588800E-13   1.08877046E-13   9.27498746E-13   2.71429878E-14   1.18276470E-14   0.00000000       3.08237119E-14   2.18505447E-14   1.18276369E-14   0.00000000       8.80205637E-15   2.56056061E-14   3.23216389E-14   9.40252040E-14   5.72593478E-17   5.01557190E-19   5.13918785E-05   71586752.0       16882.2773       79.6034088       0.00000000       4263.19287       2.00575055E-03   0.00000000       0.00000000       0.00000000       0.00000000       0.00000000       0.00000000    
   0.00000000       0.00000000       0.00000000       4.00926653E-27   3.49723370E-13   2.01578215E-13   1.08862396E-13   9.27383712E-13   2.71433334E-14   1.18260563E-14   0.00000000       3.08198901E-14   2.18493826E-14   1.18260462E-14   0.00000000       8.80156340E-15   2.56021621E-14   3.23198296E-14   9.40125595E-14   5.62515639E-17   4.86598405E-19   5.13847990E-05   71577120.0       16881.0098       79.6002350       0.00000000       4186.60400       1.94520713E-03   0.00000000       0.00000000       0.00000000       0.00000000       0.00000000       0.00000000    
   0.00000000       0.00000000       0.00000000       4.00871494E-27   3.49680002E-13   2.01567617E-13   1.08847752E-13   9.27268787E-13   2.71436451E-14   1.18244656E-14   0.00000000       3.08160683E-14   2.18482205E-14   1.18244546E-14   0.00000000       8.80107043E-15   2.55987180E-14   3.23180203E-14   9.39999082E-14   5.52615147E-17   4.72085727E-19   5.13777159E-05   71567496.0       16879.7441       79.5970612       0.00000000       4111.39160       1.88649131E-03   0.00000000       0.00000000       0.00000000       0.00000000       0.00000000       0.00000000    
   0.00000000       0.00000000       0.00000000       4.00816336E-27   3.49636688E-13   2.01557019E-13   1.08833115E-13   9.27153861E-13   2.71439230E-14   1.18228749E-14   0.00000000       3.08122499E-14   2.18470583E-14   1.18228647E-14   0.00000000       8.80057830E-15   2.55952740E-14   3.23162111E-14   9.39872705E-14   5.42888926E-17   4.58005924E-19   5.13706400E-05   71557880.0       16878.4785       79.5938950       0.00000000       4037.53003       1.82954769E-03   0.00000000       0.00000000       0.00000000       0.00000000       0.00000000       0.00000000    
   0.00000000       0.00000000       0.00000000       4.00761177E-27   3.49593401E-13   2.01546408E-13   1.08818479E-13   9.27039044E-13   2.71441703E-14   1.18212850E-14   0.00000000       3.08084348E-14   2.18458945E-14   1.18212740E-14   0.00000000       8.80008618E-15   2.55918316E-14   3.23144018E-14   9.39746260E-14   5.33333865E-17   4.44346019E-19   5.13635605E-05   71548272.0       16877.2129       79.5907211       0.00000000       3964.99536       1.77432306E-03   0.00000000       0.00000000       0.00000000       0.00000000       0.00000000       0.00000000    
   0.00000000       0.00000000       0.00000000       4.00706057E-27   3.49550141E-13   2.01535796E-13   1.08803842E-13   9.26924336E-13   2.71443854E-14   1.18196951E-14   0.00000000       3.08046232E-14   2.18447307E-14   1.18196841E-14   0.00000000       8.79959405E-15   2.55883910E-14   3.23125959E-14   9.39619883E-14   5.23946986E-17   4.31093500E-19   5.13564846E-05   71538664.0       16875.9492       79.5875473       0.00000000       3893.76392       1.72076526E-03   0.00000000       0.00000000       0.00000000       0.00000000       0.00000000       0.00000000    
   0.00000000       0.00000000       0.00000000       4.00650937E-27   3.49506909E-13   2.01525171E-13   1.08789205E-13   9.26809736E-13   2.71445701E-14   1.18181052E-14   0.00000000       3.08008149E-14   2.18435669E-14   1.18180951E-14   0.00000000       8.79910192E-15   2.55849487E-14   3.23107901E-14   9.39493505E-14   5.14725312E-17   4.18236244E-19   5.13494087E-05   71529072.0       16874.6855       79.5843811       0.00000000       3823.81226       1.66882412E-03   0.00000000       0.00000000       0.00000000       0.00000000       0.00000000       0.00000000    
   0.00000000       0.00000000       0.00000000       4.00595817E-27   3.49463731E-13   2.01514546E-13   1.08774575E-13   9.26695244E-13   2.71447243E-14   1.18165162E-14   0.00000000       3.07970100E-14   2.18424013E-14   1.18165052E-14   0.00000000       8.79861064E-15   2.55815080E-14   3.23089842E-14   9.39367128E-14   5.05665931E-17   4.05762463E-19   5.13423329E-05   71519480.0       16873.4199       79.5812073       0.00000000       3755.11719       1.61845086E-03   0.00000000       0.00000000       0.00000000       0.00000000       0.00000000       0.00000000    
   0.00000000       0.00000000       0.00000000       4.00540696E-27   3.49420579E-13   2.01503907E-13   1.08759952E-13   9.26580752E-13   2.71448496E-14   1.18149272E-14   0.00000000       3.07932052E-14   2.18412358E-14   1.18149161E-14   0.00000000       8.79811852E-15   2.55780674E-14   3.23071817E-14   9.39240818E-14   4.96766030E-17   3.93660708E-19   5.13352607E-05   71509904.0       16872.1582       79.5780411       0.00000000       3687.65601       1.56959810E-03   0.00000000       0.00000000       0.00000000       0.00000000       0.00000000       0.00000000    
   0.00000000       0.00000000       0.00000000       4.00485576E-27   3.49377455E-13   2.01493255E-13   1.08745329E-13   9.26466477E-13   2.71449445E-14   1.18133381E-14   0.00000000       3.07894037E-14   2.18400703E-14   1.18133280E-14   0.00000000       8.79762724E-15   2.55746284E-14   3.23053758E-14   9.39114577E-14   4.88022764E-17   3.81919861E-19   5.13281884E-05   71500328.0       16870.8945       79.5748672       0.00000000       3621.40698       1.52221997E-03   0.00000000       0.00000000       0.00000000       0.00000000       0.00000000       0.00000000    
   0.00000000       0.00000000       0.00000000       4.00430495E-27   3.49334358E-13   2.01482602E-13   1.08730706E-13   9.26352202E-13   2.71450122E-14   1.18117499E-14   0.00000000       3.07856056E-14   2.18389031E-14   1.18117398E-14   0.00000000       8.79713681E-15   2.55711895E-14   3.23035733E-14   9.38988267E-14   4.79433387E-17   3.70529222E-19   5.13211162E-05   71490752.0       16869.6328       79.5716934       0.00000000       3556.34814       1.47627189E-03   0.00000000       0.00000000       0.00000000       0.00000000       0.00000000       0.00000000    
   0.00000000       0.00000000       0.00000000       4.00375413E-27   3.49291288E-13   2.01471950E-13   1.08716082E-13   9.26237928E-13   2.71450512E-14   1.18101617E-14   0.00000000       3.07818109E-14   2.18377359E-14   1.18101516E-14   0.00000000       8.79664553E-15   2.55677522E-14   3.23017709E-14   9.38862025E-14   4.70995152E-17   3.59478270E-19   5.13140440E-05   71481192.0       16868.3711       79.5685272       0.00000000       3492.45801       1.43171079E-03   0.00000000       0.00000000       0.00000000       0.00000000       0.00000000       0.00000000    
   0.00000000       0.00000000       0.00000000       4.00320332E-27   3.49248245E-13   2.01461284E-13   1.08701466E-13   9.26123869E-13   2.71450614E-14   1.18085736E-14   0.00000000       3.07780196E-14   2.18365687E-14   1.18085634E-14   0.00000000       8.79615510E-15   2.55643149E-14   3.22999684E-14   9.38735783E-14   4.62705479E-17   3.48756924E-19   5.13069754E-05   71471632.0       16867.1094       79.5653534       0.00000000       3429.71582       1.38849474E-03   0.00000000       0.00000000       0.00000000       0.00000000       0.00000000       0.00000000    
   0.00000000       0.00000000       0.00000000       4.00265250E-27   3.49205230E-13   2.01450618E-13   1.08686856E-13   9.26009811E-13   2.71450461E-14   1.18069862E-14   0.00000000       3.07742282E-14   2.18354015E-14   1.18069761E-14   0.00000000       8.79566466E-15   2.55608777E-14   3.22981659E-14   9.38609609E-14   4.54561654E-17   3.38355360E-19   5.12999068E-05   71462088.0       16865.8477       79.5621872       0.00000000       3368.10059       1.34658325E-03   0.00000000       0.00000000       0.00000000       0.00000000       0.00000000       0.00000000    
   0.00000000       0.00000000       0.00000000       4.00210168E-27   3.49162268E-13   2.01439939E-13   1.08672240E-13   9.25895862E-13   2.71450038E-14   1.18053989E-14   0.00000000       3.07704403E-14   2.18342326E-14   1.18053887E-14   0.00000000       8.79517423E-15   2.55574421E-14   3.22963668E-14   9.38483435E-14   4.46561196E-17   3.28263989E-19   5.12928382E-05   71452544.0       16864.5879       79.5590134       0.00000000       3307.59253       1.30593672E-03   0.00000000       0.00000000       0.00000000       0.00000000       0.00000000       0.00000000    
   0.00000000       0.00000000       0.00000000       4.00155125E-27   3.49119307E-13   2.01429260E-13   1.08657637E-13   9.25781912E-13   2.71449343E-14   1.18038124E-14   0.00000000       3.07666558E-14   2.18330637E-14   1.18038014E-14   0.00000000       8.79468380E-15   2.55540065E-14   3.22945677E-14   9.38357261E-14   4.38701558E-17   3.18473609E-19   5.12857732E-05   71443000.0       16863.3262       79.5558472       0.00000000       3248.17139       1.26651721E-03   0.00000000       0.00000000       0.00000000       0.00000000       0.00000000       0.00000000    
   0.00000000       0.00000000       0.00000000       4.00100082E-27   3.49076399E-13   2.01418567E-13   1.08643028E-13   9.25668071E-13   2.71448394E-14   1.18022251E-14   0.00000000       3.07628746E-14   2.18318931E-14   1.18022149E-14   0.00000000       8.79419337E-15   2.55505710E-14   3.22927652E-14   9.38231155E-14   4.30980257E-17   3.08975223E-19   5.12787046E-05   71433472.0       16862.0664       79.5526733       0.00000000       3189.81763       1.22828747E-03   0.00000000       0.00000000       0.00000000       0.00000000       0.00000000       0.00000000    
   0.00000000       0.00000000       0.00000000       4.00045039E-27   3.49033492E-13   2.01407874E-13   1.08628425E-13   9.25554338E-13   2.71447209E-14   1.18006394E-14   0.00000000       3.07590935E-14   2.18307241E-14   1.18006284E-14   0.00000000       8.79370378E-15   2.55471371E-14   3.22909695E-14   9.38105049E-14   4.23394812E-17   2.99760121E-19   5.12716397E-05   71423944.0       16860.8066       79.5495071       0.00000000       3132.51245       1.19121175E-03   0.00000000       0.00000000       0.00000000       0.00000000       0.00000000       0.00000000    
   0.00000000       0.00000000       0.00000000       3.99989996E-27   3.48990612E-13   2.01397167E-13   1.08613829E-13   9.25440714E-13   2.71445752E-14   1.17990529E-14   0.00000000       3.07553157E-14   2.18295535E-14   1.17990427E-14   0.00000000       8.79321420E-15   2.55437032E-14   3.22891704E-14   9.37978943E-14   4.15942907E-17   2.90819850E-19   5.12645784E-05   71414424.0       16859.5488       79.5463333       0.00000000       3076.23657       1.15525513E-03   0.00000000       0.00000000       0.00000000       0.00000000       0.00000000       0.00000000    
   0.00000000       0.00000000       0.00000000       3.99934953E-27   3.48947786E-13   2.01386474E-13   1.08599226E-13   9.25327089E-13   2.71444075E-14   1.17974673E-14   0.00000000       3.07515413E-14   2.18283829E-14   1.17974571E-14   0.00000000       8.79272461E-15   2.55402694E-14   3.22873713E-14   9.37852836E-14   4.08622160E-17   2.82146215E-19   5.12575134E-05   71404904.0       16858.2891       79.5431671       0.00000000       3020.97168       1.12038385E-03   0.00000000       0.00000000       0.00000000       0.00000000       0.00000000       0.00000000    
   0.00000000       0.00000000       0.00000000       3.99879948E-27   3.48904960E-13   2.01375754E-13   1.08584637E-13   9.25213573E-13   2.71442143E-14   1.17958816E-14   0.00000000       3.07477669E-14   2.18272123E-14   1.17958715E-14   0.00000000       8.79223503E-15   2.55368372E-14   3.22855756E-14   9.37726798E-14   4.01430255E-17   2.73731280E-19   5.12504521E-05   71395400.0       16857.0312       79.5399933       0.00000000       2966.69971       1.08656520E-03   0.00000000       0.00000000       0.00000000       0.00000000       0.00000000       0.00000000    
   0.00000000       0.00000000       0.00000000       3.99824905E-27   3.48862188E-13   2.01365048E-13   1.08570040E-13   9.25100057E-13   2.71439975E-14   1.17942968E-14   0.00000000       3.07439959E-14   2.18260401E-14   1.17942867E-14   0.00000000       8.79174629E-15   2.55334050E-14   3.22837799E-14   9.37600827E-14   3.94364941E-17   2.65567318E-19   5.12433908E-05   71385896.0       16855.7734       79.5368271       0.00000000       2913.40259       1.05376740E-03   0.00000000       0.00000000       0.00000000       0.00000000       0.00000000       0.00000000    
   0.00000000       0.00000000       0.00000000       3.99769901E-27   3.48819416E-13   2.01354314E-13   1.08555451E-13   9.24986650E-13   2.71437586E-14   1.17927120E-14   0.00000000       3.07402283E-14   2.18248695E-14   1.17927010E-14   0.00000000       8.79125670E-15   2.55299745E-14   3.22819842E-14   9.37474789E-14   3.87423937E-17   2.57646857E-19   5.12363295E-05   71376392.0       16854.5156       79.5336609       0.00000000       2861.06323       1.02195947E-03   0.00000000       0.00000000       0.00000000       0.00000000       0.00000000       0.00000000    
   0.00000000       0.00000000       0.00000000       3.99714935E-27   3.48776672E-13   2.01343594E-13   1.08540869E-13   9.24873351E-13   2.71434977E-14   1.17911272E-14   0.00000000       3.07364607E-14   2.18236972E-14   1.17911171E-14   0.00000000       8.79076797E-15   2.55265440E-14   3.22801885E-14   9.37348886E-14   3.80605156E-17   2.49962607E-19   5.12292718E-05   71366896.0       16853.2578       79.5304871       0.00000000       2809.66382       9.91111738E-04   0.00000000       0.00000000       0.00000000       0.00000000       0.00000000       0.00000000    
   0.00000000       0.00000000       0.00000000       3.99659930E-27   3.48733981E-13   2.01332860E-13   1.08526279E-13   9.24760052E-13   2.71432131E-14   1.17895433E-14   0.00000000       3.07326965E-14   2.18225249E-14   1.17895323E-14   0.00000000       8.79027923E-15   2.55231153E-14   3.22783927E-14   9.37222915E-14   3.73906349E-17   2.42507539E-19   5.12222141E-05   71357408.0       16852.0020       79.5273209       0.00000000       2759.18799       9.61195154E-04   0.00000000       0.00000000       0.00000000       0.00000000       0.00000000       0.00000000    
   0.00000000       0.00000000       0.00000000       3.99604926E-27   3.48691291E-13   2.01322127E-13   1.08511704E-13   9.24646861E-13   2.71429082E-14   1.17879585E-14   0.00000000       3.07289357E-14   2.18213509E-14   1.17879483E-14   0.00000000       8.78979134E-15   2.55196848E-14   3.22766004E-14   9.37097012E-14   3.67325466E-17   2.35274801E-19   5.12151564E-05   71347928.0       16850.7441       79.5241470       0.00000000       2709.61914       9.32181603E-04   0.00000000       0.00000000       0.00000000       0.00000000       0.00000000       0.00000000    
   0.00000000       0.00000000       0.00000000       3.99549960E-27   3.48648627E-13   2.01311380E-13   1.08497121E-13   9.24533779E-13   2.71425813E-14   1.17863754E-14   0.00000000       3.07251749E-14   2.18201786E-14   1.17863652E-14   0.00000000       8.78930260E-15   2.55162560E-14   3.22748047E-14   9.36971109E-14   3.60860388E-17   2.28257802E-19   5.12080987E-05   71338448.0       16849.4883       79.5209808       0.00000000       2660.94043       9.04043787E-04   0.00000000       0.00000000       0.00000000       0.00000000       0.00000000       0.00000000    
   0.00000000       0.00000000       0.00000000       3.99494994E-27   3.48605964E-13   2.01300633E-13   1.08482545E-13   9.24420696E-13   2.71422340E-14   1.17847914E-14   0.00000000       3.07214174E-14   2.18190046E-14   1.17847813E-14   0.00000000       8.78881386E-15   2.55128289E-14   3.22730124E-14   9.36845206E-14   3.54509096E-17   2.21450079E-19   5.12010447E-05   71328976.0       16848.2324       79.5178146       0.00000000       2613.13647       8.76755337E-04   0.00000000       0.00000000       0.00000000       0.00000000       0.00000000       0.00000000    
   0.00000000       0.00000000       0.00000000       3.99440028E-27   3.48563355E-13   2.01289885E-13   1.08467976E-13   9.24307722E-13   2.71418647E-14   1.17832083E-14   0.00000000       3.07176634E-14   2.18178306E-14   1.17831981E-14   0.00000000       8.78832597E-15   2.55094018E-14   3.22712201E-14   9.36719371E-14   3.48269607E-17   2.14845378E-19   5.11939907E-05   71319512.0       16846.9785       79.5146408       0.00000000       2566.19141       8.50290526E-04   0.00000000       0.00000000       0.00000000       0.00000000       0.00000000       0.00000000    
   0.00000000       0.00000000       0.00000000       3.99385100E-27   3.48520773E-13   2.01279125E-13   1.08453401E-13   9.24194749E-13   2.71414767E-14   1.17816261E-14   0.00000000       3.07139093E-14   2.18166566E-14   1.17816150E-14   0.00000000       8.78783808E-15   2.55059747E-14   3.22694277E-14   9.36593535E-14   3.42139934E-17   2.08437675E-19   5.11869366E-05   71310048.0       16845.7227       79.5114746       0.00000000       2520.08936       8.24624614E-04   0.00000000       0.00000000       0.00000000       0.00000000       0.00000000       0.00000000    
   0.00000000       0.00000000       0.00000000       3.99330134E-27   3.48478191E-13   2.01268378E-13   1.08438838E-13   9.24081883E-13   2.71410668E-14   1.17800430E-14   0.00000000       3.07101587E-14   2.18154809E-14   1.17800328E-14   0.00000000       8.78735019E-15   2.55025493E-14   3.22676388E-14   9.36467700E-14   3.36118125E-17   2.02221077E-19   5.11798826E-05   71300592.0       16844.4688       79.5083084       0.00000000       2474.81592       7.99733389E-04   0.00000000       0.00000000       0.00000000       0.00000000       0.00000000       0.00000000    
   0.00000000       0.00000000       0.00000000       3.99275206E-27   3.48435636E-13   2.01257603E-13   1.08424269E-13   9.23969018E-13   2.71406399E-14   1.17784607E-14   0.00000000       3.07064080E-14   2.18143070E-14   1.17784505E-14   0.00000000       8.78686230E-15   2.54991239E-14   3.22658465E-14   9.36341933E-14   3.30202328E-17   1.96189883E-19   5.11728322E-05   71291136.0       16843.2129       79.5051346       0.00000000       2430.35547       7.75593566E-04   0.00000000       0.00000000       0.00000000       0.00000000       0.00000000       0.00000000    
   0.00000000       0.00000000       0.00000000       3.99220279E-27   3.48393108E-13   2.01246843E-13   1.08409707E-13   9.23856261E-13   2.71401926E-14   1.17768793E-14   0.00000000       3.07026607E-14   2.18131313E-14   1.17768691E-14   0.00000000       8.78637525E-15   2.54956985E-14   3.22640576E-14   9.36216165E-14   3.24390623E-17   1.90338576E-19   5.11657818E-05   71281688.0       16841.9590       79.5019684       0.00000000       2386.69409       7.52182328E-04   0.00000000       0.00000000       0.00000000       0.00000000       0.00000000       0.00000000    
   0.00000000       0.00000000       0.00000000       3.99165351E-27   3.48350607E-13   2.01236068E-13   1.08395152E-13   9.23743504E-13   2.71397268E-14   1.17752979E-14   0.00000000       3.06989135E-14   2.18119556E-14   1.17752869E-14   0.00000000       8.78588736E-15   2.54922748E-14   3.22622652E-14   9.36090466E-14   3.18681224E-17   1.84661777E-19   5.11587314E-05   71272240.0       16840.7051       79.4988022       0.00000000       2343.81689       7.29477790E-04   0.00000000       0.00000000       0.00000000       0.00000000       0.00000000       0.00000000    
   0.00000000       0.00000000       0.00000000       3.99110424E-27   3.48308134E-13   2.01225294E-13   1.08380590E-13   9.23630855E-13   2.71392423E-14   1.17737165E-14   0.00000000       3.06951696E-14   2.18107799E-14   1.17737055E-14   0.00000000       8.78540032E-15   2.54888511E-14   3.22604763E-14   9.35964766E-14   3.13072311E-17   1.79154280E-19   5.11516846E-05   71262800.0       16839.4512       79.4956284       0.00000000       2301.70996       7.07458588E-04   0.00000000       0.00000000       0.00000000       0.00000000       0.00000000       0.00000000    
   0.00000000       0.00000000       0.00000000       3.99055535E-27   3.48265660E-13   2.01214506E-13   1.08366041E-13   9.23518315E-13   2.71387391E-14   1.17721351E-14   0.00000000       3.06914291E-14   2.18096042E-14   1.17721249E-14   0.00000000       8.78491327E-15   2.54854291E-14   3.22586874E-14   9.35839066E-14   3.07562130E-17   1.73811055E-19   5.11446378E-05   71253368.0       16838.1992       79.4924622       0.00000000       2260.35962       6.86104002E-04   0.00000000       0.00000000       0.00000000       0.00000000       0.00000000       0.00000000    
   0.00000000       0.00000000       0.00000000       3.99000646E-27   3.48223241E-13   2.01203718E-13   1.08351486E-13   9.23405775E-13   2.71382190E-14   1.17705545E-14   0.00000000       3.06876886E-14   2.18084268E-14   1.17705443E-14   0.00000000       8.78442623E-15   2.54820054E-14   3.22568984E-14   9.35713367E-14   3.02148928E-17   1.68627191E-19   5.11375911E-05   71243936.0       16836.9453       79.4892960       0.00000000       2219.75195       6.65394065E-04   0.00000000       0.00000000       0.00000000       0.00000000       0.00000000       0.00000000    
   0.00000000       0.00000000       0.00000000       3.98945718E-27   3.48180794E-13   2.01192931E-13   1.08336937E-13   9.23293234E-13   2.71376803E-14   1.17689739E-14   0.00000000       3.06839481E-14   2.18072512E-14   1.17689638E-14   0.00000000       8.78393919E-15   2.54785850E-14   3.22551129E-14   9.35587735E-14   2.96830983E-17   1.63597920E-19   5.11305443E-05   71234512.0       16835.6934       79.4861298       0.00000000       2179.87402       6.45309221E-04   0.00000000       0.00000000       0.00000000       0.00000000       0.00000000       0.00000000    
   0.00000000       0.00000000       0.00000000       3.98890868E-27   3.48138402E-13   2.01182143E-13   1.08322395E-13   9.23180803E-13   2.71371247E-14   1.17673934E-14   0.00000000       3.06802144E-14   2.18060738E-14   1.17673832E-14   0.00000000       8.78345214E-15   2.54751630E-14   3.22533240E-14   9.35462103E-14   2.91606643E-17   1.58718666E-19   5.11235012E-05   71225088.0       16834.4414       79.4829559       0.00000000       2140.71240       6.25830609E-04   0.00000000       0.00000000       0.00000000       0.00000000       0.00000000       0.00000000    
   0.00000000       0.00000000       0.00000000       3.98835979E-27   3.48096037E-13   2.01171355E-13   1.08307846E-13   9.23068371E-13   2.71365538E-14   1.17658136E-14   0.00000000       3.06764773E-14   2.18048964E-14   1.17658035E-14   0.00000000       8.78296595E-15   2.54717427E-14   3.22515350E-14   9.35336539E-14   2.86474252E-17   1.53984918E-19   5.11164581E-05   71215672.0       16833.1895       79.4797897       0.00000000       2102.25439       6.06939953E-04   0.00000000       0.00000000       0.00000000       0.00000000       0.00000000       0.00000000    
   0.00000000       0.00000000       0.00000000       3.98781090E-27   3.48053671E-13   2.01160554E-13   1.08293311E-13   9.22956048E-13   2.71359659E-14   1.17642339E-14   0.00000000       3.06727435E-14   2.18037190E-14   1.17642238E-14   0.00000000       8.78247890E-15   2.54683241E-14   3.22497495E-14   9.35210974E-14   2.81432189E-17   1.49392360E-19   5.11094149E-05   71206264.0       16831.9375       79.4766235       0.00000000       2064.48730       5.88619558E-04   0.00000000       0.00000000       0.00000000       0.00000000       0.00000000       0.00000000    
   0.00000000       0.00000000       0.00000000       3.98726239E-27   3.48011333E-13   2.01149752E-13   1.08278770E-13   9.22843833E-13   2.71353612E-14   1.17626551E-14   0.00000000       3.06690132E-14   2.18025417E-14   1.17626449E-14   0.00000000       8.78199270E-15   2.54649055E-14   3.22479639E-14   9.35085410E-14   2.76478883E-17   1.44936777E-19   5.11023718E-05   71196848.0       16830.6855       79.4734573       0.00000000       2027.39856       5.70852135E-04   0.00000000       0.00000000       0.00000000       0.00000000       0.00000000       0.00000000    
   0.00000000       0.00000000       0.00000000       3.98671389E-27   3.47968995E-13   2.01138937E-13   1.08264234E-13   9.22731618E-13   2.71347394E-14   1.17610762E-14   0.00000000       3.06652829E-14   2.18013626E-14   1.17610652E-14   0.00000000       8.78150651E-15   2.54614868E-14   3.22461784E-14   9.34959914E-14   2.71612745E-17   1.40614074E-19   5.10953323E-05   71187448.0       16829.4355       79.4702911       0.00000000       1990.97607       5.53621037E-04   0.00000000       0.00000000       0.00000000       0.00000000       0.00000000       0.00000000    
   0.00000000       0.00000000       0.00000000       3.98616538E-27   3.47926711E-13   2.01128136E-13   1.08249699E-13   9.22619403E-13   2.71341042E-14   1.17594973E-14   0.00000000       3.06615559E-14   2.18001852E-14   1.17594872E-14   0.00000000       8.78102031E-15   2.54580682E-14   3.22443928E-14   9.34834417E-14   2.66832253E-17   1.36420294E-19   5.10882928E-05   71178048.0       16828.1836       79.4671173       0.00000000       1955.20813       5.36910025E-04   0.00000000       0.00000000       0.00000000       0.00000000       0.00000000       0.00000000    
   0.00000000       0.00000000       0.00000000       3.98561688E-27   3.47884427E-13   2.01117321E-13   1.08235171E-13   9.22507296E-13   2.71334519E-14   1.17579185E-14   0.00000000       3.06578290E-14   2.17990061E-14   1.17579083E-14   0.00000000       8.78053411E-15   2.54546513E-14   3.22426073E-14   9.34708921E-14   2.62135902E-17   1.32351599E-19   5.10812533E-05   71168648.0       16826.9336       79.4639511       0.00000000       1920.08264       5.20703441E-04   0.00000000       0.00000000       0.00000000       0.00000000       0.00000000       0.00000000    
   0.00000000       0.00000000       0.00000000       3.98506876E-27   3.47842144E-13   2.01106506E-13   1.08220643E-13   9.22395190E-13   2.71327862E-14   1.17563404E-14   0.00000000       3.06541054E-14   2.17978271E-14   1.17563303E-14   0.00000000       8.78004792E-15   2.54512343E-14   3.22408217E-14   9.34583425E-14   2.57522219E-17   1.28404242E-19   5.10742175E-05   71159256.0       16825.6836       79.4607849       0.00000000       1885.58813       5.04986092E-04   0.00000000       0.00000000       0.00000000       0.00000000       0.00000000       0.00000000    
   0.00000000       0.00000000       0.00000000       3.98452025E-27   3.47799914E-13   2.01095678E-13   1.08206121E-13   9.22283192E-13   2.71321035E-14   1.17547633E-14   0.00000000       3.06503819E-14   2.17966480E-14   1.17547522E-14   0.00000000       8.77956257E-15   2.54478191E-14   3.22390396E-14   9.34457996E-14   2.52989716E-17   1.24574615E-19   5.10671780E-05   71149872.0       16824.4336       79.4576187       0.00000000       1851.71338       4.89743135E-04   0.00000000       0.00000000       0.00000000       0.00000000       0.00000000       0.00000000    
   0.00000000       0.00000000       0.00000000       3.98397213E-27   3.47757684E-13   2.01084863E-13   1.08191600E-13   9.22171194E-13   2.71314072E-14   1.17531852E-14   0.00000000       3.06466617E-14   2.17954689E-14   1.17531751E-14   0.00000000       8.77907637E-15   2.54444039E-14   3.22372540E-14   9.34332635E-14   2.48537003E-17   1.20859217E-19   5.10601421E-05   71140480.0       16823.1836       79.4544525       0.00000000       1818.44727       4.74960281E-04   0.00000000       0.00000000       0.00000000       0.00000000       0.00000000       0.00000000    
   0.00000000       0.00000000       0.00000000       3.98342402E-27   3.47715455E-13   2.01074034E-13   1.08177078E-13   9.22059304E-13   2.71306974E-14   1.17516081E-14   0.00000000       3.06429415E-14   2.17942899E-14   1.17515979E-14   0.00000000       8.77859102E-15   2.54409886E-14   3.22354719E-14   9.34207206E-14   2.44162657E-17   1.17254623E-19   5.10531099E-05   71131104.0       16821.9336       79.4512863       0.00000000       1785.77869       4.60623647E-04   0.00000000       0.00000000       0.00000000       0.00000000       0.00000000       0.00000000    
   0.00000000       0.00000000       0.00000000       3.98287628E-27   3.47673279E-13   2.01063206E-13   1.08162563E-13   9.21947414E-13   2.71299740E-14   1.17500309E-14   0.00000000       3.06392214E-14   2.17931108E-14   1.17500207E-14   0.00000000       8.77810567E-15   2.54375751E-14   3.22336897E-14   9.34081846E-14   2.39865305E-17   1.13757536E-19   5.10460741E-05   71121728.0       16820.6855       79.4481125       0.00000000       1753.69702       4.46719787E-04   0.00000000       0.00000000       0.00000000       0.00000000       0.00000000       0.00000000    
   0.00000000       0.00000000       0.00000000       3.98232816E-27   3.47631104E-13   2.01052377E-13   1.08148049E-13   9.21835525E-13   2.71292354E-14   1.17484546E-14   0.00000000       3.06355046E-14   2.17919300E-14   1.17484444E-14   0.00000000       8.77761947E-15   2.54341615E-14   3.22319076E-14   9.33956553E-14   2.35643590E-17   1.10364751E-19   5.10390419E-05   71112352.0       16819.4355       79.4449463       0.00000000       1722.19177       4.33235604E-04   0.00000000       0.00000000       0.00000000       0.00000000       0.00000000       0.00000000    
   0.00000000       0.00000000       0.00000000       3.98178043E-27   3.47588928E-13   2.01041535E-13   1.08133541E-13   9.21723743E-13   2.71284832E-14   1.17468782E-14   0.00000000       3.06317912E-14   2.17907510E-14   1.17468672E-14   0.00000000       8.77713412E-15   2.54307497E-14   3.22301254E-14   9.33831192E-14   2.31496172E-17   1.07073147E-19   5.10320097E-05   71102984.0       16818.1875       79.4417801       0.00000000       1691.25244       4.20158409E-04   0.00000000       0.00000000       0.00000000       0.00000000       0.00000000       0.00000000    
   0.00000000       0.00000000       0.00000000       3.98123269E-27   3.47546807E-13   2.01030707E-13   1.08119033E-13   9.21611962E-13   2.71277192E-14   1.17453019E-14   0.00000000       3.06280778E-14   2.17895702E-14   1.17452917E-14   0.00000000       8.77664962E-15   2.54273378E-14   3.22283433E-14   9.33705899E-14   2.27421745E-17   1.03879719E-19   5.10249774E-05   71093616.0       16816.9395       79.4386139       0.00000000       1660.86890       4.07475978E-04   0.00000000       0.00000000       0.00000000       0.00000000       0.00000000       0.00000000    
   0.00000000       0.00000000       0.00000000       3.98068496E-27   3.47504659E-13   2.01019865E-13   1.08104525E-13   9.21500289E-13   2.71269416E-14   1.17437264E-14   0.00000000       3.06243644E-14   2.17883894E-14   1.17437154E-14   0.00000000       8.77616427E-15   2.54239260E-14   3.22265611E-14   9.33580673E-14   2.23419035E-17   1.00781534E-19   5.10179489E-05   71084256.0       16815.6914       79.4354477       0.00000000       1631.03125       3.95176379E-04   0.00000000       0.00000000       0.00000000       0.00000000       0.00000000       0.00000000    
   0.00000000       0.00000000       0.00000000       3.98013722E-27   3.47462564E-13   2.01009023E-13   1.08090023E-13   9.21388616E-13   2.71261505E-14   1.17421509E-14   0.00000000       3.06206544E-14   2.17872087E-14   1.17421399E-14   0.00000000       8.77567892E-15   2.54205158E-14   3.22247789E-14   9.33455380E-14   2.19486767E-17   9.77757469E-20   5.10109203E-05   71074896.0       16814.4434       79.4322815       0.00000000       1601.72961       3.83248000E-04   0.00000000       0.00000000       0.00000000       0.00000000       0.00000000       0.00000000    
   0.00000000       0.00000000       0.00000000       3.97958949E-27   3.47420470E-13   2.00998181E-13   1.08075522E-13   9.21277052E-13   2.71253475E-14   1.17405755E-14   0.00000000       3.06169444E-14   2.17860279E-14   1.17405653E-14   0.00000000       8.77519442E-15   2.54171057E-14   3.22230002E-14   9.33330155E-14   2.15623718E-17   9.48596122E-20   5.10038917E-05   71065536.0       16813.1953       79.4291153       0.00000000       1572.95447       3.71679722E-04   0.00000000       0.00000000       0.00000000       0.00000000       0.00000000       0.00000000    
   0.00000000       0.00000000       0.00000000       3.97904214E-27   3.47378403E-13   2.00987325E-13   1.08061021E-13   9.21165379E-13   2.71245310E-14   1.17390008E-14   0.00000000       3.06132344E-14   2.17848471E-14   1.17389898E-14   0.00000000       8.77470907E-15   2.54136955E-14   3.22212180E-14   9.33204997E-14   2.11828663E-17   9.20304541E-20   5.09968631E-05   71056184.0       16811.9492       79.4259491       0.00000000       1544.69617       3.60460603E-04   0.00000000       0.00000000       0.00000000       0.00000000       0.00000000       0.00000000    
   0.00000000       0.00000000       0.00000000       3.97849479E-27   3.47336336E-13   2.00976483E-13   1.08046527E-13   9.21053923E-13   2.71237043E-14   1.17374262E-14   0.00000000       3.06095278E-14   2.17836664E-14   1.17374152E-14   0.00000000       8.77422457E-15   2.54102871E-14   3.22194392E-14   9.33079840E-14   2.08100395E-17   8.92856685E-20   5.09898382E-05   71046840.0       16810.7012       79.4227829       0.00000000       1516.94556       3.49580136E-04   0.00000000       0.00000000       0.00000000       0.00000000       0.00000000       0.00000000    
   0.00000000       0.00000000       0.00000000       3.97794744E-27   3.47294296E-13   2.00965628E-13   1.08032039E-13   9.20942359E-13   2.71228640E-14   1.17358515E-14   0.00000000       3.06058245E-14   2.17824856E-14   1.17358414E-14   0.00000000       8.77374006E-15   2.54068786E-14   3.22176605E-14   9.32954682E-14   2.04437755E-17   8.66227479E-20   5.09828133E-05   71037488.0       16809.4551       79.4196167       0.00000000       1489.69360       3.39028105E-04   0.00000000       0.00000000       0.00000000       0.00000000       0.00000000       0.00000000    
   0.00000000       0.00000000       0.00000000       3.97740009E-27   3.47252256E-13   2.00954772E-13   1.08017545E-13   9.20830903E-13   2.71220136E-14   1.17342778E-14   0.00000000       3.06021213E-14   2.17813032E-14   1.17342667E-14   0.00000000       8.77325556E-15   2.54034702E-14   3.22158817E-14   9.32829524E-14   2.00839569E-17   8.40392432E-20   5.09757883E-05   71028152.0       16808.2070       79.4164505       0.00000000       1462.93115       3.28794558E-04   0.00000000       0.00000000       0.00000000       0.00000000       0.00000000       0.00000000    
   0.00000000       0.00000000       0.00000000       3.97685274E-27   3.47210243E-13   2.00943916E-13   1.08003064E-13   9.20719555E-13   2.71211513E-14   1.17327040E-14   0.00000000       3.05984181E-14   2.17801224E-14   1.17326930E-14   0.00000000       8.77277106E-15   2.54000634E-14   3.22141029E-14   9.32704435E-14   1.97304711E-17   8.15327954E-20   5.09687670E-05   71018808.0       16806.9609       79.4132843       0.00000000       1436.64941       3.18869948E-04   0.00000000       0.00000000       0.00000000       0.00000000       0.00000000       0.00000000    
   0.00000000       0.00000000       0.00000000       3.97630578E-27   3.47168231E-13   2.00933061E-13   1.07988576E-13   9.20608099E-13   2.71202772E-14   1.17311302E-14   0.00000000       3.05947149E-14   2.17789399E-14   1.17311200E-14   0.00000000       8.77228655E-15   2.53966566E-14   3.22123242E-14   9.32579345E-14   1.93832075E-17   7.91011042E-20   5.09617421E-05   71009472.0       16805.7148       79.4101181       0.00000000       1410.83984       3.09244875E-04   0.00000000       0.00000000       0.00000000       0.00000000       0.00000000       0.00000000    
   0.00000000       0.00000000       0.00000000       3.97575881E-27   3.47126245E-13   2.00922192E-13   1.07974095E-13   9.20496860E-13   2.71193929E-14   1.17295572E-14   0.00000000       3.05910150E-14   2.17777575E-14   1.17295471E-14   0.00000000       8.77180290E-15   2.53932515E-14   3.22105454E-14   9.32454255E-14   1.90420550E-17   7.67419334E-20   5.09547208E-05   71000144.0       16804.4688       79.4069519       0.00000000       1385.49402       2.99910345E-04   0.00000000       0.00000000       0.00000000       0.00000000       0.00000000       0.00000000    
   0.00000000       0.00000000       0.00000000       3.97521185E-27   3.47084286E-13   2.00911336E-13   1.07959614E-13   9.20385513E-13   2.71184967E-14   1.17279843E-14   0.00000000       3.05873186E-14   2.17765767E-14   1.17279741E-14   0.00000000       8.77131840E-15   2.53898465E-14   3.22087666E-14   9.32329233E-14   1.87069079E-17   7.44531246E-20   5.09477031E-05   70990816.0       16803.2227       79.4037857       0.00000000       1360.60352       2.90857599E-04   0.00000000       0.00000000       0.00000000       0.00000000       0.00000000       0.00000000    
   0.00000000       0.00000000       0.00000000       3.97466489E-27   3.47042328E-13   2.00900467E-13   1.07945140E-13   9.20274273E-13   2.71175904E-14   1.17264114E-14   0.00000000       3.05836187E-14   2.17753943E-14   1.17264012E-14   0.00000000       8.77083389E-15   2.53864414E-14   3.22069879E-14   9.32204211E-14   1.83776586E-17   7.22325841E-20   5.09406818E-05   70981488.0       16801.9785       79.4006195       0.00000000       1336.16016       2.82078079E-04   0.00000000       0.00000000       0.00000000       0.00000000       0.00000000       0.00000000    
   0.00000000       0.00000000       0.00000000       3.97411792E-27   3.47000396E-13   2.00889598E-13   1.07930666E-13   9.20163034E-13   2.71166739E-14   1.17248393E-14   0.00000000       3.05799223E-14   2.17742118E-14   1.17248291E-14   0.00000000       8.77035024E-15   2.53830380E-14   3.22052125E-14   9.32079256E-14   1.80542045E-17   7.00782633E-20   5.09336642E-05   70972168.0       16800.7324       79.3974533       0.00000000       1312.15601       2.73563579E-04   0.00000000       0.00000000       0.00000000       0.00000000       0.00000000       0.00000000    
   0.00000000       0.00000000       0.00000000       3.97357134E-27   3.46958465E-13   2.00878729E-13   1.07916199E-13   9.20051904E-13   2.71157473E-14   1.17232672E-14   0.00000000       3.05762292E-14   2.17730293E-14   1.17232570E-14   0.00000000       8.76986658E-15   2.53796346E-14   3.22034337E-14   9.31954234E-14   1.77364447E-17   6.79881976E-20   5.09266465E-05   70962848.0       16799.4883       79.3942871       0.00000000       1288.58301       2.65306095E-04   0.00000000       0.00000000       0.00000000       0.00000000       0.00000000       0.00000000    
   0.00000000       0.00000000       0.00000000       3.97302476E-27   3.46916560E-13   2.00867860E-13   1.07901731E-13   9.19940773E-13   2.71148087E-14   1.17216959E-14   0.00000000       3.05725361E-14   2.17718469E-14   1.17216849E-14   0.00000000       8.76938292E-15   2.53762330E-14   3.22016583E-14   9.31829280E-14   1.74242767E-17   6.59604677E-20   5.09196288E-05   70953528.0       16798.2422       79.3911209       0.00000000       1265.43347       2.57297856E-04   0.00000000       0.00000000       0.00000000       0.00000000       0.00000000       0.00000000    
   0.00000000       0.00000000       0.00000000       3.97247818E-27   3.46874656E-13   2.00856991E-13   1.07887264E-13   9.19829642E-13   2.71138618E-14   1.17201247E-14   0.00000000       3.05688431E-14   2.17706644E-14   1.17201137E-14   0.00000000       8.76889842E-15   2.53728296E-14   3.21998830E-14   9.31704394E-14   1.71176028E-17   6.39932125E-20   5.09126148E-05   70944216.0       16796.9980       79.3879547       0.00000000       1242.69983       2.49531353E-04   0.00000000       0.00000000       0.00000000       0.00000000       0.00000000       0.00000000    
   0.00000000       0.00000000       0.00000000       3.97193161E-27   3.46832778E-13   2.00846108E-13   1.07872797E-13   9.19718511E-13   2.71129063E-14   1.17185534E-14   0.00000000       3.05651500E-14   2.17694803E-14   1.17185424E-14   0.00000000       8.76841477E-15   2.53694296E-14   3.21981076E-14   9.31579507E-14   1.68163254E-17   6.20846354E-20   5.09056008E-05   70934904.0       16795.7539       79.3847961       0.00000000       1220.37463       2.41999282E-04   0.00000000       0.00000000       0.00000000       0.00000000       0.00000000       0.00000000    
   0.00000000       0.00000000       0.00000000       3.97138503E-27   3.46790901E-13   2.00835225E-13   1.07858343E-13   9.19607489E-13   2.71119390E-14   1.17169822E-14   0.00000000       3.05614603E-14   2.17682978E-14   1.17169720E-14   0.00000000       8.76793111E-15   2.53660279E-14   3.21963322E-14   9.31454620E-14   1.65203519E-17   6.02329787E-20   5.08985868E-05   70925600.0       16794.5098       79.3816299       0.00000000       1198.45056       2.34694555E-04   0.00000000       0.00000000       0.00000000       0.00000000       0.00000000       0.00000000    
   0.00000000       0.00000000       0.00000000       3.97083883E-27   3.46749024E-13   2.00824356E-13   1.07843882E-13   9.19496467E-13   2.71109632E-14   1.17154118E-14   0.00000000       3.05577741E-14   2.17671154E-14   1.17154016E-14   0.00000000       8.76744830E-15   2.53626279E-14   3.21945568E-14   9.31329734E-14   1.62295880E-17   5.84365427E-20   5.08915728E-05   70916296.0       16793.2656       79.3784637       0.00000000       1176.92029       2.27610319E-04   0.00000000       0.00000000       0.00000000       0.00000000       0.00000000       0.00000000    
   0.00000000       0.00000000       0.00000000       3.97029225E-27   3.46707201E-13   2.00813473E-13   1.07829429E-13   9.19385553E-13   2.71099790E-14   1.17138414E-14   0.00000000       3.05540844E-14   2.17659312E-14   1.17138312E-14   0.00000000       8.76696465E-15   2.53592279E-14   3.21927814E-14   9.31204915E-14   1.59439410E-17   5.66936861E-20   5.08845624E-05   70906992.0       16792.0215       79.3752975       0.00000000       1155.77673       2.20739938E-04   0.00000000       0.00000000       0.00000000       0.00000000       0.00000000       0.00000000    
   0.00000000       0.00000000       0.00000000       3.96974606E-27   3.46665351E-13   2.00802591E-13   1.07814975E-13   9.19274639E-13   2.71089862E-14   1.17122718E-14   0.00000000       3.05503981E-14   2.17647487E-14   1.17122608E-14   0.00000000       8.76648099E-15   2.53558296E-14   3.21910060E-14   9.31080096E-14   1.56633217E-17   5.50028126E-20   5.08775520E-05   70897696.0       16790.7773       79.3721313       0.00000000       1135.01318       2.14076921E-04   0.00000000       0.00000000       0.00000000       0.00000000       0.00000000       0.00000000    
   0.00000000       0.00000000       0.00000000       3.96920025E-27   3.46623527E-13   2.00791708E-13   1.07800528E-13   9.19163725E-13   2.71079834E-14   1.17107023E-14   0.00000000       3.05467118E-14   2.17635646E-14   1.17106913E-14   0.00000000       8.76599818E-15   2.53524313E-14   3.21892307E-14   9.30955345E-14   1.53876406E-17   5.33623713E-20   5.08705416E-05   70888400.0       16789.5352       79.3689651       0.00000000       1114.62256       2.07615027E-04   0.00000000       0.00000000       0.00000000       0.00000000       0.00000000       0.00000000    
   0.00000000       0.00000000       0.00000000       3.96865406E-27   3.46581731E-13   2.00780825E-13   1.07786081E-13   9.19052920E-13   2.71069720E-14   1.17091327E-14   0.00000000       3.05430289E-14   2.17623804E-14   1.17091217E-14   0.00000000       8.76551453E-15   2.53490347E-14   3.21874553E-14   9.30830594E-14   1.51168117E-17   5.17708532E-20   5.08635312E-05   70879104.0       16788.2910       79.3657990       0.00000000       1094.59827       2.01348201E-04   0.00000000       0.00000000       0.00000000       0.00000000       0.00000000       0.00000000    
   0.00000000       0.00000000       0.00000000       3.96810786E-27   3.46539935E-13   2.00769929E-13   1.07771634E-13   9.18942006E-13   2.71059522E-14   1.17075632E-14   0.00000000       3.05393460E-14   2.17611980E-14   1.17075530E-14   0.00000000       8.76503172E-15   2.53456364E-14   3.21856833E-14   9.30705843E-14   1.48507507E-17   5.02268010E-20   5.08565245E-05   70869816.0       16787.0488       79.3626404       0.00000000       1074.93372       1.95270521E-04   0.00000000       0.00000000       0.00000000       0.00000000       0.00000000       0.00000000    
   0.00000000       0.00000000       0.00000000       3.96756206E-27   3.46498167E-13   2.00759046E-13   1.07757194E-13   9.18831200E-13   2.71049239E-14   1.17059945E-14   0.00000000       3.05356631E-14   2.17600138E-14   1.17059843E-14   0.00000000       8.76454891E-15   2.53422415E-14   3.21839079E-14   9.30581160E-14   1.45893716E-17   4.87287995E-20   5.08495177E-05   70860528.0       16785.8047       79.3594742       0.00000000       1055.62244       1.89376296E-04   0.00000000       0.00000000       0.00000000       0.00000000       0.00000000       0.00000000    
   0.00000000       0.00000000       0.00000000       3.96701625E-27   3.46456398E-13   2.00748150E-13   1.07742754E-13   9.18720503E-13   2.71038871E-14   1.17044258E-14   0.00000000       3.05319836E-14   2.17588297E-14   1.17044156E-14   0.00000000       8.76406610E-15   2.53388449E-14   3.21821359E-14   9.30456409E-14   1.43325932E-17   4.72754755E-20   5.08425110E-05   70851240.0       16784.5625       79.3563080       0.00000000       1036.65808       1.83659999E-04   0.00000000       0.00000000       0.00000000       0.00000000       0.00000000       0.00000000    
   0.00000000       0.00000000       0.00000000       3.96647044E-27   3.46414629E-13   2.00737268E-13   1.07728320E-13   9.18609806E-13   2.71028436E-14   1.17028579E-14   0.00000000       3.05283041E-14   2.17576455E-14   1.17028478E-14   0.00000000       8.76358244E-15   2.53354500E-14   3.21803605E-14   9.30331794E-14   1.40803346E-17   4.58654977E-20   5.08355079E-05   70841960.0       16783.3203       79.3531418       0.00000000       1018.03448       1.78116243E-04   0.00000000       0.00000000       0.00000000       0.00000000       0.00000000       0.00000000    
   0.00000000       0.00000000       0.00000000       3.96592502E-27   3.46372887E-13   2.00726371E-13   1.07713887E-13   9.18499109E-13   2.71017915E-14   1.17012901E-14   0.00000000       3.05246246E-14   2.17564614E-14   1.17012791E-14   0.00000000       8.76309963E-15   2.53320551E-14   3.21785885E-14   9.30207110E-14   1.38325146E-17   4.44975704E-20   5.08285048E-05   70832680.0       16782.0781       79.3499832       0.00000000       999.745422       1.72739819E-04   0.00000000       0.00000000       0.00000000       0.00000000       0.00000000       0.00000000    
   0.00000000       0.00000000       0.00000000       3.96537921E-27   3.46331145E-13   2.00715475E-13   1.07699453E-13   9.18388412E-13   2.71007311E-14   1.16997222E-14   0.00000000       3.05209451E-14   2.17552772E-14   1.16997120E-14   0.00000000       8.76261767E-15   2.53286619E-14   3.21768165E-14   9.30082495E-14   1.35890571E-17   4.31704431E-20   5.08215016E-05   70823400.0       16780.8359       79.3468170       0.00000000       981.784912       1.67525679E-04   0.00000000       0.00000000       0.00000000       0.00000000       0.00000000       0.00000000    
   0.00000000       0.00000000       0.00000000       3.96483378E-27   3.46289431E-13   2.00704579E-13   1.07685027E-13   9.18277715E-13   2.70996621E-14   1.16981552E-14   0.00000000       3.05172689E-14   2.17540931E-14   1.16981442E-14   0.00000000       8.76213486E-15   2.53252687E-14   3.21750446E-14   9.29957879E-14   1.33498844E-17   4.18828944E-20   5.08144985E-05   70814128.0       16779.5938       79.3436508       0.00000000       964.147034       1.62468947E-04   0.00000000       0.00000000       0.00000000       0.00000000       0.00000000       0.00000000    
   0.00000000       0.00000000       0.00000000       3.96428836E-27   3.46247716E-13   2.00693683E-13   1.07670600E-13   9.18167127E-13   2.70985881E-14   1.16965882E-14   0.00000000       3.05135928E-14   2.17529089E-14   1.16965772E-14   0.00000000       8.76165206E-15   2.53218755E-14   3.21732726E-14   9.29833332E-14   1.31149213E-17   4.06337483E-20   5.08074991E-05   70804856.0       16778.3516       79.3404846       0.00000000       946.826050       1.57564835E-04   0.00000000       0.00000000       0.00000000       0.00000000       0.00000000       0.00000000    
   0.00000000       0.00000000       0.00000000       3.96374294E-27   3.46206028E-13   2.00682786E-13   1.07656180E-13   9.18056538E-13   2.70975056E-14   1.16950212E-14   0.00000000       3.05099201E-14   2.17517248E-14   1.16950110E-14   0.00000000       8.76116925E-15   2.53184839E-14   3.21715006E-14   9.29708784E-14   1.28840933E-17   3.94218576E-20   5.08004960E-05   70795584.0       16777.1113       79.3373260       0.00000000       929.816284       1.52808760E-04   0.00000000       0.00000000       0.00000000       0.00000000       0.00000000       0.00000000    
   0.00000000       0.00000000       0.00000000       3.96319751E-27   3.46164341E-13   2.00671890E-13   1.07641760E-13   9.17946058E-13   2.70964146E-14   1.16934550E-14   0.00000000       3.05062440E-14   2.17505406E-14   1.16934440E-14   0.00000000       8.76068728E-15   2.53150924E-14   3.21697286E-14   9.29584236E-14   1.26573283E-17   3.82461109E-20   5.07934965E-05   70786320.0       16775.8691       79.3341599       0.00000000       913.112000       1.48196239E-04   0.00000000       0.00000000       0.00000000       0.00000000       0.00000000       0.00000000    
   0.00000000       0.00000000       0.00000000       3.96265248E-27   3.46122653E-13   2.00660980E-13   1.07627340E-13   9.17835578E-13   2.70953185E-14   1.16918888E-14   0.00000000       3.05025712E-14   2.17493565E-14   1.16918778E-14   0.00000000       8.76020448E-15   2.53117026E-14   3.21679566E-14   9.29459756E-14   1.24345545E-17   3.71054320E-20   5.07865007E-05   70777056.0       16774.6289       79.3309937       0.00000000       896.707886       1.43722951E-04   0.00000000       0.00000000       0.00000000       0.00000000       0.00000000       0.00000000    
   0.00000000       0.00000000       0.00000000       3.96210705E-27   3.46080993E-13   2.00650084E-13   1.07612927E-13   9.17725097E-13   2.70942140E-14   1.16903227E-14   0.00000000       3.04989019E-14   2.17481706E-14   1.16903117E-14   0.00000000       8.75972251E-15   2.53083128E-14   3.21661846E-14   9.29335276E-14   1.22157015E-17   3.59987710E-20   5.07795012E-05   70767792.0       16773.3867       79.3278275       0.00000000       880.598450       1.39384691E-04   0.00000000       0.00000000       0.00000000       0.00000000       0.00000000       0.00000000    
   0.00000000       0.00000000       0.00000000       3.96156201E-27   3.46039359E-13   2.00639174E-13   1.07598514E-13   9.17614617E-13   2.70931044E-14   1.16887565E-14   0.00000000       3.04952291E-14   2.17469865E-14   1.16887464E-14   0.00000000       8.75923971E-15   2.53049230E-14   3.21644160E-14   9.29210796E-14   1.20007008E-17   3.49251164E-20   5.07725053E-05   70758536.0       16772.1465       79.3246689       0.00000000       864.778442       1.35177383E-04   0.00000000       0.00000000       0.00000000       0.00000000       0.00000000       0.00000000    
   0.00000000       0.00000000       0.00000000       3.96101698E-27   3.45997699E-13   2.00628278E-13   1.07584108E-13   9.17504137E-13   2.70919863E-14   1.16871912E-14   0.00000000       3.04915598E-14   2.17458023E-14   1.16871810E-14   0.00000000       8.75875774E-15   2.53015348E-14   3.21626440E-14   9.29086384E-14   1.17894835E-17   3.38834860E-20   5.07655132E-05   70749280.0       16770.9062       79.3215027       0.00000000       849.242615       1.31097055E-04   0.00000000       0.00000000       0.00000000       0.00000000       0.00000000       0.00000000    
   0.00000000       0.00000000       0.00000000       3.96047194E-27   3.45956065E-13   2.00617368E-13   1.07569701E-13   9.17393765E-13   2.70908631E-14   1.16856267E-14   0.00000000       3.04878905E-14   2.17446165E-14   1.16856157E-14   0.00000000       8.75827578E-15   2.52981467E-14   3.21608754E-14   9.28961972E-14   1.15819844E-17   3.28729201E-20   5.07585173E-05   70740024.0       16769.6660       79.3183365       0.00000000       833.985901       1.27139909E-04   0.00000000       0.00000000       0.00000000       0.00000000       0.00000000       0.00000000    
   0.00000000       0.00000000       0.00000000       3.95992728E-27   3.45914459E-13   2.00606459E-13   1.07555295E-13   9.17283393E-13   2.70897315E-14   1.16840614E-14   0.00000000       3.04842245E-14   2.17434323E-14   1.16840512E-14   0.00000000       8.75779382E-15   2.52947586E-14   3.21591034E-14   9.28837560E-14   1.13781373E-17   3.18924946E-20   5.07515251E-05   70730768.0       16768.4258       79.3151779       0.00000000       819.003296       1.23302205E-04   0.00000000       0.00000000       0.00000000       0.00000000       0.00000000       0.00000000    
   0.00000000       0.00000000       0.00000000       3.95938225E-27   3.45872853E-13   2.00595562E-13   1.07540895E-13   9.17173130E-13   2.70885948E-14   1.16824969E-14   0.00000000       3.04805585E-14   2.17422465E-14   1.16824868E-14   0.00000000       8.75731186E-15   2.52913721E-14   3.21573348E-14   9.28713148E-14   1.11778777E-17   3.09413080E-20   5.07445329E-05   70721520.0       16767.1855       79.3120117       0.00000000       804.289856       1.19580342E-04   0.00000000       0.00000000       0.00000000       0.00000000       0.00000000       0.00000000    
   0.00000000       0.00000000       0.00000000       3.95883759E-27   3.45831247E-13   2.00584653E-13   1.07526496E-13   9.17062758E-13   2.70874513E-14   1.16809333E-14   0.00000000       3.04768926E-14   2.17410623E-14   1.16809223E-14   0.00000000       8.75682990E-15   2.52879857E-14   3.21555628E-14   9.28588803E-14   1.09811428E-17   3.00184911E-20   5.07375407E-05   70712272.0       16765.9453       79.3088531       0.00000000       789.840698       1.15970819E-04   0.00000000       0.00000000       0.00000000       0.00000000       0.00000000       0.00000000    
   0.00000000       0.00000000       0.00000000       3.95829294E-27   3.45789668E-13   2.00573743E-13   1.07512096E-13   9.16952495E-13   2.70863027E-14   1.16793689E-14   0.00000000       3.04732266E-14   2.17398765E-14   1.16793587E-14   0.00000000       8.75634793E-15   2.52845992E-14   3.21537942E-14   9.28464526E-14   1.07878703E-17   2.91231973E-20   5.07305485E-05   70703024.0       16764.7051       79.3056870       0.00000000       775.651123       1.12470254E-04   0.00000000       0.00000000       0.00000000       0.00000000       0.00000000       0.00000000    
   0.00000000       0.00000000       0.00000000       3.95774867E-27   3.45748088E-13   2.00562833E-13   1.07497704E-13   9.16842231E-13   2.70851473E-14   1.16778061E-14   0.00000000       3.04695640E-14   2.17386923E-14   1.16777951E-14   0.00000000       8.75586597E-15   2.52812145E-14   3.21520256E-14   9.28340182E-14   1.05979993E-17   2.82546060E-20   5.07235600E-05   70693784.0       16763.4648       79.3025208       0.00000000       761.716492       1.09075350E-04   0.00000000       0.00000000       0.00000000       0.00000000       0.00000000       0.00000000    
   0.00000000       0.00000000       0.00000000       3.95720402E-27   3.45706509E-13   2.00551923E-13   1.07483317E-13   9.16731968E-13   2.70839869E-14   1.16762425E-14   0.00000000       3.04658981E-14   2.17375065E-14   1.16762314E-14   0.00000000       8.75538401E-15   2.52778298E-14   3.21502570E-14   9.28215905E-14   1.04114709E-17   2.74119189E-20   5.07165714E-05   70684544.0       16762.2266       79.2993622       0.00000000       748.032227       1.05782921E-04   0.00000000       0.00000000       0.00000000       0.00000000       0.00000000       0.00000000    
   0.00000000       0.00000000       0.00000000       3.95665975E-27   3.45664957E-13   2.00541013E-13   1.07468925E-13   9.16621813E-13   2.70828197E-14   1.16746797E-14   0.00000000       3.04622355E-14   2.17363223E-14   1.16746687E-14   0.00000000       8.75490290E-15   2.52744467E-14   3.21484884E-14   9.28091696E-14   1.02282248E-17   2.65943672E-20   5.07095829E-05   70675304.0       16760.9863       79.2961960       0.00000000       734.593750       1.02589875E-04   0.00000000       0.00000000       0.00000000       0.00000000       0.00000000       0.00000000    
   0.00000000       0.00000000       0.00000000       3.95611510E-27   3.45623405E-13   2.00530090E-13   1.07454539E-13   9.16511658E-13   2.70816474E-14   1.16731169E-14   0.00000000       3.04585763E-14   2.17351365E-14   1.16731059E-14   0.00000000       8.75442093E-15   2.52710637E-14   3.21467198E-14   9.27967420E-14   1.00482038E-17   2.58011979E-20   5.07025979E-05   70666072.0       16759.7480       79.2930374       0.00000000       721.396729       9.94932125E-05   0.00000000       0.00000000       0.00000000       0.00000000       0.00000000       0.00000000    
   0.00000000       0.00000000       0.00000000       3.95557083E-27   3.45581880E-13   2.00519180E-13   1.07440159E-13   9.16401503E-13   2.70804700E-14   1.16715541E-14   0.00000000       3.04549138E-14   2.17339506E-14   1.16715440E-14   0.00000000       8.75393897E-15   2.52676806E-14   3.21449512E-14   9.27843211E-14   9.87135175E-18   0.00000000       5.06956130E-05   70656840.0       16758.5098       79.2898712       0.00000000       708.436768       0.00000000       0.00000000       0.00000000       0.00000000       0.00000000       0.00000000       0.00000000    
   0.00000000       0.00000000       0.00000000       3.95502695E-27   3.45540355E-13   2.00508270E-13   1.07425780E-13   9.16291348E-13   2.70792859E-14   1.16699922E-14   0.00000000       3.04512546E-14   2.17327665E-14   1.16699812E-14   0.00000000       8.75345786E-15   2.52642993E-14   3.21431826E-14   9.27719070E-14   9.69761238E-18   0.00000000       5.06886281E-05   70647608.0       16757.2695       79.2867126       0.00000000       695.709656       0.00000000       0.00000000       0.00000000       0.00000000       0.00000000       0.00000000       0.00000000    
   0.00000000       0.00000000       0.00000000       3.95448268E-27   3.45498830E-13   2.00497347E-13   1.07411401E-13   9.16181302E-13   2.70780966E-14   1.16684303E-14   0.00000000       3.04475954E-14   2.17315806E-14   1.16684193E-14   0.00000000       8.75297674E-15   2.52609179E-14   3.21414140E-14   9.27594861E-14   9.52693028E-18   0.00000000       5.06816432E-05   70638376.0       16756.0312       79.2835464       0.00000000       683.211182       0.00000000       0.00000000       0.00000000       0.00000000       0.00000000       0.00000000       0.00000000    
   0.00000000       0.00000000       0.00000000       3.95393880E-27   3.45457332E-13   2.00486437E-13   1.07397029E-13   9.16071255E-13   2.70769023E-14   1.16668683E-14   0.00000000       3.04439396E-14   2.17303948E-14   1.16668582E-14   0.00000000       8.75249478E-15   2.52575365E-14   3.21396454E-14   9.27470720E-14   9.35925250E-18   0.00000000       5.06746619E-05   70629152.0       16754.7930       79.2803879       0.00000000       670.937195       0.00000000       0.00000000       0.00000000       0.00000000       0.00000000       0.00000000       0.00000000    
   0.00000000       0.00000000       0.00000000       3.95339453E-27   3.45415835E-13   2.00475514E-13   1.07382656E-13   9.15961209E-13   2.70757029E-14   1.16653073E-14   0.00000000       3.04402804E-14   2.17292089E-14   1.16652971E-14   0.00000000       8.75201367E-15   2.52541569E-14   3.21378801E-14   9.27346646E-14   9.19452610E-18   0.00000000       5.06676806E-05   70619920.0       16753.5547       79.2772217       0.00000000       658.883789       0.00000000       0.00000000       0.00000000       0.00000000       0.00000000       0.00000000       0.00000000    
   0.00000000       0.00000000       0.00000000       3.95285065E-27   3.45374337E-13   2.00464604E-13   1.07368284E-13   9.15851162E-13   2.70744984E-14   1.16637462E-14   0.00000000       3.04366246E-14   2.17280248E-14   1.16637360E-14   0.00000000       8.75153255E-15   2.52507772E-14   3.21361115E-14   9.27222573E-14   9.03269897E-18   0.00000000       5.06606993E-05   70610704.0       16752.3164       79.2740631       0.00000000       647.046875       0.00000000       0.00000000       0.00000000       0.00000000       0.00000000       0.00000000       0.00000000    
   0.00000000       0.00000000       0.00000000       3.95230715E-27   3.45332866E-13   2.00453681E-13   1.07353918E-13   9.15741116E-13   2.70732889E-14   1.16621859E-14   0.00000000       3.04329688E-14   2.17268389E-14   1.16621749E-14   0.00000000       8.75105144E-15   2.52473993E-14   3.21343463E-14   9.27098499E-14   8.87371981E-18   0.00000000       5.06537181E-05   70601480.0       16751.0781       79.2708969       0.00000000       635.422607       0.00000000       0.00000000       0.00000000       0.00000000       0.00000000       0.00000000       0.00000000    
   0.00000000       0.00000000       0.00000000       3.95176327E-27   3.45291395E-13   2.00442771E-13   1.07339552E-13   9.15631178E-13   2.70720759E-14   1.16606249E-14   0.00000000       3.04293164E-14   2.17256531E-14   1.16606147E-14   0.00000000       8.75057032E-15   2.52440196E-14   3.21325777E-14   9.26974426E-14   8.71753902E-18   0.00000000       5.06467404E-05   70592264.0       16749.8418       79.2677383       0.00000000       624.007202       0.00000000       0.00000000       0.00000000       0.00000000       0.00000000       0.00000000       0.00000000    
   0.00000000       0.00000000       0.00000000       3.95121977E-27   3.45249925E-13   2.00431848E-13   1.07325193E-13   9.15521240E-13   2.70708562E-14   1.16590646E-14   0.00000000       3.04256606E-14   2.17244673E-14   1.16590545E-14   0.00000000       8.75008921E-15   2.52406433E-14   3.21308125E-14   9.26850420E-14   8.56410694E-18   0.00000000       5.06397628E-05   70583048.0       16748.6035       79.2645721       0.00000000       612.796875       0.00000000       0.00000000       0.00000000       0.00000000       0.00000000       0.00000000       0.00000000    
   0.00000000       0.00000000       0.00000000       3.95067589E-27   3.45208481E-13   2.00420924E-13   1.07310834E-13   9.15411301E-13   2.70696331E-14   1.16575052E-14   0.00000000       3.04220082E-14   2.17232814E-14   1.16574942E-14   0.00000000       8.74960809E-15   2.52372653E-14   3.21290439E-14   9.26726415E-14   8.41337561E-18   0.00000000       5.06327851E-05   70573832.0       16747.3652       79.2614136       0.00000000       601.787903       0.00000000       0.00000000       0.00000000       0.00000000       0.00000000       0.00000000       0.00000000    
   0.00000000       0.00000000       0.00000000       3.95013239E-27   3.45167037E-13   2.00410015E-13   1.07296476E-13   9.15301472E-13   2.70684032E-14   1.16559458E-14   0.00000000       3.04183558E-14   2.17220973E-14   1.16559348E-14   0.00000000       8.74912698E-15   2.52338891E-14   3.21272787E-14   9.26602409E-14   8.26529704E-18   0.00000000       5.06258075E-05   70564616.0       16746.1289       79.2582474       0.00000000       590.976746       0.00000000       0.00000000       0.00000000       0.00000000       0.00000000       0.00000000       0.00000000    
   0.00000000       0.00000000       0.00000000       3.94958889E-27   3.45125594E-13   2.00399091E-13   1.07282123E-13   9.15191534E-13   2.70671716E-14   1.16543865E-14   0.00000000       3.04147068E-14   2.17209114E-14   1.16543754E-14   0.00000000       8.74864586E-15   2.52305145E-14   3.21255135E-14   9.26478471E-14   8.11982492E-18   0.00000000       5.06188335E-05   70555408.0       16744.8906       79.2550888       0.00000000       580.359802       0.00000000       0.00000000       0.00000000       0.00000000       0.00000000       0.00000000       0.00000000    
   0.00000000       0.00000000       0.00000000       3.94904578E-27   3.45084177E-13   2.00388168E-13   1.07267771E-13   9.15081704E-13   2.70659332E-14   1.16528271E-14   0.00000000       3.04110544E-14   2.17197256E-14   1.16528169E-14   0.00000000       8.74816475E-15   2.52271382E-14   3.21237482E-14   9.26354533E-14   7.97691293E-18   0.00000000       5.06118595E-05   70546200.0       16743.6543       79.2519226       0.00000000       569.933594       0.00000000       0.00000000       0.00000000       0.00000000       0.00000000       0.00000000       0.00000000    
   0.00000000       0.00000000       0.00000000       3.94850228E-27   3.45042761E-13   2.00377245E-13   1.07253426E-13   9.14971874E-13   2.70646915E-14   1.16512685E-14   0.00000000       3.04074054E-14   2.17185397E-14   1.16512584E-14   0.00000000       8.74768448E-15   2.52237636E-14   3.21219796E-14   9.26230596E-14   7.83651556E-18   0.00000000       5.06048855E-05   70536992.0       16742.4180       79.2487640       0.00000000       559.694702       0.00000000       0.00000000       0.00000000       0.00000000       0.00000000       0.00000000       0.00000000    
   0.00000000       0.00000000       0.00000000       3.94795917E-27   3.45001371E-13   2.00366321E-13   1.07239081E-13   9.14862153E-13   2.70634447E-14   1.16497100E-14   0.00000000       3.04037564E-14   2.17173539E-14   1.16496998E-14   0.00000000       8.74720337E-15   2.52203908E-14   3.21202144E-14   9.26106725E-14   7.69858981E-18   0.00000000       5.05979151E-05   70527792.0       16741.1797       79.2456055       0.00000000       549.639709       0.00000000       0.00000000       0.00000000       0.00000000       0.00000000       0.00000000       0.00000000    
   0.00000000       0.00000000       0.00000000       3.94741606E-27   3.44959955E-13   2.00355398E-13   1.07224735E-13   9.14752323E-13   2.70621944E-14   1.16481523E-14   0.00000000       3.04001073E-14   2.17161680E-14   1.16481413E-14   0.00000000       8.74672225E-15   2.52170179E-14   3.21184492E-14   9.25982855E-14   7.56309184E-18   0.00000000       5.05909447E-05   70518584.0       16739.9434       79.2424393       0.00000000       539.765381       0.00000000       0.00000000       0.00000000       0.00000000       0.00000000       0.00000000       0.00000000    
   0.00000000       0.00000000       0.00000000       3.94687295E-27   3.44918565E-13   2.00344475E-13   1.07210397E-13   9.14642602E-13   2.70609408E-14   1.16465938E-14   0.00000000       3.03964617E-14   2.17149822E-14   1.16465836E-14   0.00000000       8.74624198E-15   2.52136450E-14   3.21166840E-14   9.25858985E-14   7.42997863E-18   0.00000000       5.05839744E-05   70509384.0       16738.7070       79.2392807       0.00000000       530.068481       0.00000000       0.00000000       0.00000000       0.00000000       0.00000000       0.00000000       0.00000000    
   0.00000000       0.00000000       0.00000000       3.94632983E-27   3.44877203E-13   2.00333551E-13   1.07196058E-13   9.14532881E-13   2.70596821E-14   1.16450369E-14   0.00000000       3.03928127E-14   2.17137963E-14   1.16450259E-14   0.00000000       8.74576087E-15   2.52102721E-14   3.21149188E-14   9.25735183E-14   7.29920799E-18   0.00000000       5.05770040E-05   70500184.0       16737.4707       79.2361221       0.00000000       520.545776       0.00000000       0.00000000       0.00000000       0.00000000       0.00000000       0.00000000       0.00000000    
   0.00000000       0.00000000       0.00000000       3.94578711E-27   3.44835814E-13   2.00322628E-13   1.07181720E-13   9.14423160E-13   2.70584201E-14   1.16434792E-14   0.00000000       3.03891671E-14   2.17126105E-14   1.16434691E-14   0.00000000       8.74528060E-15   2.52069009E-14   3.21131536E-14   9.25611381E-14   7.17073939E-18   0.00000000       5.05700336E-05   70490992.0       16736.2344       79.2329559       0.00000000       511.194122       0.00000000       0.00000000       0.00000000       0.00000000       0.00000000       0.00000000       0.00000000    
   0.00000000       0.00000000       0.00000000       3.94524438E-27   3.44794451E-13   2.00311705E-13   1.07167388E-13   9.14313438E-13   2.70571529E-14   1.16419224E-14   0.00000000       3.03855214E-14   2.17114246E-14   1.16419114E-14   0.00000000       8.74480033E-15   2.52035314E-14   3.21113917E-14   9.25487646E-14   7.04453149E-18   0.00000000       5.05630669E-05   70481792.0       16734.9980       79.2297974       0.00000000       502.010468       0.00000000       0.00000000       0.00000000       0.00000000       0.00000000       0.00000000       0.00000000    
   0.00000000       0.00000000       0.00000000       3.94470165E-27   3.44753116E-13   2.00300781E-13   1.07153056E-13   9.14203825E-13   2.70558824E-14   1.16403655E-14   0.00000000       3.03818792E-14   2.17102388E-14   1.16403554E-14   0.00000000       8.74431922E-15   2.52001602E-14   3.21096265E-14   9.25363844E-14   6.92054497E-18   0.00000000       5.05561002E-05   70472600.0       16733.7637       79.2266388       0.00000000       492.991821       0.00000000       0.00000000       0.00000000       0.00000000       0.00000000       0.00000000       0.00000000    
   0.00000000       0.00000000       0.00000000       3.94415893E-27   3.44711754E-13   2.00289858E-13   1.07138731E-13   9.14094104E-13   2.70546084E-14   1.16388095E-14   0.00000000       3.03782336E-14   2.17090529E-14   1.16387985E-14   0.00000000       8.74383895E-15   2.51967907E-14   3.21078613E-14   9.25240109E-14   6.79874097E-18   0.00000000       5.05491371E-05   70463416.0       16732.5273       79.2234726       0.00000000       484.135162       0.00000000       0.00000000       0.00000000       0.00000000       0.00000000       0.00000000       0.00000000    
   0.00000000       0.00000000       0.00000000       3.94361620E-27   3.44670419E-13   2.00278935E-13   1.07124406E-13   9.13984491E-13   2.70533311E-14   1.16372535E-14   0.00000000       3.03745913E-14   2.17078671E-14   1.16372425E-14   0.00000000       8.74335868E-15   2.51934229E-14   3.21060995E-14   9.25116442E-14   6.67908061E-18   0.00000000       5.05421704E-05   70454224.0       16731.2910       79.2203140       0.00000000       475.437653       0.00000000       0.00000000       0.00000000       0.00000000       0.00000000       0.00000000       0.00000000    
   0.00000000       0.00000000       0.00000000       3.94307347E-27   3.44629083E-13   2.00267998E-13   1.07110088E-13   9.13874987E-13   2.70520504E-14   1.16356975E-14   0.00000000       3.03709491E-14   2.17066829E-14   1.16356865E-14   0.00000000       8.74287842E-15   2.51900534E-14   3.21043342E-14   9.24992776E-14   6.56152625E-18   0.00000000       5.05352073E-05   70445040.0       16730.0566       79.2171555       0.00000000       466.896362       0.00000000       0.00000000       0.00000000       0.00000000       0.00000000       0.00000000       0.00000000    
   0.00000000       0.00000000       0.00000000       3.94253113E-27   3.44587775E-13   2.00257074E-13   1.07095763E-13   9.13765374E-13   2.70507646E-14   1.16341415E-14   0.00000000       3.03673068E-14   2.17054971E-14   1.16341314E-14   0.00000000       8.74239815E-15   2.51866873E-14   3.21025690E-14   9.24869109E-14   6.44604067E-18   0.00000000       5.05282442E-05   70435848.0       16728.8203       79.2139893       0.00000000       458.508545       0.00000000       0.00000000       0.00000000       0.00000000       0.00000000       0.00000000       0.00000000    
   0.00000000       0.00000000       0.00000000       3.94198879E-27   3.44546467E-13   2.00246151E-13   1.07081451E-13   9.13655761E-13   2.70494754E-14   1.16325864E-14   0.00000000       3.03636680E-14   2.17043113E-14   1.16325762E-14   0.00000000       8.74191788E-15   2.51833195E-14   3.21008072E-14   9.24745442E-14   6.33258789E-18   0.00000000       5.05212847E-05   70426664.0       16727.5859       79.2108307       0.00000000       450.271393       0.00000000       0.00000000       0.00000000       0.00000000       0.00000000       0.00000000       0.00000000    
   0.00000000       0.00000000       0.00000000       3.94144645E-27   3.44505159E-13   2.00235228E-13   1.07067133E-13   9.13546257E-13   2.70481845E-14   1.16310312E-14   0.00000000       3.03600257E-14   2.17031254E-14   1.16310211E-14   0.00000000       8.74143761E-15   2.51799534E-14   3.20990420E-14   9.24621843E-14   6.22113192E-18   0.00000000       5.05143253E-05   70417488.0       16726.3496       79.2076721       0.00000000       442.182220       0.00000000       0.00000000       0.00000000       0.00000000       0.00000000       0.00000000       0.00000000    
   0.00000000       0.00000000       0.00000000       3.94090410E-27   3.44463851E-13   2.00224291E-13   1.07052821E-13   9.13436752E-13   2.70468886E-14   1.16294769E-14   0.00000000       3.03563869E-14   2.17019396E-14   1.16294659E-14   0.00000000       8.74095735E-15   2.51765873E-14   3.20972802E-14   9.24498244E-14   6.11163760E-18   0.00000000       5.05073622E-05   70408304.0       16725.1152       79.2045135       0.00000000       434.238403       0.00000000       0.00000000       0.00000000       0.00000000       0.00000000       0.00000000       0.00000000    
   0.00000000       0.00000000       0.00000000       3.94036215E-27   3.44422570E-13   2.00213367E-13   1.07038517E-13   9.13327248E-13   2.70455909E-14   1.16279226E-14   0.00000000       3.03527480E-14   2.17007537E-14   1.16279116E-14   0.00000000       8.74047708E-15   2.51732229E-14   3.20955183E-14   9.24374713E-14   6.00407062E-18   0.00000000       5.05004064E-05   70399128.0       16723.8809       79.2013474       0.00000000       426.437256       0.00000000       0.00000000       0.00000000       0.00000000       0.00000000       0.00000000       0.00000000    
   0.00000000       0.00000000       0.00000000       3.93981981E-27   3.44381289E-13   2.00202444E-13   1.07024205E-13   9.13217852E-13   2.70442882E-14   1.16263683E-14   0.00000000       3.03491126E-14   2.16995679E-14   1.16263573E-14   0.00000000       8.73999766E-15   2.51698585E-14   3.20937531E-14   9.24251113E-14   5.89839665E-18   0.00000000       5.04934469E-05   70389952.0       16722.6465       79.1981888       0.00000000       418.776276       0.00000000       0.00000000       0.00000000       0.00000000       0.00000000       0.00000000       0.00000000    
   0.00000000       0.00000000       0.00000000       3.93927785E-27   3.44340008E-13   2.00191521E-13   1.07009907E-13   9.13108348E-13   2.70429837E-14   1.16248148E-14   0.00000000       3.03454737E-14   2.16983820E-14   1.16248038E-14   0.00000000       8.73951739E-15   2.51664941E-14   3.20919913E-14   9.24127582E-14   5.79458258E-18   0.00000000       5.04864911E-05   70380776.0       16721.4121       79.1950302       0.00000000       411.252930       0.00000000       0.00000000       0.00000000       0.00000000       0.00000000       0.00000000       0.00000000    
   0.00000000       0.00000000       0.00000000       3.93873589E-27   3.44298754E-13   2.00180584E-13   1.06995603E-13   9.12998952E-13   2.70416759E-14   1.16232605E-14   0.00000000       3.03418383E-14   2.16971962E-14   1.16232504E-14   0.00000000       8.73903712E-15   2.51631313E-14   3.20902295E-14   9.24004119E-14   5.69259576E-18   0.00000000       5.04795353E-05   70371608.0       16720.1777       79.1918716       0.00000000       403.864746       0.00000000       0.00000000       0.00000000       0.00000000       0.00000000       0.00000000       0.00000000    
   0.00000000       0.00000000       0.00000000       3.93819394E-27   3.44257500E-13   2.00169661E-13   1.06981305E-13   9.12889556E-13   2.70403647E-14   1.16217079E-14   0.00000000       3.03382028E-14   2.16960103E-14   1.16216969E-14   0.00000000       8.73855770E-15   2.51597686E-14   3.20884676E-14   9.23880655E-14   5.59240351E-18   0.00000000       5.04725795E-05   70362432.0       16718.9434       79.1887131       0.00000000       396.609283       0.00000000       0.00000000       0.00000000       0.00000000       0.00000000       0.00000000       0.00000000    
   0.00000000       0.00000000       0.00000000       3.93765236E-27   3.44216246E-13   2.00158737E-13   1.06967007E-13   9.12780160E-13   2.70390501E-14   1.16201545E-14   0.00000000       3.03345673E-14   2.16948245E-14   1.16201443E-14   0.00000000       8.73807743E-15   2.51564059E-14   3.20867058E-14   9.23757192E-14   5.49397522E-18   0.00000000       5.04656273E-05   70353264.0       16717.7090       79.1855469       0.00000000       389.484161       0.00000000       0.00000000       0.00000000       0.00000000       0.00000000       0.00000000       0.00000000    
   0.00000000       0.00000000       0.00000000       3.93711041E-27   3.44174992E-13   2.00147800E-13   1.06952716E-13   9.12670764E-13   2.70377321E-14   1.16186019E-14   0.00000000       3.03309319E-14   2.16936386E-14   1.16185917E-14   0.00000000       8.73759801E-15   2.51530449E-14   3.20849440E-14   9.23633728E-14   5.39727905E-18   0.00000000       5.04586715E-05   70344096.0       16716.4746       79.1823883       0.00000000       382.487030       0.00000000       0.00000000       0.00000000       0.00000000       0.00000000       0.00000000       0.00000000    
   0.00000000       0.00000000       0.00000000       3.93656884E-27   3.44133766E-13   2.00136877E-13   1.06938425E-13   9.12561476E-13   2.70364125E-14   1.16170492E-14   0.00000000       3.03272964E-14   2.16924528E-14   1.16170391E-14   0.00000000       8.73711775E-15   2.51496838E-14   3.20831821E-14   9.23510332E-14   5.30228480E-18   0.00000000       5.04517193E-05   70334936.0       16715.2402       79.1792297       0.00000000       375.615631       0.00000000       0.00000000       0.00000000       0.00000000       0.00000000       0.00000000       0.00000000    
   0.00000000       0.00000000       0.00000000       3.93602726E-27   3.44092539E-13   2.00125940E-13   1.06924140E-13   9.12452080E-13   2.70350894E-14   1.16154975E-14   0.00000000       3.03236643E-14   2.16912669E-14   1.16154865E-14   0.00000000       8.73663833E-15   2.51463228E-14   3.20814203E-14   9.23386937E-14   5.20896270E-18   0.00000000       5.04447707E-05   70325768.0       16714.0059       79.1760712       0.00000000       368.867676       0.00000000       0.00000000       0.00000000       0.00000000       0.00000000       0.00000000       0.00000000    
   0.00000000       0.00000000       0.00000000       3.93548569E-27   3.44051312E-13   2.00115017E-13   1.06909856E-13   9.12342792E-13   2.70337646E-14   1.16139457E-14   0.00000000       3.03200322E-14   2.16900811E-14   1.16139347E-14   0.00000000       8.73615806E-15   2.51429635E-14   3.20796585E-14   9.23263609E-14   5.11728296E-18   0.00000000       5.04378186E-05   70316608.0       16712.7734       79.1729126       0.00000000       362.240936       0.00000000       0.00000000       0.00000000       0.00000000       0.00000000       0.00000000       0.00000000    
   0.00000000       0.00000000       0.00000000       3.93494451E-27   3.44010112E-13   2.00104093E-13   1.06895571E-13   9.12233505E-13   2.70324348E-14   1.16123940E-14   0.00000000       3.03164002E-14   2.16888953E-14   1.16123838E-14   0.00000000       8.73567864E-15   2.51396058E-14   3.20778967E-14   9.23140213E-14   5.02721664E-18   0.00000000       5.04308700E-05   70307448.0       16711.5391       79.1697540       0.00000000       355.733246       0.00000000       0.00000000       0.00000000       0.00000000       0.00000000       0.00000000       0.00000000    
   0.00000000       0.00000000       0.00000000       3.93440294E-27   3.43968913E-13   2.00093157E-13   1.06881294E-13   9.12124217E-13   2.70311049E-14   1.16108430E-14   0.00000000       3.03127681E-14   2.16877094E-14   1.16108320E-14   0.00000000       8.73519922E-15   2.51362465E-14   3.20761348E-14   9.23016885E-14   4.93873603E-18   0.00000000       5.04239215E-05   70298288.0       16710.3066       79.1665955       0.00000000       349.342468       0.00000000       0.00000000       0.00000000       0.00000000       0.00000000       0.00000000       0.00000000    
   0.00000000       0.00000000       0.00000000       3.93386175E-27   3.43927713E-13   2.00082233E-13   1.06867016E-13   9.12015038E-13   2.70297700E-14   1.16092921E-14   0.00000000       3.03091394E-14   2.16865236E-14   1.16092811E-14   0.00000000       8.73471980E-15   2.51328889E-14   3.20743730E-14   9.22893625E-14   4.85181217E-18   0.00000000       5.04169766E-05   70289128.0       16709.0723       79.1634293       0.00000000       343.066498       0.00000000       0.00000000       0.00000000       0.00000000       0.00000000       0.00000000       0.00000000    
   0.00000000       0.00000000       0.00000000       3.93332056E-27   3.43886513E-13   2.00071296E-13   1.06852739E-13   9.11905751E-13   2.70284334E-14   1.16077412E-14   0.00000000       3.03055073E-14   2.16853377E-14   1.16077302E-14   0.00000000       8.73424037E-15   2.51295312E-14   3.20726146E-14   9.22770364E-14   4.76641859E-18   0.00000000       5.04100281E-05   70279976.0       16707.8398       79.1602707       0.00000000       336.903290       0.00000000       0.00000000       0.00000000       0.00000000       0.00000000       0.00000000       0.00000000    
   0.00000000       0.00000000       0.00000000       3.93277938E-27   3.43845341E-13   2.00060373E-13   1.06838468E-13   9.11796571E-13   2.70270951E-14   1.16061911E-14   0.00000000       3.03018786E-14   2.16841519E-14   1.16061801E-14   0.00000000       8.73376095E-15   2.51261753E-14   3.20708527E-14   9.22647104E-14   4.68252759E-18   0.00000000       5.04030832E-05   70270824.0       16706.6074       79.1571121       0.00000000       330.850800       0.00000000       0.00000000       0.00000000       0.00000000       0.00000000       0.00000000       0.00000000    
   0.00000000       0.00000000       0.00000000       3.93223858E-27   3.43804168E-13   2.00049450E-13   1.06824197E-13   9.11687392E-13   2.70257534E-14   1.16046411E-14   0.00000000       3.02982499E-14   2.16829677E-14   1.16046301E-14   0.00000000       8.73328069E-15   2.51228193E-14   3.20690909E-14   9.22523844E-14   4.60011351E-18   0.00000000       5.03961382E-05   70261672.0       16705.3730       79.1539536       0.00000000       324.907013       0.00000000       0.00000000       0.00000000       0.00000000       0.00000000       0.00000000       0.00000000    
   0.00000000       0.00000000       0.00000000       3.93169739E-27   3.43762995E-13   2.00038513E-13   1.06809933E-13   9.11578213E-13   2.70244100E-14   1.16030910E-14   0.00000000       3.02946212E-14   2.16817819E-14   1.16030800E-14   0.00000000       8.73280211E-15   2.51194651E-14   3.20673325E-14   9.22400651E-14   4.51914949E-18   0.00000000       5.03891970E-05   70252520.0       16704.1406       79.1507950       0.00000000       319.070038       0.00000000       0.00000000       0.00000000       0.00000000       0.00000000       0.00000000       0.00000000    
   0.00000000       0.00000000       0.00000000       3.93115659E-27   3.43721823E-13   2.00027589E-13   1.06795669E-13   9.11469034E-13   2.70230632E-14   1.16015409E-14   0.00000000       3.02909959E-14   2.16805960E-14   1.16015308E-14   0.00000000       8.73232269E-15   2.51161091E-14   3.20655706E-14   9.22277459E-14   4.43961070E-18   0.00000000       5.03822521E-05   70243368.0       16702.9082       79.1476364       0.00000000       313.337921       0.00000000       0.00000000       0.00000000       0.00000000       0.00000000       0.00000000       0.00000000    
   0.00000000       0.00000000       0.00000000       3.93061579E-27   3.43680677E-13   2.00016653E-13   1.06781405E-13   9.11359963E-13   2.70217147E-14   1.15999917E-14   0.00000000       3.02873673E-14   2.16794102E-14   1.15999815E-14   0.00000000       8.73184327E-15   2.51127566E-14   3.20638122E-14   9.22154334E-14   4.36147191E-18   0.00000000       5.03753108E-05   70234224.0       16701.6758       79.1444778       0.00000000       307.708771       0.00000000       0.00000000       0.00000000       0.00000000       0.00000000       0.00000000       0.00000000    
   0.00000000       0.00000000       0.00000000       3.93007499E-27   3.43639532E-13   2.00005729E-13   1.06767148E-13   9.11250784E-13   2.70203646E-14   1.15984433E-14   0.00000000       3.02837420E-14   2.16782243E-14   1.15984323E-14   0.00000000       8.73136385E-15   2.51094023E-14   3.20620504E-14   9.22031142E-14   4.28470831E-18   0.00000000       5.03683732E-05   70225080.0       16700.4434       79.1413193       0.00000000       302.180786       0.00000000       0.00000000       0.00000000       0.00000000       0.00000000       0.00000000       0.00000000    
   0.00000000       0.00000000       0.00000000       3.92953418E-27   3.43598387E-13   1.99994806E-13   1.06752890E-13   9.11141713E-13   2.70190110E-14   1.15968941E-14   0.00000000       3.02801167E-14   2.16770385E-14   1.15968839E-14   0.00000000       8.73088443E-15   2.51060498E-14   3.20602919E-14   9.21908085E-14   4.20929590E-18   0.00000000       5.03614319E-05   70215936.0       16699.2109       79.1381607       0.00000000       296.752075       0.00000000       0.00000000       0.00000000       0.00000000       0.00000000       0.00000000       0.00000000    
   0.00000000       0.00000000       0.00000000       3.92899377E-27   3.43557241E-13   1.99983869E-13   1.06738640E-13   9.11032643E-13   2.70176558E-14   1.15953457E-14   0.00000000       3.02764914E-14   2.16758543E-14   1.15953356E-14   0.00000000       8.73040501E-15   2.51026972E-14   3.20585335E-14   9.21784960E-14   4.13521071E-18   0.00000000       5.03544943E-05   70206792.0       16697.9785       79.1350021       0.00000000       291.420898       0.00000000       0.00000000       0.00000000       0.00000000       0.00000000       0.00000000       0.00000000    
   0.00000000       0.00000000       0.00000000       3.92845297E-27   3.43516123E-13   1.99972946E-13   1.06724383E-13   9.10923572E-13   2.70162971E-14   1.15937973E-14   0.00000000       3.02728661E-14   2.16746685E-14   1.15937872E-14   0.00000000       8.72992644E-15   2.50993464E-14   3.20567717E-14   9.21661903E-14   4.06242957E-18   0.00000000       5.03475567E-05   70197648.0       16696.7480       79.1318436       0.00000000       286.185486       0.00000000       0.00000000       0.00000000       0.00000000       0.00000000       0.00000000       0.00000000    
   0.00000000       0.00000000       0.00000000       3.92791255E-27   3.43475004E-13   1.99962009E-13   1.06710139E-13   9.10814609E-13   2.70149385E-14   1.15922498E-14   0.00000000       3.02692441E-14   2.16734826E-14   1.15922397E-14   0.00000000       8.72944702E-15   2.50959955E-14   3.20550132E-14   9.21538846E-14   3.99092891E-18   0.00000000       5.03406191E-05   70188512.0       16695.5156       79.1286850       0.00000000       281.044159       0.00000000       0.00000000       0.00000000       0.00000000       0.00000000       0.00000000       0.00000000    
   0.00000000       0.00000000       0.00000000       3.92737214E-27   3.43433886E-13   1.99951085E-13   1.06695889E-13   9.10705539E-13   2.70135764E-14   1.15907023E-14   0.00000000       3.02656222E-14   2.16722968E-14   1.15906913E-14   0.00000000       8.72896759E-15   2.50926446E-14   3.20532548E-14   9.21415789E-14   3.92068721E-18   0.00000000       5.03336851E-05   70179376.0       16694.2832       79.1255264       0.00000000       275.995178       0.00000000       0.00000000       0.00000000       0.00000000       0.00000000       0.00000000       0.00000000    
   0.00000000       0.00000000       0.00000000       3.92683210E-27   3.43392795E-13   1.99940162E-13   1.06681652E-13   9.10596576E-13   2.70122127E-14   1.15891548E-14   0.00000000       3.02619969E-14   2.16711110E-14   1.15891446E-14   0.00000000       8.72848902E-15   2.50892955E-14   3.20514963E-14   9.21292800E-14   3.85168174E-18   0.00000000       5.03267474E-05   70170240.0       16693.0527       79.1223679       0.00000000       271.036896       0.00000000       0.00000000       0.00000000       0.00000000       0.00000000       0.00000000       0.00000000    
   0.00000000       0.00000000       0.00000000       3.92629169E-27   3.43351676E-13   1.99929225E-13   1.06667408E-13   9.10487506E-13   2.70108456E-14   1.15876081E-14   0.00000000       3.02583750E-14   2.16699268E-14   1.15875971E-14   0.00000000       8.72800960E-15   2.50859463E-14   3.20497345E-14   9.21169811E-14   3.78389056E-18   0.00000000       5.03198135E-05   70161104.0       16691.8203       79.1192093       0.00000000       266.167694       0.00000000       0.00000000       0.00000000       0.00000000       0.00000000       0.00000000       0.00000000    
   0.00000000       0.00000000       0.00000000       3.92575166E-27   3.43310585E-13   1.99918302E-13   1.06653171E-13   9.10378543E-13   2.70094785E-14   1.15860614E-14   0.00000000       3.02547565E-14   2.16687410E-14   1.15860504E-14   0.00000000       8.72753103E-15   2.50825971E-14   3.20479761E-14   9.21046889E-14   3.71729260E-18   0.00000000       5.03128831E-05   70151968.0       16690.5898       79.1160507       0.00000000       261.385956       0.00000000       0.00000000       0.00000000       0.00000000       0.00000000       0.00000000       0.00000000    
   0.00000000       0.00000000       0.00000000       3.92521163E-27   3.43269521E-13   1.99907365E-13   1.06638934E-13   9.10269689E-13   2.70081080E-14   1.15845147E-14   0.00000000       3.02511346E-14   2.16675551E-14   1.15845045E-14   0.00000000       8.72705161E-15   2.50792497E-14   3.20462176E-14   9.20923968E-14   3.65186675E-18   0.00000000       5.03059491E-05   70142840.0       16689.3574       79.1128998       0.00000000       256.690155       0.00000000       0.00000000       0.00000000       0.00000000       0.00000000       0.00000000       0.00000000    
   0.00000000       0.00000000       0.00000000       3.92467160E-27   3.43228430E-13   1.99896442E-13   1.06624704E-13   9.10160727E-13   2.70067358E-14   1.15829689E-14   0.00000000       3.02475127E-14   2.16663710E-14   1.15829579E-14   0.00000000       8.72657303E-15   2.50759022E-14   3.20444592E-14   9.20801047E-14   3.58759233E-18   0.00000000       5.02990188E-05   70133712.0       16688.1270       79.1097412       0.00000000       252.078690       0.00000000       0.00000000       0.00000000       0.00000000       0.00000000       0.00000000       0.00000000    
   0.00000000       0.00000000       0.00000000       3.92413157E-27   3.43187365E-13   1.99885518E-13   1.06610474E-13   9.10051765E-13   2.70053619E-14   1.15814230E-14   0.00000000       3.02438941E-14   2.16651851E-14   1.15814120E-14   0.00000000       8.72609446E-15   2.50725564E-14   3.20427007E-14   9.20678125E-14   3.52444950E-18   0.00000000       5.02920884E-05   70124584.0       16686.8965       79.1065826       0.00000000       247.550079       0.00000000       0.00000000       0.00000000       0.00000000       0.00000000       0.00000000       0.00000000    
   0.00000000       0.00000000       0.00000000       3.92359153E-27   3.43146301E-13   1.99874581E-13   1.06596244E-13   9.09942911E-13   2.70039863E-14   1.15798772E-14   0.00000000       3.02402756E-14   2.16639993E-14   1.15798670E-14   0.00000000       8.72561504E-15   2.50692089E-14   3.20409423E-14   9.20555272E-14   3.46241778E-18   0.00000000       5.02851581E-05   70115456.0       16685.6641       79.1034241       0.00000000       243.102814       0.00000000       0.00000000       0.00000000       0.00000000       0.00000000       0.00000000       0.00000000    
   0.00000000       0.00000000       0.00000000       3.92305189E-27   3.43105237E-13   1.99863658E-13   1.06582020E-13   9.09834057E-13   2.70026091E-14   1.15783322E-14   0.00000000       3.02366571E-14   2.16628151E-14   1.15783212E-14   0.00000000       8.72513646E-15   2.50658648E-14   3.20391839E-14   9.20432418E-14   3.40147793E-18   0.00000000       5.02782314E-05   70106328.0       16684.4336       79.1002655       0.00000000       238.735458       0.00000000       0.00000000       0.00000000       0.00000000       0.00000000       0.00000000       0.00000000    
   0.00000000       0.00000000       0.00000000       3.92251224E-27   3.43064173E-13   1.99852735E-13   1.06567797E-13   9.09725203E-13   2.70012301E-14   1.15767872E-14   0.00000000       3.02330386E-14   2.16616293E-14   1.15767762E-14   0.00000000       8.72465789E-15   2.50625191E-14   3.20374288E-14   9.20309632E-14   3.34161074E-18   0.00000000       5.02713046E-05   70097208.0       16683.2031       79.0971069       0.00000000       234.446548       0.00000000       0.00000000       0.00000000       0.00000000       0.00000000       0.00000000       0.00000000    
   0.00000000       0.00000000       0.00000000       3.92197260E-27   3.43023136E-13   1.99841798E-13   1.06553580E-13   9.09616349E-13   2.69998494E-14   1.15752422E-14   0.00000000       3.02294234E-14   2.16604434E-14   1.15752321E-14   0.00000000       8.72417932E-15   2.50591750E-14   3.20356704E-14   9.20186778E-14   3.28279696E-18   0.00000000       5.02643779E-05   70088088.0       16681.9727       79.0939484       0.00000000       230.234695       0.00000000       0.00000000       0.00000000       0.00000000       0.00000000       0.00000000       0.00000000    
   0.00000000       0.00000000       0.00000000       3.92143295E-27   3.42982099E-13   1.99830875E-13   1.06539364E-13   9.09507495E-13   2.69984671E-14   1.15736981E-14   0.00000000       3.02258049E-14   2.16592593E-14   1.15736871E-14   0.00000000       8.72370074E-15   2.50558326E-14   3.20339119E-14   9.20064060E-14   3.22501860E-18   0.00000000       5.02574549E-05   70078968.0       16680.7422       79.0907898       0.00000000       226.098511       0.00000000       0.00000000       0.00000000       0.00000000       0.00000000       0.00000000       0.00000000    
   0.00000000       0.00000000       0.00000000       3.92089331E-27   3.42941062E-13   1.99819951E-13   1.06525147E-13   9.09398696E-13   2.69970830E-14   1.15721540E-14   0.00000000       3.02221898E-14   2.16580734E-14   1.15721429E-14   0.00000000       8.72322217E-15   2.50524885E-14   3.20321535E-14   9.19941274E-14   3.16825705E-18   0.00000000       5.02505281E-05   70069848.0       16679.5117       79.0876389       0.00000000       222.036636       0.00000000       0.00000000       0.00000000       0.00000000       0.00000000       0.00000000       0.00000000    
   0.00000000       0.00000000       0.00000000       3.92035405E-27   3.42900052E-13   1.99809028E-13   1.06510937E-13   9.09289896E-13   2.69956973E-14   1.15706098E-14   0.00000000       3.02185746E-14   2.16568893E-14   1.15705988E-14   0.00000000       8.72274360E-15   2.50491461E-14   3.20303984E-14   9.19818556E-14   3.11249453E-18   0.00000000       5.02436051E-05   70060728.0       16678.2812       79.0844803       0.00000000       218.047729       0.00000000       0.00000000       0.00000000       0.00000000       0.00000000       0.00000000       0.00000000    
   0.00000000       0.00000000       0.00000000       3.91981479E-27   3.42859015E-13   1.99798091E-13   1.06496727E-13   9.09181096E-13   2.69943098E-14   1.15690665E-14   0.00000000       3.02149595E-14   2.16557034E-14   1.15690555E-14   0.00000000       8.72226502E-15   2.50458054E-14   3.20286400E-14   9.19695838E-14   3.05771325E-18   0.00000000       5.02366820E-05   70051616.0       16677.0508       79.0813217       0.00000000       214.130493       0.00000000       0.00000000       0.00000000       0.00000000       0.00000000       0.00000000       0.00000000    
   0.00000000       0.00000000       0.00000000       3.91927553E-27   3.42818005E-13   1.99787168E-13   1.06482518E-13   9.09072351E-13   2.69929207E-14   1.15675232E-14   0.00000000       3.02113444E-14   2.16545193E-14   1.15675122E-14   0.00000000       8.72178645E-15   2.50424630E-14   3.20268816E-14   9.19573120E-14   3.00389647E-18   0.00000000       5.02297626E-05   70042496.0       16675.8203       79.0781631       0.00000000       210.283615       0.00000000       0.00000000       0.00000000       0.00000000       0.00000000       0.00000000       0.00000000    
   0.00000000       0.00000000       0.00000000       3.91873627E-27   3.42776995E-13   1.99776244E-13   1.06468315E-13   9.08963605E-13   2.69915299E-14   1.15659799E-14   0.00000000       3.02077326E-14   2.16533334E-14   1.15659689E-14   0.00000000       8.72130788E-15   2.50391240E-14   3.20251265E-14   9.19450470E-14   2.95102660E-18   0.00000000       5.02228431E-05   70033384.0       16674.5918       79.0750046       0.00000000       206.505859       0.00000000       0.00000000       0.00000000       0.00000000       0.00000000       0.00000000       0.00000000    
   0.00000000       0.00000000       0.00000000       3.91819700E-27   3.42735985E-13   1.99765321E-13   1.06454111E-13   9.08854914E-13   2.69901374E-14   1.15644375E-14   0.00000000       3.02041175E-14   2.16521493E-14   1.15644265E-14   0.00000000       8.72082930E-15   2.50357833E-14   3.20233681E-14   9.19327819E-14   2.89908751E-18   0.00000000       5.02159201E-05   70024272.0       16673.3613       79.0718536       0.00000000       202.795959       0.00000000       0.00000000       0.00000000       0.00000000       0.00000000       0.00000000       0.00000000    
   0.00000000       0.00000000       0.00000000       3.91765813E-27   3.42695002E-13   1.99754398E-13   1.06439915E-13   9.08746169E-13   2.69887431E-14   1.15628950E-14   0.00000000       3.02005057E-14   2.16509634E-14   1.15628840E-14   0.00000000       8.72035073E-15   2.50324443E-14   3.20216130E-14   9.19205237E-14   2.84806247E-18   0.00000000       5.02090043E-05   70015168.0       16672.1309       79.0686951       0.00000000       199.152710       0.00000000       0.00000000       0.00000000       0.00000000       0.00000000       0.00000000       0.00000000    
   0.00000000       0.00000000       0.00000000       3.91711925E-27   3.42654019E-13   1.99743461E-13   1.06425719E-13   9.08637477E-13   2.69873489E-14   1.15613526E-14   0.00000000       3.01968940E-14   2.16497793E-14   1.15613416E-14   0.00000000       8.71987216E-15   2.50291053E-14   3.20198546E-14   9.19082654E-14   2.79793532E-18   0.00000000       5.02020848E-05   70006056.0       16670.9023       79.0655365       0.00000000       195.574921       0.00000000       0.00000000       0.00000000       0.00000000       0.00000000       0.00000000       0.00000000    
   0.00000000       0.00000000       0.00000000       3.91658038E-27   3.42613036E-13   1.99732537E-13   1.06411523E-13   9.08528840E-13   2.69859530E-14   1.15598110E-14   0.00000000       3.01932822E-14   2.16485934E-14   1.15598000E-14   0.00000000       8.71939443E-15   2.50257680E-14   3.20180995E-14   9.18960071E-14   2.74869078E-18   0.00000000       5.01951690E-05   69996952.0       16669.6719       79.0623779       0.00000000       192.061401       0.00000000       0.00000000       0.00000000       0.00000000       0.00000000       0.00000000       0.00000000    
   0.00000000       0.00000000       0.00000000       3.91604150E-27   3.42572054E-13   1.99721614E-13   1.06397333E-13   9.08420149E-13   2.69845537E-14   1.15582694E-14   0.00000000       3.01896705E-14   2.16474093E-14   1.15582584E-14   0.00000000       8.71891585E-15   2.50224307E-14   3.20163411E-14   9.18837489E-14   2.70031270E-18   0.00000000       5.01882532E-05   69987840.0       16668.4434       79.0592270       0.00000000       188.611008       0.00000000       0.00000000       0.00000000       0.00000000       0.00000000       0.00000000       0.00000000    
   0.00000000       0.00000000       0.00000000       3.91550263E-27   3.42531098E-13   1.99710691E-13   1.06383144E-13   9.08311512E-13   2.69831544E-14   1.15567278E-14   0.00000000       3.01860587E-14   2.16462251E-14   1.15567168E-14   0.00000000       8.71843728E-15   2.50190934E-14   3.20145860E-14   9.18714974E-14   2.65278622E-18   0.00000000       5.01813374E-05   69978736.0       16667.2148       79.0560684       0.00000000       185.222595       0.00000000       0.00000000       0.00000000       0.00000000       0.00000000       0.00000000       0.00000000    
   0.00000000       0.00000000       0.00000000       3.91496414E-27   3.42490115E-13   1.99699767E-13   1.06368961E-13   9.08202875E-13   2.69817534E-14   1.15551870E-14   0.00000000       3.01824504E-14   2.16450393E-14   1.15551760E-14   0.00000000       8.71795955E-15   2.50157578E-14   3.20128310E-14   9.18592459E-14   2.60609601E-18   0.00000000       5.01744253E-05   69969632.0       16665.9844       79.0529099       0.00000000       181.895050       0.00000000       0.00000000       0.00000000       0.00000000       0.00000000       0.00000000       0.00000000    
   0.00000000       0.00000000       0.00000000       3.91442526E-27   3.42449159E-13   1.99688844E-13   1.06354778E-13   9.08094292E-13   2.69803524E-14   1.15536463E-14   0.00000000       3.01788420E-14   2.16438551E-14   1.15536353E-14   0.00000000       8.71748098E-15   2.50124221E-14   3.20110759E-14   9.18469944E-14   2.56022781E-18   0.00000000       5.01675131E-05   69960536.0       16664.7559       79.0497589       0.00000000       178.627289       0.00000000       0.00000000       0.00000000       0.00000000       0.00000000       0.00000000       0.00000000    
   0.00000000       0.00000000       0.00000000       3.91388677E-27   3.42408231E-13   1.99677921E-13   1.06340596E-13   9.07985709E-13   2.69789480E-14   1.15521055E-14   0.00000000       3.01752303E-14   2.16426710E-14   1.15520945E-14   0.00000000       8.71700325E-15   2.50090865E-14   3.20093175E-14   9.18347497E-14   2.51516673E-18   0.00000000       5.01606009E-05   69951432.0       16663.5273       79.0466003       0.00000000       175.418243       0.00000000       0.00000000       0.00000000       0.00000000       0.00000000       0.00000000       0.00000000    
   0.00000000       0.00000000       0.00000000       3.91334828E-27   3.42367275E-13   1.99666997E-13   1.06326420E-13   9.07877126E-13   2.69775437E-14   1.15505656E-14   0.00000000       3.01716219E-14   2.16414868E-14   1.15505546E-14   0.00000000       8.71652468E-15   2.50057526E-14   3.20075624E-14   9.18225050E-14   2.47089892E-18   0.00000000       5.01536888E-05   69942336.0       16662.2988       79.0434418       0.00000000       172.266830       0.00000000       0.00000000       0.00000000       0.00000000       0.00000000       0.00000000       0.00000000    
   0.00000000       0.00000000       0.00000000       3.91280979E-27   3.42326346E-13   1.99656074E-13   1.06312244E-13   9.07768543E-13   2.69761376E-14   1.15490257E-14   0.00000000       3.01680169E-14   2.16403010E-14   1.15490147E-14   0.00000000       8.71604695E-15   2.50024187E-14   3.20058074E-14   9.18102671E-14   2.42741010E-18   0.00000000       5.01467803E-05   69933240.0       16661.0703       79.0402908       0.00000000       169.172043       0.00000000       0.00000000       0.00000000       0.00000000       0.00000000       0.00000000       0.00000000    
   0.00000000       0.00000000       0.00000000       3.91227169E-27   3.42285391E-13   1.99645151E-13   1.06298068E-13   9.07660015E-13   2.69747315E-14   1.15474858E-14   0.00000000       3.01644086E-14   2.16391168E-14   1.15474748E-14   0.00000000       8.71556923E-15   2.49990848E-14   3.20040523E-14   9.17980291E-14   2.38468685E-18   0.00000000       5.01398717E-05   69924144.0       16659.8418       79.0371323       0.00000000       166.132858       0.00000000       0.00000000       0.00000000       0.00000000       0.00000000       0.00000000       0.00000000    
   0.00000000       0.00000000       0.00000000       3.91173358E-27   3.42244462E-13   1.99634227E-13   1.06283899E-13   9.07551486E-13   2.69733237E-14   1.15459468E-14   0.00000000       3.01608002E-14   2.16379327E-14   1.15459358E-14   0.00000000       8.71509065E-15   2.49957525E-14   3.20022973E-14   9.17857912E-14   2.34271529E-18   0.00000000       5.01329632E-05   69915048.0       16658.6133       79.0339737       0.00000000       163.148270       0.00000000       0.00000000       0.00000000       0.00000000       0.00000000       0.00000000       0.00000000    
   0.00000000       0.00000000       0.00000000       3.91119548E-27   3.42203560E-13   1.99623304E-13   1.06269729E-13   9.07442958E-13   2.69719143E-14   1.15444077E-14   0.00000000       3.01571952E-14   2.16367485E-14   1.15443967E-14   0.00000000       8.71461293E-15   2.49924203E-14   3.20005422E-14   9.17735533E-14   2.30148261E-18   0.00000000       5.01260547E-05   69905960.0       16657.3848       79.0308228       0.00000000       160.217300       0.00000000       0.00000000       0.00000000       0.00000000       0.00000000       0.00000000       0.00000000    
   0.00000000       0.00000000       0.00000000       3.91065737E-27   3.42162632E-13   1.99612381E-13   1.06255567E-13   9.07334483E-13   2.69705031E-14   1.15428686E-14   0.00000000       3.01535903E-14   2.16355644E-14   1.15428576E-14   0.00000000       8.71413520E-15   2.49890898E-14   3.19987872E-14   9.17613221E-14   2.26097578E-18   0.00000000       5.01191498E-05   69896864.0       16656.1562       79.0276642       0.00000000       157.338974       0.00000000       0.00000000       0.00000000       0.00000000       0.00000000       0.00000000       0.00000000    
   0.00000000       0.00000000       0.00000000       3.91011927E-27   3.42121730E-13   1.99601457E-13   1.06241405E-13   9.07226009E-13   2.69690920E-14   1.15413304E-14   0.00000000       3.01499853E-14   2.16343785E-14   1.15413194E-14   0.00000000       8.71365663E-15   2.49857592E-14   3.19970321E-14   9.17490910E-14   2.22118157E-18   0.00000000       5.01122449E-05   69887776.0       16654.9277       79.0245132       0.00000000       154.512375       0.00000000       0.00000000       0.00000000       0.00000000       0.00000000       0.00000000       0.00000000    
   0.00000000       0.00000000       0.00000000       3.90958116E-27   3.42080829E-13   1.99590534E-13   1.06227242E-13   9.07117534E-13   2.69676791E-14   1.15397922E-14   0.00000000       3.01463803E-14   2.16331944E-14   1.15397812E-14   0.00000000       8.71317890E-15   2.49824287E-14   3.19952771E-14   9.17368598E-14   2.18208798E-18   0.00000000       5.01053401E-05   69878688.0       16653.6992       79.0213547       0.00000000       151.736542       0.00000000       0.00000000       0.00000000       0.00000000       0.00000000       0.00000000       0.00000000    
   0.00000000       0.00000000       0.00000000       3.90904345E-27   3.42039927E-13   1.99579611E-13   1.06213087E-13   9.07009060E-13   2.69662646E-14   1.15382540E-14   0.00000000       3.01427753E-14   2.16320102E-14   1.15382430E-14   0.00000000       8.71270117E-15   2.49790999E-14   3.19935220E-14   9.17246354E-14   2.14368240E-18   0.00000000       5.00984352E-05   69869600.0       16652.4727       79.0181961       0.00000000       149.010590       0.00000000       0.00000000       0.00000000       0.00000000       0.00000000       0.00000000       0.00000000    
   0.00000000       0.00000000       0.00000000       3.90850573E-27   3.41999053E-13   1.99568687E-13   1.06198931E-13   9.06900640E-13   2.69648500E-14   1.15367166E-14   0.00000000       3.01391738E-14   2.16308261E-14   1.15367056E-14   0.00000000       8.71222345E-15   2.49757710E-14   3.19917670E-14   9.17124110E-14   2.10595283E-18   0.00000000       5.00915339E-05   69860512.0       16651.2441       79.0150452       0.00000000       146.333603       0.00000000       0.00000000       0.00000000       0.00000000       0.00000000       0.00000000       0.00000000    
   0.00000000       0.00000000       0.00000000       3.90796801E-27   3.41958151E-13   1.99557778E-13   1.06184782E-13   9.06792219E-13   2.69634338E-14   1.15351793E-14   0.00000000       3.01355688E-14   2.16296419E-14   1.15351683E-14   0.00000000       8.71174572E-15   2.49724422E-14   3.19900119E-14   9.17001934E-14   2.06888728E-18   0.00000000       5.00846327E-05   69851432.0       16650.0156       79.0118866       0.00000000       143.704697       0.00000000       0.00000000       0.00000000       0.00000000       0.00000000       0.00000000       0.00000000    
   0.00000000       0.00000000       0.00000000       3.90743029E-27   3.41917277E-13   1.99546854E-13   1.06170633E-13   9.06683853E-13   2.69620159E-14   1.15336419E-14   0.00000000       3.01319672E-14   2.16284578E-14   1.15336309E-14   0.00000000       8.71126799E-15   2.49691150E-14   3.19882569E-14   9.16879691E-14   2.03247396E-18   0.00000000       5.00777314E-05   69842344.0       16648.7891       79.0087357       0.00000000       141.123032       0.00000000       0.00000000       0.00000000       0.00000000       0.00000000       0.00000000       0.00000000    
   0.00000000       0.00000000       0.00000000       3.90689257E-27   3.41876402E-13   1.99535931E-13   1.06156484E-13   9.06575433E-13   2.69605979E-14   1.15321045E-14   0.00000000       3.01283656E-14   2.16272736E-14   1.15320944E-14   0.00000000       8.71079027E-15   2.49657879E-14   3.19865052E-14   9.16757515E-14   1.99670171E-18   0.00000000       5.00708338E-05   69833264.0       16647.5605       79.0055771       0.00000000       138.587753       0.00000000       0.00000000       0.00000000       0.00000000       0.00000000       0.00000000       0.00000000    
   0.00000000       0.00000000       0.00000000       3.90635523E-27   3.41835528E-13   1.99525008E-13   1.06142342E-13   9.06467067E-13   2.69591783E-14   1.15305680E-14   0.00000000       3.01247640E-14   2.16260895E-14   1.15305579E-14   0.00000000       8.71031254E-15   2.49624608E-14   3.19847501E-14   9.16635406E-14   1.96155894E-18   0.00000000       5.00639326E-05   69824184.0       16646.3340       79.0024261       0.00000000       136.098007       0.00000000       0.00000000       0.00000000       0.00000000       0.00000000       0.00000000       0.00000000    
   0.00000000       0.00000000       0.00000000       3.90581790E-27   3.41794681E-13   1.99514098E-13   1.06128200E-13   9.06358701E-13   2.69577587E-14   1.15290324E-14   0.00000000       3.01211625E-14   2.16249070E-14   1.15290213E-14   0.00000000       8.70983481E-15   2.49591353E-14   3.19829951E-14   9.16513298E-14   1.92703470E-18   0.00000000       5.00570350E-05   69815104.0       16645.1074       78.9992676       0.00000000       133.653000       0.00000000       0.00000000       0.00000000       0.00000000       0.00000000       0.00000000       0.00000000    
   0.00000000       0.00000000       0.00000000       3.90528056E-27   3.41753833E-13   1.99503174E-13   1.06114058E-13   9.06250389E-13   2.69563373E-14   1.15274958E-14   0.00000000       3.01175609E-14   2.16237228E-14   1.15274857E-14   0.00000000       8.70935709E-15   2.49558099E-14   3.19812434E-14   9.16391190E-14   1.89311822E-18   0.00000000       5.00501410E-05   69806024.0       16643.8789       78.9961166       0.00000000       131.251907       0.00000000       0.00000000       0.00000000       0.00000000       0.00000000       0.00000000       0.00000000    
   0.00000000       0.00000000       0.00000000       3.90474323E-27   3.41712959E-13   1.99492251E-13   1.06099923E-13   9.06142078E-13   2.69549160E-14   1.15259602E-14   0.00000000       3.01139627E-14   2.16225387E-14   1.15259500E-14   0.00000000       8.70887936E-15   2.49524844E-14   3.19794884E-14   9.16269082E-14   1.85979856E-18   0.00000000       5.00432434E-05   69796952.0       16642.6523       78.9929581       0.00000000       128.893951       0.00000000       0.00000000       0.00000000       0.00000000       0.00000000       0.00000000       0.00000000    
   0.00000000       0.00000000       0.00000000       3.90420589E-27   3.41672139E-13   1.99481341E-13   1.06085788E-13   9.06033766E-13   2.69534930E-14   1.15244253E-14   0.00000000       3.01103611E-14   2.16213545E-14   1.15244143E-14   0.00000000       8.70840248E-15   2.49491606E-14   3.19777367E-14   9.16147041E-14   1.82706537E-18   0.00000000       5.00363494E-05   69787880.0       16641.4258       78.9898071       0.00000000       126.578369       0.00000000       0.00000000       0.00000000       0.00000000       0.00000000       0.00000000       0.00000000    
   0.00000000       0.00000000       0.00000000       3.90366895E-27   3.41631291E-13   1.99470418E-13   1.06071659E-13   9.05925454E-13   2.69520683E-14   1.15228897E-14   0.00000000       3.01067629E-14   2.16201704E-14   1.15228795E-14   0.00000000       8.70792476E-15   2.49458369E-14   3.19759816E-14   9.16025001E-14   1.79490831E-18   0.00000000       5.00294555E-05   69778800.0       16640.1992       78.9866486       0.00000000       124.304375       0.00000000       0.00000000       0.00000000       0.00000000       0.00000000       0.00000000       0.00000000    
   0.00000000       0.00000000       0.00000000       3.90313200E-27   3.41590444E-13   1.99459495E-13   1.06057531E-13   9.05817196E-13   2.69506436E-14   1.15213549E-14   0.00000000       3.01031647E-14   2.16189879E-14   1.15213447E-14   0.00000000       8.70744703E-15   2.49425148E-14   3.19742300E-14   9.15902960E-14   1.76331725E-18   0.00000000       5.00225615E-05   69769728.0       16638.9727       78.9834976       0.00000000       122.071236       0.00000000       0.00000000       0.00000000       0.00000000       0.00000000       0.00000000       0.00000000    
   0.00000000       0.00000000       0.00000000       3.90259466E-27   3.41549624E-13   1.99448585E-13   1.06043402E-13   9.05708939E-13   2.69492189E-14   1.15198209E-14   0.00000000       3.00995665E-14   2.16178038E-14   1.15198099E-14   0.00000000       8.70696930E-15   2.49391928E-14   3.19724749E-14   9.15780987E-14   1.73228226E-18   0.00000000       5.00156711E-05   69760664.0       16637.7441       78.9803391       0.00000000       119.878220       0.00000000       0.00000000       0.00000000       0.00000000       0.00000000       0.00000000       0.00000000    
   0.00000000       0.00000000       0.00000000       3.90205810E-27   3.41508804E-13   1.99437661E-13   1.06029280E-13   9.05600681E-13   2.69477925E-14   1.15182861E-14   0.00000000       3.00959683E-14   2.16166196E-14   1.15182759E-14   0.00000000       8.70649242E-15   2.49358707E-14   3.19707233E-14   9.15659015E-14   1.70179342E-18   0.00000000       5.00087808E-05   69751592.0       16636.5176       78.9771881       0.00000000       117.724594       0.00000000       0.00000000       0.00000000       0.00000000       0.00000000       0.00000000       0.00000000    
   0.00000000       0.00000000       0.00000000       3.90152115E-27   3.41467983E-13   1.99426752E-13   1.06015159E-13   9.05492424E-13   2.69463661E-14   1.15167521E-14   0.00000000       3.00923735E-14   2.16154355E-14   1.15167419E-14   0.00000000       8.70601470E-15   2.49325503E-14   3.19689682E-14   9.15537042E-14   1.67184121E-18   0.00000000       5.00018905E-05   69742520.0       16635.2930       78.9740372       0.00000000       115.609665       0.00000000       0.00000000       0.00000000       0.00000000       0.00000000       0.00000000       0.00000000    
   0.00000000       0.00000000       0.00000000       3.90098420E-27   3.41427190E-13   1.99415828E-13   1.06001037E-13   9.05384220E-13   2.69449380E-14   1.15152189E-14   0.00000000       3.00887753E-14   2.16142530E-14   1.15152079E-14   0.00000000       8.70553782E-15   2.49292300E-14   3.19672166E-14   9.15415137E-14   1.64241612E-18   0.00000000       4.99950002E-05   69733456.0       16634.0664       78.9708786       0.00000000       113.532730       0.00000000       0.00000000       0.00000000       0.00000000       0.00000000       0.00000000       0.00000000    
   0.00000000       0.00000000       0.00000000       3.90044763E-27   3.41386370E-13   1.99404919E-13   1.05986922E-13   9.05276017E-13   2.69435082E-14   1.15136850E-14   0.00000000       3.00851805E-14   2.16130689E-14   1.15136740E-14   0.00000000       8.70506009E-15   2.49259096E-14   3.19654649E-14   9.15293232E-14   1.61350895E-18   0.00000000       4.99881135E-05   69724392.0       16632.8398       78.9677277       0.00000000       111.493103       0.00000000       0.00000000       0.00000000       0.00000000       0.00000000       0.00000000       0.00000000    
   0.00000000       0.00000000       0.00000000       3.89991107E-27   3.41345577E-13   1.99394009E-13   1.05972807E-13   9.05167814E-13   2.69420784E-14   1.15121518E-14   0.00000000       3.00815857E-14   2.16118864E-14   1.15121408E-14   0.00000000       8.70458321E-15   2.49225909E-14   3.19637098E-14   9.15171327E-14   1.58511059E-18   0.00000000       4.99812231E-05   69715328.0       16631.6133       78.9645691       0.00000000       109.490120       0.00000000       0.00000000       0.00000000       0.00000000       0.00000000       0.00000000       0.00000000    
   0.00000000       0.00000000       0.00000000       3.89937451E-27   3.41304784E-13   1.99383085E-13   1.05958699E-13   9.05059664E-13   2.69406486E-14   1.15106187E-14   0.00000000       3.00779909E-14   2.16107023E-14   1.15106085E-14   0.00000000       8.70410548E-15   2.49192722E-14   3.19619582E-14   9.15049490E-14   1.55721207E-18   0.00000000       4.99743401E-05   69706264.0       16630.3867       78.9614182       0.00000000       107.523125       0.00000000       0.00000000       0.00000000       0.00000000       0.00000000       0.00000000       0.00000000    
   0.00000000       0.00000000       0.00000000       3.89883794E-27   3.41263991E-13   1.99372176E-13   1.05944591E-13   9.04951515E-13   2.69392171E-14   1.15090864E-14   0.00000000       3.00743961E-14   2.16095198E-14   1.15090754E-14   0.00000000       8.70362860E-15   2.49159553E-14   3.19602065E-14   9.14927652E-14   1.52980447E-18   0.00000000       4.99674534E-05   69697200.0       16629.1621       78.9582672       0.00000000       105.591461       0.00000000       0.00000000       0.00000000       0.00000000       0.00000000       0.00000000       0.00000000    
   0.00000000       0.00000000       0.00000000       3.89830176E-27   3.41223225E-13   1.99361266E-13   1.05930482E-13   9.04843366E-13   2.69377856E-14   1.15075541E-14   0.00000000       3.00708013E-14   2.16083356E-14   1.15075431E-14   0.00000000       8.70315088E-15   2.49126366E-14   3.19584548E-14   9.14805815E-14   1.50287933E-18   0.00000000       4.99605703E-05   69688144.0       16627.9355       78.9551086       0.00000000       103.694504       0.00000000       0.00000000       0.00000000       0.00000000       0.00000000       0.00000000       0.00000000    
   0.00000000       0.00000000       0.00000000       3.89776520E-27   3.41182459E-13   1.99350343E-13   1.05916381E-13   9.04735217E-13   2.69363525E-14   1.15060219E-14   0.00000000       3.00672098E-14   2.16071532E-14   1.15060117E-14   0.00000000       8.70267400E-15   2.49093196E-14   3.19567032E-14   9.14684046E-14   1.47642816E-18   0.00000000       4.99536873E-05   69679088.0       16626.7090       78.9519577       0.00000000       101.831619       0.00000000       0.00000000       0.00000000       0.00000000       0.00000000       0.00000000       0.00000000    
   0.00000000       0.00000000       0.00000000       3.89722902E-27   3.41141666E-13   1.99339433E-13   1.05902280E-13   9.04627122E-13   2.69349193E-14   1.15044904E-14   0.00000000       3.00636150E-14   2.16059690E-14   1.15044794E-14   0.00000000       8.70219712E-15   2.49060043E-14   3.19549481E-14   9.14562276E-14   1.45044239E-18   0.00000000       4.99468042E-05   69670024.0       16625.4844       78.9488068       0.00000000       100.002205       0.00000000       0.00000000       0.00000000       0.00000000       0.00000000       0.00000000       0.00000000    
   0.00000000       0.00000000       0.00000000       3.89669284E-27   3.41100900E-13   1.99328523E-13   1.05888185E-13   9.04519027E-13   2.69334861E-14   1.15029590E-14   0.00000000       3.00600236E-14   2.16047866E-14   1.15029480E-14   0.00000000       8.70172024E-15   2.49026890E-14   3.19531965E-14   9.14440507E-14   1.42491404E-18   0.00000000       4.99399212E-05   69660968.0       16624.2598       78.9456482       0.00000000       98.2056580       0.00000000       0.00000000       0.00000000       0.00000000       0.00000000       0.00000000       0.00000000    
   0.00000000       0.00000000       0.00000000       3.89615705E-27   3.41060161E-13   1.99317613E-13   1.05874090E-13   9.04410932E-13   2.69320512E-14   1.15014276E-14   0.00000000       3.00564322E-14   2.16036041E-14   1.15014165E-14   0.00000000       8.70124251E-15   2.48993737E-14   3.19514448E-14   9.14318805E-14   1.39983506E-18   0.00000000       4.99330417E-05   69651920.0       16623.0332       78.9424973       0.00000000       96.4413834       0.00000000       0.00000000       0.00000000       0.00000000       0.00000000       0.00000000       0.00000000    
   0.00000000       0.00000000       0.00000000       3.89562087E-27   3.41019395E-13   1.99306703E-13   1.05859996E-13   9.04302891E-13   2.69306163E-14   1.14998970E-14   0.00000000       3.00528408E-14   2.16024200E-14   1.14998860E-14   0.00000000       8.70076563E-15   2.48960601E-14   3.19496931E-14   9.14197103E-14   1.37519738E-18   0.00000000       4.99261623E-05   69642864.0       16621.8086       78.9393463       0.00000000       94.7088089       0.00000000       0.00000000       0.00000000       0.00000000       0.00000000       0.00000000       0.00000000    
   0.00000000       0.00000000       0.00000000       3.89508508E-27   3.40978656E-13   1.99295794E-13   1.05845908E-13   9.04194796E-13   2.69291798E-14   1.14983664E-14   0.00000000       3.00492494E-14   2.16012375E-14   1.14983554E-14   0.00000000       8.70028875E-15   2.48927466E-14   3.19479415E-14   9.14075402E-14   1.35099336E-18   0.00000000       4.99192829E-05   69633808.0       16620.5820       78.9361877       0.00000000       93.0073547       0.00000000       0.00000000       0.00000000       0.00000000       0.00000000       0.00000000       0.00000000    
   0.00000000       0.00000000       0.00000000       3.89454890E-27   3.40937917E-13   1.99284870E-13   1.05831820E-13   9.04086756E-13   2.69277432E-14   1.14968358E-14   0.00000000       3.00456579E-14   2.16000551E-14   1.14968248E-14   0.00000000       8.69981187E-15   2.48894330E-14   3.19461898E-14   9.13953768E-14   1.32721543E-18   0.00000000       4.99124035E-05   69624760.0       16619.3574       78.9330368       0.00000000       91.3364716       0.00000000       0.00000000       0.00000000       0.00000000       0.00000000       0.00000000       0.00000000    
   0.00000000       0.00000000       0.00000000       3.89401310E-27   3.40897178E-13   1.99273961E-13   1.05817732E-13   9.03978769E-13   2.69263066E-14   1.14953052E-14   0.00000000       3.00420699E-14   2.15988709E-14   1.14952950E-14   0.00000000       8.69933499E-15   2.48861211E-14   3.19444381E-14   9.13832134E-14   1.30385585E-18   0.00000000       4.99055277E-05   69615712.0       16618.1328       78.9298859       0.00000000       89.6956024       0.00000000       0.00000000       0.00000000       0.00000000       0.00000000       0.00000000       0.00000000    
   0.00000000       0.00000000       0.00000000       3.89347769E-27   3.40856439E-13   1.99263051E-13   1.05803651E-13   9.03870728E-13   2.69248684E-14   1.14937755E-14   0.00000000       3.00384785E-14   2.15976884E-14   1.14937653E-14   0.00000000       8.69885811E-15   2.48828092E-14   3.19426899E-14   9.13710500E-14   1.28090748E-18   0.00000000       4.98986519E-05   69606664.0       16616.9082       78.9267349       0.00000000       88.0842209       0.00000000       0.00000000       0.00000000       0.00000000       0.00000000       0.00000000       0.00000000    
   0.00000000       0.00000000       0.00000000       3.89294190E-27   3.40815727E-13   1.99252141E-13   1.05789570E-13   9.03762742E-13   2.69234301E-14   1.14922466E-14   0.00000000       3.00348905E-14   2.15965060E-14   1.14922356E-14   0.00000000       8.69838124E-15   2.48794973E-14   3.19409382E-14   9.13588934E-14   1.25836309E-18   0.00000000       4.98917761E-05   69597616.0       16615.6836       78.9235764       0.00000000       86.5017776       0.00000000       0.00000000       0.00000000       0.00000000       0.00000000       0.00000000       0.00000000    
   0.00000000       0.00000000       0.00000000       3.89240649E-27   3.40774989E-13   1.99241231E-13   1.05775496E-13   9.03654755E-13   2.69219919E-14   1.14907168E-14   0.00000000       3.00313024E-14   2.15953235E-14   1.14907067E-14   0.00000000       8.69790436E-15   2.48761871E-14   3.19391865E-14   9.13467368E-14   1.23621543E-18   0.00000000       4.98849040E-05   69588568.0       16614.4590       78.9204254       0.00000000       84.9477692       0.00000000       0.00000000       0.00000000       0.00000000       0.00000000       0.00000000       0.00000000    
   0.00000000       0.00000000       0.00000000       3.89187070E-27   3.40734277E-13   1.99230335E-13   1.05761421E-13   9.03546823E-13   2.69205519E-14   1.14891879E-14   0.00000000       3.00277144E-14   2.15941411E-14   1.14891769E-14   0.00000000       8.69742748E-15   2.48728769E-14   3.19374349E-14   9.13345801E-14   1.21445748E-18   0.00000000       4.98780319E-05   69579528.0       16613.2344       78.9172745       0.00000000       83.4216690       0.00000000       0.00000000       0.00000000       0.00000000       0.00000000       0.00000000       0.00000000    
   0.00000000       0.00000000       0.00000000       3.89133529E-27   3.40693565E-13   1.99219425E-13   1.05747347E-13   9.03438836E-13   2.69191119E-14   1.14876590E-14   0.00000000       3.00241264E-14   2.15929586E-14   1.14876489E-14   0.00000000       8.69695060E-15   2.48695667E-14   3.19356832E-14   9.13224303E-14   1.19308261E-18   0.00000000       4.98711597E-05   69570480.0       16612.0098       78.9141235       0.00000000       81.9229965       0.00000000       0.00000000       0.00000000       0.00000000       0.00000000       0.00000000       0.00000000    
   0.00000000       0.00000000       0.00000000       3.89079988E-27   3.40652853E-13   1.99208515E-13   1.05733280E-13   9.03330904E-13   2.69176703E-14   1.14861310E-14   0.00000000       3.00205383E-14   2.15917762E-14   1.14861200E-14   0.00000000       8.69647372E-15   2.48662581E-14   3.19339349E-14   9.13102805E-14   1.17208391E-18   0.00000000       4.98642876E-05   69561440.0       16610.7852       78.9109726       0.00000000       80.4512405       0.00000000       0.00000000       0.00000000       0.00000000       0.00000000       0.00000000       0.00000000    
   0.00000000       0.00000000       0.00000000       3.89026486E-27   3.40612168E-13   1.99197606E-13   1.05719212E-13   9.03222972E-13   2.69162303E-14   1.14846029E-14   0.00000000       3.00169503E-14   2.15905937E-14   1.14845919E-14   0.00000000       8.69599684E-15   2.48629496E-14   3.19321833E-14   9.12981306E-14   1.15145475E-18   0.00000000       4.98574191E-05   69552400.0       16609.5605       78.9078140       0.00000000       79.0059280       0.00000000       0.00000000       0.00000000       0.00000000       0.00000000       0.00000000       0.00000000    
   0.00000000       0.00000000       0.00000000       3.88972945E-27   3.40571484E-13   1.99186696E-13   1.05705145E-13   9.03115094E-13   2.69147887E-14   1.14830749E-14   0.00000000       3.00133657E-14   2.15894112E-14   1.14830639E-14   0.00000000       8.69552080E-15   2.48596428E-14   3.19304316E-14   9.12859876E-14   1.13118872E-18   0.00000000       4.98505469E-05   69543360.0       16608.3359       78.9046631       0.00000000       77.5865784       0.00000000       0.00000000       0.00000000       0.00000000       0.00000000       0.00000000       0.00000000    
   0.00000000       0.00000000       0.00000000       3.88919443E-27   3.40530799E-13   1.99175800E-13   1.05691084E-13   9.03007161E-13   2.69133453E-14   1.14815477E-14   0.00000000       3.00097810E-14   2.15882288E-14   1.14815367E-14   0.00000000       8.69504393E-15   2.48563360E-14   3.19286833E-14   9.12738377E-14   1.11127941E-18   0.00000000       4.98436821E-05   69534320.0       16607.1133       78.9015121       0.00000000       76.1927338       0.00000000       0.00000000       0.00000000       0.00000000       0.00000000       0.00000000       0.00000000    
   0.00000000       0.00000000       0.00000000       3.88865940E-27   3.40490114E-13   1.99164890E-13   1.05677030E-13   9.02899283E-13   2.69119037E-14   1.14800205E-14   0.00000000       3.00061964E-14   2.15870463E-14   1.14800095E-14   0.00000000       8.69456705E-15   2.48530292E-14   3.19269317E-14   9.12617014E-14   1.09172042E-18   0.00000000       4.98368136E-05   69525288.0       16605.8887       78.8983612       0.00000000       74.8239212       0.00000000       0.00000000       0.00000000       0.00000000       0.00000000       0.00000000       0.00000000    
   0.00000000       0.00000000       0.00000000       3.88812438E-27   3.40449430E-13   1.99153980E-13   1.05662969E-13   9.02791459E-13   2.69104604E-14   1.14784933E-14   0.00000000       3.00026117E-14   2.15858639E-14   1.14784823E-14   0.00000000       8.69409017E-15   2.48497224E-14   3.19251834E-14   9.12495584E-14   1.07250574E-18   0.00000000       4.98299451E-05   69516256.0       16604.6641       78.8952103       0.00000000       73.4797058       0.00000000       0.00000000       0.00000000       0.00000000       0.00000000       0.00000000       0.00000000    
   0.00000000       0.00000000       0.00000000       3.88758936E-27   3.40408745E-13   1.99143070E-13   1.05648915E-13   9.02683581E-13   2.69090170E-14   1.14769661E-14   0.00000000       2.99990271E-14   2.15846814E-14   1.14769559E-14   0.00000000       8.69361413E-15   2.48464172E-14   3.19234317E-14   9.12374221E-14   1.05362916E-18   0.00000000       4.98230802E-05   69507216.0       16603.4414       78.8920593       0.00000000       72.1596375       0.00000000       0.00000000       0.00000000       0.00000000       0.00000000       0.00000000       0.00000000    
   0.00000000       0.00000000       0.00000000       3.88705472E-27   3.40368087E-13   1.99132174E-13   1.05634861E-13   9.02575757E-13   2.69075720E-14   1.14754397E-14   0.00000000       2.99954424E-14   2.15834989E-14   1.14754287E-14   0.00000000       8.69313725E-15   2.48431138E-14   3.19216834E-14   9.12252858E-14   1.03508491E-18   0.00000000       4.98162153E-05   69498184.0       16602.2168       78.8889084       0.00000000       70.8632812       0.00000000       0.00000000       0.00000000       0.00000000       0.00000000       0.00000000       0.00000000    
   0.00000000       0.00000000       0.00000000       3.88652008E-27   3.40327430E-13   1.99121264E-13   1.05620814E-13   9.02467933E-13   2.69061269E-14   1.14739134E-14   0.00000000       2.99918578E-14   2.15823182E-14   1.14739032E-14   0.00000000       8.69266122E-15   2.48398087E-14   3.19199318E-14   9.12131563E-14   1.01686709E-18   0.00000000       4.98093541E-05   69489152.0       16600.9941       78.8857574       0.00000000       69.5902176       0.00000000       0.00000000       0.00000000       0.00000000       0.00000000       0.00000000       0.00000000    
   0.00000000       0.00000000       0.00000000       3.88598506E-27   3.40286772E-13   1.99110368E-13   1.05606767E-13   9.02360109E-13   2.69046819E-14   1.14723879E-14   0.00000000       2.99882765E-14   2.15811357E-14   1.14723769E-14   0.00000000       8.69218434E-15   2.48365053E-14   3.19181835E-14   9.12010268E-14   9.98969792E-19   0.00000000       4.98024892E-05   69480120.0       16599.7695       78.8825989       0.00000000       68.3400269       0.00000000       0.00000000       0.00000000       0.00000000       0.00000000       0.00000000       0.00000000    
   0.00000000       0.00000000       0.00000000       3.88545042E-27   3.40246115E-13   1.99099458E-13   1.05592726E-13   9.02252340E-13   2.69032369E-14   1.14708624E-14   0.00000000       2.99846953E-14   2.15799533E-14   1.14708514E-14   0.00000000       8.69170831E-15   2.48332035E-14   3.19164352E-14   9.11888973E-14   9.81387551E-19   0.00000000       4.97956280E-05   69471096.0       16598.5469       78.8794479       0.00000000       67.1122894       0.00000000       0.00000000       0.00000000       0.00000000       0.00000000       0.00000000       0.00000000    
   0.00000000       0.00000000       0.00000000       3.88491617E-27   3.40205484E-13   1.99088562E-13   1.05578686E-13   9.02144570E-13   2.69017901E-14   1.14693369E-14   0.00000000       2.99811106E-14   2.15787708E-14   1.14693259E-14   0.00000000       8.69123143E-15   2.48299001E-14   3.19146836E-14   9.11767745E-14   9.64114779E-19   0.00000000       4.97887704E-05   69462064.0       16597.3242       78.8762970       0.00000000       65.9066086       0.00000000       0.00000000       0.00000000       0.00000000       0.00000000       0.00000000       0.00000000    
   0.00000000       0.00000000       0.00000000       3.88438153E-27   3.40164827E-13   1.99077652E-13   1.05564646E-13   9.02036800E-13   2.69003451E-14   1.14678122E-14   0.00000000       2.99775294E-14   2.15775900E-14   1.14678012E-14   0.00000000       8.69075540E-15   2.48265984E-14   3.19129353E-14   9.11646450E-14   9.47145996E-19   0.00000000       4.97819092E-05   69453040.0       16596.0996       78.8731461       0.00000000       64.7225952       0.00000000       0.00000000       0.00000000       0.00000000       0.00000000       0.00000000       0.00000000    
   0.00000000       0.00000000       0.00000000       3.88384727E-27   3.40124196E-13   1.99066756E-13   1.05550612E-13   9.01929031E-13   2.68988984E-14   1.14662867E-14   0.00000000       2.99739481E-14   2.15764076E-14   1.14662765E-14   0.00000000       8.69027852E-15   2.48232983E-14   3.19111870E-14   9.11525290E-14   9.30475826E-19   0.00000000       4.97750516E-05   69444016.0       16594.8770       78.8699951       0.00000000       63.5598488       0.00000000       0.00000000       0.00000000       0.00000000       0.00000000       0.00000000       0.00000000    
   0.00000000       0.00000000       0.00000000       3.88331302E-27   3.40083566E-13   1.99055860E-13   1.05536578E-13   9.01821315E-13   2.68974499E-14   1.14647629E-14   0.00000000       2.99703703E-14   2.15752268E-14   1.14647519E-14   0.00000000       8.68980249E-15   2.48199983E-14   3.19094354E-14   9.11404063E-14   9.14099097E-19   0.00000000       4.97681940E-05   69434992.0       16593.6543       78.8668442       0.00000000       62.4179916       0.00000000       0.00000000       0.00000000       0.00000000       0.00000000       0.00000000       0.00000000    
   0.00000000       0.00000000       0.00000000       3.88277877E-27   3.40042962E-13   1.99044950E-13   1.05522545E-13   9.01713545E-13   2.68960032E-14   1.14632382E-14   0.00000000       2.99667890E-14   2.15740444E-14   1.14632272E-14   0.00000000       8.68932645E-15   2.48166982E-14   3.19076871E-14   9.11282904E-14   8.98010537E-19   0.00000000       4.97613364E-05   69425968.0       16592.4316       78.8636932       0.00000000       61.2966461       0.00000000       0.00000000       0.00000000       0.00000000       0.00000000       0.00000000       0.00000000    
   0.00000000       0.00000000       0.00000000       3.88224452E-27   3.40002332E-13   1.99034054E-13   1.05508518E-13   9.01605830E-13   2.68945548E-14   1.14617144E-14   0.00000000       2.99632078E-14   2.15728636E-14   1.14617034E-14   0.00000000       8.68884957E-15   2.48133982E-14   3.19059388E-14   9.11161744E-14   8.82205287E-19   0.00000000       4.97544788E-05   69416952.0       16591.2090       78.8605423       0.00000000       60.1954460       0.00000000       0.00000000       0.00000000       0.00000000       0.00000000       0.00000000       0.00000000    
   0.00000000       0.00000000       0.00000000       3.88171026E-27   3.39961728E-13   1.99023157E-13   1.05494491E-13   9.01498169E-13   2.68931063E-14   1.14601906E-14   0.00000000       2.99596299E-14   2.15716811E-14   1.14601796E-14   0.00000000       8.68837354E-15   2.48100999E-14   3.19041905E-14   9.11040652E-14   8.66678125E-19   0.00000000       4.97476249E-05   69407928.0       16589.9863       78.8573914       0.00000000       59.1140289       0.00000000       0.00000000       0.00000000       0.00000000       0.00000000       0.00000000       0.00000000    
   0.00000000       0.00000000       0.00000000       3.88117639E-27   3.39921125E-13   1.99012261E-13   1.05480464E-13   9.01390453E-13   2.68916579E-14   1.14586676E-14   0.00000000       2.99560520E-14   2.15705004E-14   1.14586566E-14   0.00000000       8.68789751E-15   2.48068015E-14   3.19024422E-14   9.10919493E-14   8.51424242E-19   0.00000000       4.97407709E-05   69398912.0       16588.7637       78.8542404       0.00000000       58.0520401       0.00000000       0.00000000       0.00000000       0.00000000       0.00000000       0.00000000       0.00000000    
   0.00000000       0.00000000       0.00000000       3.88064253E-27   3.39880522E-13   1.99001365E-13   1.05466444E-13   9.01282792E-13   2.68902095E-14   1.14571438E-14   0.00000000       2.99524741E-14   2.15693179E-14   1.14571337E-14   0.00000000       8.68742148E-15   2.48035049E-14   3.19006940E-14   9.10798468E-14   8.36438832E-19   0.00000000       4.97339170E-05   69389888.0       16587.5410       78.8510895       0.00000000       57.0091324       0.00000000       0.00000000       0.00000000       0.00000000       0.00000000       0.00000000       0.00000000    
   0.00000000       0.00000000       0.00000000       3.88010866E-27   3.39839918E-13   1.98990455E-13   1.05452431E-13   9.01175131E-13   2.68887594E-14   1.14556217E-14   0.00000000       2.99488963E-14   2.15681372E-14   1.14556107E-14   0.00000000       8.68694544E-15   2.48002082E-14   3.18989457E-14   9.10677377E-14   8.21717188E-19   0.00000000       4.97270667E-05   69380872.0       16586.3184       78.8479385       0.00000000       55.9849586       0.00000000       0.00000000       0.00000000       0.00000000       0.00000000       0.00000000       0.00000000    
   0.00000000       0.00000000       0.00000000       3.87957479E-27   3.39799315E-13   1.98979559E-13   1.05438411E-13   9.01067524E-13   2.68873092E-14   1.14540987E-14   0.00000000       2.99453184E-14   2.15669564E-14   1.14540877E-14   0.00000000       8.68646941E-15   2.47969116E-14   3.18971974E-14   9.10556353E-14   8.07254659E-19   0.00000000       4.97202127E-05   69371864.0       16585.0957       78.8447876       0.00000000       54.9791832       0.00000000       0.00000000       0.00000000       0.00000000       0.00000000       0.00000000       0.00000000    
   0.00000000       0.00000000       0.00000000       3.87904092E-27   3.39758739E-13   1.98968663E-13   1.05424397E-13   9.00959862E-13   2.68858591E-14   1.14525766E-14   0.00000000       2.99417405E-14   2.15657739E-14   1.14525656E-14   0.00000000       8.68599338E-15   2.47936166E-14   3.18954491E-14   9.10435328E-14   7.93046643E-19   0.00000000       4.97133624E-05   69362848.0       16583.8730       78.8416367       0.00000000       53.9914780       0.00000000       0.00000000       0.00000000       0.00000000       0.00000000       0.00000000       0.00000000    
   0.00000000       0.00000000       0.00000000       3.87850744E-27   3.39718162E-13   1.98957766E-13   1.05410391E-13   9.00852255E-13   2.68844090E-14   1.14510545E-14   0.00000000       2.99381661E-14   2.15645932E-14   1.14510435E-14   0.00000000       8.68551735E-15   2.47903216E-14   3.18937009E-14   9.10314304E-14   7.79088745E-19   0.00000000       4.97065157E-05   69353832.0       16582.6523       78.8384933       0.00000000       53.0215187       0.00000000       0.00000000       0.00000000       0.00000000       0.00000000       0.00000000       0.00000000    
   0.00000000       0.00000000       0.00000000       3.87797357E-27   3.39677586E-13   1.98946870E-13   1.05396377E-13   9.00744702E-13   2.68829572E-14   1.14495324E-14   0.00000000       2.99345882E-14   2.15634124E-14   1.14495222E-14   0.00000000       8.68504131E-15   2.47870267E-14   3.18919526E-14   9.10193348E-14   7.65376469E-19   0.00000000       4.96996654E-05   69344824.0       16581.4297       78.8353424       0.00000000       52.0689812       0.00000000       0.00000000       0.00000000       0.00000000       0.00000000       0.00000000       0.00000000    
   0.00000000       0.00000000       0.00000000       3.87744009E-27   3.39637010E-13   1.98935974E-13   1.05382378E-13   9.00637095E-13   2.68815071E-14   1.14480111E-14   0.00000000       2.99310137E-14   2.15622316E-14   1.14480001E-14   0.00000000       8.68456528E-15   2.47837334E-14   3.18902043E-14   9.10072392E-14   7.51905574E-19   0.00000000       4.96928187E-05   69335816.0       16580.2070       78.8321915       0.00000000       51.1335564       0.00000000       0.00000000       0.00000000       0.00000000       0.00000000       0.00000000       0.00000000    
   0.00000000       0.00000000       0.00000000       3.87690661E-27   3.39596434E-13   1.98925078E-13   1.05368371E-13   9.00529542E-13   2.68800553E-14   1.14464898E-14   0.00000000       2.99274392E-14   2.15610492E-14   1.14464788E-14   0.00000000       8.68408925E-15   2.47804402E-14   3.18884560E-14   9.09951503E-14   7.38671718E-19   0.00000000       4.96859720E-05   69326800.0       16578.9863       78.8290405       0.00000000       50.2149391       0.00000000       0.00000000       0.00000000       0.00000000       0.00000000       0.00000000       0.00000000    
   0.00000000       0.00000000       0.00000000       3.87637351E-27   3.39555884E-13   1.98914195E-13   1.05354371E-13   9.00421990E-13   2.68786034E-14   1.14449694E-14   0.00000000       2.99238648E-14   2.15598684E-14   1.14449584E-14   0.00000000       8.68361322E-15   2.47771469E-14   3.18867078E-14   9.09830547E-14   7.25670817E-19   0.00000000       4.96791254E-05   69317800.0       16577.7637       78.8258896       0.00000000       49.3128242       0.00000000       0.00000000       0.00000000       0.00000000       0.00000000       0.00000000       0.00000000    
   0.00000000       0.00000000       0.00000000       3.87584003E-27   3.39515335E-13   1.98903299E-13   1.05340372E-13   9.00314437E-13   2.68771516E-14   1.14434490E-14   0.00000000       2.99202903E-14   2.15586877E-14   1.14434380E-14   0.00000000       8.68313718E-15   2.47738553E-14   3.18849595E-14   9.09709658E-14   7.12898735E-19   0.00000000       4.96722823E-05   69308792.0       16576.5430       78.8227386       0.00000000       48.4269142       0.00000000       0.00000000       0.00000000       0.00000000       0.00000000       0.00000000       0.00000000    
   0.00000000       0.00000000       0.00000000       3.87530693E-27   3.39474786E-13   1.98892403E-13   1.05326379E-13   9.00206884E-13   2.68756998E-14   1.14419286E-14   0.00000000       2.99167158E-14   2.15575069E-14   1.14419176E-14   0.00000000       8.68266115E-15   2.47705637E-14   3.18832146E-14   9.09588838E-14   7.00351439E-19   0.00000000       4.96654393E-05   69299784.0       16575.3203       78.8195877       0.00000000       47.5569229       0.00000000       0.00000000       0.00000000       0.00000000       0.00000000       0.00000000       0.00000000    
   0.00000000       0.00000000       0.00000000       3.87477383E-27   3.39434237E-13   1.98881506E-13   1.05312386E-13   9.00099385E-13   2.68742463E-14   1.14404082E-14   0.00000000       2.99131447E-14   2.15563261E-14   1.14403971E-14   0.00000000       8.68218512E-15   2.47672722E-14   3.18814663E-14   9.09468017E-14   6.88025000E-19   0.00000000       4.96585963E-05   69290784.0       16574.0996       78.8164368       0.00000000       46.7025566       0.00000000       0.00000000       0.00000000       0.00000000       0.00000000       0.00000000       0.00000000    
   0.00000000       0.00000000       0.00000000       3.87424074E-27   3.39393688E-13   1.98870624E-13   1.05298399E-13   8.99991887E-13   2.68727945E-14   1.14388886E-14   0.00000000       2.99095702E-14   2.15551454E-14   1.14388776E-14   0.00000000       8.68170993E-15   2.47639823E-14   3.18797180E-14   9.09347196E-14   6.75915490E-19   0.00000000       4.96517532E-05   69281776.0       16572.8789       78.8132935       0.00000000       45.8635406       0.00000000       0.00000000       0.00000000       0.00000000       0.00000000       0.00000000       0.00000000    
   0.00000000       0.00000000       0.00000000       3.87370764E-27   3.39353166E-13   1.98859728E-13   1.05284406E-13   8.99884388E-13   2.68713410E-14   1.14373690E-14   0.00000000       2.99059991E-14   2.15539646E-14   1.14373580E-14   0.00000000       8.68123390E-15   2.47606924E-14   3.18779698E-14   9.09226375E-14   6.64019133E-19   0.00000000       4.96449138E-05   69272776.0       16571.6562       78.8101425       0.00000000       45.0396004       0.00000000       0.00000000       0.00000000       0.00000000       0.00000000       0.00000000       0.00000000    
   0.00000000       0.00000000       0.00000000       3.87317493E-27   3.39312617E-13   1.98848831E-13   1.05270420E-13   8.99776889E-13   2.68698875E-14   1.14358494E-14   0.00000000       2.99024281E-14   2.15527838E-14   1.14358384E-14   0.00000000       8.68075787E-15   2.47574042E-14   3.18762249E-14   9.09105622E-14   6.52332105E-19   0.00000000       4.96380744E-05   69263776.0       16570.4355       78.8069916       0.00000000       44.2304611       0.00000000       0.00000000       0.00000000       0.00000000       0.00000000       0.00000000       0.00000000    
   0.00000000       0.00000000       0.00000000       3.87264183E-27   3.39272095E-13   1.98837949E-13   1.05256441E-13   8.99669445E-13   2.68684340E-14   1.14343307E-14   0.00000000       2.98988570E-14   2.15516031E-14   1.14343197E-14   0.00000000       8.68028184E-15   2.47541161E-14   3.18744766E-14   9.08984869E-14   6.40850838E-19   0.00000000       4.96312350E-05   69254776.0       16569.2148       78.8038406       0.00000000       43.4358559       0.00000000       0.00000000       0.00000000       0.00000000       0.00000000       0.00000000       0.00000000    
   0.00000000       0.00000000       0.00000000       3.87210912E-27   3.39231573E-13   1.98827052E-13   1.05242461E-13   8.99562000E-13   2.68669805E-14   1.14328120E-14   0.00000000       2.98952859E-14   2.15504240E-14   1.14328009E-14   0.00000000       8.67980665E-15   2.47508279E-14   3.18727317E-14   9.08864116E-14   6.29571610E-19   0.00000000       4.96243956E-05   69245784.0       16567.9941       78.8006897       0.00000000       42.6555290       0.00000000       0.00000000       0.00000000       0.00000000       0.00000000       0.00000000       0.00000000    
   0.00000000       0.00000000       0.00000000       3.87157640E-27   3.39191078E-13   1.98816170E-13   1.05228482E-13   8.99454556E-13   2.68655253E-14   1.14312932E-14   0.00000000       2.98917148E-14   2.15492432E-14   1.14312831E-14   0.00000000       8.67933062E-15   2.47475414E-14   3.18709834E-14   9.08743431E-14   6.18490906E-19   0.00000000       4.96175599E-05   69236784.0       16566.7734       78.7975464       0.00000000       41.8892174       0.00000000       0.00000000       0.00000000       0.00000000       0.00000000       0.00000000       0.00000000    
   0.00000000       0.00000000       0.00000000       3.87104369E-27   3.39150556E-13   1.98805273E-13   1.05214509E-13   8.99347166E-13   2.68640717E-14   1.14297753E-14   0.00000000       2.98881471E-14   2.15480625E-14   1.14297643E-14   0.00000000       8.67885543E-15   2.47442549E-14   3.18692386E-14   9.08622746E-14   6.07605209E-19   0.00000000       4.96107241E-05   69227792.0       16565.5527       78.7943954       0.00000000       41.1366730       0.00000000       0.00000000       0.00000000       0.00000000       0.00000000       0.00000000       0.00000000    
   0.00000000       0.00000000       0.00000000       3.87051136E-27   3.39110061E-13   1.98794391E-13   1.05200537E-13   8.99239721E-13   2.68626165E-14   1.14282575E-14   0.00000000       2.98845760E-14   2.15468817E-14   1.14282465E-14   0.00000000       8.67837940E-15   2.47409684E-14   3.18674903E-14   9.08502060E-14   5.96911159E-19   0.00000000       4.96038883E-05   69218792.0       16564.3320       78.7912445       0.00000000       40.3976517       0.00000000       0.00000000       0.00000000       0.00000000       0.00000000       0.00000000       0.00000000    
   0.00000000       0.00000000       0.00000000       3.86997865E-27   3.39069566E-13   1.98783495E-13   1.05186564E-13   8.99132331E-13   2.68611613E-14   1.14267396E-14   0.00000000       2.98810083E-14   2.15457026E-14   1.14267294E-14   0.00000000       8.67790421E-15   2.47376819E-14   3.18657454E-14   9.08381443E-14   5.86405293E-19   0.00000000       4.95970526E-05   69209800.0       16563.1113       78.7880936       0.00000000       39.6719055       0.00000000       0.00000000       0.00000000       0.00000000       0.00000000       0.00000000       0.00000000    
   0.00000000       0.00000000       0.00000000       3.86944633E-27   3.39029071E-13   1.98772612E-13   1.05172598E-13   8.99024995E-13   2.68597061E-14   1.14252225E-14   0.00000000       2.98774372E-14   2.15445219E-14   1.14252115E-14   0.00000000       8.67742818E-15   2.47343971E-14   3.18639971E-14   9.08260825E-14   5.76084302E-19   0.00000000       4.95902204E-05   69200808.0       16561.8906       78.7849503       0.00000000       38.9591942       0.00000000       0.00000000       0.00000000       0.00000000       0.00000000       0.00000000       0.00000000    
   0.00000000       0.00000000       0.00000000       3.86891400E-27   3.38988576E-13   1.98761729E-13   1.05158632E-13   8.98917605E-13   2.68582509E-14   1.14237055E-14   0.00000000       2.98738695E-14   2.15433411E-14   1.14236945E-14   0.00000000       8.67695300E-15   2.47311140E-14   3.18622522E-14   9.08140208E-14   5.65945033E-19   0.00000000       4.95833883E-05   69191824.0       16560.6699       78.7817993       0.00000000       38.2592888       0.00000000       0.00000000       0.00000000       0.00000000       0.00000000       0.00000000       0.00000000    
   0.00000000       0.00000000       0.00000000       3.86838167E-27   3.38948081E-13   1.98750847E-13   1.05144673E-13   8.98810269E-13   2.68567957E-14   1.14221893E-14   0.00000000       2.98703018E-14   2.15421620E-14   1.14221783E-14   0.00000000       8.67647696E-15   2.47278292E-14   3.18605073E-14   9.08019658E-14   5.55984175E-19   0.00000000       4.95765562E-05   69182832.0       16559.4492       78.7786484       0.00000000       37.5719566       0.00000000       0.00000000       0.00000000       0.00000000       0.00000000       0.00000000       0.00000000    
   0.00000000       0.00000000       0.00000000       3.86784934E-27   3.38907613E-13   1.98739950E-13   1.05130714E-13   8.98702933E-13   2.68553405E-14   1.14206723E-14   0.00000000       2.98667341E-14   2.15409813E-14   1.14206613E-14   0.00000000       8.67600178E-15   2.47245478E-14   3.18587591E-14   9.07899041E-14   5.46198629E-19   0.00000000       4.95697277E-05   69173840.0       16558.2305       78.7754974       0.00000000       36.8969765       0.00000000       0.00000000       0.00000000       0.00000000       0.00000000       0.00000000       0.00000000    
   0.00000000       0.00000000       0.00000000       3.86731740E-27   3.38867145E-13   1.98729068E-13   1.05116755E-13   8.98595597E-13   2.68538836E-14   1.14191561E-14   0.00000000       2.98631698E-14   2.15398022E-14   1.14191451E-14   0.00000000       8.67552659E-15   2.47212647E-14   3.18570142E-14   9.07778559E-14   5.36585343E-19   0.00000000       4.95628956E-05   69164856.0       16557.0098       78.7723541       0.00000000       36.2341194       0.00000000       0.00000000       0.00000000       0.00000000       0.00000000       0.00000000       0.00000000    
   0.00000000       0.00000000       0.00000000       3.86678546E-27   3.38826677E-13   1.98718185E-13   1.05102803E-13   8.98488261E-13   2.68524284E-14   1.14176399E-14   0.00000000       2.98596021E-14   2.15386214E-14   1.14176297E-14   0.00000000       8.67505141E-15   2.47179833E-14   3.18552693E-14   9.07658009E-14   5.27141215E-19   0.00000000       4.95560671E-05   69155872.0       16555.7891       78.7692032       0.00000000       35.5831680       0.00000000       0.00000000       0.00000000       0.00000000       0.00000000       0.00000000       0.00000000    
   0.00000000       0.00000000       0.00000000       3.86625352E-27   3.38786209E-13   1.98707302E-13   1.05088850E-13   8.98380979E-13   2.68509715E-14   1.14161246E-14   0.00000000       2.98560378E-14   2.15374424E-14   1.14161136E-14   0.00000000       8.67457537E-15   2.47147019E-14   3.18535210E-14   9.07537527E-14   5.17863350E-19   0.00000000       4.95492386E-05   69146888.0       16554.5703       78.7660522       0.00000000       34.9439163       0.00000000       0.00000000       0.00000000       0.00000000       0.00000000       0.00000000       0.00000000    
   0.00000000       0.00000000       0.00000000       3.86572158E-27   3.38745742E-13   1.98696420E-13   1.05074898E-13   8.98273697E-13   2.68495146E-14   1.14146092E-14   0.00000000       2.98524701E-14   2.15362616E-14   1.14145982E-14   0.00000000       8.67410019E-15   2.47114205E-14   3.18517761E-14   9.07417045E-14   5.08748750E-19   0.00000000       4.95424138E-05   69137904.0       16553.3496       78.7629089       0.00000000       34.3161430       0.00000000       0.00000000       0.00000000       0.00000000       0.00000000       0.00000000       0.00000000    
   0.00000000       0.00000000       0.00000000       3.86518964E-27   3.38705301E-13   1.98685537E-13   1.05060952E-13   8.98166415E-13   2.68480594E-14   1.14130939E-14   0.00000000       2.98489057E-14   2.15350825E-14   1.14130837E-14   0.00000000       8.67362500E-15   2.47081408E-14   3.18500312E-14   9.07296631E-14   4.99794572E-19   0.00000000       4.95355889E-05   69128920.0       16552.1309       78.7597580       0.00000000       33.6996536       0.00000000       0.00000000       0.00000000       0.00000000       0.00000000       0.00000000       0.00000000    
   0.00000000       0.00000000       0.00000000       3.86465808E-27   3.38664860E-13   1.98674654E-13   1.05047007E-13   8.98059188E-13   2.68466025E-14   1.14115794E-14   0.00000000       2.98453414E-14   2.15339035E-14   1.14115684E-14   0.00000000       8.67314982E-15   2.47048611E-14   3.18482864E-14   9.07176217E-14   4.90997971E-19   0.00000000       4.95287641E-05   69119944.0       16550.9102       78.7566071       0.00000000       33.0942345       0.00000000       0.00000000       0.00000000       0.00000000       0.00000000       0.00000000       0.00000000    
   0.00000000       0.00000000       0.00000000       3.86412614E-27   3.38624419E-13   1.98663772E-13   1.05033068E-13   8.97951906E-13   2.68451456E-14   1.14100649E-14   0.00000000       2.98417771E-14   2.15327227E-14   1.14100539E-14   0.00000000       8.67267463E-15   2.47015831E-14   3.18465415E-14   9.07055803E-14   4.82356209E-19   0.00000000       4.95219392E-05   69110960.0       16549.6914       78.7534637       0.00000000       32.4996948       0.00000000       0.00000000       0.00000000       0.00000000       0.00000000       0.00000000       0.00000000    
   0.00000000       0.00000000       0.00000000       3.86359458E-27   3.38583979E-13   1.98652889E-13   1.05019129E-13   8.97844678E-13   2.68436870E-14   1.14085504E-14   0.00000000       2.98382128E-14   2.15315436E-14   1.14085394E-14   0.00000000       8.67219945E-15   2.46983051E-14   3.18447966E-14   9.06935456E-14   4.73866596E-19   0.00000000       4.95151180E-05   69101984.0       16548.4727       78.7503128       0.00000000       31.9158344       0.00000000       0.00000000       0.00000000       0.00000000       0.00000000       0.00000000       0.00000000    
   0.00000000       0.00000000       0.00000000       3.86306302E-27   3.38543538E-13   1.98642006E-13   1.05005190E-13   8.97737451E-13   2.68422302E-14   1.14070367E-14   0.00000000       2.98346519E-14   2.15303646E-14   1.14070257E-14   0.00000000       8.67172426E-15   2.46950270E-14   3.18430517E-14   9.06815042E-14   4.65526340E-19   0.00000000       4.95082932E-05   69093008.0       16547.2539       78.7471695       0.00000000       31.3424644       0.00000000       0.00000000       0.00000000       0.00000000       0.00000000       0.00000000       0.00000000    
   0.00000000       0.00000000       0.00000000       3.86253147E-27   3.38503097E-13   1.98631123E-13   1.04991258E-13   8.97630277E-13   2.68407733E-14   1.14055231E-14   0.00000000       2.98310876E-14   2.15291855E-14   1.14055121E-14   0.00000000       8.67124908E-15   2.46917490E-14   3.18413068E-14   9.06694763E-14   4.57332910E-19   0.00000000       4.95014719E-05   69084032.0       16546.0332       78.7440186       0.00000000       30.7793941       0.00000000       0.00000000       0.00000000       0.00000000       0.00000000       0.00000000       0.00000000    
   0.00000000       0.00000000       0.00000000       3.86200030E-27   3.38462683E-13   1.98620254E-13   1.04977326E-13   8.97523104E-13   2.68393147E-14   1.14040095E-14   0.00000000       2.98275266E-14   2.15280064E-14   1.14039984E-14   0.00000000       8.67077389E-15   2.46884727E-14   3.18395619E-14   9.06574417E-14   4.49283667E-19   0.00000000       4.94946544E-05   69075056.0       16544.8145       78.7408676       0.00000000       30.2264404       0.00000000       0.00000000       0.00000000       0.00000000       0.00000000       0.00000000       0.00000000    
   0.00000000       0.00000000       0.00000000       3.86146874E-27   3.38422270E-13   1.98609372E-13   1.04963394E-13   8.97415931E-13   2.68378578E-14   1.14024966E-14   0.00000000       2.98239657E-14   2.15268274E-14   1.14024856E-14   0.00000000       8.67029870E-15   2.46851981E-14   3.18378170E-14   9.06454138E-14   4.41376079E-19   0.00000000       4.94878332E-05   69066088.0       16543.5957       78.7377243       0.00000000       29.6834202       0.00000000       0.00000000       0.00000000       0.00000000       0.00000000       0.00000000       0.00000000    
   0.00000000       0.00000000       0.00000000       3.86093757E-27   3.38381856E-13   1.98598489E-13   1.04949469E-13   8.97308757E-13   2.68363992E-14   1.14009830E-14   0.00000000       2.98204014E-14   2.15256466E-14   1.14009728E-14   0.00000000       8.66982352E-15   2.46819217E-14   3.18360721E-14   9.06333859E-14   4.33607715E-19   0.00000000       4.94810156E-05   69057112.0       16542.3770       78.7345734       0.00000000       29.1501541       0.00000000       0.00000000       0.00000000       0.00000000       0.00000000       0.00000000       0.00000000    
   0.00000000       0.00000000       0.00000000       3.86040640E-27   3.38341443E-13   1.98587620E-13   1.04935544E-13   8.97201584E-13   2.68349423E-14   1.13994710E-14   0.00000000       2.98168405E-14   2.15244675E-14   1.13994600E-14   0.00000000       8.66934833E-15   2.46786471E-14   3.18343272E-14   9.06213581E-14   4.25976043E-19   0.00000000       4.94741980E-05   69048144.0       16541.1582       78.7314301       0.00000000       28.6264687       0.00000000       0.00000000       0.00000000       0.00000000       0.00000000       0.00000000       0.00000000    
   0.00000000       0.00000000       0.00000000       3.85987522E-27   3.38301056E-13   1.98576737E-13   1.04921626E-13   8.97094465E-13   2.68334837E-14   1.13979582E-14   0.00000000       2.98132829E-14   2.15232885E-14   1.13979472E-14   0.00000000       8.66887315E-15   2.46753742E-14   3.18325824E-14   9.06093370E-14   4.18478711E-19   0.00000000       4.94673804E-05   69039168.0       16539.9395       78.7282791       0.00000000       28.1121922       0.00000000       0.00000000       0.00000000       0.00000000       0.00000000       0.00000000       0.00000000    
   0.00000000       0.00000000       0.00000000       3.85934444E-27   3.38260642E-13   1.98565855E-13   1.04907707E-13   8.96987346E-13   2.68320251E-14   1.13964463E-14   0.00000000       2.98097220E-14   2.15221111E-14   1.13964353E-14   0.00000000       8.66839796E-15   2.46720996E-14   3.18308375E-14   9.05973159E-14   4.11113314E-19   0.00000000       4.94605665E-05   69030200.0       16538.7207       78.7251358       0.00000000       27.6071548       0.00000000       0.00000000       0.00000000       0.00000000       0.00000000       0.00000000       0.00000000    
   0.00000000       0.00000000       0.00000000       3.85881327E-27   3.38220256E-13   1.98554985E-13   1.04893789E-13   8.96880226E-13   2.68305665E-14   1.13949343E-14   0.00000000       2.98061611E-14   2.15209320E-14   1.13949233E-14   0.00000000       8.66792278E-15   2.46688266E-14   3.18290926E-14   9.05853016E-14   4.03877577E-19   0.00000000       4.94537526E-05   69021240.0       16537.5020       78.7219849       0.00000000       27.1111908       0.00000000       0.00000000       0.00000000       0.00000000       0.00000000       0.00000000       0.00000000    
   0.00000000       0.00000000       0.00000000       3.85828248E-27   3.38179869E-13   1.98544103E-13   1.04879877E-13   8.96773107E-13   2.68291079E-14   1.13934232E-14   0.00000000       2.98026035E-14   2.15197529E-14   1.13934122E-14   0.00000000       8.66744844E-15   2.46655554E-14   3.18273511E-14   9.05732873E-14   3.96769175E-19   0.00000000       4.94469386E-05   69012272.0       16536.2832       78.7188416       0.00000000       26.6241360       0.00000000       0.00000000       0.00000000       0.00000000       0.00000000       0.00000000       0.00000000    
   0.00000000       0.00000000       0.00000000       3.85775169E-27   3.38139483E-13   1.98533234E-13   1.04865965E-13   8.96666042E-13   2.68276493E-14   1.13919121E-14   0.00000000       2.97990426E-14   2.15185739E-14   1.13919011E-14   0.00000000       8.66697325E-15   2.46622824E-14   3.18256062E-14   9.05612729E-14   3.89785884E-19   0.00000000       4.94401247E-05   69003304.0       16535.0645       78.7156906       0.00000000       26.1458302       0.00000000       0.00000000       0.00000000       0.00000000       0.00000000       0.00000000       0.00000000    
   0.00000000       0.00000000       0.00000000       3.85722091E-27   3.38099123E-13   1.98522364E-13   1.04852054E-13   8.96558977E-13   2.68261907E-14   1.13904010E-14   0.00000000       2.97954851E-14   2.15173948E-14   1.13903900E-14   0.00000000       8.66649807E-15   2.46590112E-14   3.18238613E-14   9.05492586E-14   3.82925506E-19   0.00000000       4.94333144E-05   68994344.0       16533.8477       78.7125473       0.00000000       25.6761189       0.00000000       0.00000000       0.00000000       0.00000000       0.00000000       0.00000000       0.00000000    
   0.00000000       0.00000000       0.00000000       3.85669051E-27   3.38058737E-13   1.98511482E-13   1.04838149E-13   8.96451912E-13   2.68247321E-14   1.13888899E-14   0.00000000       2.97919275E-14   2.15162157E-14   1.13888789E-14   0.00000000       8.66602373E-15   2.46557417E-14   3.18221198E-14   9.05372511E-14   3.76185871E-19   0.00000000       4.94265041E-05   68985376.0       16532.6289       78.7093964       0.00000000       25.2148457       0.00000000       0.00000000       0.00000000       0.00000000       0.00000000       0.00000000       0.00000000    
   0.00000000       0.00000000       0.00000000       3.85615972E-27   3.38018377E-13   1.98500613E-13   1.04824244E-13   8.96344847E-13   2.68232719E-14   1.13873797E-14   0.00000000       2.97883700E-14   2.15150384E-14   1.13873686E-14   0.00000000       8.66554854E-15   2.46524721E-14   3.18203749E-14   9.05252436E-14   3.69564833E-19   0.00000000       4.94196938E-05   68976416.0       16531.4102       78.7062531       0.00000000       24.7618580       0.00000000       0.00000000       0.00000000       0.00000000       0.00000000       0.00000000       0.00000000    
   0.00000000       0.00000000       0.00000000       3.85562932E-27   3.37978018E-13   1.98489744E-13   1.04810346E-13   8.96237837E-13   2.68218133E-14   1.13858694E-14   0.00000000       2.97848124E-14   2.15138593E-14   1.13858584E-14   0.00000000       8.66507336E-15   2.46492026E-14   3.18186300E-14   9.05132360E-14   3.63060350E-19   0.00000000       4.94128835E-05   68967456.0       16530.1934       78.7031021       0.00000000       24.3170090       0.00000000       0.00000000       0.00000000       0.00000000       0.00000000       0.00000000       0.00000000    
   0.00000000       0.00000000       0.00000000       3.85509892E-27   3.37937659E-13   1.98478861E-13   1.04796441E-13   8.96130826E-13   2.68203547E-14   1.13843600E-14   0.00000000       2.97812583E-14   2.15126802E-14   1.13843490E-14   0.00000000       8.66459902E-15   2.46459330E-14   3.18168885E-14   9.05012352E-14   3.56670354E-19   0.00000000       4.94060769E-05   68958496.0       16528.9746       78.6999588       0.00000000       23.8801517       0.00000000       0.00000000       0.00000000       0.00000000       0.00000000       0.00000000       0.00000000    
   0.00000000       0.00000000       0.00000000       3.85456852E-27   3.37897299E-13   1.98467992E-13   1.04782550E-13   8.96023815E-13   2.68188944E-14   1.13828497E-14   0.00000000       2.97777008E-14   2.15115028E-14   1.13828387E-14   0.00000000       8.66412383E-15   2.46426652E-14   3.18151436E-14   9.04892345E-14   3.50392829E-19   0.00000000       4.93992702E-05   68949544.0       16527.7578       78.6968155       0.00000000       23.4511433       0.00000000       0.00000000       0.00000000       0.00000000       0.00000000       0.00000000       0.00000000    
   0.00000000       0.00000000       0.00000000       3.85403812E-27   3.37856967E-13   1.98457123E-13   1.04768651E-13   8.95916804E-13   2.68174358E-14   1.13813403E-14   0.00000000       2.97741466E-14   2.15103238E-14   1.13813301E-14   0.00000000       8.66364950E-15   2.46393973E-14   3.18134021E-14   9.04772337E-14   3.44225784E-19   0.00000000       4.93924636E-05   68940584.0       16526.5391       78.6936646       0.00000000       23.0298424       0.00000000       0.00000000       0.00000000       0.00000000       0.00000000       0.00000000       0.00000000    
   0.00000000       0.00000000       0.00000000       3.85350810E-27   3.37816607E-13   1.98446253E-13   1.04754760E-13   8.95809848E-13   2.68159755E-14   1.13798317E-14   0.00000000       2.97705891E-14   2.15091447E-14   1.13798207E-14   0.00000000       8.66317516E-15   2.46361311E-14   3.18116573E-14   9.04652397E-14   3.38167280E-19   0.00000000       4.93856605E-05   68931632.0       16525.3223       78.6905212       0.00000000       22.6161098       0.00000000       0.00000000       0.00000000       0.00000000       0.00000000       0.00000000       0.00000000    
   0.00000000       0.00000000       0.00000000       3.85297770E-27   3.37776275E-13   1.98435384E-13   1.04740876E-13   8.95702891E-13   2.68145169E-14   1.13783232E-14   0.00000000       2.97670349E-14   2.15079673E-14   1.13783122E-14   0.00000000       8.66269997E-15   2.46328650E-14   3.18099158E-14   9.04532458E-14   3.32215405E-19   0.00000000       4.93788539E-05   68922672.0       16524.1055       78.6873703       0.00000000       22.2098083       0.00000000       0.00000000       0.00000000       0.00000000       0.00000000       0.00000000       0.00000000    
   0.00000000       0.00000000       0.00000000       3.85244768E-27   3.37735943E-13   1.98424515E-13   1.04726991E-13   8.95595935E-13   2.68130566E-14   1.13768146E-14   0.00000000       2.97634808E-14   2.15067899E-14   1.13768036E-14   0.00000000       8.66222563E-15   2.46295988E-14   3.18081709E-14   9.04412518E-14   3.26368272E-19   0.00000000       4.93720509E-05   68913720.0       16522.8867       78.6842270       0.00000000       21.8108082       0.00000000       0.00000000       0.00000000       0.00000000       0.00000000       0.00000000       0.00000000    
   0.00000000       0.00000000       0.00000000       3.85191767E-27   3.37695610E-13   1.98413646E-13   1.04713106E-13   8.95488978E-13   2.68115964E-14   1.13753060E-14   0.00000000       2.97599266E-14   2.15056109E-14   1.13752950E-14   0.00000000       8.66175045E-15   2.46263344E-14   3.18064294E-14   9.04292646E-14   3.20624072E-19   0.00000000       4.93652478E-05   68904768.0       16521.6699       78.6810837       0.00000000       21.4189739       0.00000000       0.00000000       0.00000000       0.00000000       0.00000000       0.00000000       0.00000000    
   0.00000000       0.00000000       0.00000000       3.85138765E-27   3.37655305E-13   1.98402777E-13   1.04699222E-13   8.95382076E-13   2.68101378E-14   1.13737983E-14   0.00000000       2.97563725E-14   2.15044335E-14   1.13737873E-14   0.00000000       8.66127611E-15   2.46230682E-14   3.18046879E-14   9.04172773E-14   3.14980968E-19   0.00000000       4.93584485E-05   68895824.0       16520.4531       78.6779327       0.00000000       21.0341816       0.00000000       0.00000000       0.00000000       0.00000000       0.00000000       0.00000000       0.00000000    
   0.00000000       0.00000000       0.00000000       3.85085802E-27   3.37614973E-13   1.98391908E-13   1.04685344E-13   8.95275173E-13   2.68086775E-14   1.13722906E-14   0.00000000       2.97528217E-14   2.15032544E-14   1.13722796E-14   0.00000000       8.66080177E-15   2.46198054E-14   3.18029430E-14   9.04052901E-14   3.09437178E-19   0.00000000       4.93516491E-05   68886872.0       16519.2363       78.6747894       0.00000000       20.6562996       0.00000000       0.00000000       0.00000000       0.00000000       0.00000000       0.00000000       0.00000000    
   0.00000000       0.00000000       0.00000000       3.85032800E-27   3.37574668E-13   1.98381039E-13   1.04671466E-13   8.95168271E-13   2.68072172E-14   1.13707829E-14   0.00000000       2.97492676E-14   2.15020771E-14   1.13707719E-14   0.00000000       8.66032743E-15   2.46165410E-14   3.18012015E-14   9.03933029E-14   3.03990969E-19   0.00000000       4.93448460E-05   68877920.0       16518.0195       78.6716461       0.00000000       20.2852077       0.00000000       0.00000000       0.00000000       0.00000000       0.00000000       0.00000000       0.00000000    
   0.00000000       0.00000000       0.00000000       3.84979837E-27   3.37534362E-13   1.98370183E-13   1.04657595E-13   8.95061369E-13   2.68057569E-14   1.13692760E-14   0.00000000       2.97457168E-14   2.15008997E-14   1.13692650E-14   0.00000000       8.65985225E-15   2.46132782E-14   3.17994600E-14   9.03813225E-14   2.98640610E-19   0.00000000       4.93380503E-05   68868976.0       16516.8027       78.6684952       0.00000000       19.9207821       0.00000000       0.00000000       0.00000000       0.00000000       0.00000000       0.00000000       0.00000000    
   0.00000000       0.00000000       0.00000000       3.84926874E-27   3.37494057E-13   1.98359314E-13   1.04643724E-13   8.94954521E-13   2.68042966E-14   1.13677691E-14   0.00000000       2.97421626E-14   2.14997206E-14   1.13677581E-14   0.00000000       8.65937791E-15   2.46100171E-14   3.17977151E-14   9.03693421E-14   2.93384420E-19   0.00000000       4.93312509E-05   68860032.0       16515.5840       78.6653519       0.00000000       19.5629044       0.00000000       0.00000000       0.00000000       0.00000000       0.00000000       0.00000000       0.00000000    
   0.00000000       0.00000000       0.00000000       3.84873911E-27   3.37453752E-13   1.98348445E-13   1.04629853E-13   8.94847673E-13   2.68028363E-14   1.13662623E-14   0.00000000       2.97386119E-14   2.14985432E-14   1.13662513E-14   0.00000000       8.65890357E-15   2.46067544E-14   3.17959736E-14   9.03573684E-14   2.88220745E-19   0.00000000       4.93244552E-05   68851088.0       16514.3691       78.6622086       0.00000000       19.2114544       0.00000000       0.00000000       0.00000000       0.00000000       0.00000000       0.00000000       0.00000000    
   0.00000000       0.00000000       0.00000000       3.84820987E-27   3.37413474E-13   1.98337576E-13   1.04615989E-13   8.94740824E-13   2.68013761E-14   1.13647562E-14   0.00000000       2.97350611E-14   2.14973659E-14   1.13647452E-14   0.00000000       8.65842923E-15   2.46034933E-14   3.17942321E-14   9.03453947E-14   2.83147956E-19   0.00000000       4.93176594E-05   68842144.0       16513.1523       78.6590652       0.00000000       18.8663197       0.00000000       0.00000000       0.00000000       0.00000000       0.00000000       0.00000000       0.00000000    
   0.00000000       0.00000000       0.00000000       3.84768024E-27   3.37373196E-13   1.98326720E-13   1.04602125E-13   8.94633976E-13   2.67999158E-14   1.13632502E-14   0.00000000       2.97315104E-14   2.14961885E-14   1.13632392E-14   0.00000000       8.65795489E-15   2.46002339E-14   3.17924906E-14   9.03334211E-14   2.78164426E-19   0.00000000       4.93108637E-05   68833200.0       16511.9355       78.6559143       0.00000000       18.5273857       0.00000000       0.00000000       0.00000000       0.00000000       0.00000000       0.00000000       0.00000000    
   0.00000000       0.00000000       0.00000000       3.84715099E-27   3.37332891E-13   1.98315851E-13   1.04588267E-13   8.94527182E-13   2.67984555E-14   1.13617442E-14   0.00000000       2.97279630E-14   2.14950111E-14   1.13617332E-14   0.00000000       8.65748056E-15   2.45969745E-14   3.17907491E-14   9.03214474E-14   2.73268628E-19   0.00000000       4.93040716E-05   68824264.0       16510.7188       78.6527710       0.00000000       18.1945381       0.00000000       0.00000000       0.00000000       0.00000000       0.00000000       0.00000000       0.00000000    
   0.00000000       0.00000000       0.00000000       3.84662174E-27   3.37292612E-13   1.98304995E-13   1.04574403E-13   8.94420334E-13   2.67969952E-14   1.13602390E-14   0.00000000       2.97244122E-14   2.14938337E-14   1.13602280E-14   0.00000000       8.65700622E-15   2.45937151E-14   3.17890076E-14   9.03094805E-14   2.68458986E-19   0.00000000       4.92972795E-05   68815320.0       16509.5020       78.6496277       0.00000000       17.8676720       0.00000000       0.00000000       0.00000000       0.00000000       0.00000000       0.00000000       0.00000000    
   0.00000000       0.00000000       0.00000000       3.84609250E-27   3.37252361E-13   1.98294126E-13   1.04560552E-13   8.94313540E-13   2.67955349E-14   1.13587338E-14   0.00000000       2.97208648E-14   2.14926564E-14   1.13587228E-14   0.00000000       8.65653188E-15   2.45904557E-14   3.17872627E-14   9.02975137E-14   2.63734027E-19   0.00000000       4.92904874E-05   68806384.0       16508.2852       78.6464844       0.00000000       17.5466785       0.00000000       0.00000000       0.00000000       0.00000000       0.00000000       0.00000000       0.00000000    
   0.00000000       0.00000000       0.00000000       3.84556325E-27   3.37212083E-13   1.98283271E-13   1.04546695E-13   8.94206801E-13   2.67940746E-14   1.13572287E-14   0.00000000       2.97173141E-14   2.14914790E-14   1.13572177E-14   0.00000000       8.65605754E-15   2.45871981E-14   3.17855212E-14   9.02855536E-14   2.59092200E-19   0.00000000       4.92836953E-05   68797448.0       16507.0703       78.6433334       0.00000000       17.2314510       0.00000000       0.00000000       0.00000000       0.00000000       0.00000000       0.00000000       0.00000000    
   0.00000000       0.00000000       0.00000000       3.84503439E-27   3.37171832E-13   1.98272402E-13   1.04532844E-13   8.94100007E-13   2.67926127E-14   1.13557243E-14   0.00000000       2.97137667E-14   2.14903016E-14   1.13557133E-14   0.00000000       8.65558320E-15   2.45839404E-14   3.17837797E-14   9.02735935E-14   2.54532082E-19   0.00000000       4.92769032E-05   68788512.0       16505.8535       78.6401901       0.00000000       16.9218864       0.00000000       0.00000000       0.00000000       0.00000000       0.00000000       0.00000000       0.00000000    
   0.00000000       0.00000000       0.00000000       3.84450553E-27   3.37131554E-13   1.98261546E-13   1.04519000E-13   8.93993267E-13   2.67911524E-14   1.13542200E-14   0.00000000       2.97102193E-14   2.14891242E-14   1.13542090E-14   0.00000000       8.65510886E-15   2.45806827E-14   3.17820382E-14   9.02616333E-14   2.50052201E-19   0.00000000       4.92701147E-05   68779576.0       16504.6387       78.6370468       0.00000000       16.6178837       0.00000000       0.00000000       0.00000000       0.00000000       0.00000000       0.00000000       0.00000000    
   0.00000000       0.00000000       0.00000000       3.84397629E-27   3.37091303E-13   1.98250690E-13   1.04505150E-13   8.93886527E-13   2.67896921E-14   1.13527157E-14   0.00000000       2.97066720E-14   2.14879469E-14   1.13527047E-14   0.00000000       8.65463452E-15   2.45774267E-14   3.17803001E-14   9.02496732E-14   2.45651187E-19   0.00000000       4.92633262E-05   68770640.0       16503.4219       78.6339035       0.00000000       16.3193417       0.00000000       0.00000000       0.00000000       0.00000000       0.00000000       0.00000000       0.00000000    
   0.00000000       0.00000000       0.00000000       3.84344743E-27   3.37051079E-13   1.98239821E-13   1.04491306E-13   8.93779788E-13   2.67882318E-14   1.13512113E-14   0.00000000       2.97031246E-14   2.14867695E-14   1.13512003E-14   0.00000000       8.65416019E-15   2.45741707E-14   3.17785586E-14   9.02377199E-14   2.41327643E-19   0.00000000       4.92565414E-05   68761704.0       16502.2070       78.6307602       0.00000000       16.0261631       0.00000000       0.00000000       0.00000000       0.00000000       0.00000000       0.00000000       0.00000000    
   0.00000000       0.00000000       0.00000000       3.84291895E-27   3.37010828E-13   1.98228966E-13   1.04477469E-13   8.93673102E-13   2.67867698E-14   1.13497079E-14   0.00000000       2.96995772E-14   2.14855938E-14   1.13496969E-14   0.00000000       8.65368669E-15   2.45709164E-14   3.17768171E-14   9.02257666E-14   2.37080174E-19   0.00000000       4.92497529E-05   68752776.0       16500.9902       78.6276093       0.00000000       15.7382517       0.00000000       0.00000000       0.00000000       0.00000000       0.00000000       0.00000000       0.00000000    
   0.00000000       0.00000000       0.00000000       3.84239009E-27   3.36970577E-13   1.98218110E-13   1.04463631E-13   8.93566362E-13   2.67853095E-14   1.13482044E-14   0.00000000       2.96960332E-14   2.14844164E-14   1.13481934E-14   0.00000000       8.65321236E-15   2.45676621E-14   3.17750756E-14   9.02138133E-14   2.32907487E-19   0.00000000       4.92429681E-05   68743848.0       16499.7754       78.6244659       0.00000000       15.4555130       0.00000000       0.00000000       0.00000000       0.00000000       0.00000000       0.00000000       0.00000000    
   0.00000000       0.00000000       0.00000000       3.84186162E-27   3.36930353E-13   1.98207255E-13   1.04449794E-13   8.93459677E-13   2.67838493E-14   1.13467017E-14   0.00000000       2.96924859E-14   2.14832390E-14   1.13466907E-14   0.00000000       8.65273802E-15   2.45644078E-14   3.17733341E-14   9.02018667E-14   2.28808213E-19   0.00000000       4.92361833E-05   68734920.0       16498.5586       78.6213226       0.00000000       15.1778536       0.00000000       0.00000000       0.00000000       0.00000000       0.00000000       0.00000000       0.00000000    
   0.00000000       0.00000000       0.00000000       3.84133314E-27   3.36890130E-13   1.98196399E-13   1.04435964E-13   8.93352991E-13   2.67823873E-14   1.13451991E-14   0.00000000       2.96889419E-14   2.14820617E-14   1.13451881E-14   0.00000000       8.65226453E-15   2.45611552E-14   3.17715926E-14   9.01899201E-14   2.24781110E-19   0.00000000       4.92293984E-05   68725992.0       16497.3438       78.6181793       0.00000000       14.9051819       0.00000000       0.00000000       0.00000000       0.00000000       0.00000000       0.00000000       0.00000000    
   0.00000000       0.00000000       0.00000000       3.84080467E-27   3.36849906E-13   1.98185543E-13   1.04422127E-13   8.93246360E-13   2.67809270E-14   1.13436965E-14   0.00000000       2.96853979E-14   2.14808860E-14   1.13436855E-14   0.00000000       8.65179019E-15   2.45579009E-14   3.17698511E-14   9.01779736E-14   2.20824860E-19   0.00000000       4.92226172E-05   68717064.0       16496.1289       78.6150360       0.00000000       14.6374092       0.00000000       0.00000000       0.00000000       0.00000000       0.00000000       0.00000000       0.00000000    
   0.00000000       0.00000000       0.00000000       3.84027619E-27   3.36809682E-13   1.98174688E-13   1.04408303E-13   8.93139729E-13   2.67794667E-14   1.13421938E-14   0.00000000       2.96818539E-14   2.14797086E-14   1.13421828E-14   0.00000000       8.65131585E-15   2.45546500E-14   3.17681130E-14   9.01660338E-14   2.16938274E-19   0.00000000       4.92158360E-05   68708136.0       16494.9141       78.6118927       0.00000000       14.3744469       0.00000000       0.00000000       0.00000000       0.00000000       0.00000000       0.00000000       0.00000000    
   0.00000000       0.00000000       0.00000000       3.83974772E-27   3.36769458E-13   1.98163832E-13   1.04394473E-13   8.93033043E-13   2.67780047E-14   1.13406920E-14   0.00000000       2.96783099E-14   2.14785329E-14   1.13406810E-14   0.00000000       8.65084236E-15   2.45513974E-14   3.17663715E-14   9.01540940E-14   2.13120073E-19   0.00000000       4.92090549E-05   68699216.0       16493.6992       78.6087494       0.00000000       14.1162090       0.00000000       0.00000000       0.00000000       0.00000000       0.00000000       0.00000000       0.00000000    
   0.00000000       0.00000000       0.00000000       3.83921963E-27   3.36729261E-13   1.98152977E-13   1.04380649E-13   8.92926466E-13   2.67765444E-14   1.13391903E-14   0.00000000       2.96747659E-14   2.14773556E-14   1.13391792E-14   0.00000000       8.65036802E-15   2.45481464E-14   3.17646300E-14   9.01421543E-14   2.09369081E-19   0.00000000       4.92022737E-05   68690288.0       16492.4844       78.6056061       0.00000000       13.8626099       0.00000000       0.00000000       0.00000000       0.00000000       0.00000000       0.00000000       0.00000000    
   0.00000000       0.00000000       0.00000000       3.83869154E-27   3.36689064E-13   1.98142121E-13   1.04366833E-13   8.92819835E-13   2.67750825E-14   1.13376893E-14   0.00000000       2.96712219E-14   2.14761799E-14   1.13376783E-14   0.00000000       8.64989453E-15   2.45448972E-14   3.17628919E-14   9.01302213E-14   2.05684094E-19   0.00000000       4.91954961E-05   68681368.0       16491.2676       78.6024628       0.00000000       13.6135674       0.00000000       0.00000000       0.00000000       0.00000000       0.00000000       0.00000000       0.00000000    
   0.00000000       0.00000000       0.00000000       3.83816306E-27   3.36648867E-13   1.98131266E-13   1.04353016E-13   8.92713258E-13   2.67736222E-14   1.13361884E-14   0.00000000       2.96676813E-14   2.14750025E-14   1.13361774E-14   0.00000000       8.64942019E-15   2.45416463E-14   3.17611504E-14   9.01182883E-14   2.02063977E-19   0.00000000       4.91887185E-05   68672448.0       16490.0547       78.5993118       0.00000000       13.3689985       0.00000000       0.00000000       0.00000000       0.00000000       0.00000000       0.00000000       0.00000000    
   0.00000000       0.00000000       0.00000000       3.83763536E-27   3.36608671E-13   1.98120410E-13   1.04339199E-13   8.92606681E-13   2.67721619E-14   1.13346874E-14   0.00000000       2.96641374E-14   2.14738268E-14   1.13346764E-14   0.00000000       8.64894670E-15   2.45383971E-14   3.17594123E-14   9.01063553E-14   1.98507579E-19   0.00000000       4.91819410E-05   68663528.0       16488.8398       78.5961685       0.00000000       13.1288233       0.00000000       0.00000000       0.00000000       0.00000000       0.00000000       0.00000000       0.00000000    
   0.00000000       0.00000000       0.00000000       3.83710727E-27   3.36568474E-13   1.98109554E-13   1.04325382E-13   8.92500104E-13   2.67706999E-14   1.13331865E-14   0.00000000       2.96605968E-14   2.14726511E-14   1.13331755E-14   0.00000000       8.64847236E-15   2.45351496E-14   3.17576708E-14   9.00944290E-14   1.95013762E-19   0.00000000       4.91751634E-05   68654608.0       16487.6250       78.5930252       0.00000000       12.8929625       0.00000000       0.00000000       0.00000000       0.00000000       0.00000000       0.00000000       0.00000000    
   0.00000000       0.00000000       0.00000000       3.83657918E-27   3.36528304E-13   1.98098712E-13   1.04311572E-13   8.92393527E-13   2.67692396E-14   1.13316864E-14   0.00000000       2.96570562E-14   2.14714738E-14   1.13316754E-14   0.00000000       8.64799887E-15   2.45319004E-14   3.17559293E-14   9.00825028E-14   1.91581453E-19   0.00000000       4.91683895E-05   68645688.0       16486.4102       78.5898819       0.00000000       12.6613398       0.00000000       0.00000000       0.00000000       0.00000000       0.00000000       0.00000000       0.00000000    
   0.00000000       0.00000000       0.00000000       3.83605147E-27   3.36488107E-13   1.98087857E-13   1.04297769E-13   8.92287004E-13   2.67677777E-14   1.13301863E-14   0.00000000       2.96535156E-14   2.14702981E-14   1.13301753E-14   0.00000000       8.64752538E-15   2.45286528E-14   3.17541912E-14   9.00705766E-14   1.88209542E-19   0.00000000       4.91616156E-05   68636776.0       16485.1953       78.5867386       0.00000000       12.4338779       0.00000000       0.00000000       0.00000000       0.00000000       0.00000000       0.00000000       0.00000000    
   0.00000000       0.00000000       0.00000000       3.83552377E-27   3.36447938E-13   1.98077001E-13   1.04283959E-13   8.92180481E-13   2.67663174E-14   1.13286862E-14   0.00000000       2.96499750E-14   2.14691224E-14   1.13286752E-14   0.00000000       8.64705104E-15   2.45254070E-14   3.17524497E-14   9.00586504E-14   1.84896981E-19   0.00000000       4.91548417E-05   68627864.0       16483.9805       78.5835953       0.00000000       12.2105017       0.00000000       0.00000000       0.00000000       0.00000000       0.00000000       0.00000000       0.00000000    
   0.00000000       0.00000000       0.00000000       3.83499606E-27   3.36407768E-13   1.98066159E-13   1.04270156E-13   8.92073958E-13   2.67648554E-14   1.13271870E-14   0.00000000       2.96464344E-14   2.14679450E-14   1.13271759E-14   0.00000000       8.64657755E-15   2.45221595E-14   3.17507115E-14   9.00467309E-14   1.81642723E-19   0.00000000       4.91480714E-05   68618944.0       16482.7676       78.5804520       0.00000000       11.9911394       0.00000000       0.00000000       0.00000000       0.00000000       0.00000000       0.00000000       0.00000000    
   0.00000000       0.00000000       0.00000000       3.83446836E-27   3.36367598E-13   1.98055304E-13   1.04256359E-13   8.91967435E-13   2.67633951E-14   1.13256877E-14   0.00000000       2.96428938E-14   2.14667693E-14   1.13256767E-14   0.00000000       8.64610406E-15   2.45189136E-14   3.17489734E-14   9.00348115E-14   1.78445748E-19   0.00000000       4.91412975E-05   68610032.0       16481.5527       78.5773087       0.00000000       11.7757177       0.00000000       0.00000000       0.00000000       0.00000000       0.00000000       0.00000000       0.00000000    
   0.00000000       0.00000000       0.00000000       3.83394104E-27   3.36327456E-13   1.98044462E-13   1.04242556E-13   8.91860912E-13   2.67619331E-14   1.13241885E-14   0.00000000       2.96393566E-14   2.14655937E-14   1.13241774E-14   0.00000000       8.64562972E-15   2.45156695E-14   3.17472319E-14   9.00228988E-14   1.75305033E-19   0.00000000       4.91345272E-05   68601120.0       16480.3379       78.5741653       0.00000000       11.5641661       0.00000000       0.00000000       0.00000000       0.00000000       0.00000000       0.00000000       0.00000000    
   0.00000000       0.00000000       0.00000000       3.83341372E-27   3.36287286E-13   1.98033606E-13   1.04228766E-13   8.91754444E-13   2.67604728E-14   1.13226901E-14   0.00000000       2.96358160E-14   2.14644180E-14   1.13226790E-14   0.00000000       8.64515623E-15   2.45124254E-14   3.17454938E-14   9.00109794E-14   1.72219598E-19   0.00000000       4.91277569E-05   68592216.0       16479.1250       78.5710220       0.00000000       11.3564148       0.00000000       0.00000000       0.00000000       0.00000000       0.00000000       0.00000000       0.00000000    
   0.00000000       0.00000000       0.00000000       3.83288601E-27   3.36247143E-13   1.98022764E-13   1.04214970E-13   8.91647975E-13   2.67590109E-14   1.13211917E-14   0.00000000       2.96322788E-14   2.14632423E-14   1.13211806E-14   0.00000000       8.64468273E-15   2.45091812E-14   3.17437557E-14   8.99990735E-14   1.69188459E-19   0.00000000       4.91209903E-05   68583304.0       16477.9102       78.5678787       0.00000000       11.1523962       0.00000000       0.00000000       0.00000000       0.00000000       0.00000000       0.00000000       0.00000000    
   0.00000000       0.00000000       0.00000000       3.83235869E-27   3.36207001E-13   1.98011922E-13   1.04201180E-13   8.91541561E-13   2.67575506E-14   1.13196932E-14   0.00000000       2.96287415E-14   2.14620666E-14   1.13196822E-14   0.00000000       8.64420924E-15   2.45059371E-14   3.17420142E-14   8.99871608E-14   1.66210687E-19   0.00000000       4.91142237E-05   68574400.0       16476.6973       78.5647430       0.00000000       10.9520426       0.00000000       0.00000000       0.00000000       0.00000000       0.00000000       0.00000000       0.00000000    
   0.00000000       0.00000000       0.00000000       3.83183176E-27   3.36166858E-13   1.98001066E-13   1.04187390E-13   8.91435092E-13   2.67560886E-14   1.13181957E-14   0.00000000       2.96252043E-14   2.14608909E-14   1.13181847E-14   0.00000000       8.64373575E-15   2.45026947E-14   3.17402761E-14   8.99752549E-14   1.63285311E-19   0.00000000       4.91074570E-05   68565488.0       16475.4824       78.5615997       0.00000000       10.7552881       0.00000000       0.00000000       0.00000000       0.00000000       0.00000000       0.00000000       0.00000000    
   0.00000000       0.00000000       0.00000000       3.83130444E-27   3.36126743E-13   1.97990224E-13   1.04173607E-13   8.91328678E-13   2.67546283E-14   1.13166981E-14   0.00000000       2.96216671E-14   2.14597152E-14   1.13166871E-14   0.00000000       8.64326226E-15   2.44994522E-14   3.17385380E-14   8.99633490E-14   1.60411427E-19   0.00000000       4.91006904E-05   68556584.0       16474.2695       78.5584564       0.00000000       10.5620680       0.00000000       0.00000000       0.00000000       0.00000000       0.00000000       0.00000000       0.00000000    
   0.00000000       0.00000000       0.00000000       3.83077750E-27   3.36086600E-13   1.97979382E-13   1.04159824E-13   8.91222263E-13   2.67531663E-14   1.13152006E-14   0.00000000       2.96181299E-14   2.14585396E-14   1.13151896E-14   0.00000000       8.64278877E-15   2.44962115E-14   3.17367999E-14   8.99514431E-14   1.57588117E-19   0.00000000       4.90939237E-05   68547680.0       16473.0566       78.5553131       0.00000000       10.3723202       0.00000000       0.00000000       0.00000000       0.00000000       0.00000000       0.00000000       0.00000000    
   0.00000000       0.00000000       0.00000000       3.83025018E-27   3.36046485E-13   1.97968540E-13   1.04146042E-13   8.91115849E-13   2.67517060E-14   1.13137039E-14   0.00000000       2.96145927E-14   2.14573639E-14   1.13136929E-14   0.00000000       8.64231528E-15   2.44929707E-14   3.17350584E-14   8.99395440E-14   1.54814516E-19   0.00000000       4.90871607E-05   68538776.0       16471.8418       78.5521698       0.00000000       10.1859798       0.00000000       0.00000000       0.00000000       0.00000000       0.00000000       0.00000000       0.00000000    
   0.00000000       0.00000000       0.00000000       3.82972325E-27   3.36006342E-13   1.97957698E-13   1.04132265E-13   8.91009488E-13   2.67502441E-14   1.13122063E-14   0.00000000       2.96110589E-14   2.14561899E-14   1.13121953E-14   0.00000000       8.64184179E-15   2.44897300E-14   3.17333203E-14   8.99276449E-14   1.52089718E-19   0.00000000       4.90803977E-05   68529872.0       16470.6289       78.5490265       0.00000000       10.0029879       0.00000000       0.00000000       0.00000000       0.00000000       0.00000000       0.00000000       0.00000000    
   0.00000000       0.00000000       0.00000000       3.82919632E-27   3.35966227E-13   1.97946843E-13   1.04118489E-13   8.90903074E-13   2.67487838E-14   1.13107105E-14   0.00000000       2.96075217E-14   2.14550142E-14   1.13106995E-14   0.00000000       8.64136829E-15   2.44864892E-14   3.17315822E-14   8.99157457E-14   1.49412884E-19   0.00000000       4.90736347E-05   68520976.0       16469.4160       78.5458832       0.00000000       9.82328415       0.00000000       0.00000000       0.00000000       0.00000000       0.00000000       0.00000000       0.00000000    
   0.00000000       0.00000000       0.00000000       3.82866977E-27   3.35926138E-13   1.97936001E-13   1.04104713E-13   8.90796714E-13   2.67473218E-14   1.13092138E-14   0.00000000       2.96039879E-14   2.14538385E-14   1.13092027E-14   0.00000000       8.64089480E-15   2.44832502E-14   3.17298440E-14   8.99038534E-14   1.46783148E-19   0.00000000       4.90668754E-05   68512072.0       16468.2031       78.5427399       0.00000000       9.64680767       0.00000000       0.00000000       0.00000000       0.00000000       0.00000000       0.00000000       0.00000000    
   0.00000000       0.00000000       0.00000000       3.82814283E-27   3.35886023E-13   1.97925159E-13   1.04090944E-13   8.90690354E-13   2.67458615E-14   1.13077179E-14   0.00000000       2.96004540E-14   2.14526628E-14   1.13077069E-14   0.00000000       8.64042131E-15   2.44800111E-14   3.17281059E-14   8.98919611E-14   1.44199721E-19   0.00000000       4.90601124E-05   68503176.0       16466.9902       78.5395966       0.00000000       9.47350216       0.00000000       0.00000000       0.00000000       0.00000000       0.00000000       0.00000000       0.00000000    
   0.00000000       0.00000000       0.00000000       3.82761628E-27   3.35845934E-13   1.97914317E-13   1.04077174E-13   8.90584047E-13   2.67443995E-14   1.13062220E-14   0.00000000       2.95969202E-14   2.14514889E-14   1.13062110E-14   0.00000000       8.63994782E-15   2.44767738E-14   3.17263678E-14   8.98800687E-14   1.41661750E-19   0.00000000       4.90533530E-05   68494280.0       16465.7773       78.5364609       0.00000000       9.30330944       0.00000000       0.00000000       0.00000000       0.00000000       0.00000000       0.00000000       0.00000000    
   0.00000000       0.00000000       0.00000000       3.82708973E-27   3.35805819E-13   1.97903488E-13   1.04063412E-13   8.90477741E-13   2.67429393E-14   1.13047270E-14   0.00000000       2.95933864E-14   2.14503132E-14   1.13047160E-14   0.00000000       8.63947433E-15   2.44735364E-14   3.17246297E-14   8.98681832E-14   1.39168446E-19   0.00000000       4.90465973E-05   68485384.0       16464.5645       78.5333176       0.00000000       9.13617516       0.00000000       0.00000000       0.00000000       0.00000000       0.00000000       0.00000000       0.00000000    
   0.00000000       0.00000000       0.00000000       3.82656318E-27   3.35765731E-13   1.97892646E-13   1.04049649E-13   8.90371381E-13   2.67414773E-14   1.13032312E-14   0.00000000       2.95898526E-14   2.14491375E-14   1.13032202E-14   0.00000000       8.63900168E-15   2.44702990E-14   3.17228916E-14   8.98562976E-14   1.36719022E-19   0.00000000       4.90398379E-05   68476488.0       16463.3516       78.5301743       0.00000000       8.97204304       0.00000000       0.00000000       0.00000000       0.00000000       0.00000000       0.00000000       0.00000000    
   0.00000000       0.00000000       0.00000000       3.82603663E-27   3.35725642E-13   1.97881804E-13   1.04035887E-13   8.90265129E-13   2.67400170E-14   1.13017370E-14   0.00000000       2.95863221E-14   2.14479635E-14   1.13017260E-14   0.00000000       8.63852819E-15   2.44670634E-14   3.17211535E-14   8.98444120E-14   1.34312715E-19   0.00000000       4.90330822E-05   68467592.0       16462.1387       78.5270309       0.00000000       8.81085968       0.00000000       0.00000000       0.00000000       0.00000000       0.00000000       0.00000000       0.00000000    
   0.00000000       0.00000000       0.00000000       3.82551047E-27   3.35685581E-13   1.97870962E-13   1.04022131E-13   8.90158823E-13   2.67385550E-14   1.13002420E-14   0.00000000       2.95827883E-14   2.14467878E-14   1.13002310E-14   0.00000000       8.63805470E-15   2.44638277E-14   3.17194154E-14   8.98325332E-14   1.31948762E-19   0.00000000       4.90263265E-05   68458704.0       16460.9258       78.5238876       0.00000000       8.65257168       0.00000000       0.00000000       0.00000000       0.00000000       0.00000000       0.00000000       0.00000000    
   0.00000000       0.00000000       0.00000000       3.82498392E-27   3.35645493E-13   1.97860120E-13   1.04008375E-13   8.90052572E-13   2.67370947E-14   1.12987478E-14   0.00000000       2.95792579E-14   2.14456138E-14   1.12987368E-14   0.00000000       8.63758206E-15   2.44605920E-14   3.17176773E-14   8.98206477E-14   1.29626414E-19   0.00000000       4.90195707E-05   68449808.0       16459.7129       78.5207520       0.00000000       8.49712753       0.00000000       0.00000000       0.00000000       0.00000000       0.00000000       0.00000000       0.00000000    
   0.00000000       0.00000000       0.00000000       3.82445776E-27   3.35605431E-13   1.97849292E-13   1.03994619E-13   8.89946266E-13   2.67356344E-14   1.12972537E-14   0.00000000       2.95757241E-14   2.14444382E-14   1.12972426E-14   0.00000000       8.63710857E-15   2.44573581E-14   3.17159425E-14   8.98087757E-14   1.27344934E-19   0.00000000       4.90128186E-05   68440920.0       16458.5020       78.5176086       0.00000000       8.34447575       0.00000000       0.00000000       0.00000000       0.00000000       0.00000000       0.00000000       0.00000000    
   0.00000000       0.00000000       0.00000000       3.82393159E-27   3.35565370E-13   1.97838450E-13   1.03980870E-13   8.89840068E-13   2.67341725E-14   1.12957595E-14   0.00000000       2.95721936E-14   2.14432642E-14   1.12957485E-14   0.00000000       8.63663507E-15   2.44541241E-14   3.17142044E-14   8.97968969E-14   1.25103623E-19   0.00000000       4.90060665E-05   68432032.0       16457.2891       78.5144653       0.00000000       8.19456673       0.00000000       0.00000000       0.00000000       0.00000000       0.00000000       0.00000000       0.00000000    
   0.00000000       0.00000000       0.00000000       3.82340581E-27   3.35525309E-13   1.97827608E-13   1.03967121E-13   8.89733816E-13   2.67327122E-14   1.12942662E-14   0.00000000       2.95686632E-14   2.14420902E-14   1.12942552E-14   0.00000000       8.63616243E-15   2.44508901E-14   3.17124663E-14   8.97850248E-14   1.22901746E-19   0.00000000       4.89993145E-05   68423144.0       16456.0762       78.5113220       0.00000000       8.04735088       0.00000000       0.00000000       0.00000000       0.00000000       0.00000000       0.00000000       0.00000000    
   0.00000000       0.00000000       0.00000000       3.82287965E-27   3.35485247E-13   1.97816779E-13   1.03953379E-13   8.89627564E-13   2.67312502E-14   1.12927728E-14   0.00000000       2.95651328E-14   2.14409145E-14   1.12927618E-14   0.00000000       8.63568894E-15   2.44476578E-14   3.17107282E-14   8.97731528E-14   1.20738630E-19   0.00000000       4.89925624E-05   68414256.0       16454.8652       78.5081863       0.00000000       7.90277910       0.00000000       0.00000000       0.00000000       0.00000000       0.00000000       0.00000000       0.00000000    
   0.00000000       0.00000000       0.00000000       3.82235387E-27   3.35445186E-13   1.97805937E-13   1.03939637E-13   8.89521367E-13   2.67297899E-14   1.12912795E-14   0.00000000       2.95616057E-14   2.14397405E-14   1.12912685E-14   0.00000000       8.63521629E-15   2.44444256E-14   3.17089935E-14   8.97612876E-14   1.18613577E-19   0.00000000       4.89858139E-05   68405368.0       16453.6523       78.5050430       0.00000000       7.76080513       0.00000000       0.00000000       0.00000000       0.00000000       0.00000000       0.00000000       0.00000000    
   0.00000000       0.00000000       0.00000000       3.82182771E-27   3.35405152E-13   1.97795109E-13   1.03925894E-13   8.89415169E-13   2.67283296E-14   1.12897871E-14   0.00000000       2.95580753E-14   2.14385665E-14   1.12897760E-14   0.00000000       8.63474280E-15   2.44411933E-14   3.17072554E-14   8.97494156E-14   1.16525941E-19   0.00000000       4.89790618E-05   68396488.0       16452.4395       78.5018997       0.00000000       7.62138176       0.00000000       0.00000000       0.00000000       0.00000000       0.00000000       0.00000000       0.00000000    
   0.00000000       0.00000000       0.00000000       3.82130193E-27   3.35365091E-13   1.97784267E-13   1.03912159E-13   8.89309026E-13   2.67268677E-14   1.12882946E-14   0.00000000       2.95545448E-14   2.14373925E-14   1.12882836E-14   0.00000000       8.63427016E-15   2.44379627E-14   3.17055173E-14   8.97375503E-14   1.14475037E-19   0.00000000       4.89723170E-05   68387600.0       16451.2285       78.4987564       0.00000000       7.48446321       0.00000000       0.00000000       0.00000000       0.00000000       0.00000000       0.00000000       0.00000000    
   0.00000000       0.00000000       0.00000000       3.82077654E-27   3.35325057E-13   1.97773438E-13   1.03898423E-13   8.89202828E-13   2.67254074E-14   1.12868021E-14   0.00000000       2.95510178E-14   2.14362186E-14   1.12867911E-14   0.00000000       8.63379667E-15   2.44347321E-14   3.17037825E-14   8.97256919E-14   1.12460232E-19   0.00000000       4.89655686E-05   68378720.0       16450.0176       78.4956207       0.00000000       7.35000420       0.00000000       0.00000000       0.00000000       0.00000000       0.00000000       0.00000000       0.00000000    
   0.00000000       0.00000000       0.00000000       3.82025076E-27   3.35285022E-13   1.97762610E-13   1.03884688E-13   8.89096685E-13   2.67239471E-14   1.12853105E-14   0.00000000       2.95474908E-14   2.14350429E-14   1.12852995E-14   0.00000000       8.63332402E-15   2.44315015E-14   3.17020444E-14   8.97138334E-14   1.10480892E-19   0.00000000       4.89588201E-05   68369840.0       16448.8047       78.4924774       0.00000000       7.21796083       0.00000000       0.00000000       0.00000000       0.00000000       0.00000000       0.00000000       0.00000000    
   0.00000000       0.00000000       0.00000000       3.81972498E-27   3.35244988E-13   1.97751768E-13   1.03870959E-13   8.88990541E-13   2.67224868E-14   1.12838189E-14   0.00000000       2.95439637E-14   2.14338689E-14   1.12838079E-14   0.00000000       8.63285138E-15   2.44282727E-14   3.17003063E-14   8.97019750E-14   1.08536384E-19   0.00000000       4.89520753E-05   68360960.0       16447.5938       78.4893341       0.00000000       7.08828926       0.00000000       0.00000000       0.00000000       0.00000000       0.00000000       0.00000000       0.00000000    
   0.00000000       0.00000000       0.00000000       3.81919958E-27   3.35204981E-13   1.97740939E-13   1.03857230E-13   8.88884398E-13   2.67210248E-14   1.12823272E-14   0.00000000       2.95404367E-14   2.14326949E-14   1.12823162E-14   0.00000000       8.63237789E-15   2.44250438E-14   3.16985716E-14   8.96901165E-14   1.06626101E-19   0.00000000       4.89453305E-05   68352080.0       16446.3828       78.4861984       0.00000000       6.96094751       0.00000000       0.00000000       0.00000000       0.00000000       0.00000000       0.00000000       0.00000000    
   0.00000000       0.00000000       0.00000000       3.81867419E-27   3.35164947E-13   1.97730111E-13   1.03843502E-13   8.88778309E-13   2.67195645E-14   1.12808365E-14   0.00000000       2.95369096E-14   2.14315209E-14   1.12808254E-14   0.00000000       8.63190524E-15   2.44218166E-14   3.16968335E-14   8.96782648E-14   1.04749442E-19   0.00000000       4.89385893E-05   68343208.0       16445.1699       78.4830551       0.00000000       6.83589363       0.00000000       0.00000000       0.00000000       0.00000000       0.00000000       0.00000000       0.00000000    
   0.00000000       0.00000000       0.00000000       3.81814880E-27   3.35124940E-13   1.97719282E-13   1.03829780E-13   8.88672165E-13   2.67181043E-14   1.12793457E-14   0.00000000       2.95333826E-14   2.14303469E-14   1.12793347E-14   0.00000000       8.63143260E-15   2.44185877E-14   3.16950987E-14   8.96664131E-14   1.02905811E-19   0.00000000       4.89318445E-05   68334328.0       16443.9590       78.4799118       0.00000000       6.71308613       0.00000000       0.00000000       0.00000000       0.00000000       0.00000000       0.00000000       0.00000000    
   0.00000000       0.00000000       0.00000000       3.81762340E-27   3.35084933E-13   1.97708454E-13   1.03816058E-13   8.88566076E-13   2.67166440E-14   1.12778549E-14   0.00000000       2.95298555E-14   2.14291729E-14   1.12778439E-14   0.00000000       8.63095995E-15   2.44153622E-14   3.16933606E-14   8.96545614E-14   1.01094628E-19   0.00000000       4.89251033E-05   68325456.0       16442.7480       78.4767761       0.00000000       6.59248495       0.00000000       0.00000000       0.00000000       0.00000000       0.00000000       0.00000000       0.00000000    
   0.00000000       0.00000000       0.00000000       3.81709839E-27   3.35044926E-13   1.97697625E-13   1.03802343E-13   8.88459987E-13   2.67151820E-14   1.12763650E-14   0.00000000       2.95263319E-14   2.14280006E-14   1.12763531E-14   0.00000000       8.63048646E-15   2.44121350E-14   3.16916259E-14   8.96427098E-14   9.93153239E-20   0.00000000       4.89183622E-05   68316576.0       16441.5371       78.4736328       0.00000000       6.47405052       0.00000000       0.00000000       0.00000000       0.00000000       0.00000000       0.00000000       0.00000000    
   0.00000000       0.00000000       0.00000000       3.81657339E-27   3.35004946E-13   1.97686797E-13   1.03788628E-13   8.88353952E-13   2.67137217E-14   1.12748742E-14   0.00000000       2.95228082E-14   2.14268266E-14   1.12748632E-14   0.00000000       8.63001382E-15   2.44089095E-14   3.16898912E-14   8.96308649E-14   9.75673362E-20   0.00000000       4.89116246E-05   68307704.0       16440.3262       78.4704971       0.00000000       6.35774374       0.00000000       0.00000000       0.00000000       0.00000000       0.00000000       0.00000000       0.00000000    
   0.00000000       0.00000000       0.00000000       3.81604799E-27   3.34964939E-13   1.97675968E-13   1.03774912E-13   8.88247863E-13   2.67122614E-14   1.12733851E-14   0.00000000       2.95192812E-14   2.14256527E-14   1.12733733E-14   0.00000000       8.62954117E-15   2.44056840E-14   3.16881531E-14   8.96190267E-14   9.58501157E-20   0.00000000       4.89048834E-05   68298832.0       16439.1152       78.4673538       0.00000000       6.24352646       0.00000000       0.00000000       0.00000000       0.00000000       0.00000000       0.00000000       0.00000000    
   0.00000000       0.00000000       0.00000000       3.81552298E-27   3.34924959E-13   1.97665140E-13   1.03761204E-13   8.88141828E-13   2.67108011E-14   1.12718952E-14   0.00000000       2.95157575E-14   2.14244787E-14   1.12718842E-14   0.00000000       8.62906853E-15   2.44024602E-14   3.16864184E-14   8.96071818E-14   9.41631132E-20   0.00000000       4.88981459E-05   68289968.0       16437.9043       78.4642105       0.00000000       6.13136101       0.00000000       0.00000000       0.00000000       0.00000000       0.00000000       0.00000000       0.00000000    
   0.00000000       0.00000000       0.00000000       3.81499836E-27   3.34884979E-13   1.97654312E-13   1.03747496E-13   8.88035793E-13   2.67093408E-14   1.12704061E-14   0.00000000       2.95122339E-14   2.14233047E-14   1.12703951E-14   0.00000000       8.62859588E-15   2.43992347E-14   3.16846836E-14   8.95953437E-14   9.25058051E-20   0.00000000       4.88914084E-05   68281096.0       16436.6934       78.4610748       0.00000000       6.02121067       0.00000000       0.00000000       0.00000000       0.00000000       0.00000000       0.00000000       0.00000000    
   0.00000000       0.00000000       0.00000000       3.81447335E-27   3.34844999E-13   1.97643483E-13   1.03733787E-13   8.87929812E-13   2.67078806E-14   1.12689170E-14   0.00000000       2.95087102E-14   2.14221324E-14   1.12689060E-14   0.00000000       8.62812324E-15   2.43960126E-14   3.16829455E-14   8.95835055E-14   9.08776681E-20   0.00000000       4.88846745E-05   68272224.0       16435.4824       78.4579315       0.00000000       5.91303921       0.00000000       0.00000000       0.00000000       0.00000000       0.00000000       0.00000000       0.00000000    
   0.00000000       0.00000000       0.00000000       3.81394873E-27   3.34805019E-13   1.97632655E-13   1.03720086E-13   8.87823777E-13   2.67064203E-14   1.12674279E-14   0.00000000       2.95051899E-14   2.14209584E-14   1.12674169E-14   0.00000000       8.62765060E-15   2.43927887E-14   3.16812108E-14   8.95716742E-14   8.92781851E-20   0.00000000       4.88779406E-05   68263360.0       16434.2734       78.4547958       0.00000000       5.80681086       0.00000000       0.00000000       0.00000000       0.00000000       0.00000000       0.00000000       0.00000000    
   0.00000000       0.00000000       0.00000000       3.81342410E-27   3.34765039E-13   1.97621826E-13   1.03706384E-13   8.87717796E-13   2.67049600E-14   1.12659397E-14   0.00000000       2.95016663E-14   2.14197844E-14   1.12659287E-14   0.00000000       8.62717795E-15   2.43895666E-14   3.16794761E-14   8.95598428E-14   8.77068586E-20   0.00000000       4.88712030E-05   68254496.0       16433.0625       78.4516525       0.00000000       5.70249081       0.00000000       0.00000000       0.00000000       0.00000000       0.00000000       0.00000000       0.00000000    
   0.00000000       0.00000000       0.00000000       3.81289910E-27   3.34725086E-13   1.97611011E-13   1.03692689E-13   8.87611816E-13   2.67034997E-14   1.12644515E-14   0.00000000       2.94981426E-14   2.14186121E-14   1.12644404E-14   0.00000000       8.62670531E-15   2.43863445E-14   3.16777413E-14   8.95480115E-14   8.61631845E-20   0.00000000       4.88644728E-05   68245632.0       16431.8516       78.4485168       0.00000000       5.60004520       0.00000000       0.00000000       0.00000000       0.00000000       0.00000000       0.00000000       0.00000000    
   0.00000000       0.00000000       0.00000000       3.81237486E-27   3.34685133E-13   1.97600183E-13   1.03678994E-13   8.87505889E-13   2.67020394E-14   1.12629641E-14   0.00000000       2.94946223E-14   2.14174381E-14   1.12629531E-14   0.00000000       8.62623266E-15   2.43831241E-14   3.16760032E-14   8.95361801E-14   8.46466781E-20   0.00000000       4.88577389E-05   68236768.0       16430.6406       78.4453735       0.00000000       5.49944019       0.00000000       0.00000000       0.00000000       0.00000000       0.00000000       0.00000000       0.00000000    
   0.00000000       0.00000000       0.00000000       3.81185023E-27   3.34645180E-13   1.97589354E-13   1.03665300E-13   8.87399908E-13   2.67005791E-14   1.12614758E-14   0.00000000       2.94911021E-14   2.14162658E-14   1.12614648E-14   0.00000000       8.62576002E-15   2.43799037E-14   3.16742685E-14   8.95243555E-14   8.31568612E-20   0.00000000       4.88510086E-05   68227904.0       16429.4316       78.4422379       0.00000000       5.40064192       0.00000000       0.00000000       0.00000000       0.00000000       0.00000000       0.00000000       0.00000000    
   0.00000000       0.00000000       0.00000000       3.81132600E-27   3.34605228E-13   1.97578539E-13   1.03651611E-13   8.87293982E-13   2.66991189E-14   1.12599884E-14   0.00000000       2.94875818E-14   2.14150919E-14   1.12599774E-14   0.00000000       8.62528737E-15   2.43766833E-14   3.16725338E-14   8.95125310E-14   8.16932685E-20   0.00000000       4.88442784E-05   68219040.0       16428.2207       78.4390945       0.00000000       5.30361891       0.00000000       0.00000000       0.00000000       0.00000000       0.00000000       0.00000000       0.00000000    
   0.00000000       0.00000000       0.00000000       3.81080137E-27   3.34565275E-13   1.97567711E-13   1.03637923E-13   8.87188055E-13   2.66976586E-14   1.12585019E-14   0.00000000       2.94840615E-14   2.14139196E-14   1.12584909E-14   0.00000000       8.62481558E-15   2.43734645E-14   3.16707991E-14   8.95007132E-14   8.02554412E-20   0.00000000       4.88375481E-05   68210184.0       16427.0117       78.4359589       0.00000000       5.20833921       0.00000000       0.00000000       0.00000000       0.00000000       0.00000000       0.00000000       0.00000000    
   0.00000000       0.00000000       0.00000000       3.81027714E-27   3.34525322E-13   1.97556896E-13   1.03624235E-13   8.87082129E-13   2.66961983E-14   1.12570145E-14   0.00000000       2.94805413E-14   2.14127473E-14   1.12570035E-14   0.00000000       8.62434293E-15   2.43702441E-14   3.16690643E-14   8.94888886E-14   7.88429140E-20   0.00000000       4.88308178E-05   68201328.0       16425.8008       78.4328156       0.00000000       5.11477089       0.00000000       0.00000000       0.00000000       0.00000000       0.00000000       0.00000000       0.00000000    
   0.00000000       0.00000000       0.00000000       3.80975290E-27   3.34485396E-13   1.97546068E-13   1.03610554E-13   8.86976256E-13   2.66947380E-14   1.12555280E-14   0.00000000       2.94770210E-14   2.14115733E-14   1.12555170E-14   0.00000000       8.62387029E-15   2.43670271E-14   3.16673296E-14   8.94770708E-14   7.74552474E-20   0.00000000       4.88240912E-05   68192464.0       16424.5918       78.4296799       0.00000000       5.02288342       0.00000000       0.00000000       0.00000000       0.00000000       0.00000000       0.00000000       0.00000000    
   0.00000000       0.00000000       0.00000000       3.80922904E-27   3.34445470E-13   1.97535253E-13   1.03596873E-13   8.86870330E-13   2.66932777E-14   1.12540423E-14   0.00000000       2.94735007E-14   2.14104010E-14   1.12540313E-14   0.00000000       8.62339764E-15   2.43638084E-14   3.16655949E-14   8.94652597E-14   7.60920020E-20   0.00000000       4.88173646E-05   68183608.0       16423.3828       78.4265366       0.00000000       4.93264723       0.00000000       0.00000000       0.00000000       0.00000000       0.00000000       0.00000000       0.00000000    
   0.00000000       0.00000000       0.00000000       3.80870481E-27   3.34405545E-13   1.97524438E-13   1.03583198E-13   8.86764457E-13   2.66918191E-14   1.12525557E-14   0.00000000       2.94699839E-14   2.14092287E-14   1.12525447E-14   0.00000000       8.62292585E-15   2.43605913E-14   3.16638602E-14   8.94534419E-14   7.47527579E-20   0.00000000       4.88106380E-05   68174752.0       16422.1719       78.4234009       0.00000000       4.84403181       0.00000000       0.00000000       0.00000000       0.00000000       0.00000000       0.00000000       0.00000000    
   0.00000000       0.00000000       0.00000000       3.80818095E-27   3.34365619E-13   1.97513609E-13   1.03569517E-13   8.86658639E-13   2.66903588E-14   1.12510700E-14   0.00000000       2.94664670E-14   2.14080547E-14   1.12510590E-14   0.00000000       8.62245320E-15   2.43573760E-14   3.16621254E-14   8.94416309E-14   7.34370754E-20   0.00000000       4.88039150E-05   68165904.0       16420.9629       78.4202652       0.00000000       4.75700808       0.00000000       0.00000000       0.00000000       0.00000000       0.00000000       0.00000000       0.00000000    
   0.00000000       0.00000000       0.00000000       3.80765710E-27   3.34325693E-13   1.97502794E-13   1.03555849E-13   8.86552767E-13   2.66888986E-14   1.12495843E-14   0.00000000       2.94629467E-14   2.14068824E-14   1.12495733E-14   0.00000000       8.62198056E-15   2.43541590E-14   3.16603907E-14   8.94298267E-14   7.21445605E-20   0.00000000       4.87971884E-05   68157048.0       16419.7539       78.4171219       0.00000000       4.67154837       0.00000000       0.00000000       0.00000000       0.00000000       0.00000000       0.00000000       0.00000000    
   0.00000000       0.00000000       0.00000000       3.80713325E-27   3.34285795E-13   1.97491979E-13   1.03542175E-13   8.86446949E-13   2.66874383E-14   1.12480995E-14   0.00000000       2.94594298E-14   2.14057101E-14   1.12480885E-14   0.00000000       8.62150876E-15   2.43509436E-14   3.16586560E-14   8.94180156E-14   7.08747865E-20   0.00000000       4.87904654E-05   68148200.0       16418.5449       78.4139862       0.00000000       4.58762360       0.00000000       0.00000000       0.00000000       0.00000000       0.00000000       0.00000000       0.00000000    
   0.00000000       0.00000000       0.00000000       3.80660939E-27   3.34245896E-13   1.97481164E-13   1.03528507E-13   8.86341131E-13   2.66859797E-14   1.12466146E-14   0.00000000       2.94559129E-14   2.14045378E-14   1.12466036E-14   0.00000000       8.62103612E-15   2.43477300E-14   3.16569247E-14   8.94062114E-14   6.96273594E-20   0.00000000       4.87837460E-05   68139344.0       16417.3340       78.4108429       0.00000000       4.50520658       0.00000000       0.00000000       0.00000000       0.00000000       0.00000000       0.00000000       0.00000000    
   0.00000000       0.00000000       0.00000000       3.80608554E-27   3.34205970E-13   1.97470350E-13   1.03514846E-13   8.86235313E-13   2.66845194E-14   1.12451298E-14   0.00000000       2.94523961E-14   2.14033655E-14   1.12451188E-14   0.00000000       8.62056432E-15   2.43445146E-14   3.16551899E-14   8.93944071E-14   6.84018913E-20   0.00000000       4.87770230E-05   68130496.0       16416.1250       78.4077072       0.00000000       4.42427015       0.00000000       0.00000000       0.00000000       0.00000000       0.00000000       0.00000000       0.00000000    
   0.00000000       0.00000000       0.00000000       3.80556207E-27   3.34166072E-13   1.97459521E-13   1.03501178E-13   8.86129494E-13   2.66830591E-14   1.12436458E-14   0.00000000       2.94488826E-14   2.14021932E-14   1.12436339E-14   0.00000000       8.62009167E-15   2.43413010E-14   3.16534552E-14   8.93826097E-14   6.71979945E-20   0.00000000       4.87703037E-05   68121648.0       16414.9160       78.4045715       0.00000000       4.34478760       0.00000000       0.00000000       0.00000000       0.00000000       0.00000000       0.00000000       0.00000000    
   0.00000000       0.00000000       0.00000000       3.80503861E-27   3.34126200E-13   1.97448706E-13   1.03487524E-13   8.86023731E-13   2.66816005E-14   1.12421609E-14   0.00000000       2.94453657E-14   2.14010209E-14   1.12421499E-14   0.00000000       8.61961988E-15   2.43380891E-14   3.16517205E-14   8.93708122E-14   6.60152814E-20   0.00000000       4.87635843E-05   68112800.0       16413.7070       78.4014282       0.00000000       4.26673317       0.00000000       0.00000000       0.00000000       0.00000000       0.00000000       0.00000000       0.00000000    
   0.00000000       0.00000000       0.00000000       3.80451514E-27   3.34086301E-13   1.97437891E-13   1.03473863E-13   8.85917967E-13   2.66801402E-14   1.12406778E-14   0.00000000       2.94418522E-14   2.13998486E-14   1.12406659E-14   0.00000000       8.61914723E-15   2.43348754E-14   3.16499892E-14   8.93590147E-14   6.48533899E-20   0.00000000       4.87568650E-05   68103952.0       16412.4980       78.3982925       0.00000000       4.19008112       0.00000000       0.00000000       0.00000000       0.00000000       0.00000000       0.00000000       0.00000000    
   0.00000000       0.00000000       0.00000000       3.80399167E-27   3.34046430E-13   1.97427076E-13   1.03460209E-13   8.85812203E-13   2.66786816E-14   1.12391938E-14   0.00000000       2.94383353E-14   2.13986764E-14   1.12391828E-14   0.00000000       8.61867543E-15   2.43316635E-14   3.16482544E-14   8.93472172E-14   6.37119452E-20   0.00000000       4.87501457E-05   68095112.0       16411.2910       78.3951569       0.00000000       4.11480570       0.00000000       0.00000000       0.00000000       0.00000000       0.00000000       0.00000000       0.00000000    
   0.00000000       0.00000000       0.00000000       3.80346820E-27   3.34006531E-13   1.97416275E-13   1.03446555E-13   8.85706439E-13   2.66772214E-14   1.12377106E-14   0.00000000       2.94348218E-14   2.13975041E-14   1.12376996E-14   0.00000000       8.61820364E-15   2.43284532E-14   3.16465197E-14   8.93354265E-14   6.25905921E-20   0.00000000       4.87434299E-05   68086264.0       16410.0820       78.3920135       0.00000000       4.04088306       0.00000000       0.00000000       0.00000000       0.00000000       0.00000000       0.00000000       0.00000000    
   0.00000000       0.00000000       0.00000000       3.80294512E-27   3.33966660E-13   1.97405460E-13   1.03432908E-13   8.85600729E-13   2.66757628E-14   1.12362275E-14   0.00000000       2.94313083E-14   2.13963318E-14   1.12362165E-14   0.00000000       8.61773099E-15   2.43252413E-14   3.16447884E-14   8.93236358E-14   6.14889684E-20   0.00000000       4.87367142E-05   68077424.0       16408.8730       78.3888779       0.00000000       3.96828818       0.00000000       0.00000000       0.00000000       0.00000000       0.00000000       0.00000000       0.00000000    
   0.00000000       0.00000000       0.00000000       3.80242165E-27   3.33926815E-13   1.97394645E-13   1.03419260E-13   8.85494965E-13   2.66743025E-14   1.12347443E-14   0.00000000       2.94277948E-14   2.13951612E-14   1.12347333E-14   0.00000000       8.61725920E-15   2.43220327E-14   3.16430537E-14   8.93118519E-14   6.04067448E-20   0.00000000       4.87299985E-05   68068584.0       16407.6641       78.3857422       0.00000000       3.89699769       0.00000000       0.00000000       0.00000000       0.00000000       0.00000000       0.00000000       0.00000000    
   0.00000000       0.00000000       0.00000000       3.80189857E-27   3.33886944E-13   1.97383830E-13   1.03405613E-13   8.85389255E-13   2.66728439E-14   1.12332620E-14   0.00000000       2.94242813E-14   2.13939889E-14   1.12332510E-14   0.00000000       8.61678740E-15   2.43188224E-14   3.16413189E-14   8.93000612E-14   5.93435592E-20   0.00000000       4.87232865E-05   68059744.0       16406.4551       78.3825989       0.00000000       3.82698774       0.00000000       0.00000000       0.00000000       0.00000000       0.00000000       0.00000000       0.00000000    
   0.00000000       0.00000000       0.00000000       3.80137549E-27   3.33847072E-13   1.97373015E-13   1.03391972E-13   8.85283600E-13   2.66713836E-14   1.12317797E-14   0.00000000       2.94207679E-14   2.13928166E-14   1.12317687E-14   0.00000000       8.61631560E-15   2.43156139E-14   3.16395876E-14   8.92882773E-14   5.82990886E-20   0.00000000       4.87165744E-05   68050904.0       16405.2480       78.3794632       0.00000000       3.75823569       0.00000000       0.00000000       0.00000000       0.00000000       0.00000000       0.00000000       0.00000000    
   0.00000000       0.00000000       0.00000000       3.80085279E-27   3.33807228E-13   1.97362214E-13   1.03378332E-13   8.85177890E-13   2.66699250E-14   1.12302974E-14   0.00000000       2.94172577E-14   2.13916443E-14   1.12302864E-14   0.00000000       8.61584296E-15   2.43124053E-14   3.16378529E-14   8.92765001E-14   5.72730033E-20   0.00000000       4.87098623E-05   68042064.0       16404.0391       78.3763275       0.00000000       3.69071865       0.00000000       0.00000000       0.00000000       0.00000000       0.00000000       0.00000000       0.00000000    
   0.00000000       0.00000000       0.00000000       3.80032971E-27   3.33767383E-13   1.97351399E-13   1.03364691E-13   8.85072235E-13   2.66684664E-14   1.12288159E-14   0.00000000       2.94137443E-14   2.13904737E-14   1.12288049E-14   0.00000000       8.61537116E-15   2.43091968E-14   3.16361215E-14   8.92647162E-14   5.62649804E-20   0.00000000       4.87031502E-05   68033224.0       16402.8320       78.3731918       0.00000000       3.62441468       0.00000000       0.00000000       0.00000000       0.00000000       0.00000000       0.00000000       0.00000000    
   0.00000000       0.00000000       0.00000000       3.79980701E-27   3.33727539E-13   1.97340598E-13   1.03351057E-13   8.84966579E-13   2.66670061E-14   1.12273345E-14   0.00000000       2.94102341E-14   2.13893014E-14   1.12273235E-14   0.00000000       8.61489936E-15   2.43059899E-14   3.16343868E-14   8.92529391E-14   5.52746901E-20   0.00000000       4.86964418E-05   68024392.0       16401.6230       78.3700485       0.00000000       3.55930161       0.00000000       0.00000000       0.00000000       0.00000000       0.00000000       0.00000000       0.00000000    
   0.00000000       0.00000000       0.00000000       3.79928431E-27   3.33687694E-13   1.97329783E-13   1.03337423E-13   8.84860924E-13   2.66655476E-14   1.12258530E-14   0.00000000       2.94067240E-14   2.13881308E-14   1.12258420E-14   0.00000000       8.61442756E-15   2.43027830E-14   3.16326555E-14   8.92411687E-14   5.43018352E-20   0.00000000       4.86897297E-05   68015560.0       16400.4160       78.3669128       0.00000000       3.49535847       0.00000000       0.00000000       0.00000000       0.00000000       0.00000000       0.00000000       0.00000000    
   0.00000000       0.00000000       0.00000000       3.79876162E-27   3.33647850E-13   1.97318981E-13   1.03323796E-13   8.84755268E-13   2.66640890E-14   1.12243724E-14   0.00000000       2.94032106E-14   2.13869585E-14   1.12243614E-14   0.00000000       8.61395577E-15   2.42995779E-14   3.16309241E-14   8.92293916E-14   5.33461023E-20   0.00000000       4.86830213E-05   68006728.0       16399.2070       78.3637772       0.00000000       3.43256402       0.00000000       0.00000000       0.00000000       0.00000000       0.00000000       0.00000000       0.00000000    
   0.00000000       0.00000000       0.00000000       3.79823892E-27   3.33608033E-13   1.97308166E-13   1.03310169E-13   8.84649667E-13   2.66626304E-14   1.12228918E-14   0.00000000       2.93997004E-14   2.13857879E-14   1.12228808E-14   0.00000000       8.61348397E-15   2.42963710E-14   3.16291894E-14   8.92176212E-14   5.24071909E-20   0.00000000       4.86763165E-05   67997896.0       16398.0000       78.3606415       0.00000000       3.37089777       0.00000000       0.00000000       0.00000000       0.00000000       0.00000000       0.00000000       0.00000000    
   0.00000000       0.00000000       0.00000000       3.79771622E-27   3.33568215E-13   1.97297365E-13   1.03296542E-13   8.84544066E-13   2.66611718E-14   1.12214112E-14   0.00000000       2.93961937E-14   2.13846156E-14   1.12214002E-14   0.00000000       8.61301217E-15   2.42931658E-14   3.16274581E-14   8.92058508E-14   5.14848038E-20   0.00000000       4.86696081E-05   67989064.0       16396.7930       78.3575058       0.00000000       3.31033945       0.00000000       0.00000000       0.00000000       0.00000000       0.00000000       0.00000000       0.00000000    
   0.00000000       0.00000000       0.00000000       3.79719391E-27   3.33528398E-13   1.97286550E-13   1.03282922E-13   8.84438464E-13   2.66597115E-14   1.12199314E-14   0.00000000       2.93926836E-14   2.13834450E-14   1.12199195E-14   0.00000000       8.61254038E-15   2.42899623E-14   3.16257267E-14   8.91940872E-14   5.05786533E-20   0.00000000       4.86629033E-05   67980232.0       16395.5840       78.3543625       0.00000000       3.25086880       0.00000000       0.00000000       0.00000000       0.00000000       0.00000000       0.00000000       0.00000000    
   0.00000000       0.00000000       0.00000000       3.79667160E-27   3.33488581E-13   1.97275749E-13   1.03269301E-13   8.84332917E-13   2.66582529E-14   1.12184508E-14   0.00000000       2.93891735E-14   2.13822727E-14   1.12184398E-14   0.00000000       8.61206858E-15   2.42867589E-14   3.16239920E-14   8.91823236E-14   4.96884486E-20   0.00000000       4.86561985E-05   67971400.0       16394.3770       78.3512268       0.00000000       3.19246674       0.00000000       0.00000000       0.00000000       0.00000000       0.00000000       0.00000000       0.00000000    
   0.00000000       0.00000000       0.00000000       3.79614928E-27   3.33448763E-13   1.97264947E-13   1.03255681E-13   8.84227316E-13   2.66567943E-14   1.12169719E-14   0.00000000       2.93856668E-14   2.13811021E-14   1.12169600E-14   0.00000000       8.61159678E-15   2.42835554E-14   3.16222607E-14   8.91705600E-14   4.88139119E-20   0.00000000       4.86494937E-05   67962576.0       16393.1699       78.3480911       0.00000000       3.13511372       0.00000000       0.00000000       0.00000000       0.00000000       0.00000000       0.00000000       0.00000000    
   0.00000000       0.00000000       0.00000000       3.79562697E-27   3.33408946E-13   1.97254133E-13   1.03242068E-13   8.84121769E-13   2.66553357E-14   1.12154921E-14   0.00000000       2.93821567E-14   2.13799315E-14   1.12154811E-14   0.00000000       8.61112498E-15   2.42803519E-14   3.16205294E-14   8.91588032E-14   4.79547685E-20   0.00000000       4.86427925E-05   67953752.0       16391.9629       78.3449554       0.00000000       3.07879114       0.00000000       0.00000000       0.00000000       0.00000000       0.00000000       0.00000000       0.00000000    
   0.00000000       0.00000000       0.00000000       3.79510466E-27   3.33369156E-13   1.97243331E-13   1.03228454E-13   8.84016222E-13   2.66538771E-14   1.12140132E-14   0.00000000       2.93786500E-14   2.13787609E-14   1.12140022E-14   0.00000000       8.61065319E-15   2.42771501E-14   3.16187980E-14   8.91470396E-14   4.71107470E-20   0.00000000       4.86360914E-05   67944920.0       16390.7559       78.3418198       0.00000000       3.02348042       0.00000000       0.00000000       0.00000000       0.00000000       0.00000000       0.00000000       0.00000000    
   0.00000000       0.00000000       0.00000000       3.79458273E-27   3.33329366E-13   1.97232530E-13   1.03214847E-13   8.83910675E-13   2.66524185E-14   1.12125343E-14   0.00000000       2.93751433E-14   2.13775886E-14   1.12125233E-14   0.00000000       8.61018224E-15   2.42739483E-14   3.16170633E-14   8.91352828E-14   4.62815792E-20   0.00000000       4.86293902E-05   67936096.0       16389.5488       78.3386841       0.00000000       2.96916342       0.00000000       0.00000000       0.00000000       0.00000000       0.00000000       0.00000000       0.00000000    
   0.00000000       0.00000000       0.00000000       3.79406042E-27   3.33289575E-13   1.97221728E-13   1.03201241E-13   8.83805182E-13   2.66509599E-14   1.12110553E-14   0.00000000       2.93716366E-14   2.13764180E-14   1.12110443E-14   0.00000000       8.60971044E-15   2.42707482E-14   3.16153320E-14   8.91235328E-14   4.54670067E-20   0.00000000       4.86226891E-05   67927280.0       16388.3418       78.3355408       0.00000000       2.91582227       0.00000000       0.00000000       0.00000000       0.00000000       0.00000000       0.00000000       0.00000000    
   0.00000000       0.00000000       0.00000000       3.79353849E-27   3.33249785E-13   1.97210927E-13   1.03187634E-13   8.83699689E-13   2.66495031E-14   1.12095773E-14   0.00000000       2.93681298E-14   2.13752474E-14   1.12095663E-14   0.00000000       8.60923864E-15   2.42675481E-14   3.16136006E-14   8.91117827E-14   4.46667676E-20   0.00000000       4.86159915E-05   67918456.0       16387.1348       78.3324051       0.00000000       2.86343908       0.00000000       0.00000000       0.00000000       0.00000000       0.00000000       0.00000000       0.00000000    
   0.00000000       0.00000000       0.00000000       3.79301657E-27   3.33209995E-13   1.97200126E-13   1.03174034E-13   8.83594196E-13   2.66480445E-14   1.12080992E-14   0.00000000       2.93646231E-14   2.13740768E-14   1.12080882E-14   0.00000000       8.60876684E-15   2.42643481E-14   3.16118693E-14   8.91000327E-14   4.38806164E-20   0.00000000       4.86092940E-05   67909632.0       16385.9277       78.3292694       0.00000000       2.81199718       0.00000000       0.00000000       0.00000000       0.00000000       0.00000000       0.00000000       0.00000000    
   0.00000000       0.00000000       0.00000000       3.79249464E-27   3.33170232E-13   1.97189324E-13   1.03160434E-13   8.83488703E-13   2.66465859E-14   1.12066220E-14   0.00000000       2.93611198E-14   2.13729062E-14   1.12066101E-14   0.00000000       8.60829589E-15   2.42611480E-14   3.16101380E-14   8.90882826E-14   4.31083011E-20   0.00000000       4.86025965E-05   67900816.0       16384.7207       78.3261337       0.00000000       2.76147962       0.00000000       0.00000000       0.00000000       0.00000000       0.00000000       0.00000000       0.00000000    
   0.00000000       0.00000000       0.00000000       3.79197310E-27   3.33130442E-13   1.97178523E-13   1.03146834E-13   8.83383210E-13   2.66451273E-14   1.12051439E-14   0.00000000       2.93576131E-14   2.13717356E-14   1.12051329E-14   0.00000000       8.60782410E-15   2.42579496E-14   3.16084066E-14   8.90765394E-14   4.23495794E-20   0.00000000       4.85958990E-05   67892000.0       16383.5137       78.3229980       0.00000000       2.71186924       0.00000000       0.00000000       0.00000000       0.00000000       0.00000000       0.00000000       0.00000000    
   0.00000000       0.00000000       0.00000000       3.79145156E-27   3.33090679E-13   1.97167722E-13   1.03133241E-13   8.83277772E-13   2.66436687E-14   1.12036667E-14   0.00000000       2.93541097E-14   2.13705650E-14   1.12036557E-14   0.00000000       8.60735230E-15   2.42547529E-14   3.16066753E-14   8.90647961E-14   4.16042089E-20   0.00000000       4.85892051E-05   67883176.0       16382.3076       78.3198624       0.00000000       2.66315031       0.00000000       0.00000000       0.00000000       0.00000000       0.00000000       0.00000000       0.00000000    
   0.00000000       0.00000000       0.00000000       3.79092963E-27   3.33050915E-13   1.97156920E-13   1.03119648E-13   8.83172333E-13   2.66422118E-14   1.12021903E-14   0.00000000       2.93506064E-14   2.13693944E-14   1.12021784E-14   0.00000000       8.60688135E-15   2.42515545E-14   3.16049439E-14   8.90530529E-14   4.08719602E-20   0.00000000       4.85825076E-05   67874360.0       16381.1006       78.3167267       0.00000000       2.61530662       0.00000000       0.00000000       0.00000000       0.00000000       0.00000000       0.00000000       0.00000000    
   0.00000000       0.00000000       0.00000000       3.79040809E-27   3.33011152E-13   1.97146132E-13   1.03106061E-13   8.83066894E-13   2.66407532E-14   1.12007131E-14   0.00000000       2.93471031E-14   2.13682238E-14   1.12007021E-14   0.00000000       8.60640955E-15   2.42483578E-14   3.16032126E-14   8.90413164E-14   4.01525974E-20   0.00000000       4.85758173E-05   67865552.0       16379.8945       78.3135910       0.00000000       2.56832242       0.00000000       0.00000000       0.00000000       0.00000000       0.00000000       0.00000000       0.00000000    
   0.00000000       0.00000000       0.00000000       3.78988693E-27   3.32971416E-13   1.97135331E-13   1.03092475E-13   8.82961510E-13   2.66392963E-14   1.11992367E-14   0.00000000       2.93435998E-14   2.13670532E-14   1.11992257E-14   0.00000000       8.60593860E-15   2.42451611E-14   3.16014813E-14   8.90295799E-14   3.94458976E-20   0.00000000       4.85691235E-05   67856736.0       16378.6885       78.3104553       0.00000000       2.52218223       0.00000000       0.00000000       0.00000000       0.00000000       0.00000000       0.00000000       0.00000000    
   0.00000000       0.00000000       0.00000000       3.78936539E-27   3.32931653E-13   1.97124530E-13   1.03078888E-13   8.82856071E-13   2.66378377E-14   1.11977612E-14   0.00000000       2.93400964E-14   2.13658826E-14   1.11977493E-14   0.00000000       8.60546680E-15   2.42419661E-14   3.15997533E-14   8.90178434E-14   3.87516346E-20   0.00000000       4.85624332E-05   67847920.0       16377.4824       78.3073196       0.00000000       2.47687101       0.00000000       0.00000000       0.00000000       0.00000000       0.00000000       0.00000000       0.00000000    
   0.00000000       0.00000000       0.00000000       3.78884423E-27   3.32891917E-13   1.97113742E-13   1.03065309E-13   8.82750687E-13   2.66363791E-14   1.11962848E-14   0.00000000       2.93365931E-14   2.13647137E-14   1.11962738E-14   0.00000000       8.60499585E-15   2.42387711E-14   3.15980220E-14   8.90061069E-14   3.80695886E-20   0.00000000       4.85557393E-05   67839112.0       16376.2754       78.3041840       0.00000000       2.43237400       0.00000000       0.00000000       0.00000000       0.00000000       0.00000000       0.00000000       0.00000000    
   0.00000000       0.00000000       0.00000000       3.78832269E-27   3.32852181E-13   1.97102941E-13   1.03051729E-13   8.82645302E-13   2.66349222E-14   1.11948093E-14   0.00000000       2.93330898E-14   2.13635431E-14   1.11947982E-14   0.00000000       8.60452406E-15   2.42355760E-14   3.15962907E-14   8.89943772E-14   3.73995497E-20   0.00000000       4.85490527E-05   67830304.0       16375.0703       78.3010483       0.00000000       2.38867617       0.00000000       0.00000000       0.00000000       0.00000000       0.00000000       0.00000000       0.00000000    
   0.00000000       0.00000000       0.00000000       3.78780153E-27   3.32812445E-13   1.97092153E-13   1.03038156E-13   8.82539972E-13   2.66334636E-14   1.11933337E-14   0.00000000       2.93295898E-14   2.13623725E-14   1.11933227E-14   0.00000000       8.60405311E-15   2.42323827E-14   3.15945593E-14   8.89826475E-14   3.67413046E-20   0.00000000       4.85423625E-05   67821488.0       16373.8643       78.2979126       0.00000000       2.34576344       0.00000000       0.00000000       0.00000000       0.00000000       0.00000000       0.00000000       0.00000000    
   0.00000000       0.00000000       0.00000000       3.78728038E-27   3.32772709E-13   1.97081351E-13   1.03024577E-13   8.82434588E-13   2.66320067E-14   1.11918590E-14   0.00000000       2.93260899E-14   2.13612036E-14   1.11918472E-14   0.00000000       8.60358215E-15   2.42291877E-14   3.15928280E-14   8.89709245E-14   3.60946432E-20   0.00000000       4.85356759E-05   67812680.0       16372.6582       78.2947769       0.00000000       2.30362153       0.00000000       0.00000000       0.00000000       0.00000000       0.00000000       0.00000000       0.00000000    
   0.00000000       0.00000000       0.00000000       3.78675960E-27   3.32733000E-13   1.97070564E-13   1.03011011E-13   8.82329257E-13   2.66305498E-14   1.11903835E-14   0.00000000       2.93225866E-14   2.13600330E-14   1.11903725E-14   0.00000000       8.60311036E-15   2.42259961E-14   3.15911000E-14   8.89592016E-14   3.54593620E-20   0.00000000       4.85289856E-05   67803880.0       16371.4521       78.2916412       0.00000000       2.26223683       0.00000000       0.00000000       0.00000000       0.00000000       0.00000000       0.00000000       0.00000000    
   0.00000000       0.00000000       0.00000000       3.78623845E-27   3.32693264E-13   1.97059762E-13   1.02997438E-13   8.82223927E-13   2.66290913E-14   1.11889097E-14   0.00000000       2.93190866E-14   2.13588624E-14   1.11888978E-14   0.00000000       8.60263941E-15   2.42228028E-14   3.15893687E-14   8.89474787E-14   3.48352639E-20   0.00000000       4.85223027E-05   67795072.0       16370.2471       78.2885056       0.00000000       2.22159553       0.00000000       0.00000000       0.00000000       0.00000000       0.00000000       0.00000000       0.00000000    
   0.00000000       0.00000000       0.00000000       3.78571768E-27   3.32653555E-13   1.97048974E-13   1.02983872E-13   8.82118651E-13   2.66276344E-14   1.11874350E-14   0.00000000       2.93155867E-14   2.13576935E-14   1.11874240E-14   0.00000000       8.60216846E-15   2.42196112E-14   3.15876374E-14   8.89357557E-14   3.42221518E-20   0.00000000       4.85156161E-05   67786264.0       16369.0410       78.2853699       0.00000000       2.18168449       0.00000000       0.00000000       0.00000000       0.00000000       0.00000000       0.00000000       0.00000000    
   0.00000000       0.00000000       0.00000000       3.78519691E-27   3.32613846E-13   1.97038173E-13   1.02970312E-13   8.82013321E-13   2.66261775E-14   1.11859611E-14   0.00000000       2.93120867E-14   2.13565229E-14   1.11859501E-14   0.00000000       8.60169666E-15   2.42164212E-14   3.15859094E-14   8.89240396E-14   3.36198287E-20   0.00000000       4.85089331E-05   67777464.0       16367.8359       78.2822342       0.00000000       2.14249015       0.00000000       0.00000000       0.00000000       0.00000000       0.00000000       0.00000000       0.00000000    
   0.00000000       0.00000000       0.00000000       3.78467613E-27   3.32574138E-13   1.97027385E-13   1.02956753E-13   8.81908045E-13   2.66247206E-14   1.11844873E-14   0.00000000       2.93085902E-14   2.13553540E-14   1.11844763E-14   0.00000000       8.60122571E-15   2.42132296E-14   3.15841781E-14   8.89123234E-14   3.30281069E-20   0.00000000       4.85022465E-05   67768664.0       16366.6309       78.2790985       0.00000000       2.10400033       0.00000000       0.00000000       0.00000000       0.00000000       0.00000000       0.00000000       0.00000000    
   0.00000000       0.00000000       0.00000000       3.78415536E-27   3.32534429E-13   1.97016597E-13   1.02943194E-13   8.81802769E-13   2.66232620E-14   1.11830135E-14   0.00000000       2.93050903E-14   2.13541851E-14   1.11830025E-14   0.00000000       8.60075476E-15   2.42100397E-14   3.15824468E-14   8.89006073E-14   3.24467993E-20   0.00000000       4.84955672E-05   67759856.0       16365.4248       78.2759628       0.00000000       2.06620169       0.00000000       0.00000000       0.00000000       0.00000000       0.00000000       0.00000000       0.00000000    
   0.00000000       0.00000000       0.00000000       3.78363459E-27   3.32494747E-13   1.97005810E-13   1.02929634E-13   8.81697493E-13   2.66218051E-14   1.11815405E-14   0.00000000       2.93015903E-14   2.13530145E-14   1.11815295E-14   0.00000000       8.60028381E-15   2.42068498E-14   3.15807188E-14   8.88888979E-14   3.18757216E-20   0.00000000       4.84888842E-05   67751056.0       16364.2197       78.2728271       0.00000000       2.02908230       0.00000000       0.00000000       0.00000000       0.00000000       0.00000000       0.00000000       0.00000000    
   0.00000000       0.00000000       0.00000000       3.78311420E-27   3.32455038E-13   1.96995022E-13   1.02916082E-13   8.81592217E-13   2.66203482E-14   1.11800675E-14   0.00000000       2.92980938E-14   2.13518456E-14   1.11800565E-14   0.00000000       8.59981286E-15   2.42036615E-14   3.15789875E-14   8.88771885E-14   3.13146960E-20   0.00000000       4.84822049E-05   67742264.0       16363.0146       78.2696915       0.00000000       1.99262953       0.00000000       0.00000000       0.00000000       0.00000000       0.00000000       0.00000000       0.00000000    
   0.00000000       0.00000000       0.00000000       3.78259382E-27   3.32415356E-13   1.96984234E-13   1.02902529E-13   8.81486995E-13   2.66188913E-14   1.11785945E-14   0.00000000       2.92945972E-14   2.13506750E-14   1.11785835E-14   0.00000000       8.59934191E-15   2.42004733E-14   3.15772595E-14   8.88654791E-14   3.07635449E-20   0.00000000       4.84755219E-05   67733464.0       16361.8096       78.2665558       0.00000000       1.95683181       0.00000000       0.00000000       0.00000000       0.00000000       0.00000000       0.00000000       0.00000000    
   0.00000000       0.00000000       0.00000000       3.78207343E-27   3.32375674E-13   1.96973433E-13   1.02888984E-13   8.81381773E-13   2.66174344E-14   1.11771224E-14   0.00000000       2.92911007E-14   2.13495061E-14   1.11771113E-14   0.00000000       8.59887096E-15   2.41972851E-14   3.15755282E-14   8.88537765E-14   3.02220970E-20   0.00000000       4.84688462E-05   67724664.0       16360.6055       78.2634277       0.00000000       1.92167723       0.00000000       0.00000000       0.00000000       0.00000000       0.00000000       0.00000000       0.00000000    
   0.00000000       0.00000000       0.00000000       3.78155305E-27   3.32335992E-13   1.96962645E-13   1.02875438E-13   8.81276551E-13   2.66159775E-14   1.11756502E-14   0.00000000       2.92876041E-14   2.13483372E-14   1.11756392E-14   0.00000000       8.59840001E-15   2.41940985E-14   3.15738002E-14   8.88420671E-14   2.96901747E-20   0.00000000       4.84621669E-05   67715872.0       16359.4004       78.2602921       0.00000000       1.88715410       0.00000000       0.00000000       0.00000000       0.00000000       0.00000000       0.00000000       0.00000000    
   0.00000000       0.00000000       0.00000000       3.78103266E-27   3.32296338E-13   1.96951857E-13   1.02861899E-13   8.81171384E-13   2.66145206E-14   1.11741781E-14   0.00000000       2.92841076E-14   2.13471683E-14   1.11741671E-14   0.00000000       8.59792906E-15   2.41909120E-14   3.15720723E-14   8.88303713E-14   2.91676162E-20   0.00000000       4.84554912E-05   67707080.0       16358.1953       78.2571564       0.00000000       1.85325122       0.00000000       0.00000000       0.00000000       0.00000000       0.00000000       0.00000000       0.00000000    
   0.00000000       0.00000000       0.00000000       3.78051266E-27   3.32256656E-13   1.96941083E-13   1.02848360E-13   8.81066162E-13   2.66130637E-14   1.11727068E-14   0.00000000       2.92806110E-14   2.13459994E-14   1.11726949E-14   0.00000000       8.59745811E-15   2.41877255E-14   3.15703410E-14   8.88186687E-14   2.86542570E-20   0.00000000       4.84488155E-05   67698288.0       16356.9912       78.2540207       0.00000000       1.81995738       0.00000000       0.00000000       0.00000000       0.00000000       0.00000000       0.00000000       0.00000000    
   0.00000000       0.00000000       0.00000000       3.77999266E-27   3.32217001E-13   1.96930295E-13   1.02834821E-13   8.80960994E-13   2.66116068E-14   1.11712355E-14   0.00000000       2.92771145E-14   2.13448305E-14   1.11712236E-14   0.00000000       8.59698716E-15   2.41845406E-14   3.15686130E-14   8.88069728E-14   2.81499288E-20   0.00000000       4.84421398E-05   67689496.0       16355.7861       78.2508850       0.00000000       1.78726172       0.00000000       0.00000000       0.00000000       0.00000000       0.00000000       0.00000000       0.00000000    
   0.00000000       0.00000000       0.00000000       3.77947266E-27   3.32177347E-13   1.96919507E-13   1.02821289E-13   8.80855827E-13   2.66101516E-14   1.11697642E-14   0.00000000       2.92736213E-14   2.13436616E-14   1.11697532E-14   0.00000000       8.59651621E-15   2.41813558E-14   3.15668851E-14   8.87952770E-14   2.76544800E-20   0.00000000       4.84354641E-05   67680704.0       16354.5820       78.2477493       0.00000000       1.75515342       0.00000000       0.00000000       0.00000000       0.00000000       0.00000000       0.00000000       0.00000000    
   0.00000000       0.00000000       0.00000000       3.77895266E-27   3.32137692E-13   1.96908719E-13   1.02807757E-13   8.80750713E-13   2.66086947E-14   1.11682929E-14   0.00000000       2.92701247E-14   2.13424910E-14   1.11682819E-14   0.00000000       8.59604526E-15   2.41781709E-14   3.15651537E-14   8.87835880E-14   2.71677520E-20   0.00000000       4.84287921E-05   67671912.0       16353.3779       78.2446213       0.00000000       1.72362196       0.00000000       0.00000000       0.00000000       0.00000000       0.00000000       0.00000000       0.00000000    
   0.00000000       0.00000000       0.00000000       3.77843265E-27   3.32098037E-13   1.96897931E-13   1.02794224E-13   8.80645546E-13   2.66072378E-14   1.11668224E-14   0.00000000       2.92666316E-14   2.13413221E-14   1.11668114E-14   0.00000000       8.59557431E-15   2.41749878E-14   3.15634258E-14   8.87718921E-14   2.66895883E-20   0.00000000       4.84221200E-05   67663120.0       16352.1738       78.2414856       0.00000000       1.69265699       0.00000000       0.00000000       0.00000000       0.00000000       0.00000000       0.00000000       0.00000000    
   0.00000000       0.00000000       0.00000000       3.77791265E-27   3.32058410E-13   1.96887157E-13   1.02780699E-13   8.80540432E-13   2.66057809E-14   1.11653520E-14   0.00000000       2.92631384E-14   2.13401548E-14   1.11653410E-14   0.00000000       8.59510335E-15   2.41718046E-14   3.15616978E-14   8.87602031E-14   2.62198418E-20   0.00000000       4.84154480E-05   67654336.0       16350.9688       78.2383499       0.00000000       1.66224825       0.00000000       0.00000000       0.00000000       0.00000000       0.00000000       0.00000000       0.00000000    
   0.00000000       0.00000000       0.00000000       3.77739304E-27   3.32018755E-13   1.96876369E-13   1.02767174E-13   8.80435319E-13   2.66043257E-14   1.11638824E-14   0.00000000       2.92596452E-14   2.13389859E-14   1.11638705E-14   0.00000000       8.59463325E-15   2.41686215E-14   3.15599699E-14   8.87485208E-14   2.57583623E-20   0.00000000       4.84087759E-05   67645552.0       16349.7646       78.2352142       0.00000000       1.63238585       0.00000000       0.00000000       0.00000000       0.00000000       0.00000000       0.00000000       0.00000000    
   0.00000000       0.00000000       0.00000000       3.77687342E-27   3.31979127E-13   1.96865582E-13   1.02753655E-13   8.80330205E-13   2.66028688E-14   1.11624119E-14   0.00000000       2.92561521E-14   2.13378170E-14   1.11624009E-14   0.00000000       8.59416230E-15   2.41654400E-14   3.15582386E-14   8.87368317E-14   2.53050043E-20   0.00000000       4.84021075E-05   67636768.0       16348.5615       78.2320786       0.00000000       1.60305989       0.00000000       0.00000000       0.00000000       0.00000000       0.00000000       0.00000000       0.00000000    
   0.00000000       0.00000000       0.00000000       3.77635381E-27   3.31939500E-13   1.96854807E-13   1.02740136E-13   8.80225146E-13   2.66014136E-14   1.11609423E-14   0.00000000       2.92526589E-14   2.13366481E-14   1.11609313E-14   0.00000000       8.59369135E-15   2.41622586E-14   3.15565106E-14   8.87251495E-14   2.48596273E-20   0.00000000       4.83954391E-05   67627984.0       16347.3574       78.2289505       0.00000000       1.57426071       0.00000000       0.00000000       0.00000000       0.00000000       0.00000000       0.00000000       0.00000000    
   0.00000000       0.00000000       0.00000000       3.77583419E-27   3.31899872E-13   1.96844019E-13   1.02726618E-13   8.80120033E-13   2.65999567E-14   1.11594736E-14   0.00000000       2.92491691E-14   2.13354792E-14   1.11594626E-14   0.00000000       8.59322125E-15   2.41590771E-14   3.15547827E-14   8.87134740E-14   2.44220875E-20   0.00000000       4.83887707E-05   67619200.0       16346.1533       78.2258148       0.00000000       1.54597902       0.00000000       0.00000000       0.00000000       0.00000000       0.00000000       0.00000000       0.00000000    
   0.00000000       0.00000000       0.00000000       3.77531496E-27   3.31860245E-13   1.96833245E-13   1.02713106E-13   8.80014974E-13   2.65985015E-14   1.11580048E-14   0.00000000       2.92456760E-14   2.13343103E-14   1.11579930E-14   0.00000000       8.59275030E-15   2.41558973E-14   3.15530547E-14   8.87017917E-14   2.39922493E-20   0.00000000       4.83821059E-05   67610416.0       16344.9502       78.2226791       0.00000000       1.51820540       0.00000000       0.00000000       0.00000000       0.00000000       0.00000000       0.00000000       0.00000000    
   0.00000000       0.00000000       0.00000000       3.77479534E-27   3.31820644E-13   1.96822457E-13   1.02699594E-13   8.79909969E-13   2.65970446E-14   1.11565352E-14   0.00000000       2.92421862E-14   2.13331431E-14   1.11565242E-14   0.00000000       8.59227935E-15   2.41527176E-14   3.15513268E-14   8.86901162E-14   2.35699768E-20   0.00000000       4.83754375E-05   67601640.0       16343.7461       78.2195435       0.00000000       1.49093068       0.00000000       0.00000000       0.00000000       0.00000000       0.00000000       0.00000000       0.00000000    
   0.00000000       0.00000000       0.00000000       3.77427611E-27   3.31781044E-13   1.96811683E-13   1.02686089E-13   8.79804909E-13   2.65955894E-14   1.11550673E-14   0.00000000       2.92386964E-14   2.13319742E-14   1.11550563E-14   0.00000000       8.59180924E-15   2.41495378E-14   3.15495988E-14   8.86784407E-14   2.31551360E-20   0.00000000       4.83687727E-05   67592856.0       16342.5430       78.2164154       0.00000000       1.46414602       0.00000000       0.00000000       0.00000000       0.00000000       0.00000000       0.00000000       0.00000000    
   0.00000000       0.00000000       0.00000000       3.77375688E-27   3.31741416E-13   1.96800909E-13   1.02672584E-13   8.79699905E-13   2.65941325E-14   1.11535986E-14   0.00000000       2.92352033E-14   2.13308053E-14   1.11535875E-14   0.00000000       8.59133829E-15   2.41463598E-14   3.15478709E-14   8.86667719E-14   2.27475977E-20   0.00000000       4.83621079E-05   67584080.0       16341.3389       78.2132797       0.00000000       1.43784249       0.00000000       0.00000000       0.00000000       0.00000000       0.00000000       0.00000000       0.00000000    
   0.00000000       0.00000000       0.00000000       3.77323765E-27   3.31701816E-13   1.96790121E-13   1.02659079E-13   8.79594900E-13   2.65926773E-14   1.11521307E-14   0.00000000       2.92317135E-14   2.13296381E-14   1.11521196E-14   0.00000000       8.59086819E-15   2.41431817E-14   3.15461429E-14   8.86551032E-14   2.23472310E-20   0.00000000       4.83554468E-05   67575304.0       16340.1357       78.2101440       0.00000000       1.41201162       0.00000000       0.00000000       0.00000000       0.00000000       0.00000000       0.00000000       0.00000000    
   0.00000000       0.00000000       0.00000000       3.77271842E-27   3.31662242E-13   1.96779347E-13   1.02645580E-13   8.79489895E-13   2.65912221E-14   1.11506636E-14   0.00000000       2.92282271E-14   2.13284692E-14   1.11506517E-14   0.00000000       8.59039724E-15   2.41400036E-14   3.15444150E-14   8.86434345E-14   2.19539114E-20   0.00000000       4.83487856E-05   67566528.0       16338.9326       78.2070160       0.00000000       1.38664460       0.00000000       0.00000000       0.00000000       0.00000000       0.00000000       0.00000000       0.00000000    
   0.00000000       0.00000000       0.00000000       3.77219957E-27   3.31622642E-13   1.96768573E-13   1.02632082E-13   8.79384890E-13   2.65897652E-14   1.11491957E-14   0.00000000       2.92247373E-14   2.13273020E-14   1.11491847E-14   0.00000000       8.58992714E-15   2.41368272E-14   3.15426870E-14   8.86317658E-14   2.15675131E-20   0.00000000       4.83421245E-05   67557752.0       16337.7295       78.2038803       0.00000000       1.36173344       0.00000000       0.00000000       0.00000000       0.00000000       0.00000000       0.00000000       0.00000000    
   0.00000000       0.00000000       0.00000000       3.77168073E-27   3.31583041E-13   1.96757798E-13   1.02618590E-13   8.79279939E-13   2.65883100E-14   1.11477286E-14   0.00000000       2.92212475E-14   2.13261331E-14   1.11477176E-14   0.00000000       8.58945619E-15   2.41336509E-14   3.15409591E-14   8.86201038E-14   2.11879164E-20   0.00000000       4.83354634E-05   67548976.0       16336.5264       78.2007446       0.00000000       1.33726978       0.00000000       0.00000000       0.00000000       0.00000000       0.00000000       0.00000000       0.00000000    
   0.00000000       0.00000000       0.00000000       3.77116150E-27   3.31543468E-13   1.96747024E-13   1.02605099E-13   8.79174934E-13   2.65868548E-14   1.11462616E-14   0.00000000       2.92177612E-14   2.13249659E-14   1.11462505E-14   0.00000000       8.58898608E-15   2.41304762E-14   3.15392345E-14   8.86084419E-14   2.08150017E-20   0.00000000       4.83288022E-05   67540208.0       16335.3232       78.1976166       0.00000000       1.31324565       0.00000000       0.00000000       0.00000000       0.00000000       0.00000000       0.00000000       0.00000000    
   0.00000000       0.00000000       0.00000000       3.77064304E-27   3.31503894E-13   1.96736250E-13   1.02591607E-13   8.79069983E-13   2.65853996E-14   1.11447953E-14   0.00000000       2.92142714E-14   2.13237969E-14   1.11447835E-14   0.00000000       8.58851598E-15   2.41272998E-14   3.15375066E-14   8.85967867E-14   2.04486495E-20   0.00000000       4.83221447E-05   67531432.0       16334.1211       78.1944809       0.00000000       1.28965306       0.00000000       0.00000000       0.00000000       0.00000000       0.00000000       0.00000000       0.00000000    
   0.00000000       0.00000000       0.00000000       3.77012419E-27   3.31464321E-13   1.96725476E-13   1.02578123E-13   8.78965086E-13   2.65839444E-14   1.11433283E-14   0.00000000       2.92107850E-14   2.13226297E-14   1.11433173E-14   0.00000000       8.58804503E-15   2.41241251E-14   3.15357786E-14   8.85851247E-14   2.00887452E-20   0.00000000       4.83154872E-05   67522664.0       16332.9180       78.1913452       0.00000000       1.26648438       0.00000000       0.00000000       0.00000000       0.00000000       0.00000000       0.00000000       0.00000000    
   0.00000000       0.00000000       0.00000000       3.76960535E-27   3.31424748E-13   1.96714701E-13   1.02564638E-13   8.78860136E-13   2.65824892E-14   1.11418621E-14   0.00000000       2.92072986E-14   2.13214625E-14   1.11418511E-14   0.00000000       8.58757493E-15   2.41209522E-14   3.15340507E-14   8.85734696E-14   1.97351756E-20   0.00000000       4.83088297E-05   67513896.0       16331.7148       78.1882172       0.00000000       1.24373186       0.00000000       0.00000000       0.00000000       0.00000000       0.00000000       0.00000000       0.00000000    
   0.00000000       0.00000000       0.00000000       3.76908689E-27   3.31385201E-13   1.96703927E-13   1.02551160E-13   8.78755239E-13   2.65810340E-14   1.11403967E-14   0.00000000       2.92038122E-14   2.13202936E-14   1.11403857E-14   0.00000000       8.58710482E-15   2.41177775E-14   3.15323261E-14   8.85618212E-14   1.93878292E-20   0.00000000       4.83021759E-05   67505128.0       16330.5127       78.1850815       0.00000000       1.22138810       0.00000000       0.00000000       0.00000000       0.00000000       0.00000000       0.00000000       0.00000000    
   0.00000000       0.00000000       0.00000000       3.76856843E-27   3.31345628E-13   1.96693153E-13   1.02537682E-13   8.78650343E-13   2.65795788E-14   1.11389313E-14   0.00000000       2.92003258E-14   2.13191264E-14   1.11389195E-14   0.00000000       8.58663472E-15   2.41146045E-14   3.15305982E-14   8.85501660E-14   1.90465962E-20   0.00000000       4.82955184E-05   67496360.0       16329.3105       78.1819458       0.00000000       1.19944584       0.00000000       0.00000000       0.00000000       0.00000000       0.00000000       0.00000000       0.00000000    
   0.00000000       0.00000000       0.00000000       3.76804997E-27   3.31306082E-13   1.96682379E-13   1.02524211E-13   8.78545446E-13   2.65781236E-14   1.11374660E-14   0.00000000       2.91968394E-14   2.13179592E-14   1.11374541E-14   0.00000000       8.58616377E-15   2.41114332E-14   3.15288702E-14   8.85385176E-14   1.87113683E-20   0.00000000       4.82888645E-05   67487592.0       16328.1074       78.1788177       0.00000000       1.17789769       0.00000000       0.00000000       0.00000000       0.00000000       0.00000000       0.00000000       0.00000000    
   0.00000000       0.00000000       0.00000000       3.76753151E-27   3.31266535E-13   1.96671604E-13   1.02510739E-13   8.78440604E-13   2.65766684E-14   1.11360006E-14   0.00000000       2.91933531E-14   2.13167920E-14   1.11359896E-14   0.00000000       8.58569367E-15   2.41082619E-14   3.15271423E-14   8.85268692E-14   1.83820405E-20   0.00000000       4.82822106E-05   67478832.0       16326.9053       78.1756821       0.00000000       1.15673661       0.00000000       0.00000000       0.00000000       0.00000000       0.00000000       0.00000000       0.00000000    
   0.00000000       0.00000000       0.00000000       3.76701305E-27   3.31226989E-13   1.96660844E-13   1.02497268E-13   8.78335707E-13   2.65752149E-14   1.11345361E-14   0.00000000       2.91898701E-14   2.13156248E-14   1.11345242E-14   0.00000000       8.58522356E-15   2.41050906E-14   3.15254177E-14   8.85152276E-14   1.80585095E-20   0.00000000       4.82755604E-05   67470064.0       16325.7031       78.1725540       0.00000000       1.13595581       0.00000000       0.00000000       0.00000000       0.00000000       0.00000000       0.00000000       0.00000000    
   0.00000000       0.00000000       0.00000000       3.76649497E-27   3.31187443E-13   1.96650069E-13   1.02483804E-13   8.78230865E-13   2.65737597E-14   1.11330716E-14   0.00000000       2.91863837E-14   2.13144576E-14   1.11330597E-14   0.00000000       8.58475346E-15   2.41019193E-14   3.15236898E-14   8.85035860E-14   1.77406735E-20   0.00000000       4.82689102E-05   67461304.0       16324.5010       78.1694183       0.00000000       1.11554825       0.00000000       0.00000000       0.00000000       0.00000000       0.00000000       0.00000000       0.00000000    
   0.00000000       0.00000000       0.00000000       3.76597689E-27   3.31147924E-13   1.96639295E-13   1.02470339E-13   8.78126022E-13   2.65723045E-14   1.11316070E-14   0.00000000       2.91829007E-14   2.13132904E-14   1.11315960E-14   0.00000000       8.58428336E-15   2.40987497E-14   3.15219652E-14   8.84919443E-14   1.74284306E-20   0.00000000       4.82622600E-05   67452544.0       16323.2988       78.1662827       0.00000000       1.09550726       0.00000000       0.00000000       0.00000000       0.00000000       0.00000000       0.00000000       0.00000000    
   0.00000000       0.00000000       0.00000000       3.76545843E-27   3.31108377E-13   1.96628534E-13   1.02456875E-13   8.78021234E-13   2.65708510E-14   1.11301425E-14   0.00000000       2.91794177E-14   2.13121231E-14   1.11301315E-14   0.00000000       8.58381325E-15   2.40955801E-14   3.15202373E-14   8.84803027E-14   1.71216839E-20   0.00000000       4.82556097E-05   67443784.0       16322.0967       78.1631546       0.00000000       1.07582641       0.00000000       0.00000000       0.00000000       0.00000000       0.00000000       0.00000000       0.00000000    
   0.00000000       0.00000000       0.00000000       3.76494074E-27   3.31068858E-13   1.96617760E-13   1.02443417E-13   8.77916392E-13   2.65693958E-14   1.11286789E-14   0.00000000       2.91759347E-14   2.13109559E-14   1.11286678E-14   0.00000000       8.58334315E-15   2.40924105E-14   3.15185127E-14   8.84686679E-14   1.68203349E-20   0.00000000       4.82489595E-05   67435024.0       16320.8955       78.1600189       0.00000000       1.05649912       0.00000000       0.00000000       0.00000000       0.00000000       0.00000000       0.00000000       0.00000000    
   0.00000000       0.00000000       0.00000000       3.76442267E-27   3.31029339E-13   1.96606999E-13   1.02429966E-13   8.77811604E-13   2.65679406E-14   1.11272152E-14   0.00000000       2.91724517E-14   2.13097887E-14   1.11272042E-14   0.00000000       8.58287305E-15   2.40892426E-14   3.15167848E-14   8.84570330E-14   1.65242914E-20   0.00000000       4.82423129E-05   67426272.0       16319.6934       78.1568909       0.00000000       1.03751898       0.00000000       0.00000000       0.00000000       0.00000000       0.00000000       0.00000000       0.00000000    
   0.00000000       0.00000000       0.00000000       3.76390459E-27   3.30989820E-13   1.96596225E-13   1.02416515E-13   8.77706816E-13   2.65664870E-14   1.11257524E-14   0.00000000       2.91689687E-14   2.13086215E-14   1.11257413E-14   0.00000000       8.58240294E-15   2.40860747E-14   3.15150602E-14   8.84453982E-14   1.62334567E-20   0.00000000       4.82356663E-05   67417512.0       16318.4912       78.1537552       0.00000000       1.01887989       0.00000000       0.00000000       0.00000000       0.00000000       0.00000000       0.00000000       0.00000000    
   0.00000000       0.00000000       0.00000000       3.76338690E-27   3.30950328E-13   1.96585464E-13   1.02403065E-13   8.77602082E-13   2.65650318E-14   1.11242895E-14   0.00000000       2.91654891E-14   2.13074543E-14   1.11242777E-14   0.00000000       8.58193284E-15   2.40829068E-14   3.15133323E-14   8.84337701E-14   1.59477417E-20   0.00000000       4.82290197E-05   67408760.0       16317.2900       78.1506271       0.00000000       1.00057566       0.00000000       0.00000000       0.00000000       0.00000000       0.00000000       0.00000000       0.00000000    
   0.00000000       0.00000000       0.00000000       3.76286921E-27   3.30910809E-13   1.96574690E-13   1.02389620E-13   8.77497294E-13   2.65635783E-14   1.11228267E-14   0.00000000       2.91620061E-14   2.13062871E-14   1.11228157E-14   0.00000000       8.58146274E-15   2.40797406E-14   3.15116077E-14   8.84221421E-14   1.56670561E-20   0.00000000       4.82223768E-05   67400000.0       16316.0889       78.1474915       0.00000000      0.982600212       0.00000000       0.00000000       0.00000000       0.00000000       0.00000000       0.00000000       0.00000000    
   0.00000000       0.00000000       0.00000000       3.76235152E-27   3.30871317E-13   1.96563929E-13   1.02376176E-13   8.77392560E-13   2.65621231E-14   1.11213639E-14   0.00000000       2.91585265E-14   2.13051199E-14   1.11213529E-14   0.00000000       8.58099348E-15   2.40765744E-14   3.15098831E-14   8.84105140E-14   1.53913093E-20   0.00000000       4.82157338E-05   67391248.0       16314.8867       78.1443634       0.00000000      0.964947760       0.00000000       0.00000000       0.00000000       0.00000000       0.00000000       0.00000000       0.00000000    
   0.00000000       0.00000000       0.00000000       3.76183383E-27   3.30831825E-13   1.96553169E-13   1.02362739E-13   8.77287826E-13   2.65606696E-14   1.11199019E-14   0.00000000       2.91550435E-14   2.13039544E-14   1.11198909E-14   0.00000000       8.58052338E-15   2.40734099E-14   3.15081552E-14   8.83988927E-14   1.51204173E-20   0.00000000       4.82090909E-05   67382496.0       16313.6855       78.1412277       0.00000000      0.947612405       0.00000000       0.00000000       0.00000000       0.00000000       0.00000000       0.00000000       0.00000000    
   0.00000000       0.00000000       0.00000000       3.76131614E-27   3.30792333E-13   1.96542394E-13   1.02349302E-13   8.77183092E-13   2.65592161E-14   1.11184399E-14   0.00000000       2.91515638E-14   2.13027871E-14   1.11184289E-14   0.00000000       8.58005327E-15   2.40702437E-14   3.15064306E-14   8.83872714E-14   1.48542913E-20   0.00000000       4.82024479E-05   67373744.0       16312.4844       78.1380997       0.00000000      0.930588424       0.00000000       0.00000000       0.00000000       0.00000000       0.00000000       0.00000000       0.00000000    
   0.00000000       0.00000000       0.00000000       3.76079884E-27   3.30752840E-13   1.96531634E-13   1.02335864E-13   8.77078412E-13   2.65577626E-14   1.11169779E-14   0.00000000       2.91480842E-14   2.13016199E-14   1.11169669E-14   0.00000000       8.57958317E-15   2.40670792E-14   3.15047061E-14   8.83756501E-14   1.45928506E-20   0.00000000       4.81958050E-05   67365000.0       16311.2832       78.1349640       0.00000000      0.913870335       0.00000000       0.00000000       0.00000000       0.00000000       0.00000000       0.00000000       0.00000000    
   0.00000000       0.00000000       0.00000000       3.76028153E-27   3.30713348E-13   1.96520873E-13   1.02322434E-13   8.76973678E-13   2.65563074E-14   1.11155168E-14   0.00000000       2.91446046E-14   2.13004544E-14   1.11155058E-14   0.00000000       8.57911307E-15   2.40639163E-14   3.15029815E-14   8.83640356E-14   1.43360110E-20   0.00000000       4.81891657E-05   67356248.0       16310.0820       78.1318359       0.00000000      0.897452593       0.00000000       0.00000000       0.00000000       0.00000000       0.00000000       0.00000000       0.00000000    
   0.00000000       0.00000000       0.00000000       3.75976423E-27   3.30673883E-13   1.96510112E-13   1.02309003E-13   8.76868998E-13   2.65548539E-14   1.11140557E-14   0.00000000       2.91411250E-14   2.12992872E-14   1.11140447E-14   0.00000000       8.57864381E-15   2.40607535E-14   3.15012536E-14   8.83524211E-14   1.40836918E-20   0.00000000       4.81825264E-05   67347504.0       16308.8818       78.1287003       0.00000000      0.881329775       0.00000000       0.00000000       0.00000000       0.00000000       0.00000000       0.00000000       0.00000000    
   0.00000000       0.00000000       0.00000000       3.75924693E-27   3.30634418E-13   1.96499352E-13   1.02295580E-13   8.76764319E-13   2.65534004E-14   1.11125945E-14   0.00000000       2.91376488E-14   2.12981217E-14   1.11125835E-14   0.00000000       8.57817371E-15   2.40575907E-14   3.14995290E-14   8.83408066E-14   1.38358123E-20   0.00000000       4.81758871E-05   67338752.0       16307.6807       78.1255722       0.00000000      0.865496635       0.00000000       0.00000000       0.00000000       0.00000000       0.00000000       0.00000000       0.00000000    
   0.00000000       0.00000000       0.00000000       3.75872962E-27   3.30594954E-13   1.96488591E-13   1.02282156E-13   8.76659693E-13   2.65519469E-14   1.11111343E-14   0.00000000       2.91341692E-14   2.12969545E-14   1.11111232E-14   0.00000000       8.57770445E-15   2.40544279E-14   3.14978044E-14   8.83291921E-14   1.35922964E-20   0.00000000       4.81692514E-05   67330008.0       16306.4795       78.1224365       0.00000000      0.849947929       0.00000000       0.00000000       0.00000000       0.00000000       0.00000000       0.00000000       0.00000000    
   0.00000000       0.00000000       0.00000000       3.75821270E-27   3.30555489E-13   1.96477830E-13   1.02268739E-13   8.76555013E-13   2.65504934E-14   1.11096740E-14   0.00000000       2.91306929E-14   2.12957890E-14   1.11096630E-14   0.00000000       8.57723435E-15   2.40512668E-14   3.14960799E-14   8.83175843E-14   1.33530676E-20   0.00000000       4.81626157E-05   67321264.0       16305.2793       78.1193085       0.00000000      0.834678531       0.00000000       0.00000000       0.00000000       0.00000000       0.00000000       0.00000000       0.00000000    
   0.00000000       0.00000000       0.00000000       3.75769540E-27   3.30516024E-13   1.96467070E-13   1.02255322E-13   8.76450388E-13   2.65490399E-14   1.11082137E-14   0.00000000       2.91272133E-14   2.12946217E-14   1.11082027E-14   0.00000000       8.57676424E-15   2.40481056E-14   3.14943553E-14   8.83059766E-14   1.31180481E-20   0.00000000       4.81559800E-05   67312520.0       16304.0791       78.1161728       0.00000000      0.819683433       0.00000000       0.00000000       0.00000000       0.00000000       0.00000000       0.00000000       0.00000000    
   0.00000000       0.00000000       0.00000000       3.75717848E-27   3.30476559E-13   1.96456309E-13   1.02241911E-13   8.76345762E-13   2.65475864E-14   1.11067542E-14   0.00000000       2.91237371E-14   2.12934562E-14   1.11067424E-14   0.00000000       8.57629499E-15   2.40449445E-14   3.14926308E-14   8.82943688E-14   1.28871654E-20   0.00000000       4.81493444E-05   67303784.0       16302.8779       78.1130447       0.00000000      0.804957747       0.00000000       0.00000000       0.00000000       0.00000000       0.00000000       0.00000000       0.00000000    
   0.00000000       0.00000000       0.00000000       3.75666156E-27   3.30437121E-13   1.96445548E-13   1.02228501E-13   8.76241191E-13   2.65461328E-14   1.11052940E-14   0.00000000       2.91202609E-14   2.12922890E-14   1.11052830E-14   0.00000000       8.57582489E-15   2.40417851E-14   3.14909062E-14   8.82827679E-14   1.26603466E-20   0.00000000       4.81427087E-05   67295040.0       16301.6777       78.1099167       0.00000000      0.790496647       0.00000000       0.00000000       0.00000000       0.00000000       0.00000000       0.00000000       0.00000000    
   0.00000000       0.00000000       0.00000000       3.75614502E-27   3.30397683E-13   1.96434801E-13   1.02215098E-13   8.76136566E-13   2.65446793E-14   1.11038354E-14   0.00000000       2.91167847E-14   2.12911235E-14   1.11038235E-14   0.00000000       8.57535563E-15   2.40386256E-14   3.14891817E-14   8.82711669E-14   1.24375200E-20   0.00000000       4.81360767E-05   67286304.0       16300.4775       78.1067810       0.00000000      0.776295304       0.00000000       0.00000000       0.00000000       0.00000000       0.00000000       0.00000000       0.00000000    
   0.00000000       0.00000000       0.00000000       3.75562810E-27   3.30358245E-13   1.96424040E-13   1.02201694E-13   8.76031994E-13   2.65432258E-14   1.11023759E-14   0.00000000       2.91133084E-14   2.12899580E-14   1.11023649E-14   0.00000000       8.57488637E-15   2.40354679E-14   3.14874571E-14   8.82595659E-14   1.22186144E-20   0.00000000       4.81294446E-05   67277560.0       16299.2773       78.1036530       0.00000000      0.762349069       0.00000000       0.00000000       0.00000000       0.00000000       0.00000000       0.00000000       0.00000000    
   0.00000000       0.00000000       0.00000000       3.75511157E-27   3.30318807E-13   1.96413280E-13   1.02188291E-13   8.75927423E-13   2.65417740E-14   1.11009173E-14   0.00000000       2.91098356E-14   2.12887925E-14   1.11009055E-14   0.00000000       8.57441627E-15   2.40323085E-14   3.14857325E-14   8.82479718E-14   1.20035620E-20   0.00000000       4.81228126E-05   67268824.0       16298.0771       78.1005173       0.00000000      0.748653412       0.00000000       0.00000000       0.00000000       0.00000000       0.00000000       0.00000000       0.00000000    
   0.00000000       0.00000000       0.00000000       3.75459503E-27   3.30279369E-13   1.96402519E-13   1.02174894E-13   8.75822852E-13   2.65403205E-14   1.10994588E-14   0.00000000       2.91063594E-14   2.12876253E-14   1.10994469E-14   0.00000000       8.57394701E-15   2.40291507E-14   3.14840080E-14   8.82363776E-14   1.17922949E-20   0.00000000       4.81161842E-05   67260088.0       16296.8770       78.0973892       0.00000000      0.735203803       0.00000000       0.00000000       0.00000000       0.00000000       0.00000000       0.00000000       0.00000000    
   0.00000000       0.00000000       0.00000000       3.75407850E-27   3.30239959E-13   1.96391772E-13   1.02161504E-13   8.75718335E-13   2.65388670E-14   1.10980002E-14   0.00000000       2.91028866E-14   2.12864597E-14   1.10979892E-14   0.00000000       8.57347691E-15   2.40259947E-14   3.14822834E-14   8.82247834E-14   1.15847461E-20   0.00000000       4.81095558E-05   67251360.0       16295.6777       78.0942612       0.00000000      0.721995831       0.00000000       0.00000000       0.00000000       0.00000000       0.00000000       0.00000000       0.00000000    
   0.00000000       0.00000000       0.00000000       3.75356197E-27   3.30200521E-13   1.96381011E-13   1.02148108E-13   8.75613763E-13   2.65374152E-14   1.10965424E-14   0.00000000       2.90994103E-14   2.12852942E-14   1.10965306E-14   0.00000000       8.57300765E-15   2.40228386E-14   3.14805589E-14   8.82131892E-14   1.13808501E-20   0.00000000       4.81029274E-05   67242624.0       16294.4775       78.0911255       0.00000000      0.709025085       0.00000000       0.00000000       0.00000000       0.00000000       0.00000000       0.00000000       0.00000000    
   0.00000000       0.00000000       0.00000000       3.75304543E-27   3.30161110E-13   1.96370264E-13   1.02134725E-13   8.75509246E-13   2.65359617E-14   1.10950847E-14   0.00000000       2.90959375E-14   2.12841287E-14   1.10950728E-14   0.00000000       8.57253840E-15   2.40196826E-14   3.14788343E-14   8.82016018E-14   1.11805423E-20   0.00000000       4.80962990E-05   67233888.0       16293.2773       78.0879974       0.00000000      0.696287394       0.00000000       0.00000000       0.00000000       0.00000000       0.00000000       0.00000000       0.00000000    
   0.00000000       0.00000000       0.00000000       3.75252928E-27   3.30121699E-13   1.96359503E-13   1.02121341E-13   8.75404783E-13   2.65345099E-14   1.10936269E-14   0.00000000       2.90924647E-14   2.12829632E-14   1.10936159E-14   0.00000000       8.57206914E-15   2.40165265E-14   3.14771131E-14   8.81900144E-14   1.09837606E-20   0.00000000       4.80896706E-05   67225160.0       16292.0781       78.0848618       0.00000000      0.683778524       0.00000000       0.00000000       0.00000000       0.00000000       0.00000000       0.00000000       0.00000000    
   0.00000000       0.00000000       0.00000000       3.75201275E-27   3.30082289E-13   1.96348756E-13   1.02107958E-13   8.75300266E-13   2.65330564E-14   1.10921700E-14   0.00000000       2.90889918E-14   2.12817977E-14   1.10921582E-14   0.00000000       8.57159904E-15   2.40133722E-14   3.14753886E-14   8.81784337E-14   1.07904427E-20   0.00000000       4.80830458E-05   67216432.0       16290.8789       78.0817337       0.00000000      0.671494424       0.00000000       0.00000000       0.00000000       0.00000000       0.00000000       0.00000000       0.00000000    
   0.00000000       0.00000000       0.00000000       3.75149660E-27   3.30042905E-13   1.96337995E-13   1.02094582E-13   8.75195803E-13   2.65316045E-14   1.10907123E-14   0.00000000       2.90855190E-14   2.12806322E-14   1.10907013E-14   0.00000000       8.57112978E-15   2.40102178E-14   3.14736640E-14   8.81668463E-14   1.06005263E-20   0.00000000       4.80764211E-05   67207696.0       16289.6787       78.0786057       0.00000000      0.659430981       0.00000000       0.00000000       0.00000000       0.00000000       0.00000000       0.00000000       0.00000000    
   0.00000000       0.00000000       0.00000000       3.75098045E-27   3.30003494E-13   1.96327248E-13   1.02081206E-13   8.75091286E-13   2.65301510E-14   1.10892562E-14   0.00000000       2.90820462E-14   2.12794666E-14   1.10892444E-14   0.00000000       8.57066053E-15   2.40070635E-14   3.14719394E-14   8.81552657E-14   1.04139535E-20   0.00000000       4.80697963E-05   67198968.0       16288.4795       78.0754700       0.00000000      0.647584260       0.00000000       0.00000000       0.00000000       0.00000000       0.00000000       0.00000000       0.00000000    
   0.00000000       0.00000000       0.00000000       3.75046468E-27   3.29964111E-13   1.96316501E-13   1.02067836E-13   8.74986878E-13   2.65286992E-14   1.10877993E-14   0.00000000       2.90785767E-14   2.12783011E-14   1.10877883E-14   0.00000000       8.57019127E-15   2.40039108E-14   3.14702183E-14   8.81436918E-14   1.02306635E-20   0.00000000       4.80631752E-05   67190248.0       16287.2803       78.0723419       0.00000000      0.635950327       0.00000000       0.00000000       0.00000000       0.00000000       0.00000000       0.00000000       0.00000000    
   0.00000000       0.00000000       0.00000000       3.74994854E-27   3.29924727E-13   1.96305754E-13   1.02054466E-13   8.74882415E-13   2.65272474E-14   1.10863433E-14   0.00000000       2.90751039E-14   2.12771373E-14   1.10863323E-14   0.00000000       8.56972201E-15   2.40007582E-14   3.14684937E-14   8.81321112E-14   1.00505999E-20   0.00000000       4.80565541E-05   67181520.0       16286.0811       78.0692139       0.00000000      0.624525428       0.00000000       0.00000000       0.00000000       0.00000000       0.00000000       0.00000000       0.00000000    
   0.00000000       0.00000000       0.00000000       3.74943277E-27   3.29885343E-13   1.96294993E-13   1.02041104E-13   8.74777952E-13   2.65257939E-14   1.10848872E-14   0.00000000       2.90716344E-14   2.12759718E-14   1.10848762E-14   0.00000000       8.56925276E-15   2.39976055E-14   3.14667692E-14   8.81205373E-14   9.87370520E-21   0.00000000       4.80499330E-05   67172792.0       16284.8818       78.0660782       0.00000000      0.613305807       0.00000000       0.00000000       0.00000000       0.00000000       0.00000000       0.00000000       0.00000000    
   0.00000000       0.00000000       0.00000000       3.74891701E-27   3.29845960E-13   1.96284246E-13   1.02027748E-13   8.74673543E-13   2.65243421E-14   1.10834320E-14   0.00000000       2.90681650E-14   2.12748063E-14   1.10834202E-14   0.00000000       8.56878350E-15   2.39944546E-14   3.14650480E-14   8.81089703E-14   9.69992457E-21   0.00000000       4.80433118E-05   67164072.0       16283.6826       78.0629501       0.00000000      0.602287710       0.00000000       0.00000000       0.00000000       0.00000000       0.00000000       0.00000000       0.00000000    
   0.00000000       0.00000000       0.00000000       3.74840124E-27   3.29806576E-13   1.96273499E-13   1.02014392E-13   8.74569135E-13   2.65228903E-14   1.10819760E-14   0.00000000       2.90646955E-14   2.12736407E-14   1.10819650E-14   0.00000000       8.56831424E-15   2.39913036E-14   3.14633234E-14   8.80973964E-14   9.52920224E-21   0.00000000       4.80366944E-05   67155352.0       16282.4844       78.0598221       0.00000000      0.591467559       0.00000000       0.00000000       0.00000000       0.00000000       0.00000000       0.00000000       0.00000000    
   0.00000000       0.00000000       0.00000000       3.74788548E-27   3.29767219E-13   1.96262752E-13   1.02001036E-13   8.74464780E-13   2.65214384E-14   1.10805208E-14   0.00000000       2.90612261E-14   2.12724769E-14   1.10805098E-14   0.00000000       8.56784499E-15   2.39881543E-14   3.14616023E-14   8.80858293E-14   9.36148491E-21   0.00000000       4.80300732E-05   67146624.0       16281.2852       78.0566864       0.00000000      0.580841780       0.00000000       0.00000000       0.00000000       0.00000000       0.00000000       0.00000000       0.00000000    
   0.00000000       0.00000000       0.00000000       3.74736972E-27   3.29727863E-13   1.96252004E-13   1.01987686E-13   8.74360371E-13   2.65199866E-14   1.10790664E-14   0.00000000       2.90577566E-14   2.12713114E-14   1.10790546E-14   0.00000000       8.56737573E-15   2.39850034E-14   3.14598777E-14   8.80742622E-14   9.19671845E-21   0.00000000       4.80234557E-05   67137904.0       16280.0869       78.0535583       0.00000000      0.570406914       0.00000000       0.00000000       0.00000000       0.00000000       0.00000000       0.00000000       0.00000000    
   0.00000000       0.00000000       0.00000000       3.74685434E-27   3.29688506E-13   1.96241257E-13   1.01974337E-13   8.74256017E-13   2.65185348E-14   1.10776112E-14   0.00000000       2.90542872E-14   2.12701459E-14   1.10776002E-14   0.00000000       8.56690648E-15   2.39818541E-14   3.14581565E-14   8.80627019E-14   9.03485278E-21   0.00000000       4.80168419E-05   67129192.0       16278.8877       78.0504303       0.00000000      0.560159504       0.00000000       0.00000000       0.00000000       0.00000000       0.00000000       0.00000000       0.00000000    
   0.00000000       0.00000000       0.00000000       3.74633857E-27   3.29649150E-13   1.96230510E-13   1.01960995E-13   8.74151663E-13   2.65170830E-14   1.10761569E-14   0.00000000       2.90508177E-14   2.12689821E-14   1.10761459E-14   0.00000000       8.56643722E-15   2.39787065E-14   3.14564320E-14   8.80511349E-14   8.87583619E-21   0.00000000       4.80102244E-05   67120472.0       16277.6895       78.0473022       0.00000000      0.550096214       0.00000000       0.00000000       0.00000000       0.00000000       0.00000000       0.00000000       0.00000000    
   0.00000000       0.00000000       0.00000000       3.74582319E-27   3.29609793E-13   1.96219763E-13   1.01947659E-13   8.74047308E-13   2.65156312E-14   1.10747034E-14   0.00000000       2.90473517E-14   2.12678165E-14   1.10746915E-14   0.00000000       8.56596796E-15   2.39755573E-14   3.14547108E-14   8.80395745E-14   8.71961780E-21   0.00000000       4.80036106E-05   67111752.0       16276.4912       78.0441666       0.00000000      0.540213645       0.00000000       0.00000000       0.00000000       0.00000000       0.00000000       0.00000000       0.00000000    
   0.00000000       0.00000000       0.00000000       3.74530820E-27   3.29570464E-13   1.96209016E-13   1.01934323E-13   8.73942954E-13   2.65141794E-14   1.10732490E-14   0.00000000       2.90438856E-14   2.12666527E-14   1.10732380E-14   0.00000000       8.56549955E-15   2.39724097E-14   3.14529896E-14   8.80280210E-14   8.56614914E-21   0.00000000       4.79969967E-05   67103040.0       16275.2920       78.0410385       0.00000000      0.530508697       0.00000000       0.00000000       0.00000000       0.00000000       0.00000000       0.00000000       0.00000000    
   0.00000000       0.00000000       0.00000000       3.74479282E-27   3.29531107E-13   1.96198282E-13   1.01920988E-13   8.73838653E-13   2.65127276E-14   1.10717955E-14   0.00000000       2.90404162E-14   2.12654872E-14   1.10717845E-14   0.00000000       8.56503030E-15   2.39692638E-14   3.14512651E-14   8.80164675E-14   8.41538174E-21   0.00000000       4.79903829E-05   67094324.0       16274.0938       78.0379105       0.00000000      0.520978034       0.00000000       0.00000000       0.00000000       0.00000000       0.00000000       0.00000000       0.00000000    
   0.00000000       0.00000000       0.00000000       3.74427744E-27   3.29491778E-13   1.96187535E-13   1.01907666E-13   8.73734353E-13   2.65112757E-14   1.10703420E-14   0.00000000       2.90369501E-14   2.12643234E-14   1.10703310E-14   0.00000000       8.56456104E-15   2.39661179E-14   3.14495439E-14   8.80049140E-14   8.26726794E-21   0.00000000       4.79837727E-05   67085612.0       16272.8955       78.0347748       0.00000000      0.511618614       0.00000000       0.00000000       0.00000000       0.00000000       0.00000000       0.00000000       0.00000000    
   0.00000000       0.00000000       0.00000000       3.74376245E-27   3.29452448E-13   1.96176788E-13   1.01894337E-13   8.73630053E-13   2.65098256E-14   1.10688893E-14   0.00000000       2.90334841E-14   2.12631596E-14   1.10688775E-14   0.00000000       8.56409178E-15   2.39629720E-14   3.14478227E-14   8.79933604E-14   8.12176089E-21   0.00000000       4.79771588E-05   67076900.0       16271.6982       78.0316467       0.00000000      0.502427399       0.00000000       0.00000000       0.00000000       0.00000000       0.00000000       0.00000000       0.00000000    
   0.00000000       0.00000000       0.00000000       3.74324745E-27   3.29413119E-13   1.96166041E-13   1.01881014E-13   8.73525753E-13   2.65083738E-14   1.10674358E-14   0.00000000       2.90300180E-14   2.12619940E-14   1.10674248E-14   0.00000000       8.56362338E-15   2.39598262E-14   3.14460982E-14   8.79818069E-14   7.97881455E-21   0.00000000       4.79705523E-05   67068188.0       16270.5000       78.0285187       0.00000000      0.493401229       0.00000000       0.00000000       0.00000000       0.00000000       0.00000000       0.00000000       0.00000000    
   0.00000000       0.00000000       0.00000000       3.74273246E-27   3.29373790E-13   1.96155307E-13   1.01867699E-13   8.73421507E-13   2.65069220E-14   1.10659832E-14   0.00000000       2.90265553E-14   2.12608302E-14   1.10659722E-14   0.00000000       8.56315412E-15   2.39566820E-14   3.14443770E-14   8.79702601E-14   7.83838449E-21   0.00000000       4.79639421E-05   67059480.0       16269.3018       78.0253906       0.00000000      0.484537244       0.00000000       0.00000000       0.00000000       0.00000000       0.00000000       0.00000000       0.00000000    
   0.00000000       0.00000000       0.00000000       3.74221747E-27   3.29334487E-13   1.96144560E-13   1.01854391E-13   8.73317261E-13   2.65054719E-14   1.10645314E-14   0.00000000       2.90230893E-14   2.12596664E-14   1.10645195E-14   0.00000000       8.56268571E-15   2.39535378E-14   3.14426558E-14   8.79587134E-14   7.70042627E-21   0.00000000       4.79573318E-05   67050772.0       16268.1045       78.0222549       0.00000000      0.475832492       0.00000000       0.00000000       0.00000000       0.00000000       0.00000000       0.00000000       0.00000000    
   0.00000000       0.00000000       0.00000000       3.74170286E-27   3.29295158E-13   1.96133826E-13   1.01841082E-13   8.73213014E-13   2.65040201E-14   1.10630795E-14   0.00000000       2.90196266E-14   2.12585026E-14   1.10630677E-14   0.00000000       8.56221645E-15   2.39503936E-14   3.14409347E-14   8.79471734E-14   7.56489547E-21   0.00000000       4.79507253E-05   67042064.0       16266.9062       78.0191269       0.00000000      0.467284113       0.00000000       0.00000000       0.00000000       0.00000000       0.00000000       0.00000000       0.00000000    
   0.00000000       0.00000000       0.00000000       3.74118787E-27   3.29255855E-13   1.96123079E-13   1.01827773E-13   8.73108768E-13   2.65025699E-14   1.10616277E-14   0.00000000       2.90161605E-14   2.12573387E-14   1.10616159E-14   0.00000000       8.56174720E-15   2.39472511E-14   3.14392101E-14   8.79356334E-14   7.43175009E-21   0.00000000       4.79441187E-05   67033356.0       16265.7090       78.0159988       0.00000000      0.458889306       0.00000000       0.00000000       0.00000000       0.00000000       0.00000000       0.00000000       0.00000000    
   0.00000000       0.00000000       0.00000000       3.74067326E-27   3.29216553E-13   1.96112346E-13   1.01814472E-13   8.73004522E-13   2.65011181E-14   1.10601759E-14   0.00000000       2.90126979E-14   2.12561732E-14   1.10601649E-14   0.00000000       8.56127879E-15   2.39441086E-14   3.14374889E-14   8.79240935E-14   7.30094893E-21   0.00000000       4.79375121E-05   67024652.0       16264.5107       78.0128708       0.00000000      0.450645328       0.00000000       0.00000000       0.00000000       0.00000000       0.00000000       0.00000000       0.00000000    
   0.00000000       0.00000000       0.00000000       3.74015865E-27   3.29177278E-13   1.96101599E-13   1.01801177E-13   8.72900331E-13   2.64996680E-14   1.10587249E-14   0.00000000       2.90092352E-14   2.12550094E-14   1.10587131E-14   0.00000000       8.56080953E-15   2.39409661E-14   3.14357678E-14   8.79125535E-14   7.17244916E-21   0.00000000       4.79309092E-05   67015948.0       16263.3135       78.0097351       0.00000000      0.442549437       0.00000000       0.00000000       0.00000000       0.00000000       0.00000000       0.00000000       0.00000000    
   0.00000000       0.00000000       0.00000000       3.73964404E-27   3.29137976E-13   1.96090865E-13   1.01787882E-13   8.72796139E-13   2.64982162E-14   1.10572731E-14   0.00000000       2.90057725E-14   2.12538456E-14   1.10572621E-14   0.00000000       8.56034112E-15   2.39378253E-14   3.14340466E-14   8.79010203E-14   7.04621122E-21   0.00000000       4.79243063E-05   67007244.0       16262.1162       78.0066071       0.00000000      0.434599012       0.00000000       0.00000000       0.00000000       0.00000000       0.00000000       0.00000000       0.00000000    
   0.00000000       0.00000000       0.00000000       3.73912943E-27   3.29098673E-13   1.96080131E-13   1.01774593E-13   8.72691947E-13   2.64967661E-14   1.10558230E-14   0.00000000       2.90023099E-14   2.12526818E-14   1.10558111E-14   0.00000000       8.55987271E-15   2.39346845E-14   3.14323254E-14   8.78894871E-14   6.92219552E-21   0.00000000       4.79177033E-05   66998544.0       16260.9189       78.0034790       0.00000000      0.426791400       0.00000000       0.00000000       0.00000000       0.00000000       0.00000000       0.00000000       0.00000000    
   0.00000000       0.00000000       0.00000000       3.73861521E-27   3.29059398E-13   1.96069398E-13   1.01761312E-13   8.72587809E-13   2.64953160E-14   1.10543720E-14   0.00000000       2.89988472E-14   2.12515179E-14   1.10543610E-14   0.00000000       8.55940346E-15   2.39315437E-14   3.14306042E-14   8.78779539E-14   6.80036168E-21   0.00000000       4.79111004E-05   66989840.0       16259.7217       78.0003510       0.00000000      0.419124067       0.00000000       0.00000000       0.00000000       0.00000000       0.00000000       0.00000000       0.00000000    
   0.00000000       0.00000000       0.00000000       3.73810098E-27   3.29020123E-13   1.96058651E-13   1.01748030E-13   8.72483617E-13   2.64938658E-14   1.10529219E-14   0.00000000       2.89953845E-14   2.12503541E-14   1.10529109E-14   0.00000000       8.55893505E-15   2.39284046E-14   3.14288831E-14   8.78664275E-14   6.68067292E-21   0.00000000       4.79045011E-05   66981144.0       16258.5244       77.9972153       0.00000000      0.411594480       0.00000000       0.00000000       0.00000000       0.00000000       0.00000000       0.00000000       0.00000000    
   0.00000000       0.00000000       0.00000000       3.73758638E-27   3.28980848E-13   1.96047917E-13   1.01734756E-13   8.72379480E-13   2.64924140E-14   1.10514718E-14   0.00000000       2.89919252E-14   2.12491903E-14   1.10514608E-14   0.00000000       8.55846664E-15   2.39252655E-14   3.14271619E-14   8.78549010E-14   6.56309049E-21   0.00000000       4.78978982E-05   66972444.0       16257.3281       77.9940872       0.00000000      0.404200137       0.00000000       0.00000000       0.00000000       0.00000000       0.00000000       0.00000000       0.00000000    
   0.00000000       0.00000000       0.00000000       3.73707215E-27   3.28941572E-13   1.96037183E-13   1.01721481E-13   8.72275342E-13   2.64909639E-14   1.10500225E-14   0.00000000       2.89884626E-14   2.12480282E-14   1.10500107E-14   0.00000000       8.55799738E-15   2.39221264E-14   3.14254407E-14   8.78433746E-14   6.44757763E-21   0.00000000       4.78912989E-05   66963748.0       16256.1309       77.9909592       0.00000000      0.396938652       0.00000000       0.00000000       0.00000000       0.00000000       0.00000000       0.00000000       0.00000000    
   0.00000000       0.00000000       0.00000000       3.73655831E-27   3.28902324E-13   1.96026450E-13   1.01708213E-13   8.72171259E-13   2.64895138E-14   1.10485724E-14   0.00000000       2.89850033E-14   2.12468643E-14   1.10485614E-14   0.00000000       8.55752897E-15   2.39189890E-14   3.14237196E-14   8.78318550E-14   6.33409798E-21   0.00000000       4.78847032E-05   66955052.0       16254.9336       77.9878311       0.00000000      0.389807612       0.00000000       0.00000000       0.00000000       0.00000000       0.00000000       0.00000000       0.00000000    
   0.00000000       0.00000000       0.00000000       3.73604409E-27   3.28863049E-13   1.96015716E-13   1.01694952E-13   8.72067121E-13   2.64880637E-14   1.10471231E-14   0.00000000       2.89815440E-14   2.12457005E-14   1.10471121E-14   0.00000000       8.55706056E-15   2.39158516E-14   3.14220018E-14   8.78203285E-14   6.22261520E-21   0.00000000       4.78781039E-05   66946356.0       16253.7373       77.9847031       0.00000000      0.382804692       0.00000000       0.00000000       0.00000000       0.00000000       0.00000000       0.00000000       0.00000000    
   0.00000000       0.00000000       0.00000000       3.73553025E-27   3.28823801E-13   1.96004983E-13   1.01681691E-13   8.71963038E-13   2.64866135E-14   1.10456747E-14   0.00000000       2.89780847E-14   2.12445367E-14   1.10456628E-14   0.00000000       8.55659215E-15   2.39127142E-14   3.14202806E-14   8.78088157E-14   6.11309495E-21   0.00000000       4.78715083E-05   66937660.0       16252.5410       77.9815674       0.00000000      0.375927567       0.00000000       0.00000000       0.00000000       0.00000000       0.00000000       0.00000000       0.00000000    
   0.00000000       0.00000000       0.00000000       3.73501642E-27   3.28784553E-13   1.95994249E-13   1.01668436E-13   8.71858954E-13   2.64851634E-14   1.10442254E-14   0.00000000       2.89746254E-14   2.12433746E-14   1.10442144E-14   0.00000000       8.55612290E-15   2.39095785E-14   3.14185594E-14   8.77972960E-14   6.00550210E-21   0.00000000       4.78649126E-05   66928968.0       16251.3438       77.9784393       0.00000000      0.369174004       0.00000000       0.00000000       0.00000000       0.00000000       0.00000000       0.00000000       0.00000000    
   0.00000000       0.00000000       0.00000000       3.73450258E-27   3.28745305E-13   1.95983515E-13   1.01655189E-13   8.71754871E-13   2.64837133E-14   1.10427770E-14   0.00000000       2.89711662E-14   2.12422107E-14   1.10427660E-14   0.00000000       8.55565449E-15   2.39064428E-14   3.14168383E-14   8.77857831E-14   5.89980312E-21   0.00000000       4.78583170E-05   66920276.0       16250.1475       77.9753113       0.00000000      0.362541765       0.00000000       0.00000000       0.00000000       0.00000000       0.00000000       0.00000000       0.00000000    
   0.00000000       0.00000000       0.00000000       3.73398874E-27   3.28706057E-13   1.95972782E-13   1.01641941E-13   8.71650842E-13   2.64822632E-14   1.10413294E-14   0.00000000       2.89677103E-14   2.12410469E-14   1.10413176E-14   0.00000000       8.55518608E-15   2.39033070E-14   3.14151171E-14   8.77742703E-14   5.79596408E-21   0.00000000       4.78517250E-05   66911588.0       16248.9512       77.9721832       0.00000000      0.356028676       0.00000000       0.00000000       0.00000000       0.00000000       0.00000000       0.00000000       0.00000000    
   0.00000000       0.00000000       0.00000000       3.73347490E-27   3.28666836E-13   1.95962048E-13   1.01628700E-13   8.71546758E-13   2.64808147E-14   1.10398810E-14   0.00000000       2.89642510E-14   2.12398848E-14   1.10398700E-14   0.00000000       8.55471767E-15   2.39001730E-14   3.14133993E-14   8.77627574E-14   5.69395308E-21   0.00000000       4.78451329E-05   66902896.0       16247.7549       77.9690475       0.00000000      0.349632591       0.00000000       0.00000000       0.00000000       0.00000000       0.00000000       0.00000000       0.00000000    
   0.00000000       0.00000000       0.00000000       3.73296145E-27   3.28627587E-13   1.95951328E-13   1.01615466E-13   8.71442729E-13   2.64793646E-14   1.10384334E-14   0.00000000       2.89607951E-14   2.12387210E-14   1.10384224E-14   0.00000000       8.55424926E-15   2.38970390E-14   3.14116781E-14   8.77512513E-14   5.59373700E-21   0.00000000       4.78385409E-05   66894208.0       16246.5586       77.9659195       0.00000000      0.343351394       0.00000000       0.00000000       0.00000000       0.00000000       0.00000000       0.00000000       0.00000000    
   0.00000000       0.00000000       0.00000000       3.73244761E-27   3.28588366E-13   1.95940594E-13   1.01602239E-13   8.71338700E-13   2.64779145E-14   1.10369858E-14   0.00000000       2.89573358E-14   2.12375588E-14   1.10369748E-14   0.00000000       8.55378085E-15   2.38939050E-14   3.14099570E-14   8.77397452E-14   5.49528514E-21   0.00000000       4.78319489E-05   66885520.0       16245.3623       77.9627914       0.00000000      0.337183058       0.00000000       0.00000000       0.00000000       0.00000000       0.00000000       0.00000000       0.00000000    
   0.00000000       0.00000000       0.00000000       3.73193416E-27   3.28549145E-13   1.95929861E-13   1.01589012E-13   8.71234725E-13   2.64764644E-14   1.10355391E-14   0.00000000       2.89538799E-14   2.12363950E-14   1.10355272E-14   0.00000000       8.55331244E-15   2.38907710E-14   3.14082392E-14   8.77282391E-14   5.39856600E-21   0.00000000       4.78253569E-05   66876836.0       16244.1670       77.9596634       0.00000000      0.331125557       0.00000000       0.00000000       0.00000000       0.00000000       0.00000000       0.00000000       0.00000000    
   0.00000000       0.00000000       0.00000000       3.73142070E-27   3.28509924E-13   1.95919141E-13   1.01575791E-13   8.71130750E-13   2.64750160E-14   1.10340924E-14   0.00000000       2.89504240E-14   2.12352329E-14   1.10340805E-14   0.00000000       8.55284403E-15   2.38876386E-14   3.14065180E-14   8.77167330E-14   5.30354928E-21   0.00000000       4.78187685E-05   66868152.0       16242.9707       77.9565277       0.00000000      0.325176865       0.00000000       0.00000000       0.00000000       0.00000000       0.00000000       0.00000000       0.00000000    
   0.00000000       0.00000000       0.00000000       3.73090764E-27   3.28470730E-13   1.95908407E-13   1.01562571E-13   8.71026721E-13   2.64735658E-14   1.10326456E-14   0.00000000       2.89469681E-14   2.12340691E-14   1.10326338E-14   0.00000000       8.55237562E-15   2.38845080E-14   3.14047968E-14   8.77052337E-14   5.21020469E-21   0.00000000       4.78121801E-05   66859468.0       16241.7744       77.9533997       0.00000000      0.319335014       0.00000000       0.00000000       0.00000000       0.00000000       0.00000000       0.00000000       0.00000000    
   0.00000000       0.00000000       0.00000000       3.73039418E-27   3.28431509E-13   1.95897687E-13   1.01549364E-13   8.70922746E-13   2.64721174E-14   1.10311989E-14   0.00000000       2.89435122E-14   2.12329069E-14   1.10311879E-14   0.00000000       8.55190722E-15   2.38813757E-14   3.14030791E-14   8.76937344E-14   5.11850316E-21   0.00000000       4.78055917E-05   66850784.0       16240.5791       77.9502716       0.00000000      0.313598156       0.00000000       0.00000000       0.00000000       0.00000000       0.00000000       0.00000000       0.00000000    
   0.00000000       0.00000000       0.00000000       3.72988112E-27   3.28392316E-13   1.95886954E-13   1.01536157E-13   8.70818825E-13   2.64706673E-14   1.10297530E-14   0.00000000       2.89400597E-14   2.12317448E-14   1.10297412E-14   0.00000000       8.55143965E-15   2.38782450E-14   3.14013579E-14   8.76822418E-14   5.02841560E-21   0.00000000       4.77990070E-05   66842104.0       16239.3838       77.9471436       0.00000000      0.307964325       0.00000000       0.00000000       0.00000000       0.00000000       0.00000000       0.00000000       0.00000000    
   0.00000000       0.00000000       0.00000000       3.72936766E-27   3.28353122E-13   1.95876234E-13   1.01522957E-13   8.70714850E-13   2.64692189E-14   1.10283071E-14   0.00000000       2.89366038E-14   2.12305827E-14   1.10282953E-14   0.00000000       8.55097124E-15   2.38751144E-14   3.13996401E-14   8.76707493E-14   4.93991333E-21   0.00000000       4.77924223E-05   66833424.0       16238.1875       77.9440079       0.00000000      0.302431732       0.00000000       0.00000000       0.00000000       0.00000000       0.00000000       0.00000000       0.00000000    
   0.00000000       0.00000000       0.00000000       3.72885460E-27   3.28313928E-13   1.95865500E-13   1.01509763E-13   8.70610929E-13   2.64677704E-14   1.10268613E-14   0.00000000       2.89331513E-14   2.12294188E-14   1.10268502E-14   0.00000000       8.55050284E-15   2.38719855E-14   3.13979189E-14   8.76592568E-14   4.85296930E-21   0.00000000       4.77858375E-05   66824744.0       16236.9922       77.9408798       0.00000000      0.296998501       0.00000000       0.00000000       0.00000000       0.00000000       0.00000000       0.00000000       0.00000000    
   0.00000000       0.00000000       0.00000000       3.72834191E-27   3.28274734E-13   1.95854780E-13   1.01496570E-13   8.70507008E-13   2.64663203E-14   1.10254162E-14   0.00000000       2.89296954E-14   2.12282567E-14   1.10254044E-14   0.00000000       8.55003443E-15   2.38688565E-14   3.13962011E-14   8.76477642E-14   4.76755482E-21   0.00000000       4.77792528E-05   66816064.0       16235.7969       77.9377518       0.00000000      0.291662902       0.00000000       0.00000000       0.00000000       0.00000000       0.00000000       0.00000000       0.00000000    
   0.00000000       0.00000000       0.00000000       3.72782884E-27   3.28235540E-13   1.95844060E-13   1.01483383E-13   8.70403088E-13   2.64648719E-14   1.10239703E-14   0.00000000       2.89262429E-14   2.12270946E-14   1.10239593E-14   0.00000000       8.54956686E-15   2.38657276E-14   3.13944834E-14   8.76362784E-14   4.68364405E-21   0.00000000       4.77726717E-05   66807388.0       16234.6016       77.9346237       0.00000000      0.286423177       0.00000000       0.00000000       0.00000000       0.00000000       0.00000000       0.00000000       0.00000000    
   0.00000000       0.00000000       0.00000000       3.72731616E-27   3.28196373E-13   1.95833326E-13   1.01470203E-13   8.70299221E-13   2.64634235E-14   1.10225261E-14   0.00000000       2.89227904E-14   2.12259325E-14   1.10225143E-14   0.00000000       8.54909845E-15   2.38626003E-14   3.13927622E-14   8.76247927E-14   4.60121033E-21   0.00000000       4.77660869E-05   66798712.0       16233.4062       77.9314880       0.00000000      0.281277537       0.00000000       0.00000000       0.00000000       0.00000000       0.00000000       0.00000000       0.00000000    
   0.00000000       0.00000000       0.00000000       3.72680309E-27   3.28157179E-13   1.95822606E-13   1.01457030E-13   8.70195355E-13   2.64619733E-14   1.10210811E-14   0.00000000       2.89193379E-14   2.12247703E-14   1.10210701E-14   0.00000000       8.54863005E-15   2.38594731E-14   3.13910444E-14   8.76133069E-14   4.52022701E-21   0.00000000       4.77595058E-05   66790040.0       16232.2119       77.9283600       0.00000000      0.276224375       0.00000000       0.00000000       0.00000000       0.00000000       0.00000000       0.00000000       0.00000000    
   0.00000000       0.00000000       0.00000000       3.72629041E-27   3.28118012E-13   1.95811886E-13   1.01443864E-13   8.70091488E-13   2.64605249E-14   1.10196369E-14   0.00000000       2.89158854E-14   2.12236082E-14   1.10196259E-14   0.00000000       8.54816248E-15   2.38563458E-14   3.13893266E-14   8.76018211E-14   4.44066944E-21   0.00000000       4.77529284E-05   66781364.0       16231.0166       77.9252319       0.00000000      0.271261990       0.00000000       0.00000000       0.00000000       0.00000000       0.00000000       0.00000000       0.00000000    
   0.00000000       0.00000000       0.00000000       3.72577773E-27   3.28078846E-13   1.95801166E-13   1.01430698E-13   8.69987621E-13   2.64590765E-14   1.10181927E-14   0.00000000       2.89124363E-14   2.12224461E-14   1.10181817E-14   0.00000000       8.54769407E-15   2.38532186E-14   3.13876055E-14   8.75903422E-14   4.36251178E-21   0.00000000       4.77463473E-05   66772692.0       16229.8213       77.9221039       0.00000000      0.266388744       0.00000000       0.00000000       0.00000000       0.00000000       0.00000000       0.00000000       0.00000000    
   0.00000000       0.00000000       0.00000000       3.72526543E-27   3.28039706E-13   1.95790446E-13   1.01417545E-13   8.69883755E-13   2.64576281E-14   1.10167485E-14   0.00000000       2.89089838E-14   2.12212839E-14   1.10167375E-14   0.00000000       8.54722566E-15   2.38500930E-14   3.13858877E-14   8.75788632E-14   4.28573019E-21   0.00000000       4.77397698E-05   66764020.0       16228.6270       77.9189682       0.00000000      0.261603028       0.00000000       0.00000000       0.00000000       0.00000000       0.00000000       0.00000000       0.00000000    
   0.00000000       0.00000000       0.00000000       3.72475275E-27   3.28000539E-13   1.95779726E-13   1.01404392E-13   8.69779943E-13   2.64561796E-14   1.10153052E-14   0.00000000       2.89055346E-14   2.12201218E-14   1.10152942E-14   0.00000000       8.54675810E-15   2.38469675E-14   3.13841699E-14   8.75673909E-14   4.21029964E-21   0.00000000       4.77331923E-05   66755352.0       16227.4326       77.9158401       0.00000000      0.256903321       0.00000000       0.00000000       0.00000000       0.00000000       0.00000000       0.00000000       0.00000000    
   0.00000000       0.00000000       0.00000000       3.72424045E-27   3.27961372E-13   1.95769006E-13   1.01391246E-13   8.69676130E-13   2.64547312E-14   1.10138618E-14   0.00000000       2.89020821E-14   2.12189597E-14   1.10138508E-14   0.00000000       8.54628969E-15   2.38438436E-14   3.13824521E-14   8.75559120E-14   4.13619670E-21   0.00000000       4.77266149E-05   66746680.0       16226.2373       77.9127121       0.00000000      0.252288043       0.00000000       0.00000000       0.00000000       0.00000000       0.00000000       0.00000000       0.00000000    
   0.00000000       0.00000000       0.00000000       3.72372777E-27   3.27922233E-13   1.95758286E-13   1.01378107E-13   8.69572318E-13   2.64532828E-14   1.10124185E-14   0.00000000       2.88986330E-14   2.12177976E-14   1.10124075E-14   0.00000000       8.54582213E-15   2.38407198E-14   3.13807309E-14   8.75444397E-14   4.06339794E-21   0.00000000       4.77200410E-05   66738012.0       16225.0430       77.9095764       0.00000000      0.247755662       0.00000000       0.00000000       0.00000000       0.00000000       0.00000000       0.00000000       0.00000000    
   0.00000000       0.00000000       0.00000000       3.72321547E-27   3.27883093E-13   1.95747566E-13   1.01364975E-13   8.69468505E-13   2.64518344E-14   1.10109760E-14   0.00000000       2.88951839E-14   2.12166354E-14   1.10109650E-14   0.00000000       8.54535457E-15   2.38375959E-14   3.13790132E-14   8.75329743E-14   3.99188074E-21   0.00000000       4.77134636E-05   66729348.0       16223.8486       77.9064484       0.00000000      0.243304715       0.00000000       0.00000000       0.00000000       0.00000000       0.00000000       0.00000000       0.00000000    
   0.00000000       0.00000000       0.00000000       3.72270356E-27   3.27843953E-13   1.95736846E-13   1.01351849E-13   8.69364747E-13   2.64503876E-14   1.10095335E-14   0.00000000       2.88917348E-14   2.12154750E-14   1.10095225E-14   0.00000000       8.54488616E-15   2.38344721E-14   3.13772954E-14   8.75215021E-14   3.92162209E-21   0.00000000       4.77068897E-05   66720680.0       16222.6543       77.9033203       0.00000000      0.238933712       0.00000000       0.00000000       0.00000000       0.00000000       0.00000000       0.00000000       0.00000000    
   0.00000000       0.00000000       0.00000000       3.72219126E-27   3.27804813E-13   1.95726126E-13   1.01338730E-13   8.69260935E-13   2.64489392E-14   1.10080910E-14   0.00000000       2.88882857E-14   2.12143129E-14   1.10080800E-14   0.00000000       8.54441860E-15   2.38313499E-14   3.13755776E-14   8.75100367E-14   3.85260017E-21   0.00000000       4.77003196E-05   66712016.0       16221.4600       77.9001846       0.00000000      0.234641254       0.00000000       0.00000000       0.00000000       0.00000000       0.00000000       0.00000000       0.00000000    
   0.00000000       0.00000000       0.00000000       3.72167935E-27   3.27765701E-13   1.95715406E-13   1.01325618E-13   8.69157177E-13   2.64474908E-14   1.10066494E-14   0.00000000       2.88848366E-14   2.12131507E-14   1.10066375E-14   0.00000000       8.54395019E-15   2.38282277E-14   3.13738598E-14   8.74985780E-14   3.78479276E-21   0.00000000       4.76937457E-05   66703352.0       16220.2656       77.8970566       0.00000000      0.230425909       0.00000000       0.00000000       0.00000000       0.00000000       0.00000000       0.00000000       0.00000000    
   0.00000000       0.00000000       0.00000000       3.72116705E-27   3.27726588E-13   1.95704699E-13   1.01312506E-13   8.69053473E-13   2.64460440E-14   1.10052077E-14   0.00000000       2.88813908E-14   2.12119903E-14   1.10051958E-14   0.00000000       8.54348263E-15   2.38251073E-14   3.13721420E-14   8.74871126E-14   3.71817887E-21   0.00000000       4.76871755E-05   66694692.0       16219.0713       77.8939285       0.00000000      0.226286292       0.00000000       0.00000000       0.00000000       0.00000000       0.00000000       0.00000000       0.00000000    
   0.00000000       0.00000000       0.00000000       3.72065514E-27   3.27687449E-13   1.95693979E-13   1.01299408E-13   8.68949715E-13   2.64445956E-14   1.10037661E-14   0.00000000       2.88779417E-14   2.12108282E-14   1.10037542E-14   0.00000000       8.54301506E-15   2.38219868E-14   3.13704242E-14   8.74756539E-14   3.65273750E-21   0.00000000       4.76806053E-05   66686032.0       16217.8779       77.8907928       0.00000000      0.222221032       0.00000000       0.00000000       0.00000000       0.00000000       0.00000000       0.00000000       0.00000000    
   0.00000000       0.00000000       0.00000000       3.72014323E-27   3.27648336E-13   1.95683259E-13   1.01286316E-13   8.68846011E-13   2.64431472E-14   1.10023244E-14   0.00000000       2.88744960E-14   2.12096677E-14   1.10023134E-14   0.00000000       8.54254750E-15   2.38188663E-14   3.13687065E-14   8.74641952E-14   3.58844803E-21   0.00000000       4.76740352E-05   66677372.0       16216.6836       77.8876648       0.00000000      0.218228817       0.00000000       0.00000000       0.00000000       0.00000000       0.00000000       0.00000000       0.00000000    
   0.00000000       0.00000000       0.00000000       3.71963170E-27   3.27609223E-13   1.95672553E-13   1.01273224E-13   8.68742307E-13   2.64417005E-14   1.10008836E-14   0.00000000       2.88710502E-14   2.12085056E-14   1.10008717E-14   0.00000000       8.54207909E-15   2.38157459E-14   3.13669887E-14   8.74527366E-14   3.52528989E-21   0.00000000       4.76674686E-05   66668712.0       16215.4902       77.8845367       0.00000000      0.214308321       0.00000000       0.00000000       0.00000000       0.00000000       0.00000000       0.00000000       0.00000000    
   0.00000000       0.00000000       0.00000000       3.71911979E-27   3.27570138E-13   1.95661833E-13   1.01260146E-13   8.68638603E-13   2.64402520E-14   1.09994428E-14   0.00000000       2.88676045E-14   2.12073452E-14   1.09994309E-14   0.00000000       8.54161153E-15   2.38126271E-14   3.13652709E-14   8.74412847E-14   3.46324326E-21   0.00000000       4.76609021E-05   66660052.0       16214.2959       77.8814011       0.00000000      0.210458249       0.00000000       0.00000000       0.00000000       0.00000000       0.00000000       0.00000000       0.00000000    
   0.00000000       0.00000000       0.00000000       3.71860826E-27   3.27531025E-13   1.95651126E-13   1.01247075E-13   8.68534899E-13   2.64388053E-14   1.09980020E-14   0.00000000       2.88641588E-14   2.12061830E-14   1.09979910E-14   0.00000000       8.54114397E-15   2.38095083E-14   3.13635531E-14   8.74298328E-14   3.40228918E-21   0.00000000       4.76543355E-05   66651396.0       16213.1025       77.8782730       0.00000000      0.206677347       0.00000000       0.00000000       0.00000000       0.00000000       0.00000000       0.00000000       0.00000000    
   0.00000000       0.00000000       0.00000000       3.71809674E-27   3.27491940E-13   1.95640406E-13   1.01234010E-13   8.68431249E-13   2.64373586E-14   1.09965620E-14   0.00000000       2.88607131E-14   2.12050226E-14   1.09965502E-14   0.00000000       8.54067641E-15   2.38063895E-14   3.13618353E-14   8.74183877E-14   3.34240744E-21   0.00000000       4.76477690E-05   66642740.0       16211.9092       77.8751373       0.00000000      0.202964380       0.00000000       0.00000000       0.00000000       0.00000000       0.00000000       0.00000000       0.00000000    
   0.00000000       0.00000000       0.00000000       3.71758521E-27   3.27452854E-13   1.95629700E-13   1.01220945E-13   8.68327599E-13   2.64359101E-14   1.09951221E-14   0.00000000       2.88572673E-14   2.12038605E-14   1.09951102E-14   0.00000000       8.54020884E-15   2.38032724E-14   3.13601209E-14   8.74069358E-14   3.28357988E-21   0.00000000       4.76412024E-05   66634088.0       16210.7158       77.8720093       0.00000000      0.199318111       0.00000000       0.00000000       0.00000000       0.00000000       0.00000000       0.00000000       0.00000000    
   0.00000000       0.00000000       0.00000000       3.71707368E-27   3.27413769E-13   1.95618993E-13   1.01207894E-13   8.68223950E-13   2.64344634E-14   1.09936821E-14   0.00000000       2.88538216E-14   2.12027000E-14   1.09936703E-14   0.00000000       8.53974128E-15   2.38001554E-14   3.13584032E-14   8.73954907E-14   3.22578750E-21   0.00000000       4.76346395E-05   66625432.0       16209.5225       77.8688736       0.00000000      0.195737332       0.00000000       0.00000000       0.00000000       0.00000000       0.00000000       0.00000000       0.00000000    
   0.00000000       0.00000000       0.00000000       3.71656215E-27   3.27374683E-13   1.95608273E-13   1.01194857E-13   8.68120300E-13   2.64330167E-14   1.09922422E-14   0.00000000       2.88503793E-14   2.12015396E-14   1.09922312E-14   0.00000000       8.53927372E-15   2.37970400E-14   3.13566854E-14   8.73840456E-14   3.16901233E-21   0.00000000       4.76280766E-05   66616780.0       16208.3291       77.8657455       0.00000000      0.192220896       0.00000000       0.00000000       0.00000000       0.00000000       0.00000000       0.00000000       0.00000000    
   0.00000000       0.00000000       0.00000000       3.71605101E-27   3.27335598E-13   1.95597566E-13   1.01181819E-13   8.68016650E-13   2.64315699E-14   1.09908031E-14   0.00000000       2.88469335E-14   2.12003775E-14   1.09907921E-14   0.00000000       8.53880616E-15   2.37939229E-14   3.13549676E-14   8.73726073E-14   3.11323661E-21   0.00000000       4.76215137E-05   66608132.0       16207.1357       77.8626099       0.00000000      0.188767642       0.00000000       0.00000000       0.00000000       0.00000000       0.00000000       0.00000000       0.00000000    
   0.00000000       0.00000000       0.00000000       3.71553987E-27   3.27296539E-13   1.95586860E-13   1.01168789E-13   8.67913055E-13   2.64301215E-14   1.09893640E-14   0.00000000       2.88434912E-14   2.11992170E-14   1.09893529E-14   0.00000000       8.53833859E-15   2.37908075E-14   3.13532532E-14   8.73611689E-14   3.05844236E-21   0.00000000       4.76149544E-05   66599480.0       16205.9424       77.8594818       0.00000000      0.185376406       0.00000000       0.00000000       0.00000000       0.00000000       0.00000000       0.00000000       0.00000000    
   0.00000000       0.00000000       0.00000000       3.71502873E-27   3.27257454E-13   1.95576153E-13   1.01155771E-13   8.67809459E-13   2.64286748E-14   1.09879257E-14   0.00000000       2.88400488E-14   2.11980566E-14   1.09879138E-14   0.00000000       8.53787103E-15   2.37876938E-14   3.13515354E-14   8.73497306E-14   3.00461261E-21   0.00000000       4.76083951E-05   66590832.0       16204.7500       77.8563461       0.00000000      0.182046115       0.00000000       0.00000000       0.00000000       0.00000000       0.00000000       0.00000000       0.00000000    
   0.00000000       0.00000000       0.00000000       3.71451759E-27   3.27218396E-13   1.95565433E-13   1.01142761E-13   8.67705864E-13   2.64272281E-14   1.09864866E-14   0.00000000       2.88366065E-14   2.11968962E-14   1.09864756E-14   0.00000000       8.53740347E-15   2.37845784E-14   3.13498176E-14   8.73382923E-14   2.95173040E-21   0.00000000       4.76018358E-05   66582184.0       16203.5566       77.8532181       0.00000000      0.178775638       0.00000000       0.00000000       0.00000000       0.00000000       0.00000000       0.00000000       0.00000000    
   0.00000000       0.00000000       0.00000000       3.71400645E-27   3.27179337E-13   1.95554727E-13   1.01129757E-13   8.67602322E-13   2.64257813E-14   1.09850483E-14   0.00000000       2.88331642E-14   2.11957357E-14   1.09850373E-14   0.00000000       8.53693591E-15   2.37814647E-14   3.13481032E-14   8.73268607E-14   2.89977877E-21   0.00000000       4.75952766E-05   66573536.0       16202.3643       77.8500824       0.00000000      0.175563917       0.00000000       0.00000000       0.00000000       0.00000000       0.00000000       0.00000000       0.00000000    
   0.00000000       0.00000000       0.00000000       3.71349530E-27   3.27140279E-13   1.95544020E-13   1.01116760E-13   8.67498781E-13   2.64243346E-14   1.09836109E-14   0.00000000       2.88297218E-14   2.11945753E-14   1.09835990E-14   0.00000000       8.53646835E-15   2.37783527E-14   3.13463854E-14   8.73154291E-14   2.84874157E-21   0.00000000       4.75887173E-05   66564892.0       16201.1709       77.8469543       0.00000000      0.172409892       0.00000000       0.00000000       0.00000000       0.00000000       0.00000000       0.00000000       0.00000000    
   0.00000000       0.00000000       0.00000000       3.71298455E-27   3.27101248E-13   1.95533314E-13   1.01103770E-13   8.67395186E-13   2.64228879E-14   1.09821726E-14   0.00000000       2.88262829E-14   2.11934149E-14   1.09821616E-14   0.00000000       8.53600078E-15   2.37752390E-14   3.13446711E-14   8.73039976E-14   2.79860263E-21   0.00000000       4.75821616E-05   66556248.0       16199.9785       77.8438187       0.00000000      0.169312537       0.00000000       0.00000000       0.00000000       0.00000000       0.00000000       0.00000000       0.00000000    
   0.00000000       0.00000000       0.00000000       3.71247379E-27   3.27062189E-13   1.95522607E-13   1.01090794E-13   8.67291699E-13   2.64214428E-14   1.09807352E-14   0.00000000       2.88228405E-14   2.11922544E-14   1.09807242E-14   0.00000000       8.53553407E-15   2.37721270E-14   3.13429533E-14   8.72925728E-14   2.74934600E-21   0.00000000       4.75756060E-05   66547604.0       16198.7861       77.8406830       0.00000000      0.166270822       0.00000000       0.00000000       0.00000000       0.00000000       0.00000000       0.00000000       0.00000000    
   0.00000000       0.00000000       0.00000000       3.71196303E-27   3.27023158E-13   1.95511901E-13   1.01077824E-13   8.67188157E-13   2.64199961E-14   1.09792978E-14   0.00000000       2.88194016E-14   2.11910940E-14   1.09792868E-14   0.00000000       8.53506651E-15   2.37690167E-14   3.13412389E-14   8.72811412E-14   2.70095654E-21   0.00000000       4.75690504E-05   66538964.0       16197.5938       77.8375549       0.00000000      0.163283750       0.00000000       0.00000000       0.00000000       0.00000000       0.00000000       0.00000000       0.00000000    
   0.00000000       0.00000000       0.00000000       3.71145228E-27   3.26984127E-13   1.95501208E-13   1.01064861E-13   8.67084670E-13   2.64185494E-14   1.09778612E-14   0.00000000       2.88159592E-14   2.11899336E-14   1.09778494E-14   0.00000000       8.53459894E-15   2.37659047E-14   3.13395211E-14   8.72697232E-14   2.65341870E-21   0.00000000       4.75624984E-05   66530324.0       16196.4014       77.8344193       0.00000000      0.160350353       0.00000000       0.00000000       0.00000000       0.00000000       0.00000000       0.00000000       0.00000000    
   0.00000000       0.00000000       0.00000000       3.71094191E-27   3.26945095E-13   1.95490501E-13   1.01051912E-13   8.66981129E-13   2.64171026E-14   1.09764247E-14   0.00000000       2.88125203E-14   2.11887731E-14   1.09764128E-14   0.00000000       8.53413223E-15   2.37627944E-14   3.13378067E-14   8.72582985E-14   2.60671753E-21   0.00000000       4.75559427E-05   66521684.0       16195.2090       77.8312836       0.00000000      0.157469645       0.00000000       0.00000000       0.00000000       0.00000000       0.00000000       0.00000000       0.00000000    
   0.00000000       0.00000000       0.00000000       3.71043115E-27   3.26906064E-13   1.95479795E-13   1.01038969E-13   8.66877642E-13   2.64156576E-14   1.09749881E-14   0.00000000       2.88090813E-14   2.11876127E-14   1.09749763E-14   0.00000000       8.53366467E-15   2.37596841E-14   3.13360889E-14   8.72468805E-14   2.56083829E-21   0.00000000       4.75493907E-05   66513044.0       16194.0166       77.8281555       0.00000000      0.154640689       0.00000000       0.00000000       0.00000000       0.00000000       0.00000000       0.00000000       0.00000000    
   0.00000000       0.00000000       0.00000000       3.70992078E-27   3.26867060E-13   1.95469089E-13   1.01026040E-13   8.66774209E-13   2.64142109E-14   1.09735515E-14   0.00000000       2.88056424E-14   2.11864539E-14   1.09735397E-14   0.00000000       8.53319710E-15   2.37565755E-14   3.13343745E-14   8.72354625E-14   2.51576644E-21   0.00000000       4.75428424E-05   66504408.0       16192.8252       77.8250198       0.00000000      0.151862562       0.00000000       0.00000000       0.00000000       0.00000000       0.00000000       0.00000000       0.00000000    
   0.00000000       0.00000000       0.00000000       3.70941041E-27   3.26828029E-13   1.95458396E-13   1.01013117E-13   8.66670722E-13   2.64127658E-14   1.09721158E-14   0.00000000       2.88022034E-14   2.11852935E-14   1.09721040E-14   0.00000000       8.53273039E-15   2.37534669E-14   3.13326567E-14   8.72240444E-14   2.47148804E-21   0.00000000       4.75362904E-05   66495772.0       16191.6328       77.8218842       0.00000000      0.149134338       0.00000000       0.00000000       0.00000000       0.00000000       0.00000000       0.00000000       0.00000000    
   0.00000000       0.00000000       0.00000000       3.70890003E-27   3.26789024E-13   1.95447689E-13   1.01000202E-13   8.66567289E-13   2.64113191E-14   1.09706801E-14   0.00000000       2.87987678E-14   2.11841331E-14   1.09706682E-14   0.00000000       8.53226283E-15   2.37503583E-14   3.13309423E-14   8.72126332E-14   2.42798896E-21   0.00000000       4.75297420E-05   66487136.0       16190.4404       77.8187485       0.00000000      0.146455124       0.00000000       0.00000000       0.00000000       0.00000000       0.00000000       0.00000000       0.00000000    
   0.00000000       0.00000000       0.00000000       3.70838966E-27   3.26750020E-13   1.95436983E-13   1.00987300E-13   8.66463856E-13   2.64098740E-14   1.09692444E-14   0.00000000       2.87953289E-14   2.11829743E-14   1.09692325E-14   0.00000000       8.53179611E-15   2.37472514E-14   3.13292279E-14   8.72012220E-14   2.38525547E-21   0.00000000       4.75231936E-05   66478500.0       16189.2490       77.8156128       0.00000000      0.143824041       0.00000000       0.00000000       0.00000000       0.00000000       0.00000000       0.00000000       0.00000000    
   0.00000000       0.00000000       0.00000000       3.70787968E-27   3.26711016E-13   1.95426290E-13   1.00974405E-13   8.66360423E-13   2.64084273E-14   1.09678087E-14   0.00000000       2.87918933E-14   2.11818139E-14   1.09677976E-14   0.00000000       8.53132855E-15   2.37441428E-14   3.13275136E-14   8.71898108E-14   2.34327403E-21   0.00000000       4.75166453E-05   66469868.0       16188.0576       77.8124771       0.00000000      0.141240239       0.00000000       0.00000000       0.00000000       0.00000000       0.00000000       0.00000000       0.00000000    
   0.00000000       0.00000000       0.00000000       3.70736969E-27   3.26672012E-13   1.95415583E-13   1.00961523E-13   8.66256990E-13   2.64069823E-14   1.09663738E-14   0.00000000       2.87884544E-14   2.11806535E-14   1.09663628E-14   0.00000000       8.53086184E-15   2.37410376E-14   3.13257958E-14   8.71783995E-14   2.30203153E-21   0.00000000       4.75100969E-05   66461236.0       16186.8652       77.8093491       0.00000000      0.138702840       0.00000000       0.00000000       0.00000000       0.00000000       0.00000000       0.00000000       0.00000000    
   0.00000000       0.00000000       0.00000000       3.70685932E-27   3.26633035E-13   1.95404890E-13   1.00948655E-13   8.66153612E-13   2.64055355E-14   1.09649389E-14   0.00000000       2.87850188E-14   2.11794947E-14   1.09649279E-14   0.00000000       8.53039427E-15   2.37379306E-14   3.13240814E-14   8.71669951E-14   2.26151482E-21   0.00000000       4.75035522E-05   66452604.0       16185.6738       77.8062134       0.00000000      0.136211038       0.00000000       0.00000000       0.00000000       0.00000000       0.00000000       0.00000000       0.00000000    
