 NS  KS  AS  CS  KI  AI  CI 
 0.1000E+00010  0.1000E+00009  0.1000E+00008  0.1000E+00004  0.1000E+00009  0.1000E+00008  0.1000E+00004
 0.3745E+00009  0.1279E+00009  0.9490E+00008  0.2358E+00007  0.9980E+00008  0.9822E+00007  0.9700E+00003
 0.7819E+00007  0.1257E+00009  0.9197E+00008  0.2284E+00007  0.8290E+00008  0.9647E+00007  0.9408E+00003
 0.2933E+00006  0.1239E+00009  0.8912E+00008  0.2212E+00007  0.7109E+00008  0.9475E+00007  0.9126E+00003
 0.1677E+00005  0.1223E+00009  0.8636E+00008  0.2143E+00007  0.6189E+00008  0.9307E+00007  0.8852E+00003
 0.1333E+00004  0.1208E+00009  0.8368E+00008  0.2075E+00007  0.5446E+00008  0.9141E+00007  0.8586E+00003
 0.1384E+00003  0.1194E+00009  0.8109E+00008  0.2010E+00007  0.4824E+00008  0.8978E+00007  0.8328E+00003
 0.1799E+00002  0.1181E+00009  0.7857E+00008  0.1947E+00007  0.4294E+00008  0.8818E+00007  0.8078E+00003
 0.2834E+00001  0.1168E+00009  0.7613E+00008  0.1886E+00007  0.3836E+00008  0.8661E+00007  0.7836E+00003
 0.5276E+00000  0.1156E+00009  0.7376E+00008  0.1826E+00007  0.3440E+00008  0.8507E+00007  0.7600E+00003
 0.1136E+00000  0.1144E+00009  0.7146E+00008  0.1769E+00007  0.3092E+00008  0.8356E+00007  0.7372E+00003
 0.2778E-00001  0.1132E+00009  0.6924E+00008  0.1713E+00007  0.2786E+00008  0.8207E+00007  0.7151E+00003
 0.7610E-00002  0.1121E+00009  0.6708E+00008  0.1660E+00007  0.2515E+00008  0.8061E+00007  0.6936E+00003
 0.2305E-00002  0.1110E+00009  0.6499E+00008  0.1607E+00007  0.2274E+00008  0.7917E+00007  0.6728E+00003
 0.7644E-00003  0.1099E+00009  0.6296E+00008  0.1557E+00007  0.2059E+00008  0.7776E+00007  0.6526E+00003
 0.2748E-00003  0.1089E+00009  0.6099E+00008  0.1508E+00007  0.1867E+00008  0.7638E+00007  0.6330E+00003
 0.1063E-00003  0.1078E+00009  0.5909E+00008  0.1461E+00007  0.1694E+00008  0.7502E+00007  0.6140E+00003
 0.4389E-00004  0.1068E+00009  0.5724E+00008  0.1415E+00007  0.1540E+00008  0.7368E+00007  0.5955E+00003
 0.4389E-00004  0.1058E+00009  0.5545E+00008  0.1370E+00007  0.1400E+00008  0.7237E+00007  0.5777E+00003
 0.4389E-00004  0.1048E+00009  0.5372E+00008  0.1327E+00007  0.1273E+00008  0.7108E+00007  0.5603E+00003
 0.4389E-00004  0.1038E+00009  0.5204E+00008  0.1285E+00007  0.1158E+00008  0.6982E+00007  0.5435E+00003
 0.4389E-00004  0.1028E+00009  0.5041E+00008  0.1245E+00007  0.1054E+00008  0.6857E+00007  0.5272E+00003
 0.4389E-00004  0.1019E+00009  0.4883E+00008  0.1206E+00007  0.9602E+00007  0.6735E+00007  0.5113E+00003
 0.4389E-00004  0.1009E+00009  0.4730E+00008  0.1168E+00007  0.8751E+00007  0.6615E+00007  0.4960E+00003
 0.4389E-00004  0.9997E+00008  0.4582E+00008  0.1131E+00007  0.7979E+00007  0.6497E+00007  0.4811E+00003
 0.4389E-00004  0.9903E+00008  0.4438E+00008  0.1096E+00007  0.7278E+00007  0.6382E+00007  0.4666E+00003
 0.4389E-00004  0.9810E+00008  0.4299E+00008  0.1061E+00007  0.6641E+00007  0.6268E+00007  0.4526E+00003
 0.4389E-00004  0.9718E+00008  0.4165E+00008  0.1028E+00007  0.6062E+00007  0.6156E+00007  0.4390E+00003
 0.4389E-00004  0.9627E+00008  0.4034E+00008  0.9956E+00006  0.5535E+00007  0.6047E+00007  0.4259E+00003
 0.4389E-00004  0.9536E+00008  0.3907E+00008  0.9643E+00006  0.5055E+00007  0.5939E+00007  0.4131E+00003
 0.4389E-00004  0.9446E+00008  0.3785E+00008  0.9339E+00006  0.4618E+00007  0.5833E+00007  0.4007E+00003
 0.4389E-00004  0.9357E+00008  0.3666E+00008  0.9046E+00006  0.4219E+00007  0.5730E+00007  0.3886E+00003
 0.4389E-00004  0.9268E+00008  0.3551E+00008  0.8761E+00006  0.3855E+00007  0.5628E+00007  0.3770E+00003
 0.4389E-00004  0.9179E+00008  0.3440E+00008  0.8486E+00006  0.3524E+00007  0.5527E+00007  0.3656E+00003
 0.4389E-00004  0.9091E+00008  0.3332E+00008  0.8219E+00006  0.3221E+00007  0.5429E+00007  0.3547E+00003
 0.4389E-00004  0.9004E+00008  0.3227E+00008  0.7961E+00006  0.2945E+00007  0.5332E+00007  0.3440E+00003
 0.4389E-00004  0.8917E+00008  0.3126E+00008  0.7710E+00006  0.2693E+00007  0.5237E+00007  0.3337E+00003
 0.4389E-00004  0.8866E+00008  0.3028E+00008  0.7468E+00006  0.2463E+00007  0.5144E+00007  0.3237E+00003
 0.4389E-00004  0.8817E+00008  0.2932E+00008  0.7233E+00006  0.2254E+00007  0.5052E+00007  0.3139E+00003
 0.4389E-00004  0.8768E+00008  0.2840E+00008  0.7006E+00006  0.2064E+00007  0.4962E+00007  0.3045E+00003
 0.4389E-00004  0.8721E+00008  0.2751E+00008  0.6785E+00006  0.1891E+00007  0.4874E+00007  0.2954E+00003
 0.4389E-00004  0.8675E+00008  0.2665E+00008  0.6572E+00006  0.1733E+00007  0.4787E+00007  0.2865E+00003
 0.4389E-00004  0.8630E+00008  0.2581E+00008  0.6365E+00006  0.1589E+00007  0.4702E+00007  0.2779E+00003
 0.4389E-00004  0.8586E+00008  0.2500E+00008  0.6165E+00006  0.1458E+00007  0.4618E+00007  0.2695E+00003
 0.4389E-00004  0.8543E+00008  0.2421E+00008  0.5971E+00006  0.1339E+00007  0.4536E+00007  0.2615E+00003
 0.4389E-00004  0.8501E+00008  0.2345E+00008  0.5783E+00006  0.1230E+00007  0.4455E+00007  0.2536E+00003
 0.4389E-00004  0.8460E+00008  0.2272E+00008  0.5602E+00006  0.1130E+00007  0.4376E+00007  0.2460E+00003
 0.4389E-00004  0.8420E+00008  0.2200E+00008  0.5425E+00006  0.1039E+00007  0.4298E+00007  0.2386E+00003
 0.4389E-00004  0.8381E+00008  0.2131E+00008  0.5255E+00006  0.9554E+00006  0.4221E+00007  0.2314E+00003
 0.4389E-00004  0.8343E+00008  0.2064E+00008  0.5090E+00006  0.8791E+00006  0.4146E+00007  0.2245E+00003
 0.4389E-00004  0.8305E+00008  0.1999E+00008  0.4930E+00006  0.8092E+00006  0.4072E+00007  0.2177E+00003
 0.4389E-00004  0.8269E+00008  0.1936E+00008  0.4775E+00006  0.7452E+00006  0.4000E+00007  0.2112E+00003
 0.4389E-00004  0.8233E+00008  0.1875E+00008  0.4624E+00006  0.6864E+00006  0.3928E+00007  0.2049E+00003
 0.4389E-00004  0.8198E+00008  0.1817E+00008  0.4479E+00006  0.6326E+00006  0.3858E+00007  0.1987E+00003
 0.4389E-00004  0.8164E+00008  0.1759E+00008  0.4338E+00006  0.5832E+00006  0.3790E+00007  0.1927E+00003
 0.4389E-00004  0.8131E+00008  0.1704E+00008  0.4202E+00006  0.5378E+00006  0.3722E+00007  0.1869E+00003
 0.4389E-00004  0.8098E+00008  0.1651E+00008  0.4070E+00006  0.4962E+00006  0.3656E+00007  0.1813E+00003
 0.4389E-00004  0.8066E+00008  0.1599E+00008  0.3942E+00006  0.4579E+00006  0.3591E+00007  0.1759E+00003
 0.4389E-00004  0.8035E+00008  0.1548E+00008  0.3818E+00006  0.4227E+00006  0.3527E+00007  0.1706E+00003
 0.4389E-00004  0.8004E+00008  0.1500E+00008  0.3698E+00006  0.3904E+00006  0.3464E+00007  0.1655E+00003
 0.4389E-00004  0.7974E+00008  0.1453E+00008  0.3581E+00006  0.3606E+00006  0.3402E+00007  0.1605E+00003
 0.4389E-00004  0.7945E+00008  0.1407E+00008  0.3469E+00006  0.3332E+00006  0.3342E+00007  0.1557E+00003
 0.4389E-00004  0.7917E+00008  0.1363E+00008  0.3360E+00006  0.3080E+00006  0.3282E+00007  0.1510E+00003
 0.4389E-00004  0.7889E+00008  0.1320E+00008  0.3254E+00006  0.2848E+00006  0.3224E+00007  0.1465E+00003
 0.4389E-00004  0.7861E+00008  0.1278E+00008  0.3152E+00006  0.2634E+00006  0.3166E+00007  0.1421E+00003
 0.4389E-00004  0.7834E+00008  0.1238E+00008  0.3053E+00006  0.2437E+00006  0.3110E+00007  0.1378E+00003
 0.4389E-00004  0.7808E+00008  0.1199E+00008  0.2957E+00006  0.2255E+00006  0.3054E+00007  0.1337E+00003
 0.4389E-00004  0.7782E+00008  0.1162E+00008  0.2864E+00006  0.2087E+00006  0.3000E+00007  0.1296E+00003
 0.4389E-00004  0.7757E+00008  0.1125E+00008  0.2774E+00006  0.1932E+00006  0.2946E+00007  0.1258E+00003
 0.4389E-00004  0.7732E+00008  0.1090E+00008  0.2686E+00006  0.1790E+00006  0.2894E+00007  0.1220E+00003
 0.4389E-00004  0.7708E+00008  0.1055E+00008  0.2602E+00006  0.1658E+00006  0.2842E+00007  0.1183E+00003
 0.4389E-00004  0.7685E+00008  0.1022E+00008  0.2520E+00006  0.1536E+00006  0.2792E+00007  0.1148E+00003
 0.4389E-00004  0.7662E+00008  0.9901E+00007  0.2441E+00006  0.1423E+00006  0.2742E+00007  0.1113E+00003
 0.4389E-00004  0.7639E+00008  0.9589E+00007  0.2364E+00006  0.1320E+00006  0.2693E+00007  0.1080E+00003
 0.4389E-00004  0.7617E+00008  0.9288E+00007  0.2290E+00006  0.1224E+00006  0.2645E+00007  0.1047E+00003
 0.4389E-00004  0.7595E+00008  0.8996E+00007  0.2218E+00006  0.1135E+00006  0.2598E+00007  0.1016E+00003
 0.4389E-00004  0.7574E+00008  0.8713E+00007  0.2148E+00006  0.1053E+00006  0.2552E+00007  0.9853E+00002
 0.4389E-00004  0.7553E+00008  0.8439E+00007  0.2080E+00006  0.9766E+00005  0.2506E+00007  0.9557E+00002
 0.4389E-00004  0.7533E+00008  0.8174E+00007  0.2015E+00006  0.9063E+00005  0.2462E+00007  0.9269E+00002
 0.4389E-00004  0.7513E+00008  0.7917E+00007  0.1952E+00006  0.8412E+00005  0.2418E+00007  0.8991E+00002
 0.4389E-00004  0.7493E+00008  0.7668E+00007  0.1890E+00006  0.7810E+00005  0.2375E+00007  0.8721E+00002
 0.4389E-00004  0.7474E+00008  0.7427E+00007  0.1831E+00006  0.7252E+00005  0.2332E+00007  0.8459E+00002
 0.4389E-00004  0.7455E+00008  0.7193E+00007  0.1773E+00006  0.6735E+00005  0.2291E+00007  0.8205E+00002
 0.4389E-00004  0.7437E+00008  0.6967E+00007  0.1717E+00006  0.6256E+00005  0.2250E+00007  0.7958E+00002
 0.4389E-00004  0.7419E+00008  0.6748E+00007  0.1663E+00006  0.5813E+00005  0.2210E+00007  0.7719E+00002
 0.4389E-00004  0.7401E+00008  0.6536E+00007  0.1611E+00006  0.5402E+00005  0.2170E+00007  0.7487E+00002
 0.4389E-00004  0.7384E+00008  0.6330E+00007  0.1560E+00006  0.5020E+00005  0.2132E+00007  0.7262E+00002
 0.4389E-00004  0.7367E+00008  0.6131E+00007  0.1511E+00006  0.4667E+00005  0.2094E+00007  0.7044E+00002
 0.4389E-00004  0.7350E+00008  0.5939E+00007  0.1464E+00006  0.4339E+00005  0.2056E+00007  0.6832E+00002
 0.4389E-00004  0.7334E+00008  0.5752E+00007  0.1418E+00006  0.4035E+00005  0.2020E+00007  0.6627E+00002
 0.4389E-00004  0.7318E+00008  0.5571E+00007  0.1373E+00006  0.3753E+00005  0.1984E+00007  0.6428E+00002
 0.4389E-00004  0.7302E+00008  0.5396E+00007  0.1330E+00006  0.3491E+00005  0.1948E+00007  0.6235E+00002
 0.4389E-00004  0.7287E+00008  0.5226E+00007  0.1288E+00006  0.3248E+00005  0.1914E+00007  0.6048E+00002
 0.4389E-00004  0.7272E+00008  0.5062E+00007  0.1248E+00006  0.3022E+00005  0.1880E+00007  0.5866E+00002
 0.4389E-00004  0.7257E+00008  0.4903E+00007  0.1208E+00006  0.2812E+00005  0.1846E+00007  0.5690E+00002
 0.4389E-00004  0.7243E+00008  0.4749E+00007  0.1170E+00006  0.2617E+00005  0.1813E+00007  0.5519E+00002
 0.4389E-00004  0.7228E+00008  0.4599E+00007  0.1134E+00006  0.2437E+00005  0.1781E+00007  0.5353E+00002
 0.4389E-00004  0.7215E+00008  0.4455E+00007  0.1098E+00006  0.2269E+00005  0.1749E+00007  0.5192E+00002
 0.4389E-00004  0.7201E+00008  0.4315E+00007  0.1063E+00006  0.2112E+00005  0.1718E+00007  0.5036E+00002
 0.4389E-00004  0.7188E+00008  0.4179E+00007  0.1030E+00006  0.1967E+00005  0.1687E+00007  0.4885E+00002
 0.4389E-00004  0.7175E+00008  0.4048E+00007  0.9977E+00005  0.1832E+00005  0.1657E+00007  0.4738E+00002
 0.4389E-00004  0.7162E+00008  0.3920E+00007  0.9663E+00005  0.1707E+00005  0.1628E+00007  0.4595E+00002
 0.4389E-00004  0.7149E+00008  0.3797E+00007  0.9359E+00005  0.1590E+00005  0.1599E+00007  0.4457E+00002
 0.4389E-00004  0.7137E+00008  0.3678E+00007  0.9065E+00005  0.1482E+00005  0.1570E+00007  0.4323E+00002
 0.4390E-00004  0.7125E+00008  0.3562E+00007  0.8780E+00005  0.1381E+00005  0.1542E+00007  0.4193E+00002
 0.4390E-00004  0.7113E+00008  0.3450E+00007  0.8504E+00005  0.1287E+00005  0.1515E+00007  0.4067E+00002
 0.4390E-00004  0.7101E+00008  0.3342E+00007  0.8236E+00005  0.1199E+00005  0.1488E+00007  0.3945E+00002
 0.4390E-00004  0.7090E+00008  0.3237E+00007  0.7977E+00005  0.1118E+00005  0.1461E+00007  0.3827E+00002
 0.4390E-00004  0.7079E+00008  0.3135E+00007  0.7726E+00005  0.1042E+00005  0.1435E+00007  0.3712E+00002
 0.4390E-00004  0.7068E+00008  0.3036E+00007  0.7483E+00005  0.9720E+00004  0.1409E+00007  0.3600E+00002
 0.4390E-00004  0.7057E+00008  0.2941E+00007  0.7248E+00005  0.9064E+00004  0.1384E+00007  0.3492E+00002
 0.4390E-00004  0.7047E+00008  0.2848E+00007  0.7020E+00005  0.8453E+00004  0.1360E+00007  0.3387E+00002
 0.4390E-00004  0.7036E+00008  0.2759E+00007  0.6799E+00005  0.7884E+00004  0.1335E+00007  0.3285E+00002
 0.4390E-00004  0.7026E+00008  0.2672E+00007  0.6586E+00005  0.7355E+00004  0.1312E+00007  0.3186E+00002
 0.4390E-00004  0.7016E+00008  0.2588E+00007  0.6378E+00005  0.6861E+00004  0.1288E+00007  0.3091E+00002
 0.4390E-00004  0.7007E+00008  0.2507E+00007  0.6178E+00005  0.6401E+00004  0.1265E+00007  0.2998E+00002
 0.4390E-00004  0.6997E+00008  0.2428E+00007  0.5984E+00005  0.5973E+00004  0.1243E+00007  0.2908E+00002
 0.4390E-00004  0.6988E+00008  0.2352E+00007  0.5795E+00005  0.5574E+00004  0.1221E+00007  0.2820E+00002
 0.4390E-00004  0.6979E+00008  0.2278E+00007  0.5613E+00005  0.5202E+00004  0.1199E+00007  0.2736E+00002
 0.4390E-00004  0.6970E+00008  0.2206E+00007  0.5437E+00005  0.4855E+00004  0.1177E+00007  0.2653E+00002
 0.4390E-00004  0.6961E+00008  0.2137E+00007  0.5266E+00005  0.4532E+00004  0.1156E+00007  0.2574E+00002
 0.4390E-00004  0.6952E+00008  0.2069E+00007  0.5100E+00005  0.4230E+00004  0.1136E+00007  0.2496E+00002
 0.4390E-00004  0.6944E+00008  0.2004E+00007  0.4940E+00005  0.3950E+00004  0.1115E+00007  0.2421E+00002
 0.4390E-00004  0.6935E+00008  0.1941E+00007  0.4784E+00005  0.3688E+00004  0.1096E+00007  0.2348E+00002
 0.4390E-00004  0.6927E+00008  0.1880E+00007  0.4634E+00005  0.3443E+00004  0.1076E+00007  0.2278E+00002
 0.4390E-00004  0.6919E+00008  0.1821E+00007  0.4488E+00005  0.3215E+00004  0.1057E+00007  0.2209E+00002
 0.4390E-00004  0.6911E+00008  0.1764E+00007  0.4347E+00005  0.3003E+00004  0.1038E+00007  0.2143E+00002
 0.4390E-00004  0.6904E+00008  0.1709E+00007  0.4210E+00005  0.2804E+00004  0.1019E+00007  0.2079E+00002
 0.4390E-00004  0.6896E+00008  0.1655E+00007  0.4078E+00005  0.2619E+00004  0.1001E+00007  0.2016E+00002
 0.4390E-00004  0.6889E+00008  0.1603E+00007  0.3950E+00005  0.2447E+00004  0.9834E+00006  0.1955E+00002
 0.4390E-00004  0.6882E+00008  0.1552E+00007  0.3826E+00005  0.2286E+00004  0.9659E+00006  0.1897E+00002
 0.4390E-00004  0.6874E+00008  0.1504E+00007  0.3705E+00005  0.2135E+00004  0.9487E+00006  0.1840E+00002
 0.4390E-00004  0.6867E+00008  0.1456E+00007  0.3589E+00005  0.1995E+00004  0.9317E+00006  0.1784E+00002
 0.4390E-00004  0.6861E+00008  0.1411E+00007  0.3476E+00005  0.1864E+00004  0.9151E+00006  0.1731E+00002
 0.4390E-00004  0.6854E+00008  0.1366E+00007  0.3367E+00005  0.1742E+00004  0.8988E+00006  0.1679E+00002
 0.4390E-00004  0.6847E+00008  0.1323E+00007  0.3261E+00005  0.1628E+00004  0.8828E+00006  0.1628E+00002
 0.4390E-00004  0.6841E+00008  0.1282E+00007  0.3158E+00005  0.1521E+00004  0.8670E+00006  0.1579E+00002
 0.4391E-00004  0.6835E+00008  0.1241E+00007  0.3059E+00005  0.1422E+00004  0.8515E+00006  0.1532E+00002
 0.4391E-00004  0.6828E+00008  0.1202E+00007  0.2963E+00005  0.1329E+00004  0.8363E+00006  0.1486E+00002
 0.4391E-00004  0.6822E+00008  0.1165E+00007  0.2870E+00005  0.1242E+00004  0.8214E+00006  0.1441E+00002
 0.4391E-00004  0.6816E+00008  0.1128E+00007  0.2779E+00005  0.1161E+00004  0.8068E+00006  0.1398E+00002
 0.4391E-00004  0.6810E+00008  0.1093E+00007  0.2692E+00005  0.1086E+00004  0.7924E+00006  0.1356E+00002
 0.4391E-00004  0.6805E+00008  0.1058E+00007  0.2607E+00005  0.1015E+00004  0.7782E+00006  0.1315E+00002
 0.4391E-00004  0.6799E+00008  0.1025E+00007  0.2525E+00005  0.9489E+00003  0.7644E+00006  0.1275E+00002
 0.4391E-00004  0.6794E+00008  0.9927E+00006  0.2446E+00005  0.8872E+00003  0.7507E+00006  0.1237E+00002
 0.4391E-00004  0.6788E+00008  0.9615E+00006  0.2369E+00005  0.8296E+00003  0.7373E+00006  0.1200E+00002
 0.4391E-00004  0.6783E+00008  0.9313E+00006  0.2295E+00005  0.7757E+00003  0.7242E+00006  0.1164E+00002
 0.4391E-00004  0.6778E+00008  0.9020E+00006  0.2222E+00005  0.7254E+00003  0.7112E+00006  0.1129E+00002
 0.4391E-00004  0.6773E+00008  0.8736E+00006  0.2153E+00005  0.6784E+00003  0.6985E+00006  0.1095E+00002
 0.4391E-00004  0.6768E+00008  0.8462E+00006  0.2085E+00005  0.6345E+00003  0.6861E+00006  0.1062E+00002
 0.4391E-00004  0.6763E+00008  0.8196E+00006  0.2019E+00005  0.5934E+00003  0.6738E+00006  0.1030E+00002
 0.4391E-00004  0.6758E+00008  0.7938E+00006  0.1956E+00005  0.5551E+00003  0.6618E+00006  0.9991E+00001
 0.4392E-00004  0.6753E+00008  0.7689E+00006  0.1894E+00005  0.5192E+00003  0.6500E+00006  0.9691E+00001
 0.4392E-00004  0.6749E+00008  0.7447E+00006  0.1835E+00005  0.4857E+00003  0.6384E+00006  0.9399E+00001
 0.4392E-00004  0.6744E+00008  0.7213E+00006  0.1777E+00005  0.4543E+00003  0.6270E+00006  0.9117E+00001
 0.4392E-00004  0.6740E+00008  0.6986E+00006  0.1721E+00005  0.4250E+00003  0.6158E+00006  0.8843E+00001
 0.4392E-00004  0.6735E+00008  0.6767E+00006  0.1667E+00005  0.3976E+00003  0.6049E+00006  0.8577E+00001
 0.4392E-00004  0.6731E+00008  0.6554E+00006  0.1615E+00005  0.3720E+00003  0.5941E+00006  0.8319E+00001
 0.4392E-00004  0.6727E+00008  0.6348E+00006  0.1564E+00005  0.3481E+00003  0.5835E+00006  0.8069E+00001
 0.4392E-00004  0.6723E+00008  0.6148E+00006  0.1515E+00005  0.3257E+00003  0.5731E+00006  0.7826E+00001
 0.4392E-00004  0.6719E+00008  0.5955E+00006  0.1467E+00005  0.3047E+00003  0.5628E+00006  0.7591E+00001
 0.4392E-00004  0.6715E+00008  0.5768E+00006  0.1421E+00005  0.2852E+00003  0.5528E+00006  0.7363E+00001
 0.4393E-00004  0.6711E+00008  0.5587E+00006  0.1376E+00005  0.2669E+00003  0.5429E+00006  0.7142E+00001
 0.4393E-00004  0.6707E+00008  0.5411E+00006  0.1333E+00005  0.2497E+00003  0.5333E+00006  0.6927E+00001
 0.4393E-00004  0.6704E+00008  0.5241E+00006  0.1291E+00005  0.2337E+00003  0.5238E+00006  0.6719E+00001
 0.4393E-00004  0.6700E+00008  0.5076E+00006  0.1251E+00005  0.2187E+00003  0.5144E+00006  0.6517E+00001
 0.4393E-00004  0.6697E+00008  0.4917E+00006  0.1211E+00005  0.2047E+00003  0.5052E+00006  0.6321E+00001
 0.4393E-00004  0.6693E+00008  0.4762E+00006  0.1173E+00005  0.1916E+00003  0.4962E+00006  0.6131E+00001
 0.4393E-00004  0.6690E+00008  0.4613E+00006  0.1136E+00005  0.1793E+00003  0.4874E+00006  0.5947E+00001
 0.4394E-00004  0.6686E+00008  0.4468E+00006  0.1101E+00005  0.1679E+00003  0.4787E+00006  0.5768E+00001
 0.4394E-00004  0.6683E+00008  0.4327E+00006  0.1066E+00005  0.1571E+00003  0.4702E+00006  0.5595E+00001
 0.4394E-00004  0.6680E+00008  0.4191E+00006  0.1032E+00005  0.1471E+00003  0.4618E+00006  0.5427E+00001
 0.4394E-00004  0.6677E+00008  0.4060E+00006  0.1000E+00005  0.1377E+00003  0.4536E+00006  0.5264E+00001
 0.4394E-00004  0.6674E+00008  0.3932E+00006  0.9686E+00004  0.1289E+00003  0.4455E+00006  0.5106E+00001
 0.4395E-00004  0.6671E+00008  0.3809E+00006  0.9381E+00004  0.1207E+00003  0.4375E+00006  0.4952E+00001
 0.4395E-00004  0.6668E+00008  0.3689E+00006  0.9086E+00004  0.1130E+00003  0.4297E+00006  0.4804E+00001
 0.4395E-00004  0.6666E+00008  0.3573E+00006  0.8801E+00004  0.1058E+00003  0.4221E+00006  0.4659E+00001
 0.4395E-00004  0.6663E+00008  0.3461E+00006  0.8524E+00004  0.9903E+00002  0.4146E+00006  0.4519E+00001
 0.4395E-00004  0.6660E+00008  0.3352E+00006  0.8256E+00004  0.9272E+00002  0.4072E+00006  0.4384E+00001
 0.4396E-00004  0.6658E+00008  0.3247E+00006  0.7997E+00004  0.8682E+00002  0.3999E+00006  0.4252E+00001
 0.4396E-00004  0.6655E+00008  0.3145E+00006  0.7745E+00004  0.8129E+00002  0.3928E+00006  0.4124E+00001
 0.4396E-00004  0.6653E+00008  0.3046E+00006  0.7502E+00004  0.7612E+00002  0.3858E+00006  0.4000E+00001
 0.4397E-00004  0.6650E+00008  0.2950E+00006  0.7266E+00004  0.7128E+00002  0.3789E+00006  0.3880E+00001
 0.4397E-00004  0.6648E+00008  0.2858E+00006  0.7038E+00004  0.6674E+00002  0.3722E+00006  0.3764E+00001
 0.4397E-00004  0.6646E+00008  0.2768E+00006  0.6817E+00004  0.6250E+00002  0.3656E+00006  0.3651E+00001
 0.4398E-00004  0.6644E+00008  0.2681E+00006  0.6603E+00004  0.5853E+00002  0.3591E+00006  0.3541E+00001
 0.4398E-00004  0.6642E+00008  0.2597E+00006  0.6395E+00004  0.5481E+00002  0.3527E+00006  0.3435E+00001
 0.4398E-00004  0.6640E+00008  0.2515E+00006  0.6194E+00004  0.5133E+00002  0.3464E+00006  0.3332E+00001
 0.4399E-00004  0.6638E+00008  0.2436E+00006  0.5999E+00004  0.4807E+00002  0.3402E+00006  0.3232E+00001
 0.4399E-00004  0.6636E+00008  0.2360E+00006  0.5811E+00004  0.4502E+00002  0.3342E+00006  0.3135E+00001
 0.4399E-00004  0.6634E+00008  0.2286E+00006  0.5628E+00004  0.4217E+00002  0.3283E+00006  0.3041E+00001
 0.4400E-00004  0.6632E+00008  0.2214E+00006  0.5452E+00004  0.3949E+00002  0.3224E+00006  0.2950E+00001
 0.4400E-00004  0.6631E+00008  0.2145E+00006  0.5280E+00004  0.3699E+00002  0.3167E+00006  0.2861E+00001
 0.4401E-00004  0.6629E+00008  0.2077E+00006  0.5114E+00004  0.3465E+00002  0.3111E+00006  0.2775E+00001
 0.4402E-00004  0.6628E+00008  0.2012E+00006  0.4954E+00004  0.3245E+00002  0.3055E+00006  0.2692E+00001
 0.4402E-00004  0.6626E+00008  0.1949E+00006  0.4798E+00004  0.3040E+00002  0.3001E+00006  0.2611E+00001
 0.4403E-00004  0.6625E+00008  0.1888E+00006  0.4648E+00004  0.2847E+00002  0.2948E+00006  0.2533E+00001
 0.4403E-00004  0.6624E+00008  0.1829E+00006  0.4502E+00004  0.2667E+00002  0.2896E+00006  0.2457E+00001
 0.4404E-00004  0.6623E+00008  0.1771E+00006  0.4360E+00004  0.2498E+00002  0.2844E+00006  0.2384E+00001
 0.4405E-00004  0.6622E+00008  0.1716E+00006  0.4223E+00004  0.2340E+00002  0.2794E+00006  0.2312E+00001
 0.4406E-00004  0.6621E+00008  0.1662E+00006  0.4091E+00004  0.2192E+00002  0.2744E+00006  0.2243E+00001
 0.4407E-00004  0.6620E+00008  0.1610E+00006  0.3962E+00004  0.2054E+00002  0.2696E+00006  0.2176E+00001
 0.4408E-00004  0.6620E+00008  0.1559E+00006  0.3838E+00004  0.1924E+00002  0.2648E+00006  0.2111E+00001
 0.4409E-00004  0.6619E+00008  0.1511E+00006  0.3718E+00004  0.1802E+00002  0.2601E+00006  0.2048E+00001
 0.4410E-00004  0.6619E+00008  0.1463E+00006  0.3601E+00004  0.1688E+00002  0.2555E+00006  0.1987E+00001
 0.4411E-00004  0.6619E+00008  0.1417E+00006  0.3488E+00004  0.1582E+00002  0.2510E+00006  0.1927E+00001
 0.4412E-00004  0.6619E+00008  0.1373E+00006  0.3379E+00004  0.1482E+00002  0.2466E+00006  0.1870E+00001
 0.4414E-00004  0.6620E+00008  0.1330E+00006  0.3273E+00004  0.1388E+00002  0.2423E+00006  0.1814E+00001
 0.4416E-00004  0.6620E+00008  0.1289E+00006  0.3170E+00004  0.1301E+00002  0.2380E+00006  0.1760E+00001
 0.4418E-00004  0.6622E+00008  0.1248E+00006  0.3071E+00004  0.1219E+00002  0.2339E+00006  0.1708E+00001
 0.4420E-00004  0.6623E+00008  0.1209E+00006  0.2975E+00004  0.1142E+00002  0.2298E+00006  0.1657E+00001
 0.4423E-00004  0.6625E+00008  0.1172E+00006  0.2882E+00004  0.1070E+00002  0.2258E+00006  0.1608E+00001
 0.4426E-00004  0.6628E+00008  0.1135E+00006  0.2792E+00004  0.1003E+00002  0.2219E+00006  0.1561E+00001
 0.4430E-00004  0.6633E+00008  0.1100E+00006  0.2705E+00004  0.9400E+00001  0.2181E+00006  0.1515E+00001
 0.4435E-00004  0.6639E+00008  0.1066E+00006  0.2621E+00004  0.8811E+00001  0.2144E+00006  0.1471E+00001
 0.4443E-00004  0.6648E+00008  0.1034E+00006  0.2540E+00004  0.8263E+00001  0.2109E+00006  0.1428E+00001
 0.4456E-00004  0.6665E+00008  0.1003E+00006  0.2462E+00004  0.7756E+00001  0.2076E+00006  0.1389E+00001
 0.4498E-00004  0.6721E+00008  0.9758E+00005  0.2392E+00004  0.7315E+00001  0.2054E+00006  0.1357E+00001
 0.4448E-00004  0.6650E+00008  0.9397E+00005  0.2308E+00004  0.6783E+00001  0.2000E+00006  0.1305E+00001
 0.4435E-00004  0.6631E+00008  0.9089E+00005  0.2234E+00004  0.6336E+00001  0.1959E+00006  0.1262E+00001
 0.4427E-00004  0.6619E+00008  0.8795E+00005  0.2162E+00004  0.5926E+00001  0.1922E+00006  0.1223E+00001
 0.4422E-00004  0.6609E+00008  0.8513E+00005  0.2094E+00004  0.5545E+00001  0.1885E+00006  0.1185E+00001
 0.4418E-00004  0.6602E+00008  0.8241E+00005  0.2027E+00004  0.5190E+00001  0.1850E+00006  0.1148E+00001
 0.4414E-00004  0.6595E+00008  0.7979E+00005  0.1963E+00004  0.4859E+00001  0.1816E+00006  0.1113E+00001
 0.4411E-00004  0.6590E+00008  0.7725E+00005  0.1901E+00004  0.4549E+00001  0.1783E+00006  0.1079E+00001
 0.4408E-00004  0.6584E+00008  0.7480E+00005  0.1841E+00004  0.4260E+00001  0.1750E+00006  0.1046E+00001
 0.4405E-00004  0.6580E+00008  0.7242E+00005  0.1782E+00004  0.3990E+00001  0.1718E+00006  0.1014E+00001
 0.4403E-00004  0.6575E+00008  0.7013E+00005  0.1726E+00004  0.3737E+00001  0.1687E+00006  0.9830E+00000
 0.4401E-00004  0.6571E+00008  0.6791E+00005  0.1672E+00004  0.3500E+00001  0.1656E+00006  0.9531E+00000
 0.4399E-00004  0.6567E+00008  0.6576E+00005  0.1619E+00004  0.3279E+00001  0.1626E+00006  0.9241E+00000
 0.4397E-00004  0.6563E+00008  0.6368E+00005  0.1568E+00004  0.3072E+00001  0.1596E+00006  0.8960E+00000
 0.4396E-00004  0.6560E+00008  0.6166E+00005  0.1518E+00004  0.2878E+00001  0.1567E+00006  0.8688E+00000
 0.4394E-00004  0.6557E+00008  0.5971E+00005  0.1470E+00004  0.2696E+00001  0.1539E+00006  0.8424E+00000
 0.4392E-00004  0.6553E+00008  0.5782E+00005  0.1424E+00004  0.2526E+00001  0.1511E+00006  0.8168E+00000
 0.4391E-00004  0.6550E+00008  0.5600E+00005  0.1379E+00004  0.2367E+00001  0.1483E+00006  0.7921E+00000
 0.4390E-00004  0.6547E+00008  0.5423E+00005  0.1335E+00004  0.2218E+00001  0.1456E+00006  0.7680E+00000
 0.4388E-00004  0.6544E+00008  0.5251E+00005  0.1293E+00004  0.2079E+00001  0.1430E+00006  0.7448E+00000
 0.4387E-00004  0.6542E+00008  0.5085E+00005  0.1253E+00004  0.1948E+00001  0.1404E+00006  0.7222E+00000
 0.4386E-00004  0.6539E+00008  0.4925E+00005  0.1213E+00004  0.1825E+00001  0.1379E+00006  0.7003E+00000
 0.4385E-00004  0.6536E+00008  0.4769E+00005  0.1175E+00004  0.1711E+00001  0.1354E+00006  0.6791E+00000
 0.4383E-00004  0.6534E+00008  0.4619E+00005  0.1138E+00004  0.1603E+00001  0.1329E+00006  0.6585E+00000
 0.4382E-00004  0.6531E+00008  0.4473E+00005  0.1102E+00004  0.1503E+00001  0.1305E+00006  0.6386E+00000
 0.4381E-00004  0.6529E+00008  0.4332E+00005  0.1067E+00004  0.1409E+00001  0.1282E+00006  0.6193E+00000
 0.4380E-00004  0.6526E+00008  0.4195E+00005  0.1034E+00004  0.1320E+00001  0.1259E+00006  0.6005E+00000
 0.4379E-00004  0.6524E+00008  0.4063E+00005  0.1001E+00004  0.1238E+00001  0.1236E+00006  0.5823E+00000
 0.4378E-00004  0.6521E+00008  0.3934E+00005  0.9694E+00003  0.1160E+00001  0.1214E+00006  0.5647E+00000
 0.4377E-00004  0.6519E+00008  0.3810E+00005  0.9389E+00003  0.1087E+00001  0.1192E+00006  0.5476E+00000
 0.4376E-00004  0.6517E+00008  0.3690E+00005  0.9093E+00003  0.1019E+00001  0.1170E+00006  0.5311E+00000
 0.4375E-00004  0.6515E+00008  0.3574E+00005  0.8806E+00003  0.9556E+00000  0.1149E+00006  0.5150E+00000
 0.4374E-00004  0.6513E+00008  0.3461E+00005  0.8529E+00003  0.8958E+00000  0.1129E+00006  0.4994E+00000
 0.4373E-00004  0.6511E+00008  0.3352E+00005  0.8260E+00003  0.8398E+00000  0.1108E+00006  0.4843E+00000
 0.4372E-00004  0.6509E+00008  0.3246E+00005  0.8000E+00003  0.7873E+00000  0.1088E+00006  0.4697E+00000
 0.4371E-00004  0.6507E+00008  0.3144E+00005  0.7748E+00003  0.7382E+00000  0.1069E+00006  0.4555E+00000
 0.4370E-00004  0.6505E+00008  0.3044E+00005  0.7504E+00003  0.6921E+00000  0.1049E+00006  0.4417E+00000
 0.4370E-00004  0.6503E+00008  0.2948E+00005  0.7267E+00003  0.6489E+00000  0.1030E+00006  0.4283E+00000
 0.4369E-00004  0.6501E+00008  0.2855E+00005  0.7038E+00003  0.6084E+00000  0.1012E+00006  0.4154E+00000
 0.4368E-00004  0.6499E+00008  0.2765E+00005  0.6817E+00003  0.5704E+00000  0.9937E+00005  0.4028E+00000
 0.4367E-00004  0.6497E+00008  0.2765E+00005  0.6602E+00003  0.5349E+00000  0.9758E+00005  0.3907E+00000
 0.4367E-00004  0.6496E+00008  0.2765E+00005  0.6394E+00003  0.5015E+00000  0.9583E+00005  0.3789E+00000
 0.4366E-00004  0.6494E+00008  0.2765E+00005  0.6193E+00003  0.4703E+00000  0.9411E+00005  0.3674E+00000
 0.4365E-00004  0.6493E+00008  0.2765E+00005  0.5998E+00003  0.4410E+00000  0.9242E+00005  0.3564E+00000
 0.4365E-00004  0.6491E+00008  0.2764E+00005  0.5809E+00003  0.4135E+00000  0.9076E+00005  0.3456E+00000
 0.4364E-00004  0.6490E+00008  0.2764E+00005  0.5626E+00003  0.3878E+00000  0.8913E+00005  0.3352E+00000
 0.4364E-00004  0.6488E+00008  0.2764E+00005  0.5449E+00003  0.3637E+00000  0.8753E+00005  0.3250E+00000
 0.4363E-00004  0.6487E+00008  0.2764E+00005  0.5277E+00003  0.3410E+00000  0.8595E+00005  0.3152E+00000
 0.4362E-00004  0.6485E+00008  0.2764E+00005  0.5111E+00003  0.3198E+00000  0.8441E+00005  0.3057E+00000
 0.4362E-00004  0.6484E+00008  0.2763E+00005  0.4950E+00003  0.2999E+00000  0.8289E+00005  0.2965E+00000
 0.4361E-00004  0.6482E+00008  0.2763E+00005  0.4794E+00003  0.2813E+00000  0.8140E+00005  0.2875E+00000
 0.4361E-00004  0.6481E+00008  0.2763E+00005  0.4643E+00003  0.2638E+00000  0.7994E+00005  0.2789E+00000
 0.4360E-00004  0.6480E+00008  0.2763E+00005  0.4497E+00003  0.2474E+00000  0.7851E+00005  0.2704E+00000
 0.4359E-00004  0.6478E+00008  0.2763E+00005  0.4355E+00003  0.2320E+00000  0.7709E+00005  0.2623E+00000
 0.4359E-00004  0.6477E+00008  0.2762E+00005  0.4218E+00003  0.2176E+00000  0.7571E+00005  0.2544E+00000
 0.4358E-00004  0.6475E+00008  0.2762E+00005  0.4085E+00003  0.2041E+00000  0.7435E+00005  0.2467E+00000
 0.4358E-00004  0.6474E+00008  0.2762E+00005  0.3957E+00003  0.1914E+00000  0.7301E+00005  0.2392E+00000
 0.4357E-00004  0.6473E+00008  0.2762E+00005  0.3832E+00003  0.1795E+00000  0.7170E+00005  0.2320E+00000
 0.4356E-00004  0.6471E+00008  0.2762E+00005  0.3712E+00003  0.1684E+00000  0.7041E+00005  0.2250E+00000
 0.4356E-00004  0.6470E+00008  0.2761E+00005  0.3595E+00003  0.1579E+00000  0.6915E+00005  0.2182E+00000
 0.4355E-00004  0.6469E+00008  0.2761E+00005  0.3482E+00003  0.1481E+00000  0.6791E+00005  0.2116E+00000
 0.4355E-00004  0.6467E+00008  0.2761E+00005  0.3372E+00003  0.1389E+00000  0.6669E+00005  0.2052E+00000
 0.4354E-00004  0.6466E+00008  0.2761E+00005  0.3266E+00003  0.1303E+00000  0.6549E+00005  0.1991E+00000
 0.4353E-00004  0.6465E+00008  0.2761E+00005  0.3163E+00003  0.1222E+00000  0.6431E+00005  0.1930E+00000
 0.4353E-00004  0.6464E+00008  0.2760E+00005  0.3063E+00003  0.1147E+00000  0.6316E+00005  0.1872E+00000
 0.4352E-00004  0.6462E+00008  0.2760E+00005  0.2967E+00003  0.1076E+00000  0.6202E+00005  0.1816E+00000
 0.4352E-00004  0.6461E+00008  0.2760E+00005  0.2873E+00003  0.1009E+00000  0.6091E+00005  0.1761E+00000
 0.4351E-00004  0.6460E+00008  0.2760E+00005  0.2783E+00003  0.9464E-00001  0.5981E+00005  0.1708E+00000
 0.4350E-00004  0.6458E+00008  0.2760E+00005  0.2695E+00003  0.8878E-00001  0.5874E+00005  0.1656E+00000
 0.4350E-00004  0.6457E+00008  0.2759E+00005  0.2610E+00003  0.8328E-00001  0.5768E+00005  0.1606E+00000
 0.4349E-00004  0.6456E+00008  0.2759E+00005  0.2528E+00003  0.7812E-00001  0.5665E+00005  0.1558E+00000
 0.4349E-00004  0.6455E+00008  0.2759E+00005  0.2449E+00003  0.7328E-00001  0.5563E+00005  0.1511E+00000
 0.4348E-00004  0.6454E+00008  0.2759E+00005  0.2372E+00003  0.6875E-00001  0.5463E+00005  0.1465E+00000
 0.4347E-00004  0.6452E+00008  0.2759E+00005  0.2297E+00003  0.6449E-00001  0.5365E+00005  0.1421E+00000
 0.4347E-00004  0.6451E+00008  0.2758E+00005  0.2225E+00003  0.6050E-00001  0.5269E+00005  0.1378E+00000
 0.4346E-00004  0.6450E+00008  0.2758E+00005  0.2154E+00003  0.5676E-00001  0.5174E+00005  0.1336E+00000
 0.4346E-00004  0.6449E+00008  0.2758E+00005  0.2154E+00003  0.5325E-00001  0.5081E+00005  0.1296E+00000
 0.4345E-00004  0.6447E+00008  0.2758E+00005  0.2154E+00003  0.4995E-00001  0.4990E+00005  0.1257E+00000
 0.4344E-00004  0.6446E+00008  0.2758E+00005  0.2154E+00003  0.4687E-00001  0.4900E+00005  0.1219E+00000
 0.4344E-00004  0.6445E+00008  0.2757E+00005  0.2154E+00003  0.4397E-00001  0.4812E+00005  0.1182E+00000
 0.4343E-00004  0.6444E+00008  0.2757E+00005  0.2154E+00003  0.4125E-00001  0.4726E+00005  0.1146E+00000
 0.4343E-00004  0.6443E+00008  0.2757E+00005  0.2154E+00003  0.3870E-00001  0.4641E+00005  0.1112E+00000
 0.4342E-00004  0.6442E+00008  0.2757E+00005  0.2154E+00003  0.3631E-00001  0.4557E+00005  0.1078E+00000
 0.4341E-00004  0.6440E+00008  0.2757E+00005  0.2154E+00003  0.3407E-00001  0.4475E+00005  0.1046E+00000
 0.4341E-00004  0.6439E+00008  0.2756E+00005  0.2154E+00003  0.3196E-00001  0.4395E+00005  0.1014E+00000
 0.4340E-00004  0.6438E+00008  0.2756E+00005  0.2153E+00003  0.2999E-00001  0.4316E+00005  0.9836E-00001
 0.4340E-00004  0.6437E+00008  0.2756E+00005  0.2153E+00003  0.2814E-00001  0.4238E+00005  0.9539E-00001
 0.4339E-00004  0.6436E+00008  0.2756E+00005  0.2153E+00003  0.2640E-00001  0.4162E+00005  0.9251E-00001
 0.4338E-00004  0.6435E+00008  0.2756E+00005  0.2153E+00003  0.2477E-00001  0.4088E+00005  0.8972E-00001
 0.4338E-00004  0.6434E+00008  0.2756E+00005  0.2153E+00003  0.2324E-00001  0.4014E+00005  0.8701E-00001
 0.4337E-00004  0.6433E+00008  0.2755E+00005  0.2153E+00003  0.2181E-00001  0.3942E+00005  0.8438E-00001
 0.4337E-00004  0.6431E+00008  0.2755E+00005  0.2153E+00003  0.2046E-00001  0.3871E+00005  0.8184E-00001
 0.4336E-00004  0.6430E+00008  0.2755E+00005  0.2153E+00003  0.1920E-00001  0.3802E+00005  0.7937E-00001
 0.4335E-00004  0.6429E+00008  0.2755E+00005  0.2153E+00003  0.1802E-00001  0.3733E+00005  0.7697E-00001
 0.4335E-00004  0.6428E+00008  0.2755E+00005  0.2152E+00003  0.1691E-00001  0.3666E+00005  0.7465E-00001
 0.4334E-00004  0.6427E+00008  0.2754E+00005  0.2152E+00003  0.1586E-00001  0.3600E+00005  0.7239E-00001
 0.4334E-00004  0.6426E+00008  0.2754E+00005  0.2152E+00003  0.1489E-00001  0.3536E+00005  0.7021E-00001
 0.4333E-00004  0.6425E+00008  0.2754E+00005  0.2152E+00003  0.1397E-00001  0.3472E+00005  0.6809E-00001
 0.4332E-00004  0.6424E+00008  0.2754E+00005  0.2152E+00003  0.1311E-00001  0.3410E+00005  0.6603E-00001
 0.4332E-00004  0.6423E+00008  0.2754E+00005  0.2152E+00003  0.1230E-00001  0.3349E+00005  0.6404E-00001
 0.4331E-00004  0.6422E+00008  0.2753E+00005  0.2152E+00003  0.1154E-00001  0.3288E+00005  0.6211E-00001
 0.4331E-00004  0.6421E+00008  0.2753E+00005  0.2152E+00003  0.1083E-00001  0.3229E+00005  0.6023E-00001
 0.4330E-00004  0.6420E+00008  0.2753E+00005  0.2152E+00003  0.1016E-00001  0.3171E+00005  0.5842E-00001
 0.4329E-00004  0.6419E+00008  0.2753E+00005  0.2152E+00003  0.9538E-00002  0.3114E+00005  0.5665E-00001
 0.4329E-00004  0.6418E+00008  0.2753E+00005  0.2151E+00003  0.8951E-00002  0.3058E+00005  0.5494E-00001
 0.4328E-00004  0.6416E+00008  0.2752E+00005  0.2151E+00003  0.8400E-00002  0.3003E+00005  0.5328E-00001
 0.4328E-00004  0.6415E+00008  0.2752E+00005  0.2151E+00003  0.7883E-00002  0.2950E+00005  0.5168E-00001
 0.4327E-00004  0.6414E+00008  0.2752E+00005  0.2151E+00003  0.7398E-00002  0.2897E+00005  0.5012E-00001
 0.4326E-00004  0.6413E+00008  0.2752E+00005  0.2151E+00003  0.6943E-00002  0.2844E+00005  0.4860E-00001
 0.4326E-00004  0.6412E+00008  0.2752E+00005  0.2151E+00003  0.6516E-00002  0.2793E+00005  0.4714E-00001
 0.4325E-00004  0.6411E+00008  0.2751E+00005  0.2151E+00003  0.6115E-00002  0.2743E+00005  0.4571E-00001
 0.4325E-00004  0.6410E+00008  0.2751E+00005  0.2151E+00003  0.5739E-00002  0.2694E+00005  0.4433E-00001
 0.4324E-00004  0.6409E+00008  0.2751E+00005  0.2151E+00003  0.5387E-00002  0.2646E+00005  0.4299E-00001
 0.4323E-00004  0.6408E+00008  0.2751E+00005  0.2150E+00003  0.5055E-00002  0.2598E+00005  0.4170E-00001
 0.4323E-00004  0.6407E+00008  0.2751E+00005  0.2150E+00003  0.4745E-00002  0.2551E+00005  0.4044E-00001
 0.4322E-00004  0.6406E+00008  0.2750E+00005  0.2150E+00003  0.4453E-00002  0.2505E+00005  0.3922E-00001
 0.4322E-00004  0.6405E+00008  0.2750E+00005  0.2150E+00003  0.4180E-00002  0.2460E+00005  0.3803E-00001
 0.4321E-00004  0.6404E+00008  0.2750E+00005  0.2150E+00003  0.3923E-00002  0.2416E+00005  0.3689E-00001
 0.4320E-00004  0.6403E+00008  0.2750E+00005  0.2150E+00003  0.3682E-00002  0.2373E+00005  0.3577E-00001
 0.4320E-00004  0.6402E+00008  0.2750E+00005  0.2150E+00003  0.3456E-00002  0.2330E+00005  0.3469E-00001
 0.4319E-00004  0.6401E+00008  0.2749E+00005  0.2150E+00003  0.3244E-00002  0.2288E+00005  0.3365E-00001
 0.4319E-00004  0.6400E+00008  0.2749E+00005  0.2150E+00003  0.3044E-00002  0.2247E+00005  0.3263E-00001
 0.4318E-00004  0.6399E+00008  0.2749E+00005  0.2150E+00003  0.2858E-00002  0.2207E+00005  0.3164E-00001
 0.4318E-00004  0.6398E+00008  0.2749E+00005  0.2149E+00003  0.2682E-00002  0.2167E+00005  0.3069E-00001
 0.4317E-00004  0.6397E+00008  0.2749E+00005  0.2149E+00003  0.2518E-00002  0.2128E+00005  0.2976E-00001
 0.4316E-00004  0.6396E+00008  0.2748E+00005  0.2149E+00003  0.2363E-00002  0.2090E+00005  0.2886E-00001
 0.4316E-00004  0.6395E+00008  0.2748E+00005  0.2149E+00003  0.2218E-00002  0.2053E+00005  0.2799E-00001
 0.4315E-00004  0.6394E+00008  0.2748E+00005  0.2149E+00003  0.2082E-00002  0.2016E+00005  0.2715E-00001
 0.4315E-00004  0.6393E+00008  0.2748E+00005  0.2149E+00003  0.1954E-00002  0.1979E+00005  0.2633E-00001
 0.4314E-00004  0.6392E+00008  0.2748E+00005  0.2149E+00003  0.1835E-00002  0.1944E+00005  0.2553E-00001
 0.4313E-00004  0.6392E+00008  0.2747E+00005  0.2149E+00003  0.1722E-00002  0.1909E+00005  0.2476E-00001
 0.4313E-00004  0.6391E+00008  0.2747E+00005  0.2149E+00003  0.1617E-00002  0.1875E+00005  0.2402E-00001
 0.4312E-00004  0.6390E+00008  0.2747E+00005  0.2149E+00003  0.1518E-00002  0.1841E+00005  0.2329E-00001
 0.4312E-00004  0.6389E+00008  0.2747E+00005  0.2148E+00003  0.1425E-00002  0.1808E+00005  0.2259E-00001
 0.4311E-00004  0.6388E+00008  0.2747E+00005  0.2148E+00003  0.1337E-00002  0.1775E+00005  0.2191E-00001
 0.4310E-00004  0.6387E+00008  0.2747E+00005  0.2148E+00003  0.1255E-00002  0.1744E+00005  0.2125E-00001
 0.4310E-00004  0.6386E+00008  0.2746E+00005  0.2148E+00003  0.1178E-00002  0.1712E+00005  0.2060E-00001
 0.4309E-00004  0.6385E+00008  0.2746E+00005  0.2148E+00003  0.1106E-00002  0.1681E+00005  0.1998E-00001
 0.4309E-00004  0.6384E+00008  0.2746E+00005  0.2148E+00003  0.1039E-00002  0.1651E+00005  0.1938E-00001
 0.4308E-00004  0.6383E+00008  0.2746E+00005  0.2148E+00003  0.9749E-00003  0.1622E+00005  0.1879E-00001
 0.4307E-00004  0.6382E+00008  0.2746E+00005  0.2148E+00003  0.9153E-00003  0.1592E+00005  0.1823E-00001
 0.4307E-00004  0.6381E+00008  0.2745E+00005  0.2148E+00003  0.8592E-00003  0.1564E+00005  0.1768E-00001
 0.4306E-00004  0.6380E+00008  0.2745E+00005  0.2147E+00003  0.8067E-00003  0.1536E+00005  0.1714E-00001
 0.4306E-00004  0.6379E+00008  0.2745E+00005  0.2147E+00003  0.7573E-00003  0.1508E+00005  0.1663E-00001
 0.4305E-00004  0.6378E+00008  0.2745E+00005  0.2147E+00003  0.7110E-00003  0.1481E+00005  0.1612E-00001
 0.4304E-00004  0.6377E+00008  0.2745E+00005  0.2147E+00003  0.6675E-00003  0.1454E+00005  0.1564E-00001
 0.4304E-00004  0.6376E+00008  0.2744E+00005  0.2147E+00003  0.6267E-00003  0.1428E+00005  0.1516E-00001
 0.4303E-00004  0.6376E+00008  0.2744E+00005  0.2147E+00003  0.5883E-00003  0.1403E+00005  0.1471E-00001
 0.4303E-00004  0.6375E+00008  0.2744E+00005  0.2147E+00003  0.5524E-00003  0.1377E+00005  0.1426E-00001
 0.4302E-00004  0.6374E+00008  0.2744E+00005  0.2147E+00003  0.5186E-00003  0.1353E+00005  0.1383E-00001
 0.4301E-00004  0.6373E+00008  0.2744E+00005  0.2147E+00003  0.4869E-00003  0.1328E+00005  0.1342E-00001
 0.4301E-00004  0.6372E+00008  0.2743E+00005  0.2147E+00003  0.4571E-00003  0.1305E+00005  0.1301E-00001
 0.4300E-00004  0.6371E+00008  0.2743E+00005  0.2146E+00003  0.4292E-00003  0.1281E+00005  0.1262E-00001
 0.4300E-00004  0.6370E+00008  0.2743E+00005  0.2146E+00003  0.4030E-00003  0.1258E+00005  0.1224E-00001
 0.4299E-00004  0.6369E+00008  0.2743E+00005  0.2146E+00003  0.3784E-00003  0.1236E+00005  0.1187E-00001
 0.4299E-00004  0.6368E+00008  0.2743E+00005  0.2146E+00003  0.3553E-00003  0.1213E+00005  0.1151E-00001
 0.4298E-00004  0.6367E+00008  0.2742E+00005  0.2146E+00003  0.3336E-00003  0.1192E+00005  0.1116E-00001
 0.4297E-00004  0.6366E+00008  0.2742E+00005  0.2146E+00003  0.3132E-00003  0.1170E+00005  0.1082E-00001
 0.4297E-00004  0.6365E+00008  0.2742E+00005  0.2146E+00003  0.2941E-00003  0.1149E+00005  0.1050E-00001
 0.4296E-00004  0.6365E+00008  0.2742E+00005  0.2146E+00003  0.2761E-00003  0.1128E+00005  0.1018E-00001
 0.4296E-00004  0.6364E+00008  0.2742E+00005  0.2146E+00003  0.2593E-00003  0.1108E+00005  0.9874E-00002
 0.4295E-00004  0.6363E+00008  0.2741E+00005  0.2145E+00003  0.2434E-00003  0.1088E+00005  0.9576E-00002
 0.4294E-00004  0.6362E+00008  0.2741E+00005  0.2145E+00003  0.2286E-00003  0.1069E+00005  0.9287E-00002
 0.4294E-00004  0.6361E+00008  0.2741E+00005  0.2145E+00003  0.2146E-00003  0.1050E+00005  0.9006E-00002
 0.4293E-00004  0.6360E+00008  0.2741E+00005  0.2145E+00003  0.2015E-00003  0.1031E+00005  0.8735E-00002
 0.4293E-00004  0.6359E+00008  0.2741E+00005  0.2145E+00003  0.1893E-00003  0.1012E+00005  0.8471E-00002
 0.4292E-00004  0.6358E+00008  0.2740E+00005  0.2145E+00003  0.1893E-00003  0.9940E+00004  0.8215E-00002
 0.4291E-00004  0.6357E+00008  0.2740E+00005  0.2145E+00003  0.1893E-00003  0.9761E+00004  0.7967E-00002
 0.4291E-00004  0.6356E+00008  0.2740E+00005  0.2145E+00003  0.1893E-00003  0.9586E+00004  0.7727E-00002
 0.4290E-00004  0.6356E+00008  0.2740E+00005  0.2145E+00003  0.1893E-00003  0.9413E+00004  0.7493E-00002
 0.4290E-00004  0.6355E+00008  0.2740E+00005  0.2145E+00003  0.1893E-00003  0.9244E+00004  0.7267E-00002
 0.4289E-00004  0.6354E+00008  0.2739E+00005  0.2144E+00003  0.1893E-00003  0.9078E+00004  0.7048E-00002
 0.4288E-00004  0.6353E+00008  0.2739E+00005  0.2144E+00003  0.1893E-00003  0.8915E+00004  0.6835E-00002
 0.4288E-00004  0.6352E+00008  0.2739E+00005  0.2144E+00003  0.1893E-00003  0.8755E+00004  0.6629E-00002
 0.4287E-00004  0.6351E+00008  0.2739E+00005  0.2144E+00003  0.1893E-00003  0.8598E+00004  0.6429E-00002
 0.4287E-00004  0.6350E+00008  0.2739E+00005  0.2144E+00003  0.1893E-00003  0.8443E+00004  0.6235E-00002
 0.4286E-00004  0.6349E+00008  0.2739E+00005  0.2144E+00003  0.1893E-00003  0.8292E+00004  0.6047E-00002
 0.4286E-00004  0.6349E+00008  0.2738E+00005  0.2144E+00003  0.1893E-00003  0.8143E+00004  0.5864E-00002
 0.4285E-00004  0.6348E+00008  0.2738E+00005  0.2144E+00003  0.1893E-00003  0.7996E+00004  0.5687E-00002
 0.4284E-00004  0.6347E+00008  0.2738E+00005  0.2144E+00003  0.1893E-00003  0.7853E+00004  0.5515E-00002
 0.4284E-00004  0.6346E+00008  0.2738E+00005  0.2143E+00003  0.1893E-00003  0.7712E+00004  0.5349E-00002
 0.4283E-00004  0.6345E+00008  0.2738E+00005  0.2143E+00003  0.1893E-00003  0.7573E+00004  0.5187E-00002
 0.4283E-00004  0.6344E+00008  0.2737E+00005  0.2143E+00003  0.1893E-00003  0.7437E+00004  0.5031E-00002
 0.4282E-00004  0.6343E+00008  0.2737E+00005  0.2143E+00003  0.1893E-00003  0.7303E+00004  0.4879E-00002
 0.4281E-00004  0.6342E+00008  0.2737E+00005  0.2143E+00003  0.1893E-00003  0.7172E+00004  0.4732E-00002
 0.4281E-00004  0.6342E+00008  0.2737E+00005  0.2143E+00003  0.1893E-00003  0.7043E+00004  0.4589E-00002
 0.4280E-00004  0.6341E+00008  0.2737E+00005  0.2143E+00003  0.1893E-00003  0.6917E+00004  0.4450E-00002
 0.4280E-00004  0.6340E+00008  0.2736E+00005  0.2143E+00003  0.1893E-00003  0.6793E+00004  0.4316E-00002
 0.4279E-00004  0.6339E+00008  0.2736E+00005  0.2143E+00003  0.1893E-00003  0.6671E+00004  0.4186E-00002
 0.4278E-00004  0.6338E+00008  0.2736E+00005  0.2143E+00003  0.1893E-00003  0.6551E+00004  0.4059E-00002
 0.4278E-00004  0.6337E+00008  0.2736E+00005  0.2142E+00003  0.1893E-00003  0.6433E+00004  0.3937E-00002
 0.4277E-00004  0.6336E+00008  0.2736E+00005  0.2142E+00003  0.1893E-00003  0.6317E+00004  0.3818E-00002
 0.4277E-00004  0.6335E+00008  0.2735E+00005  0.2142E+00003  0.1893E-00003  0.6204E+00004  0.3703E-00002
 0.4276E-00004  0.6335E+00008  0.2735E+00005  0.2142E+00003  0.1893E-00003  0.6092E+00004  0.3591E-00002
 0.4275E-00004  0.6334E+00008  0.2735E+00005  0.2142E+00003  0.1893E-00003  0.5983E+00004  0.3483E-00002
 0.4275E-00004  0.6333E+00008  0.2735E+00005  0.2142E+00003  0.1893E-00003  0.5876E+00004  0.3378E-00002
 0.4274E-00004  0.6332E+00008  0.2735E+00005  0.2142E+00003  0.1893E-00003  0.5770E+00004  0.3276E-00002
 0.4274E-00004  0.6331E+00008  0.2734E+00005  0.2142E+00003  0.1893E-00003  0.5666E+00004  0.3177E-00002
 0.4273E-00004  0.6330E+00008  0.2734E+00005  0.2142E+00003  0.1893E-00003  0.5565E+00004  0.3081E-00002
 0.4273E-00004  0.6329E+00008  0.2734E+00005  0.2142E+00003  0.1893E-00003  0.5465E+00004  0.2988E-00002
 0.4272E-00004  0.6329E+00008  0.2734E+00005  0.2141E+00003  0.1893E-00003  0.5366E+00004  0.2898E-00002
 0.4271E-00004  0.6328E+00008  0.2734E+00005  0.2141E+00003  0.1893E-00003  0.5270E+00004  0.2810E-00002
 0.4271E-00004  0.6327E+00008  0.2733E+00005  0.2141E+00003  0.1893E-00003  0.5175E+00004  0.2725E-00002
 0.4270E-00004  0.6326E+00008  0.2733E+00005  0.2141E+00003  0.1893E-00003  0.5082E+00004  0.2643E-00002
 0.4270E-00004  0.6325E+00008  0.2733E+00005  0.2141E+00003  0.1893E-00003  0.4991E+00004  0.2563E-00002
 0.4269E-00004  0.6324E+00008  0.2733E+00005  0.2141E+00003  0.1893E-00003  0.4901E+00004  0.2486E-00002
 0.4268E-00004  0.6323E+00008  0.2733E+00005  0.2141E+00003  0.1893E-00003  0.4813E+00004  0.2411E-00002
 0.4268E-00004  0.6323E+00008  0.2732E+00005  0.2141E+00003  0.1893E-00003  0.4727E+00004  0.2338E-00002
 0.4267E-00004  0.6322E+00008  0.2732E+00005  0.2141E+00003  0.1893E-00003  0.4642E+00004  0.2268E-00002
 0.4267E-00004  0.6321E+00008  0.2732E+00005  0.2140E+00003  0.1893E-00003  0.4559E+00004  0.2199E-00002
 0.4266E-00004  0.6320E+00008  0.2732E+00005  0.2140E+00003  0.1893E-00003  0.4477E+00004  0.2133E-00002
 0.4265E-00004  0.6319E+00008  0.2732E+00005  0.2140E+00003  0.1893E-00003  0.4396E+00004  0.2068E-00002
 0.4265E-00004  0.6318E+00008  0.2732E+00005  0.2140E+00003  0.1893E-00003  0.4317E+00004  0.2006E-00002
 0.4264E-00004  0.6317E+00008  0.2731E+00005  0.2140E+00003  0.1893E-00003  0.4240E+00004  0.1945E-00002
 0.4264E-00004  0.6317E+00008  0.2731E+00005  0.2140E+00003  0.1893E-00003  0.4164E+00004  0.1887E-00002
 0.4263E-00004  0.6316E+00008  0.2731E+00005  0.2140E+00003  0.1893E-00003  0.4089E+00004  0.1830E-00002
 0.4263E-00004  0.6315E+00008  0.2731E+00005  0.2140E+00003  0.1893E-00003  0.4015E+00004  0.1774E-00002
 0.4262E-00004  0.6314E+00008  0.2731E+00005  0.2140E+00003  0.1893E-00003  0.3943E+00004  0.1721E-00002
 0.4261E-00004  0.6313E+00008  0.2730E+00005  0.2140E+00003  0.1893E-00003  0.3872E+00004  0.1669E-00002
 0.4261E-00004  0.6312E+00008  0.2730E+00005  0.2139E+00003  0.1893E-00003  0.3803E+00004  0.1619E-00002
 0.4260E-00004  0.6312E+00008  0.2730E+00005  0.2139E+00003  0.1893E-00003  0.3734E+00004  0.1570E-00002
 0.4260E-00004  0.6311E+00008  0.2730E+00005  0.2139E+00003  0.1893E-00003  0.3667E+00004  0.1522E-00002
 0.4259E-00004  0.6310E+00008  0.2730E+00005  0.2139E+00003  0.1893E-00003  0.3601E+00004  0.1476E-00002
 0.4258E-00004  0.6309E+00008  0.2729E+00005  0.2139E+00003  0.1893E-00003  0.3537E+00004  0.1432E-00002
 0.4258E-00004  0.6308E+00008  0.2729E+00005  0.2139E+00003  0.1893E-00003  0.3473E+00004  0.1389E-00002
 0.4257E-00004  0.6307E+00008  0.2729E+00005  0.2139E+00003  0.1893E-00003  0.3411E+00004  0.1347E-00002
 0.4257E-00004  0.6307E+00008  0.2729E+00005  0.2139E+00003  0.1893E-00003  0.3350E+00004  0.1306E-00002
 0.4256E-00004  0.6306E+00008  0.2729E+00005  0.2139E+00003  0.1893E-00003  0.3289E+00004  0.1267E-00002
 0.4256E-00004  0.6305E+00008  0.2728E+00005  0.2138E+00003  0.1893E-00003  0.3230E+00004  0.1228E-00002
 0.4255E-00004  0.6304E+00008  0.2728E+00005  0.2138E+00003  0.1893E-00003  0.3172E+00004  0.1191E-00002
 0.4254E-00004  0.6303E+00008  0.2728E+00005  0.2138E+00003  0.1893E-00003  0.3115E+00004  0.1155E-00002
 0.4254E-00004  0.6302E+00008  0.2728E+00005  0.2138E+00003  0.1893E-00003  0.3059E+00004  0.1120E-00002
 0.4253E-00004  0.6301E+00008  0.2728E+00005  0.2138E+00003  0.1893E-00003  0.3004E+00004  0.1087E-00002
 0.4253E-00004  0.6301E+00008  0.2727E+00005  0.2138E+00003  0.1893E-00003  0.2950E+00004  0.1054E-00002
 0.4252E-00004  0.6300E+00008  0.2727E+00005  0.2138E+00003  0.1893E-00003  0.2897E+00004  0.1022E-00002
 0.4251E-00004  0.6299E+00008  0.2727E+00005  0.2138E+00003  0.1893E-00003  0.2845E+00004  0.9912E-00003
 0.4251E-00004  0.6298E+00008  0.2727E+00005  0.2138E+00003  0.1893E-00003  0.2794E+00004  0.9613E-00003
 0.4250E-00004  0.6297E+00008  0.2727E+00005  0.2138E+00003  0.1893E-00003  0.2744E+00004  0.9322E-00003
 0.4250E-00004  0.6296E+00008  0.2726E+00005  0.2137E+00003  0.1893E-00003  0.2695E+00004  0.9041E-00003
 0.4249E-00004  0.6296E+00008  0.2726E+00005  0.2137E+00003  0.1893E-00003  0.2646E+00004  0.8768E-00003
 0.4248E-00004  0.6295E+00008  0.2726E+00005  0.2137E+00003  0.1893E-00003  0.2599E+00004  0.8504E-00003
 0.4248E-00004  0.6294E+00008  0.2726E+00005  0.2137E+00003  0.1893E-00003  0.2552E+00004  0.8247E-00003
 0.4247E-00004  0.6293E+00008  0.2726E+00005  0.2137E+00003  0.1893E-00003  0.2506E+00004  0.7998E-00003
 0.4247E-00004  0.6292E+00008  0.2726E+00005  0.2137E+00003  0.1893E-00003  0.2461E+00004  0.7757E-00003
 0.4246E-00004  0.6291E+00008  0.2725E+00005  0.2137E+00003  0.1893E-00003  0.2417E+00004  0.7522E-00003
 0.4246E-00004  0.6291E+00008  0.2725E+00005  0.2137E+00003  0.1893E-00003  0.2374E+00004  0.7295E-00003
 0.4245E-00004  0.6290E+00008  0.2725E+00005  0.2137E+00003  0.1893E-00003  0.2331E+00004  0.7075E-00003
 0.4244E-00004  0.6289E+00008  0.2725E+00005  0.2137E+00003  0.1893E-00003  0.2289E+00004  0.6862E-00003
 0.4244E-00004  0.6288E+00008  0.2725E+00005  0.2136E+00003  0.1893E-00003  0.2248E+00004  0.6654E-00003
 0.4243E-00004  0.6287E+00008  0.2724E+00005  0.2136E+00003  0.1893E-00003  0.2208E+00004  0.6454E-00003
 0.4243E-00004  0.6286E+00008  0.2724E+00005  0.2136E+00003  0.1893E-00003  0.2168E+00004  0.6259E-00003
 0.4242E-00004  0.6286E+00008  0.2724E+00005  0.2136E+00003  0.1893E-00003  0.2129E+00004  0.6070E-00003
 0.4241E-00004  0.6285E+00008  0.2724E+00005  0.2136E+00003  0.1893E-00003  0.2091E+00004  0.5887E-00003
 0.4241E-00004  0.6284E+00008  0.2724E+00005  0.2136E+00003  0.1893E-00003  0.2053E+00004  0.5709E-00003
 0.4240E-00004  0.6283E+00008  0.2723E+00005  0.2136E+00003  0.1893E-00003  0.2016E+00004  0.5537E-00003
 0.4240E-00004  0.6282E+00008  0.2723E+00005  0.2136E+00003  0.1893E-00003  0.1980E+00004  0.5369E-00003
 0.4239E-00004  0.6282E+00008  0.2723E+00005  0.2136E+00003  0.1893E-00003  0.1944E+00004  0.5207E-00003
 0.4239E-00004  0.6281E+00008  0.2723E+00005  0.2135E+00003  0.1893E-00003  0.1909E+00004  0.5050E-00003
 0.4238E-00004  0.6280E+00008  0.2723E+00005  0.2135E+00003  0.1893E-00003  0.1875E+00004  0.4898E-00003
 0.4237E-00004  0.6279E+00008  0.2722E+00005  0.2135E+00003  0.1893E-00003  0.1841E+00004  0.4750E-00003
 0.4237E-00004  0.6278E+00008  0.2722E+00005  0.2135E+00003  0.1893E-00003  0.1808E+00004  0.4607E-00003
 0.4236E-00004  0.6277E+00008  0.2722E+00005  0.2135E+00003  0.1893E-00003  0.1776E+00004  0.4468E-00003
 0.4236E-00004  0.6277E+00008  0.2722E+00005  0.2135E+00003  0.1893E-00003  0.1744E+00004  0.4333E-00003
 0.4235E-00004  0.6276E+00008  0.2722E+00005  0.2135E+00003  0.1893E-00003  0.1713E+00004  0.4202E-00003
 0.4234E-00004  0.6275E+00008  0.2721E+00005  0.2135E+00003  0.1893E-00003  0.1682E+00004  0.4075E-00003
 0.4234E-00004  0.6274E+00008  0.2721E+00005  0.2135E+00003  0.1893E-00003  0.1652E+00004  0.3952E-00003
 0.4233E-00004  0.6273E+00008  0.2721E+00005  0.2135E+00003  0.1893E-00003  0.1622E+00004  0.3833E-00003
 0.4233E-00004  0.6272E+00008  0.2721E+00005  0.2134E+00003  0.1893E-00003  0.1593E+00004  0.3717E-00003
 0.4232E-00004  0.6272E+00008  0.2721E+00005  0.2134E+00003  0.1893E-00003  0.1564E+00004  0.3605E-00003
 0.4232E-00004  0.6271E+00008  0.2720E+00005  0.2134E+00003  0.1893E-00003  0.1536E+00004  0.3496E-00003
 0.4231E-00004  0.6270E+00008  0.2720E+00005  0.2134E+00003  0.1893E-00003  0.1509E+00004  0.3391E-00003
 0.4230E-00004  0.6269E+00008  0.2720E+00005  0.2134E+00003  0.1893E-00003  0.1481E+00004  0.3288E-00003
 0.4230E-00004  0.6268E+00008  0.2720E+00005  0.2134E+00003  0.1893E-00003  0.1455E+00004  0.3189E-00003
 0.4229E-00004  0.6267E+00008  0.2720E+00005  0.2134E+00003  0.1893E-00003  0.1429E+00004  0.3093E-00003
 0.4229E-00004  0.6267E+00008  0.2720E+00005  0.2134E+00003  0.1893E-00003  0.1403E+00004  0.2999E-00003
 0.4228E-00004  0.6266E+00008  0.2719E+00005  0.2134E+00003  0.1893E-00003  0.1378E+00004  0.2909E-00003
 0.4227E-00004  0.6265E+00008  0.2719E+00005  0.2133E+00003  0.1893E-00003  0.1353E+00004  0.2821E-00003
 0.4227E-00004  0.6264E+00008  0.2719E+00005  0.2133E+00003  0.1893E-00003  0.1329E+00004  0.2736E-00003
 0.4226E-00004  0.6263E+00008  0.2719E+00005  0.2133E+00003  0.1893E-00003  0.1305E+00004  0.2653E-00003
 0.4226E-00004  0.6263E+00008  0.2719E+00005  0.2133E+00003  0.1893E-00003  0.1281E+00004  0.2573E-00003
 0.4225E-00004  0.6262E+00008  0.2718E+00005  0.2133E+00003  0.1893E-00003  0.1258E+00004  0.2495E-00003
 0.4225E-00004  0.6261E+00008  0.2718E+00005  0.2133E+00003  0.1893E-00003  0.1236E+00004  0.2420E-00003
 0.4224E-00004  0.6260E+00008  0.2718E+00005  0.2133E+00003  0.1893E-00003  0.1214E+00004  0.2347E-00003
 0.4223E-00004  0.6259E+00008  0.2718E+00005  0.2133E+00003  0.1893E-00003  0.1192E+00004  0.2276E-00003
 0.4223E-00004  0.6258E+00008  0.2718E+00005  0.2133E+00003  0.1893E-00003  0.1170E+00004  0.2208E-00003
 0.4222E-00004  0.6258E+00008  0.2717E+00005  0.2133E+00003  0.1893E-00003  0.1149E+00004  0.2141E-00003
 0.4222E-00004  0.6257E+00008  0.2717E+00005  0.2132E+00003  0.1893E-00003  0.1129E+00004  0.2076E-00003
 0.4221E-00004  0.6256E+00008  0.2717E+00005  0.2132E+00003  0.1893E-00003  0.1108E+00004  0.2014E-00003
 0.4220E-00004  0.6255E+00008  0.2717E+00005  0.2132E+00003  0.1893E-00003  0.1089E+00004  0.1953E-00003
 0.4220E-00004  0.6254E+00008  0.2717E+00005  0.2132E+00003  0.1893E-00003  0.1069E+00004  0.1894E-00003
 0.4219E-00004  0.6254E+00008  0.2716E+00005  0.2132E+00003  0.1893E-00003  0.1050E+00004  0.1837E-00003
 0.4219E-00004  0.6253E+00008  0.2716E+00005  0.2132E+00003  0.1893E-00003  0.1031E+00004  0.1781E-00003
 0.4218E-00004  0.6252E+00008  0.2716E+00005  0.2132E+00003  0.1893E-00003  0.1012E+00004  0.1728E-00003
 0.4218E-00004  0.6251E+00008  0.2716E+00005  0.2132E+00003  0.1893E-00003  0.9942E+00003  0.1675E-00003
 0.4217E-00004  0.6250E+00008  0.2716E+00005  0.2132E+00003  0.1893E-00003  0.9764E+00003  0.1625E-00003
 0.4216E-00004  0.6249E+00008  0.2715E+00005  0.2132E+00003  0.1893E-00003  0.9588E+00003  0.1576E-00003
 0.4216E-00004  0.6249E+00008  0.2715E+00005  0.2131E+00003  0.1893E-00003  0.9416E+00003  0.1528E-00003
 0.4215E-00004  0.6248E+00008  0.2715E+00005  0.2131E+00003  0.1893E-00003  0.9247E+00003  0.1482E-00003
 0.4215E-00004  0.6247E+00008  0.2715E+00005  0.2131E+00003  0.1893E-00003  0.9081E+00003  0.1437E-00003
 0.4214E-00004  0.6246E+00008  0.2715E+00005  0.2131E+00003  0.1893E-00003  0.8918E+00003  0.1394E-00003
 0.4213E-00004  0.6245E+00008  0.2715E+00005  0.2131E+00003  0.1893E-00003  0.8757E+00003  0.1352E-00003
 0.4213E-00004  0.6245E+00008  0.2714E+00005  0.2131E+00003  0.1893E-00003  0.8600E+00003  0.1311E-00003
 0.4212E-00004  0.6244E+00008  0.2714E+00005  0.2131E+00003  0.1893E-00003  0.8446E+00003  0.1271E-00003
 0.4212E-00004  0.6243E+00008  0.2714E+00005  0.2131E+00003  0.1893E-00003  0.8294E+00003  0.1233E-00003
 0.4211E-00004  0.6242E+00008  0.2714E+00005  0.2131E+00003  0.1893E-00003  0.8145E+00003  0.1196E-00003
 0.4211E-00004  0.6241E+00008  0.2714E+00005  0.2130E+00003  0.1893E-00003  0.7999E+00003  0.1160E-00003
 0.4210E-00004  0.6240E+00008  0.2713E+00005  0.2130E+00003  0.1893E-00003  0.7855E+00003  0.1125E-00003
 0.4209E-00004  0.6240E+00008  0.2713E+00005  0.2130E+00003  0.1893E-00003  0.7714E+00003  0.1091E-00003
 0.4209E-00004  0.6239E+00008  0.2713E+00005  0.2130E+00003  0.1893E-00003  0.7575E+00003  0.1058E-00003
 0.4208E-00004  0.6238E+00008  0.2713E+00005  0.2130E+00003  0.1893E-00003  0.7439E+00003  0.1026E-00003
 0.4208E-00004  0.6237E+00008  0.2713E+00005  0.2130E+00003  0.1893E-00003  0.7305E+00003  0.9950E-00004
 0.4207E-00004  0.6236E+00008  0.2712E+00005  0.2130E+00003  0.1893E-00003  0.7174E+00003  0.9950E-00004
 0.4207E-00004  0.6236E+00008  0.2712E+00005  0.2130E+00003  0.1893E-00003  0.7045E+00003  0.9950E-00004
 0.4206E-00004  0.6235E+00008  0.2712E+00005  0.2130E+00003  0.1893E-00003  0.6919E+00003  0.9950E-00004
 0.4205E-00004  0.6234E+00008  0.2712E+00005  0.2130E+00003  0.1893E-00003  0.6794E+00003  0.9950E-00004
 0.4205E-00004  0.6233E+00008  0.2712E+00005  0.2129E+00003  0.1893E-00003  0.6672E+00003  0.9950E-00004
 0.4204E-00004  0.6232E+00008  0.2711E+00005  0.2129E+00003  0.1893E-00003  0.6552E+00003  0.9950E-00004
 0.4204E-00004  0.6232E+00008  0.2711E+00005  0.2129E+00003  0.1893E-00003  0.6435E+00003  0.9950E-00004
 0.4203E-00004  0.6231E+00008  0.2711E+00005  0.2129E+00003  0.1893E-00003  0.6319E+00003  0.9950E-00004
 0.4202E-00004  0.6230E+00008  0.2711E+00005  0.2129E+00003  0.1893E-00003  0.6206E+00003  0.9950E-00004
 0.4202E-00004  0.6229E+00008  0.2711E+00005  0.2129E+00003  0.1893E-00003  0.6094E+00003  0.9950E-00004
 0.4201E-00004  0.6228E+00008  0.2710E+00005  0.2129E+00003  0.1893E-00003  0.5985E+00003  0.9950E-00004
 0.4201E-00004  0.6227E+00008  0.2710E+00005  0.2129E+00003  0.1893E-00003  0.5877E+00003  0.9950E-00004
 0.4200E-00004  0.6227E+00008  0.2710E+00005  0.2129E+00003  0.1893E-00003  0.5772E+00003  0.9950E-00004
 0.4200E-00004  0.6226E+00008  0.2710E+00005  0.2129E+00003  0.1893E-00003  0.5668E+00003  0.9950E-00004
 0.4199E-00004  0.6225E+00008  0.2710E+00005  0.2128E+00003  0.1893E-00003  0.5566E+00003  0.9950E-00004
 0.4198E-00004  0.6224E+00008  0.2710E+00005  0.2128E+00003  0.1893E-00003  0.5466E+00003  0.9950E-00004
 0.4198E-00004  0.6223E+00008  0.2709E+00005  0.2128E+00003  0.1893E-00003  0.5368E+00003  0.9950E-00004
 0.4197E-00004  0.6223E+00008  0.2709E+00005  0.2128E+00003  0.1893E-00003  0.5271E+00003  0.9950E-00004
 0.4197E-00004  0.6222E+00008  0.2709E+00005  0.2128E+00003  0.1893E-00003  0.5177E+00003  0.9950E-00004
 0.4196E-00004  0.6221E+00008  0.2709E+00005  0.2128E+00003  0.1893E-00003  0.5084E+00003  0.9950E-00004
 0.4196E-00004  0.6220E+00008  0.2709E+00005  0.2128E+00003  0.1893E-00003  0.4992E+00003  0.9950E-00004
 0.4195E-00004  0.6219E+00008  0.2708E+00005  0.2128E+00003  0.1893E-00003  0.4903E+00003  0.9950E-00004
 0.4194E-00004  0.6219E+00008  0.2708E+00005  0.2128E+00003  0.1893E-00003  0.4815E+00003  0.9950E-00004
 0.4194E-00004  0.6218E+00008  0.2708E+00005  0.2127E+00003  0.1893E-00003  0.4728E+00003  0.9950E-00004
 0.4193E-00004  0.6217E+00008  0.2708E+00005  0.2127E+00003  0.1893E-00003  0.4643E+00003  0.9950E-00004
 0.4193E-00004  0.6216E+00008  0.2708E+00005  0.2127E+00003  0.1893E-00003  0.4560E+00003  0.9950E-00004
 0.4192E-00004  0.6215E+00008  0.2707E+00005  0.2127E+00003  0.1893E-00003  0.4478E+00003  0.9950E-00004
 0.4191E-00004  0.6215E+00008  0.2707E+00005  0.2127E+00003  0.1893E-00003  0.4397E+00003  0.9950E-00004
 0.4191E-00004  0.6214E+00008  0.2707E+00005  0.2127E+00003  0.1893E-00003  0.4318E+00003  0.9950E-00004
 0.4190E-00004  0.6213E+00008  0.2707E+00005  0.2127E+00003  0.1893E-00003  0.4241E+00003  0.9950E-00004
 0.4190E-00004  0.6212E+00008  0.2707E+00005  0.2127E+00003  0.1893E-00003  0.4165E+00003  0.9950E-00004
 0.4189E-00004  0.6211E+00008  0.2706E+00005  0.2127E+00003  0.1893E-00003  0.4090E+00003  0.9950E-00004
 0.4189E-00004  0.6210E+00008  0.2706E+00005  0.2127E+00003  0.1893E-00003  0.4016E+00003  0.9950E-00004
 0.4188E-00004  0.6210E+00008  0.2706E+00005  0.2126E+00003  0.1893E-00003  0.3944E+00003  0.9950E-00004
 0.4187E-00004  0.6209E+00008  0.2706E+00005  0.2126E+00003  0.1893E-00003  0.3873E+00003  0.9950E-00004
 0.4187E-00004  0.6208E+00008  0.2706E+00005  0.2126E+00003  0.1893E-00003  0.3804E+00003  0.9950E-00004
 0.4186E-00004  0.6207E+00008  0.2705E+00005  0.2126E+00003  0.1893E-00003  0.3735E+00003  0.9950E-00004
 0.4186E-00004  0.6206E+00008  0.2705E+00005  0.2126E+00003  0.1893E-00003  0.3668E+00003  0.9950E-00004
 0.4185E-00004  0.6206E+00008  0.2705E+00005  0.2126E+00003  0.1893E-00003  0.3602E+00003  0.9950E-00004
 0.4185E-00004  0.6205E+00008  0.2705E+00005  0.2126E+00003  0.1893E-00003  0.3538E+00003  0.9950E-00004
 0.4184E-00004  0.6204E+00008  0.2705E+00005  0.2126E+00003  0.1893E-00003  0.3474E+00003  0.9950E-00004
 0.4183E-00004  0.6203E+00008  0.2705E+00005  0.2126E+00003  0.1893E-00003  0.3412E+00003  0.9950E-00004
 0.4183E-00004  0.6202E+00008  0.2704E+00005  0.2126E+00003  0.1893E-00003  0.3350E+00003  0.9950E-00004
 0.4182E-00004  0.6202E+00008  0.2704E+00005  0.2125E+00003  0.1893E-00003  0.3290E+00003  0.9950E-00004
 0.4182E-00004  0.6201E+00008  0.2704E+00005  0.2125E+00003  0.1893E-00003  0.3231E+00003  0.9950E-00004
 0.4181E-00004  0.6200E+00008  0.2704E+00005  0.2125E+00003  0.1893E-00003  0.3173E+00003  0.9950E-00004
 0.4181E-00004  0.6199E+00008  0.2704E+00005  0.2125E+00003  0.1893E-00003  0.3116E+00003  0.9950E-00004
 0.4180E-00004  0.6198E+00008  0.2703E+00005  0.2125E+00003  0.1893E-00003  0.3060E+00003  0.9950E-00004
 0.4179E-00004  0.6198E+00008  0.2703E+00005  0.2125E+00003  0.1893E-00003  0.3005E+00003  0.9950E-00004
 0.4179E-00004  0.6197E+00008  0.2703E+00005  0.2125E+00003  0.1893E-00003  0.2951E+00003  0.9950E-00004
 0.4178E-00004  0.6196E+00008  0.2703E+00005  0.2125E+00003  0.1893E-00003  0.2898E+00003  0.9950E-00004
 0.4178E-00004  0.6195E+00008  0.2703E+00005  0.2125E+00003  0.1893E-00003  0.2846E+00003  0.9950E-00004
 0.4177E-00004  0.6194E+00008  0.2702E+00005  0.2124E+00003  0.1893E-00003  0.2795E+00003  0.9950E-00004
 0.4177E-00004  0.6194E+00008  0.2702E+00005  0.2124E+00003  0.1893E-00003  0.2745E+00003  0.9950E-00004
 0.4176E-00004  0.6193E+00008  0.2702E+00005  0.2124E+00003  0.1893E-00003  0.2695E+00003  0.9950E-00004
 0.4175E-00004  0.6192E+00008  0.2702E+00005  0.2124E+00003  0.1893E-00003  0.2647E+00003  0.9950E-00004
 0.4175E-00004  0.6191E+00008  0.2702E+00005  0.2124E+00003  0.1893E-00003  0.2599E+00003  0.9950E-00004
 0.4174E-00004  0.6190E+00008  0.2701E+00005  0.2124E+00003  0.1893E-00003  0.2553E+00003  0.9950E-00004
 0.4174E-00004  0.6190E+00008  0.2701E+00005  0.2124E+00003  0.1893E-00003  0.2507E+00003  0.9950E-00004
 0.4173E-00004  0.6189E+00008  0.2701E+00005  0.2124E+00003  0.1893E-00003  0.2462E+00003  0.9950E-00004
 0.4172E-00004  0.6188E+00008  0.2701E+00005  0.2124E+00003  0.1893E-00003  0.2418E+00003  0.9950E-00004
 0.4172E-00004  0.6187E+00008  0.2701E+00005  0.2124E+00003  0.1893E-00003  0.2374E+00003  0.9950E-00004
 0.4171E-00004  0.6186E+00008  0.2700E+00005  0.2123E+00003  0.1893E-00003  0.2332E+00003  0.9950E-00004
 0.4171E-00004  0.6186E+00008  0.2700E+00005  0.2123E+00003  0.1893E-00003  0.2290E+00003  0.9950E-00004
 0.4170E-00004  0.6185E+00008  0.2700E+00005  0.2123E+00003  0.1893E-00003  0.2249E+00003  0.9950E-00004
 0.4170E-00004  0.6184E+00008  0.2700E+00005  0.2123E+00003  0.1893E-00003  0.2208E+00003  0.9950E-00004
 0.4169E-00004  0.6183E+00008  0.2700E+00005  0.2123E+00003  0.1893E-00003  0.2168E+00003  0.9950E-00004
 0.4168E-00004  0.6182E+00008  0.2700E+00005  0.2123E+00003  0.1893E-00003  0.2129E+00003  0.9950E-00004
 0.4168E-00004  0.6182E+00008  0.2699E+00005  0.2123E+00003  0.1893E-00003  0.2091E+00003  0.9950E-00004
 0.4167E-00004  0.6181E+00008  0.2699E+00005  0.2123E+00003  0.1893E-00003  0.2054E+00003  0.9950E-00004
 0.4167E-00004  0.6180E+00008  0.2699E+00005  0.2123E+00003  0.1893E-00003  0.2017E+00003  0.9950E-00004
 0.4166E-00004  0.6179E+00008  0.2699E+00005  0.2123E+00003  0.1893E-00003  0.1981E+00003  0.9950E-00004
 0.4166E-00004  0.6178E+00008  0.2699E+00005  0.2122E+00003  0.1893E-00003  0.1945E+00003  0.9950E-00004
 0.4165E-00004  0.6177E+00008  0.2698E+00005  0.2122E+00003  0.1893E-00003  0.1910E+00003  0.9950E-00004
 0.4164E-00004  0.6177E+00008  0.2698E+00005  0.2122E+00003  0.1893E-00003  0.1876E+00003  0.9950E-00004
 0.4164E-00004  0.6176E+00008  0.2698E+00005  0.2122E+00003  0.1893E-00003  0.1842E+00003  0.9950E-00004
 0.4163E-00004  0.6175E+00008  0.2698E+00005  0.2122E+00003  0.1893E-00003  0.1809E+00003  0.9950E-00004
 0.4163E-00004  0.6174E+00008  0.2698E+00005  0.2122E+00003  0.1893E-00003  0.1776E+00003  0.9950E-00004
 0.4162E-00004  0.6173E+00008  0.2697E+00005  0.2122E+00003  0.1893E-00003  0.1745E+00003  0.9950E-00004
 0.4162E-00004  0.6173E+00008  0.2697E+00005  0.2122E+00003  0.1893E-00003  0.1713E+00003  0.9950E-00004
 0.4161E-00004  0.6172E+00008  0.2697E+00005  0.2122E+00003  0.1893E-00003  0.1682E+00003  0.9950E-00004
 0.4160E-00004  0.6171E+00008  0.2697E+00005  0.2121E+00003  0.1893E-00003  0.1652E+00003  0.9950E-00004
 0.4160E-00004  0.6170E+00008  0.2697E+00005  0.2121E+00003  0.1893E-00003  0.1622E+00003  0.9950E-00004
 0.4159E-00004  0.6169E+00008  0.2696E+00005  0.2121E+00003  0.1893E-00003  0.1593E+00003  0.9950E-00004
 0.4159E-00004  0.6169E+00008  0.2696E+00005  0.2121E+00003  0.1893E-00003  0.1565E+00003  0.9950E-00004
 0.4158E-00004  0.6168E+00008  0.2696E+00005  0.2121E+00003  0.1893E-00003  0.1537E+00003  0.9950E-00004
 0.4158E-00004  0.6167E+00008  0.2696E+00005  0.2121E+00003  0.1893E-00003  0.1509E+00003  0.9950E-00004
 0.4157E-00004  0.6166E+00008  0.2696E+00005  0.2121E+00003  0.1893E-00003  0.1482E+00003  0.9950E-00004
 0.4156E-00004  0.6165E+00008  0.2695E+00005  0.2121E+00003  0.1893E-00003  0.1455E+00003  0.9950E-00004
 0.4156E-00004  0.6165E+00008  0.2695E+00005  0.2121E+00003  0.1893E-00003  0.1429E+00003  0.9950E-00004
 0.4155E-00004  0.6164E+00008  0.2695E+00005  0.2121E+00003  0.1893E-00003  0.1403E+00003  0.9950E-00004
 0.4155E-00004  0.6163E+00008  0.2695E+00005  0.2120E+00003  0.1893E-00003  0.1378E+00003  0.9950E-00004
 0.4154E-00004  0.6162E+00008  0.2695E+00005  0.2120E+00003  0.1893E-00003  0.1353E+00003  0.9950E-00004
 0.4154E-00004  0.6161E+00008  0.2695E+00005  0.2120E+00003  0.1893E-00003  0.1329E+00003  0.9950E-00004
 0.4153E-00004  0.6161E+00008  0.2694E+00005  0.2120E+00003  0.1893E-00003  0.1305E+00003  0.9950E-00004
 0.4152E-00004  0.6160E+00008  0.2694E+00005  0.2120E+00003  0.1893E-00003  0.1282E+00003  0.9950E-00004
 0.4152E-00004  0.6159E+00008  0.2694E+00005  0.2120E+00003  0.1893E-00003  0.1259E+00003  0.9950E-00004
 0.4151E-00004  0.6158E+00008  0.2694E+00005  0.2120E+00003  0.1893E-00003  0.1236E+00003  0.9950E-00004
 0.4151E-00004  0.6157E+00008  0.2694E+00005  0.2120E+00003  0.1893E-00003  0.1214E+00003  0.9950E-00004
 0.4150E-00004  0.6157E+00008  0.2693E+00005  0.2120E+00003  0.1893E-00003  0.1192E+00003  0.9950E-00004
 0.4150E-00004  0.6156E+00008  0.2693E+00005  0.2120E+00003  0.1893E-00003  0.1171E+00003  0.9950E-00004
 0.4149E-00004  0.6155E+00008  0.2693E+00005  0.2119E+00003  0.1893E-00003  0.1150E+00003  0.9950E-00004
 0.4148E-00004  0.6154E+00008  0.2693E+00005  0.2119E+00003  0.1893E-00003  0.1129E+00003  0.9950E-00004
 0.4148E-00004  0.6153E+00008  0.2693E+00005  0.2119E+00003  0.1893E-00003  0.1109E+00003  0.9950E-00004
 0.4147E-00004  0.6153E+00008  0.2692E+00005  0.2119E+00003  0.1893E-00003  0.1089E+00003  0.9950E-00004
 0.4147E-00004  0.6152E+00008  0.2692E+00005  0.2119E+00003  0.1893E-00003  0.1069E+00003  0.9950E-00004
 0.4146E-00004  0.6151E+00008  0.2692E+00005  0.2119E+00003  0.1893E-00003  0.1050E+00003  0.9950E-00004
 0.4146E-00004  0.6150E+00008  0.2692E+00005  0.2119E+00003  0.1893E-00003  0.1031E+00003  0.9950E-00004
 0.4145E-00004  0.6150E+00008  0.2692E+00005  0.2119E+00003  0.1893E-00003  0.1013E+00003  0.9950E-00004
 0.4144E-00004  0.6149E+00008  0.2691E+00005  0.2119E+00003  0.1893E-00003  0.9945E+00002  0.9950E-00004
 0.4144E-00004  0.6148E+00008  0.2691E+00005  0.2118E+00003  0.1893E-00003  0.9766E+00002  0.9950E-00004
 0.4143E-00004  0.6147E+00008  0.2691E+00005  0.2118E+00003  0.1893E-00003  0.9591E+00002  0.9950E-00004
 0.4143E-00004  0.6146E+00008  0.2691E+00005  0.2118E+00003  0.1893E-00003  0.9419E+00002  0.9950E-00004
 0.4142E-00004  0.6146E+00008  0.2691E+00005  0.2118E+00003  0.1893E-00003  0.9249E+00002  0.9950E-00004
 0.4142E-00004  0.6145E+00008  0.2691E+00005  0.2118E+00003  0.1893E-00003  0.9083E+00002  0.9950E-00004
 0.4141E-00004  0.6144E+00008  0.2690E+00005  0.2118E+00003  0.1893E-00003  0.8920E+00002  0.9950E-00004
 0.4140E-00004  0.6143E+00008  0.2690E+00005  0.2118E+00003  0.1893E-00003  0.8760E+00002  0.9950E-00004
 0.4140E-00004  0.6142E+00008  0.2690E+00005  0.2118E+00003  0.1893E-00003  0.8602E+00002  0.9950E-00004
 0.4139E-00004  0.6142E+00008  0.2690E+00005  0.2118E+00003  0.1893E-00003  0.8448E+00002  0.9950E-00004
 0.4139E-00004  0.6141E+00008  0.2690E+00005  0.2118E+00003  0.1893E-00003  0.8296E+00002  0.9950E-00004
 0.4138E-00004  0.6140E+00008  0.2689E+00005  0.2117E+00003  0.1893E-00003  0.8147E+00002  0.9950E-00004
 0.4138E-00004  0.6139E+00008  0.2689E+00005  0.2117E+00003  0.1893E-00003  0.8001E+00002  0.9950E-00004
 0.4137E-00004  0.6138E+00008  0.2689E+00005  0.2117E+00003  0.1893E-00003  0.7857E+00002  0.9950E-00004
 0.4136E-00004  0.6138E+00008  0.2689E+00005  0.2117E+00003  0.1893E-00003  0.7716E+00002  0.9950E-00004
 0.4136E-00004  0.6137E+00008  0.2689E+00005  0.2117E+00003  0.1893E-00003  0.7577E+00002  0.9950E-00004
 0.4135E-00004  0.6136E+00008  0.2688E+00005  0.2117E+00003  0.1893E-00003  0.7441E+00002  0.9950E-00004
 0.4135E-00004  0.6135E+00008  0.2688E+00005  0.2117E+00003  0.1893E-00003  0.7307E+00002  0.9950E-00004
 0.4134E-00004  0.6134E+00008  0.2688E+00005  0.2117E+00003  0.1893E-00003  0.7176E+00002  0.9950E-00004
 0.4134E-00004  0.6134E+00008  0.2688E+00005  0.2117E+00003  0.1893E-00003  0.7047E+00002  0.9950E-00004
 0.4133E-00004  0.6133E+00008  0.2688E+00005  0.2117E+00003  0.1893E-00003  0.6921E+00002  0.9950E-00004
 0.4132E-00004  0.6132E+00008  0.2687E+00005  0.2116E+00003  0.1893E-00003  0.6796E+00002  0.9950E-00004
 0.4132E-00004  0.6131E+00008  0.2687E+00005  0.2116E+00003  0.1893E-00003  0.6674E+00002  0.9950E-00004
 0.4131E-00004  0.6130E+00008  0.2687E+00005  0.2116E+00003  0.1893E-00003  0.6554E+00002  0.9950E-00004
 0.4131E-00004  0.6130E+00008  0.2687E+00005  0.2116E+00003  0.1893E-00003  0.6437E+00002  0.9950E-00004
 0.4130E-00004  0.6129E+00008  0.2687E+00005  0.2116E+00003  0.1893E-00003  0.6321E+00002  0.9950E-00004
 0.4130E-00004  0.6128E+00008  0.2687E+00005  0.2116E+00003  0.1893E-00003  0.6207E+00002  0.9950E-00004
 0.4129E-00004  0.6127E+00008  0.2686E+00005  0.2116E+00003  0.1893E-00003  0.6096E+00002  0.9950E-00004
 0.4128E-00004  0.6126E+00008  0.2686E+00005  0.2116E+00003  0.1893E-00003  0.5986E+00002  0.9950E-00004
 0.4128E-00004  0.6126E+00008  0.2686E+00005  0.2116E+00003  0.1893E-00003  0.5879E+00002  0.9950E-00004
 0.4127E-00004  0.6125E+00008  0.2686E+00005  0.2116E+00003  0.1893E-00003  0.5773E+00002  0.9950E-00004
 0.4127E-00004  0.6124E+00008  0.2686E+00005  0.2115E+00003  0.1893E-00003  0.5669E+00002  0.9950E-00004
 0.4126E-00004  0.6123E+00008  0.2685E+00005  0.2115E+00003  0.1893E-00003  0.5568E+00002  0.9950E-00004
 0.4126E-00004  0.6122E+00008  0.2685E+00005  0.2115E+00003  0.1893E-00003  0.5468E+00002  0.9950E-00004
 0.4125E-00004  0.6122E+00008  0.2685E+00005  0.2115E+00003  0.1893E-00003  0.5369E+00002  0.9950E-00004
 0.4124E-00004  0.6121E+00008  0.2685E+00005  0.2115E+00003  0.1893E-00003  0.5273E+00002  0.9950E-00004
 0.4124E-00004  0.6120E+00008  0.2685E+00005  0.2115E+00003  0.1893E-00003  0.5178E+00002  0.9950E-00004
 0.4123E-00004  0.6119E+00008  0.2684E+00005  0.2115E+00003  0.1893E-00003  0.5085E+00002  0.9950E-00004
 0.4123E-00004  0.6118E+00008  0.2684E+00005  0.2115E+00003  0.1893E-00003  0.4994E+00002  0.9950E-00004
 0.4122E-00004  0.6118E+00008  0.2684E+00005  0.2115E+00003  0.1893E-00003  0.4904E+00002  0.9950E-00004
 0.4122E-00004  0.6117E+00008  0.2684E+00005  0.2114E+00003  0.1893E-00003  0.4816E+00002  0.9950E-00004
 0.4121E-00004  0.6116E+00008  0.2684E+00005  0.2114E+00003  0.1893E-00003  0.4729E+00002  0.9950E-00004
 0.4120E-00004  0.6115E+00008  0.2683E+00005  0.2114E+00003  0.1893E-00003  0.4644E+00002  0.9950E-00004
 0.4120E-00004  0.6115E+00008  0.2683E+00005  0.2114E+00003  0.1893E-00003  0.4561E+00002  0.9950E-00004
 0.4119E-00004  0.6114E+00008  0.2683E+00005  0.2114E+00003  0.1893E-00003  0.4479E+00002  0.9950E-00004
 0.4119E-00004  0.6113E+00008  0.2683E+00005  0.2114E+00003  0.1893E-00003  0.4399E+00002  0.9950E-00004
 0.4118E-00004  0.6112E+00008  0.2683E+00005  0.2114E+00003  0.1893E-00003  0.4320E+00002  0.9950E-00004
 0.4118E-00004  0.6111E+00008  0.2683E+00005  0.2114E+00003  0.1893E-00003  0.4242E+00002  0.9950E-00004
 0.4117E-00004  0.6111E+00008  0.2682E+00005  0.2114E+00003  0.1893E-00003  0.4166E+00002  0.9950E-00004
 0.4117E-00004  0.6110E+00008  0.2682E+00005  0.2114E+00003  0.1893E-00003  0.4091E+00002  0.9950E-00004
 0.4116E-00004  0.6109E+00008  0.2682E+00005  0.2113E+00003  0.1893E-00003  0.4017E+00002  0.9950E-00004
 0.4115E-00004  0.6108E+00008  0.2682E+00005  0.2113E+00003  0.1893E-00003  0.3945E+00002  0.9950E-00004
 0.4115E-00004  0.6107E+00008  0.2682E+00005  0.2113E+00003  0.1893E-00003  0.3874E+00002  0.9950E-00004
 0.4114E-00004  0.6107E+00008  0.2681E+00005  0.2113E+00003  0.1893E-00003  0.3805E+00002  0.9950E-00004
 0.4114E-00004  0.6106E+00008  0.2681E+00005  0.2113E+00003  0.1893E-00003  0.3736E+00002  0.9950E-00004
 0.4113E-00004  0.6105E+00008  0.2681E+00005  0.2113E+00003  0.1893E-00003  0.3669E+00002  0.9950E-00004
 0.4113E-00004  0.6104E+00008  0.2681E+00005  0.2113E+00003  0.1893E-00003  0.3603E+00002  0.9950E-00004
 0.4112E-00004  0.6103E+00008  0.2681E+00005  0.2113E+00003  0.1893E-00003  0.3539E+00002  0.9950E-00004
 0.4111E-00004  0.6103E+00008  0.2680E+00005  0.2113E+00003  0.1893E-00003  0.3475E+00002  0.9950E-00004
 0.4111E-00004  0.6102E+00008  0.2680E+00005  0.2113E+00003  0.1893E-00003  0.3413E+00002  0.9950E-00004
 0.4110E-00004  0.6101E+00008  0.2680E+00005  0.2112E+00003  0.1893E-00003  0.3351E+00002  0.9950E-00004
 0.4110E-00004  0.6100E+00008  0.2680E+00005  0.2112E+00003  0.1893E-00003  0.3291E+00002  0.9950E-00004
 0.4109E-00004  0.6099E+00008  0.2680E+00005  0.2112E+00003  0.1893E-00003  0.3232E+00002  0.9950E-00004
 0.4109E-00004  0.6099E+00008  0.2679E+00005  0.2112E+00003  0.1893E-00003  0.3174E+00002  0.9950E-00004
 0.4108E-00004  0.6098E+00008  0.2679E+00005  0.2112E+00003  0.1893E-00003  0.3117E+00002  0.9950E-00004
 0.4107E-00004  0.6097E+00008  0.2679E+00005  0.2112E+00003  0.1893E-00003  0.3061E+00002  0.9950E-00004
 0.4107E-00004  0.6096E+00008  0.2679E+00005  0.2112E+00003  0.1893E-00003  0.3006E+00002  0.9950E-00004
 0.4106E-00004  0.6096E+00008  0.2679E+00005  0.2112E+00003  0.1893E-00003  0.2952E+00002  0.9950E-00004
 0.4106E-00004  0.6095E+00008  0.2679E+00005  0.2112E+00003  0.1893E-00003  0.2899E+00002  0.9950E-00004
 0.4105E-00004  0.6094E+00008  0.2678E+00005  0.2111E+00003  0.1893E-00003  0.2847E+00002  0.9950E-00004
 0.4105E-00004  0.6093E+00008  0.2678E+00005  0.2111E+00003  0.1893E-00003  0.2796E+00002  0.9950E-00004
 0.4104E-00004  0.6092E+00008  0.2678E+00005  0.2111E+00003  0.1893E-00003  0.2745E+00002  0.9950E-00004
 0.4103E-00004  0.6092E+00008  0.2678E+00005  0.2111E+00003  0.1893E-00003  0.2696E+00002  0.9950E-00004
 0.4103E-00004  0.6091E+00008  0.2678E+00005  0.2111E+00003  0.1893E-00003  0.2648E+00002  0.9950E-00004
 0.4102E-00004  0.6090E+00008  0.2677E+00005  0.2111E+00003  0.1893E-00003  0.2600E+00002  0.9950E-00004
 0.4102E-00004  0.6089E+00008  0.2677E+00005  0.2111E+00003  0.1893E-00003  0.2553E+00002  0.9950E-00004
 0.4101E-00004  0.6088E+00008  0.2677E+00005  0.2111E+00003  0.1893E-00003  0.2508E+00002  0.9950E-00004
 0.4101E-00004  0.6088E+00008  0.2677E+00005  0.2111E+00003  0.1893E-00003  0.2463E+00002  0.9950E-00004
 0.4100E-00004  0.6087E+00008  0.2677E+00005  0.2111E+00003  0.1893E-00003  0.2418E+00002  0.9950E-00004
 0.4100E-00004  0.6086E+00008  0.2676E+00005  0.2110E+00003  0.1893E-00003  0.2375E+00002  0.9950E-00004
 0.4099E-00004  0.6085E+00008  0.2676E+00005  0.2110E+00003  0.1893E-00003  0.2332E+00002  0.9950E-00004
 0.4098E-00004  0.6084E+00008  0.2676E+00005  0.2110E+00003  0.1893E-00003  0.2290E+00002  0.9950E-00004
 0.4098E-00004  0.6084E+00008  0.2676E+00005  0.2110E+00003  0.1893E-00003  0.2249E+00002  0.9950E-00004
 0.4097E-00004  0.6083E+00008  0.2676E+00005  0.2110E+00003  0.1893E-00003  0.2209E+00002  0.9950E-00004
 0.4097E-00004  0.6082E+00008  0.2675E+00005  0.2110E+00003  0.1893E-00003  0.2169E+00002  0.9950E-00004
 0.4096E-00004  0.6081E+00008  0.2675E+00005  0.2110E+00003  0.1893E-00003  0.2130E+00002  0.9950E-00004
 0.4096E-00004  0.6081E+00008  0.2675E+00005  0.2110E+00003  0.1893E-00003  0.2092E+00002  0.9950E-00004
 0.4095E-00004  0.6080E+00008  0.2675E+00005  0.2110E+00003  0.1893E-00003  0.2054E+00002  0.9950E-00004
 0.4094E-00004  0.6079E+00008  0.2675E+00005  0.2110E+00003  0.1893E-00003  0.2017E+00002  0.9950E-00004
 0.4094E-00004  0.6078E+00008  0.2675E+00005  0.2109E+00003  0.1893E-00003  0.1981E+00002  0.9950E-00004
 0.4093E-00004  0.6077E+00008  0.2674E+00005  0.2109E+00003  0.1893E-00003  0.1945E+00002  0.9950E-00004
 0.4093E-00004  0.6077E+00008  0.2674E+00005  0.2109E+00003  0.1893E-00003  0.1911E+00002  0.9950E-00004
 0.4092E-00004  0.6076E+00008  0.2674E+00005  0.2109E+00003  0.1893E-00003  0.1876E+00002  0.9950E-00004
 0.4092E-00004  0.6075E+00008  0.2674E+00005  0.2109E+00003  0.1893E-00003  0.1843E+00002  0.9950E-00004
 0.4091E-00004  0.6074E+00008  0.2674E+00005  0.2109E+00003  0.1893E-00003  0.1809E+00002  0.9950E-00004
 0.4091E-00004  0.6073E+00008  0.2673E+00005  0.2109E+00003  0.1893E-00003  0.1777E+00002  0.9950E-00004
 0.4090E-00004  0.6073E+00008  0.2673E+00005  0.2109E+00003  0.1893E-00003  0.1745E+00002  0.9950E-00004
 0.4089E-00004  0.6072E+00008  0.2673E+00005  0.2109E+00003  0.1893E-00003  0.1714E+00002  0.9950E-00004
 0.4089E-00004  0.6071E+00008  0.2673E+00005  0.2109E+00003  0.1893E-00003  0.1683E+00002  0.9950E-00004
 0.4088E-00004  0.6070E+00008  0.2673E+00005  0.2108E+00003  0.1893E-00003  0.1653E+00002  0.9950E-00004
 0.4088E-00004  0.6069E+00008  0.2672E+00005  0.2108E+00003  0.1893E-00003  0.1623E+00002  0.9950E-00004
 0.4087E-00004  0.6069E+00008  0.2672E+00005  0.2108E+00003  0.1893E-00003  0.1594E+00002  0.9950E-00004
 0.4087E-00004  0.6068E+00008  0.2672E+00005  0.2108E+00003  0.1893E-00003  0.1565E+00002  0.9950E-00004
 0.4086E-00004  0.6067E+00008  0.2672E+00005  0.2108E+00003  0.1893E-00003  0.1537E+00002  0.9950E-00004
 0.4085E-00004  0.6066E+00008  0.2672E+00005  0.2108E+00003  0.1893E-00003  0.1509E+00002  0.9950E-00004
 0.4085E-00004  0.6066E+00008  0.2672E+00005  0.2108E+00003  0.1893E-00003  0.1482E+00002  0.9950E-00004
 0.4084E-00004  0.6065E+00008  0.2671E+00005  0.2108E+00003  0.1893E-00003  0.1456E+00002  0.9950E-00004
 0.4084E-00004  0.6064E+00008  0.2671E+00005  0.2108E+00003  0.1893E-00003  0.1430E+00002  0.9950E-00004
 0.4083E-00004  0.6063E+00008  0.2671E+00005  0.2107E+00003  0.1893E-00003  0.1404E+00002  0.9950E-00004
 0.4083E-00004  0.6062E+00008  0.2671E+00005  0.2107E+00003  0.1893E-00003  0.1379E+00002  0.9950E-00004
 0.4082E-00004  0.6062E+00008  0.2671E+00005  0.2107E+00003  0.1893E-00003  0.1354E+00002  0.9950E-00004
 0.4082E-00004  0.6061E+00008  0.2670E+00005  0.2107E+00003  0.1893E-00003  0.1330E+00002  0.9950E-00004
 0.4081E-00004  0.6060E+00008  0.2670E+00005  0.2107E+00003  0.1893E-00003  0.1306E+00002  0.9950E-00004
 0.4080E-00004  0.6059E+00008  0.2670E+00005  0.2107E+00003  0.1893E-00003  0.1282E+00002  0.9950E-00004
 0.4080E-00004  0.6058E+00008  0.2670E+00005  0.2107E+00003  0.1893E-00003  0.1259E+00002  0.9950E-00004
 0.4079E-00004  0.6058E+00008  0.2670E+00005  0.2107E+00003  0.1893E-00003  0.1237E+00002  0.9950E-00004
 0.4079E-00004  0.6057E+00008  0.2669E+00005  0.2107E+00003  0.1893E-00003  0.1214E+00002  0.9950E-00004
 0.4078E-00004  0.6056E+00008  0.2669E+00005  0.2107E+00003  0.1893E-00003  0.1192E+00002  0.9950E-00004
 0.4078E-00004  0.6055E+00008  0.2669E+00005  0.2106E+00003  0.1893E-00003  0.1171E+00002  0.9950E-00004
 0.4077E-00004  0.6055E+00008  0.2669E+00005  0.2106E+00003  0.1893E-00003  0.1150E+00002  0.9950E-00004
 0.4076E-00004  0.6054E+00008  0.2669E+00005  0.2106E+00003  0.1893E-00003  0.1129E+00002  0.9950E-00004
 0.4076E-00004  0.6053E+00008  0.2668E+00005  0.2106E+00003  0.1893E-00003  0.1109E+00002  0.9950E-00004
 0.4075E-00004  0.6052E+00008  0.2668E+00005  0.2106E+00003  0.1893E-00003  0.1089E+00002  0.9950E-00004
 0.4075E-00004  0.6051E+00008  0.2668E+00005  0.2106E+00003  0.1893E-00003  0.1070E+00002  0.9950E-00004
 0.4074E-00004  0.6051E+00008  0.2668E+00005  0.2106E+00003  0.1893E-00003  0.1050E+00002  0.9950E-00004
 0.4074E-00004  0.6050E+00008  0.2668E+00005  0.2106E+00003  0.1893E-00003  0.1032E+00002  0.9950E-00004
 0.4073E-00004  0.6049E+00008  0.2668E+00005  0.2106E+00003  0.1893E-00003  0.1013E+00002  0.9950E-00004
 0.4073E-00004  0.6048E+00008  0.2667E+00005  0.2106E+00003  0.1893E-00003  0.9948E+00001  0.9950E-00004
 0.4072E-00004  0.6048E+00008  0.2667E+00005  0.2105E+00003  0.1893E-00003  0.9769E+00001  0.9950E-00004
 0.4071E-00004  0.6047E+00008  0.2667E+00005  0.2105E+00003  0.1893E-00003  0.9594E+00001  0.9950E-00004
 0.4071E-00004  0.6046E+00008  0.2667E+00005  0.2105E+00003  0.1893E-00003  0.9421E+00001  0.9950E-00004
 0.4070E-00004  0.6045E+00008  0.2667E+00005  0.2105E+00003  0.1893E-00003  0.9252E+00001  0.9950E-00004
 0.4070E-00004  0.6044E+00008  0.2666E+00005  0.2105E+00003  0.1893E-00003  0.9086E+00001  0.9950E-00004
 0.4069E-00004  0.6044E+00008  0.2666E+00005  0.2105E+00003  0.1893E-00003  0.8923E+00001  0.9950E-00004
 0.4069E-00004  0.6043E+00008  0.2666E+00005  0.2105E+00003  0.1893E-00003  0.8762E+00001  0.9950E-00004
 0.4068E-00004  0.6042E+00008  0.2666E+00005  0.2105E+00003  0.1893E-00003  0.8605E+00001  0.9950E-00004
 0.4067E-00004  0.6041E+00008  0.2666E+00005  0.2105E+00003  0.1893E-00003  0.8450E+00001  0.9950E-00004
 0.4067E-00004  0.6040E+00008  0.2665E+00005  0.2105E+00003  0.1893E-00003  0.8298E+00001  0.9950E-00004
 0.4066E-00004  0.6040E+00008  0.2665E+00005  0.2104E+00003  0.1893E-00003  0.8149E+00001  0.9950E-00004
 0.4066E-00004  0.6039E+00008  0.2665E+00005  0.2104E+00003  0.1893E-00003  0.8003E+00001  0.9950E-00004
 0.4065E-00004  0.6038E+00008  0.2665E+00005  0.2104E+00003  0.1893E-00003  0.7859E+00001  0.9950E-00004
 0.4065E-00004  0.6037E+00008  0.2665E+00005  0.2104E+00003  0.1893E-00003  0.7718E+00001  0.9950E-00004
 0.4064E-00004  0.6037E+00008  0.2664E+00005  0.2104E+00003  0.1893E-00003  0.7579E+00001  0.9950E-00004
 0.4064E-00004  0.6036E+00008  0.2664E+00005  0.2104E+00003  0.1893E-00003  0.7443E+00001  0.9950E-00004
 0.4063E-00004  0.6035E+00008  0.2664E+00005  0.2104E+00003  0.1893E-00003  0.7309E+00001  0.9950E-00004
 0.4062E-00004  0.6034E+00008  0.2664E+00005  0.2104E+00003  0.1893E-00003  0.7178E+00001  0.9950E-00004
 0.4062E-00004  0.6033E+00008  0.2664E+00005  0.2104E+00003  0.1893E-00003  0.7049E+00001  0.9950E-00004
 0.4061E-00004  0.6033E+00008  0.2664E+00005  0.2103E+00003  0.1893E-00003  0.6923E+00001  0.9950E-00004
 0.4061E-00004  0.6032E+00008  0.2663E+00005  0.2103E+00003  0.1893E-00003  0.6798E+00001  0.9950E-00004
 0.4060E-00004  0.6031E+00008  0.2663E+00005  0.2103E+00003  0.1893E-00003  0.6676E+00001  0.9950E-00004
 0.4060E-00004  0.6030E+00008  0.2663E+00005  0.2103E+00003  0.1893E-00003  0.6556E+00001  0.9950E-00004
 0.4059E-00004  0.6030E+00008  0.2663E+00005  0.2103E+00003  0.1893E-00003  0.6438E+00001  0.9950E-00004
 0.4059E-00004  0.6029E+00008  0.2663E+00005  0.2103E+00003  0.1893E-00003  0.6323E+00001  0.9950E-00004
 0.4058E-00004  0.6028E+00008  0.2662E+00005  0.2103E+00003  0.1893E-00003  0.6209E+00001  0.9950E-00004
 0.4057E-00004  0.6027E+00008  0.2662E+00005  0.2103E+00003  0.1893E-00003  0.6098E+00001  0.9950E-00004
 0.4057E-00004  0.6026E+00008  0.2662E+00005  0.2103E+00003  0.1893E-00003  0.5988E+00001  0.9950E-00004
 0.4056E-00004  0.6026E+00008  0.2662E+00005  0.2103E+00003  0.1893E-00003  0.5880E+00001  0.9950E-00004
 0.4056E-00004  0.6025E+00008  0.2662E+00005  0.2102E+00003  0.1893E-00003  0.5775E+00001  0.9950E-00004
 0.4055E-00004  0.6024E+00008  0.2661E+00005  0.2102E+00003  0.1893E-00003  0.5671E+00001  0.9950E-00004
 0.4055E-00004  0.6023E+00008  0.2661E+00005  0.2102E+00003  0.1893E-00003  0.5569E+00001  0.9950E-00004
 0.4054E-00004  0.6022E+00008  0.2661E+00005  0.2102E+00003  0.1893E-00003  0.5469E+00001  0.9950E-00004
 0.4053E-00004  0.6022E+00008  0.2661E+00005  0.2102E+00003  0.1893E-00003  0.5371E+00001  0.9950E-00004
 0.4053E-00004  0.6021E+00008  0.2661E+00005  0.2102E+00003  0.1893E-00003  0.5274E+00001  0.9950E-00004
 0.4052E-00004  0.6020E+00008  0.2661E+00005  0.2102E+00003  0.1893E-00003  0.5180E+00001  0.9950E-00004
 0.4052E-00004  0.6019E+00008  0.2660E+00005  0.2102E+00003  0.1893E-00003  0.5087E+00001  0.9950E-00004
 0.4051E-00004  0.6019E+00008  0.2660E+00005  0.2102E+00003  0.1893E-00003  0.4995E+00001  0.9950E-00004
 0.4051E-00004  0.6018E+00008  0.2660E+00005  0.2102E+00003  0.1893E-00003  0.4905E+00001  0.9950E-00004
 0.4050E-00004  0.6017E+00008  0.2660E+00005  0.2101E+00003  0.1893E-00003  0.4817E+00001  0.9950E-00004
 0.4050E-00004  0.6016E+00008  0.2660E+00005  0.2101E+00003  0.1893E-00003  0.4731E+00001  0.9950E-00004
 0.4049E-00004  0.6015E+00008  0.2659E+00005  0.2101E+00003  0.1893E-00003  0.4646E+00001  0.9950E-00004
 0.4048E-00004  0.6015E+00008  0.2659E+00005  0.2101E+00003  0.1893E-00003  0.4562E+00001  0.9950E-00004
 0.4048E-00004  0.6014E+00008  0.2659E+00005  0.2101E+00003  0.1893E-00003  0.4480E+00001  0.9950E-00004
 0.4047E-00004  0.6013E+00008  0.2659E+00005  0.2101E+00003  0.1893E-00003  0.4400E+00001  0.9950E-00004
 0.4047E-00004  0.6012E+00008  0.2659E+00005  0.2101E+00003  0.1893E-00003  0.4321E+00001  0.9950E-00004
 0.4046E-00004  0.6012E+00008  0.2658E+00005  0.2101E+00003  0.1893E-00003  0.4243E+00001  0.9950E-00004
 0.4046E-00004  0.6011E+00008  0.2658E+00005  0.2101E+00003  0.1893E-00003  0.4167E+00001  0.9950E-00004
 0.4045E-00004  0.6010E+00008  0.2658E+00005  0.2101E+00003  0.1893E-00003  0.4092E+00001  0.9950E-00004
 0.4045E-00004  0.6009E+00008  0.2658E+00005  0.2100E+00003  0.1893E-00003  0.4019E+00001  0.9950E-00004
 0.4044E-00004  0.6008E+00008  0.2658E+00005  0.2100E+00003  0.1893E-00003  0.3946E+00001  0.9950E-00004
 0.4043E-00004  0.6008E+00008  0.2658E+00005  0.2100E+00003  0.1893E-00003  0.3875E+00001  0.9950E-00004
 0.4043E-00004  0.6007E+00008  0.2657E+00005  0.2100E+00003  0.1893E-00003  0.3806E+00001  0.9950E-00004
 0.4042E-00004  0.6006E+00008  0.2657E+00005  0.2100E+00003  0.1893E-00003  0.3737E+00001  0.9950E-00004
 0.4042E-00004  0.6005E+00008  0.2657E+00005  0.2100E+00003  0.1893E-00003  0.3670E+00001  0.9950E-00004
 0.4041E-00004  0.6005E+00008  0.2657E+00005  0.2100E+00003  0.1893E-00003  0.3604E+00001  0.9950E-00004
 0.4041E-00004  0.6004E+00008  0.2657E+00005  0.2100E+00003  0.1893E-00003  0.3540E+00001  0.9950E-00004
 0.4040E-00004  0.6003E+00008  0.2656E+00005  0.2100E+00003  0.1893E-00003  0.3476E+00001  0.9950E-00004
 0.4040E-00004  0.6002E+00008  0.2656E+00005  0.2099E+00003  0.1893E-00003  0.3414E+00001  0.9950E-00004
 0.4039E-00004  0.6001E+00008  0.2656E+00005  0.2099E+00003  0.1893E-00003  0.3352E+00001  0.9950E-00004
 0.4038E-00004  0.6001E+00008  0.2656E+00005  0.2099E+00003  0.1893E-00003  0.3292E+00001  0.9950E-00004
 0.4038E-00004  0.6000E+00008  0.2656E+00005  0.2099E+00003  0.1893E-00003  0.3233E+00001  0.9950E-00004
 0.4037E-00004  0.5999E+00008  0.2655E+00005  0.2099E+00003  0.1893E-00003  0.3175E+00001  0.9950E-00004
 0.4037E-00004  0.5998E+00008  0.2655E+00005  0.2099E+00003  0.1893E-00003  0.3118E+00001  0.9950E-00004
 0.4036E-00004  0.5998E+00008  0.2655E+00005  0.2099E+00003  0.1893E-00003  0.3062E+00001  0.9950E-00004
 0.4036E-00004  0.5997E+00008  0.2655E+00005  0.2099E+00003  0.1893E-00003  0.3007E+00001  0.9950E-00004
 0.4035E-00004  0.5996E+00008  0.2655E+00005  0.2099E+00003  0.1893E-00003  0.2953E+00001  0.9950E-00004
 0.4035E-00004  0.5995E+00008  0.2654E+00005  0.2099E+00003  0.1893E-00003  0.2900E+00001  0.9950E-00004
 0.4034E-00004  0.5994E+00008  0.2654E+00005  0.2098E+00003  0.1893E-00003  0.2848E+00001  0.9950E-00004
 0.4033E-00004  0.5994E+00008  0.2654E+00005  0.2098E+00003  0.1893E-00003  0.2796E+00001  0.9950E-00004
 0.4033E-00004  0.5993E+00008  0.2654E+00005  0.2098E+00003  0.1893E-00003  0.2746E+00001  0.9950E-00004
 0.4032E-00004  0.5992E+00008  0.2654E+00005  0.2098E+00003  0.1893E-00003  0.2697E+00001  0.9950E-00004
 0.4032E-00004  0.5991E+00008  0.2654E+00005  0.2098E+00003  0.1893E-00003  0.2648E+00001  0.9950E-00004
 0.4031E-00004  0.5991E+00008  0.2653E+00005  0.2098E+00003  0.1893E-00003  0.2601E+00001  0.9950E-00004
 0.4031E-00004  0.5990E+00008  0.2653E+00005  0.2098E+00003  0.1893E-00003  0.2554E+00001  0.9950E-00004
 0.4030E-00004  0.5989E+00008  0.2653E+00005  0.2098E+00003  0.1893E-00003  0.2508E+00001  0.9950E-00004
 0.4030E-00004  0.5988E+00008  0.2653E+00005  0.2098E+00003  0.1893E-00003  0.2463E+00001  0.9950E-00004
 0.4029E-00004  0.5987E+00008  0.2653E+00005  0.2098E+00003  0.1893E-00003  0.2419E+00001  0.9950E-00004
 0.4028E-00004  0.5987E+00008  0.2652E+00005  0.2097E+00003  0.1893E-00003  0.2375E+00001  0.9950E-00004
 0.4028E-00004  0.5986E+00008  0.2652E+00005  0.2097E+00003  0.1893E-00003  0.2333E+00001  0.9950E-00004
 0.4027E-00004  0.5985E+00008  0.2652E+00005  0.2097E+00003  0.1893E-00003  0.2291E+00001  0.9950E-00004
 0.4027E-00004  0.5984E+00008  0.2652E+00005  0.2097E+00003  0.1893E-00003  0.2250E+00001  0.9950E-00004
 0.4026E-00004  0.5984E+00008  0.2652E+00005  0.2097E+00003  0.1893E-00003  0.2209E+00001  0.9950E-00004
 0.4026E-00004  0.5983E+00008  0.2651E+00005  0.2097E+00003  0.1893E-00003  0.2170E+00001  0.9950E-00004
 0.4025E-00004  0.5982E+00008  0.2651E+00005  0.2097E+00003  0.1893E-00003  0.2131E+00001  0.9950E-00004
 0.4025E-00004  0.5981E+00008  0.2651E+00005  0.2097E+00003  0.1893E-00003  0.2092E+00001  0.9950E-00004
 0.4024E-00004  0.5980E+00008  0.2651E+00005  0.2097E+00003  0.1893E-00003  0.2055E+00001  0.9950E-00004
 0.4023E-00004  0.5980E+00008  0.2651E+00005  0.2097E+00003  0.1893E-00003  0.2018E+00001  0.9950E-00004
 0.4023E-00004  0.5979E+00008  0.2651E+00005  0.2096E+00003  0.1893E-00003  0.1982E+00001  0.9950E-00004
 0.4022E-00004  0.5978E+00008  0.2650E+00005  0.2096E+00003  0.1893E-00003  0.1946E+00001  0.9950E-00004
 0.4022E-00004  0.5977E+00008  0.2650E+00005  0.2096E+00003  0.1893E-00003  0.1911E+00001  0.9950E-00004
 0.4021E-00004  0.5977E+00008  0.2650E+00005  0.2096E+00003  0.1893E-00003  0.1877E+00001  0.9950E-00004
 0.4021E-00004  0.5976E+00008  0.2650E+00005  0.2096E+00003  0.1893E-00003  0.1843E+00001  0.9950E-00004
 0.4020E-00004  0.5975E+00008  0.2650E+00005  0.2096E+00003  0.1893E-00003  0.1810E+00001  0.9950E-00004
 0.4020E-00004  0.5974E+00008  0.2649E+00005  0.2096E+00003  0.1893E-00003  0.1777E+00001  0.9950E-00004
 0.4019E-00004  0.5973E+00008  0.2649E+00005  0.2096E+00003  0.1893E-00003  0.1745E+00001  0.9950E-00004
 0.4018E-00004  0.5973E+00008  0.2649E+00005  0.2096E+00003  0.1893E-00003  0.1714E+00001  0.9950E-00004
 0.4018E-00004  0.5972E+00008  0.2649E+00005  0.2096E+00003  0.1893E-00003  0.1683E+00001  0.9950E-00004
 0.4017E-00004  0.5971E+00008  0.2649E+00005  0.2095E+00003  0.1893E-00003  0.1653E+00001  0.9950E-00004
 0.4017E-00004  0.5970E+00008  0.2648E+00005  0.2095E+00003  0.1893E-00003  0.1623E+00001  0.9950E-00004
 0.4016E-00004  0.5970E+00008  0.2648E+00005  0.2095E+00003  0.1893E-00003  0.1594E+00001  0.9950E-00004
 0.4016E-00004  0.5969E+00008  0.2648E+00005  0.2095E+00003  0.1893E-00003  0.1566E+00001  0.9950E-00004
 0.4015E-00004  0.5968E+00008  0.2648E+00005  0.2095E+00003  0.1893E-00003  0.1537E+00001  0.9950E-00004
 0.4015E-00004  0.5967E+00008  0.2648E+00005  0.2095E+00003  0.1893E-00003  0.1510E+00001  0.9950E-00004
 0.4014E-00004  0.5967E+00008  0.2648E+00005  0.2095E+00003  0.1893E-00003  0.1483E+00001  0.9950E-00004
 0.4013E-00004  0.5966E+00008  0.2647E+00005  0.2095E+00003  0.1893E-00003  0.1456E+00001  0.9950E-00004
 0.4013E-00004  0.5965E+00008  0.2647E+00005  0.2095E+00003  0.1893E-00003  0.1430E+00001  0.9950E-00004
 0.4012E-00004  0.5964E+00008  0.2647E+00005  0.2094E+00003  0.1893E-00003  0.1404E+00001  0.9950E-00004
 0.4012E-00004  0.5963E+00008  0.2647E+00005  0.2094E+00003  0.1893E-00003  0.1379E+00001  0.9950E-00004
 0.4011E-00004  0.5963E+00008  0.2647E+00005  0.2094E+00003  0.1893E-00003  0.1354E+00001  0.9950E-00004
 0.4011E-00004  0.5962E+00008  0.2646E+00005  0.2094E+00003  0.1893E-00003  0.1330E+00001  0.9950E-00004
 0.4010E-00004  0.5961E+00008  0.2646E+00005  0.2094E+00003  0.1893E-00003  0.1306E+00001  0.9950E-00004
 0.4010E-00004  0.5960E+00008  0.2646E+00005  0.2094E+00003  0.1893E-00003  0.1283E+00001  0.9950E-00004
 0.4009E-00004  0.5960E+00008  0.2646E+00005  0.2094E+00003  0.1893E-00003  0.1259E+00001  0.9950E-00004
 0.4008E-00004  0.5959E+00008  0.2646E+00005  0.2094E+00003  0.1893E-00003  0.1237E+00001  0.9950E-00004
 0.4008E-00004  0.5958E+00008  0.2645E+00005  0.2094E+00003  0.1893E-00003  0.1215E+00001  0.9950E-00004
 0.4007E-00004  0.5957E+00008  0.2645E+00005  0.2094E+00003  0.1893E-00003  0.1193E+00001  0.9950E-00004
 0.4007E-00004  0.5956E+00008  0.2645E+00005  0.2093E+00003  0.1893E-00003  0.1171E+00001  0.9950E-00004
 0.4006E-00004  0.5956E+00008  0.2645E+00005  0.2093E+00003  0.1893E-00003  0.1150E+00001  0.9950E-00004
 0.4006E-00004  0.5955E+00008  0.2645E+00005  0.2093E+00003  0.1893E-00003  0.1130E+00001  0.9950E-00004
 0.4005E-00004  0.5954E+00008  0.2645E+00005  0.2093E+00003  0.1893E-00003  0.1109E+00001  0.9950E-00004
 0.4005E-00004  0.5953E+00008  0.2644E+00005  0.2093E+00003  0.1893E-00003  0.1089E+00001  0.9950E-00004
 0.4004E-00004  0.5953E+00008  0.2644E+00005  0.2093E+00003  0.1893E-00003  0.1070E+00001  0.9950E-00004
 0.4004E-00004  0.5952E+00008  0.2644E+00005  0.2093E+00003  0.1893E-00003  0.1051E+00001  0.9950E-00004
 0.4003E-00004  0.5951E+00008  0.2644E+00005  0.2093E+00003  0.1893E-00003  0.1032E+00001  0.9950E-00004
 0.4002E-00004  0.5950E+00008  0.2644E+00005  0.2093E+00003  0.1893E-00003  0.1013E+00001  0.9950E-00004
 0.4002E-00004  0.5950E+00008  0.2643E+00005  0.2093E+00003  0.1893E-00003  0.9951E+00000  0.9950E-00004
 0.4001E-00004  0.5949E+00008  0.2643E+00005  0.2092E+00003  0.1893E-00003  0.9772E+00000  0.9950E-00004
 0.4001E-00004  0.5948E+00008  0.2643E+00005  0.2092E+00003  0.1893E-00003  0.9596E+00000  0.9950E-00004
 0.4000E-00004  0.5947E+00008  0.2643E+00005  0.2092E+00003  0.1893E-00003  0.9424E+00000  0.9950E-00004
 0.4000E-00004  0.5946E+00008  0.2643E+00005  0.2092E+00003  0.1893E-00003  0.9255E+00000  0.9950E-00004
 0.3999E-00004  0.5946E+00008  0.2642E+00005  0.2092E+00003  0.1893E-00003  0.9088E+00000  0.9950E-00004
 0.3999E-00004  0.5945E+00008  0.2642E+00005  0.2092E+00003  0.1893E-00003  0.8925E+00000  0.9950E-00004
 0.3998E-00004  0.5944E+00008  0.2642E+00005  0.2092E+00003  0.1893E-00003  0.8765E+00000  0.9950E-00004
 0.3997E-00004  0.5943E+00008  0.2642E+00005  0.2092E+00003  0.1893E-00003  0.8607E+00000  0.9950E-00004
 0.3997E-00004  0.5943E+00008  0.2642E+00005  0.2092E+00003  0.1893E-00003  0.8453E+00000  0.9950E-00004
 0.3996E-00004  0.5942E+00008  0.2642E+00005  0.2092E+00003  0.1893E-00003  0.8301E+00000  0.9950E-00004
 0.3996E-00004  0.5941E+00008  0.2641E+00005  0.2091E+00003  0.1893E-00003  0.8152E+00000  0.9950E-00004
 0.3995E-00004  0.5940E+00008  0.2641E+00005  0.2091E+00003  0.1893E-00003  0.8005E+00000  0.9950E-00004
 0.3995E-00004  0.5940E+00008  0.2641E+00005  0.2091E+00003  0.1893E-00003  0.7861E+00000  0.9950E-00004
 0.3994E-00004  0.5939E+00008  0.2641E+00005  0.2091E+00003  0.1893E-00003  0.7720E+00000  0.9950E-00004
 0.3994E-00004  0.5938E+00008  0.2641E+00005  0.2091E+00003  0.1893E-00003  0.7581E+00000  0.9950E-00004
 0.3993E-00004  0.5937E+00008  0.2640E+00005  0.2091E+00003  0.1893E-00003  0.7445E+00000  0.9950E-00004
 0.3993E-00004  0.5936E+00008  0.2640E+00005  0.2091E+00003  0.1893E-00003  0.7311E+00000  0.9950E-00004
 0.3992E-00004  0.5936E+00008  0.2640E+00005  0.2091E+00003  0.1893E-00003  0.7180E+00000  0.9950E-00004
 0.3991E-00004  0.5935E+00008  0.2640E+00005  0.2091E+00003  0.1893E-00003  0.7051E+00000  0.9950E-00004
 0.3991E-00004  0.5934E+00008  0.2640E+00005  0.2091E+00003  0.1893E-00003  0.6924E+00000  0.9950E-00004
 0.3990E-00004  0.5933E+00008  0.2639E+00005  0.2090E+00003  0.1893E-00003  0.6800E+00000  0.9950E-00004
 0.3990E-00004  0.5933E+00008  0.2639E+00005  0.2090E+00003  0.1893E-00003  0.6678E+00000  0.9950E-00004
 0.3989E-00004  0.5932E+00008  0.2639E+00005  0.2090E+00003  0.1893E-00003  0.6558E+00000  0.9950E-00004
 0.3989E-00004  0.5931E+00008  0.2639E+00005  0.2090E+00003  0.1893E-00003  0.6440E+00000  0.9950E-00004
 0.3988E-00004  0.5930E+00008  0.2639E+00005  0.2090E+00003  0.1893E-00003  0.6324E+00000  0.9950E-00004
 0.3988E-00004  0.5930E+00008  0.2639E+00005  0.2090E+00003  0.1893E-00003  0.6211E+00000  0.9950E-00004
 0.3987E-00004  0.5929E+00008  0.2638E+00005  0.2090E+00003  0.1893E-00003  0.6099E+00000  0.9950E-00004
 0.3986E-00004  0.5928E+00008  0.2638E+00005  0.2090E+00003  0.1893E-00003  0.5990E+00000  0.9950E-00004
 0.3986E-00004  0.5927E+00008  0.2638E+00005  0.2090E+00003  0.1893E-00003  0.5882E+00000  0.9950E-00004
 0.3985E-00004  0.5926E+00008  0.2638E+00005  0.2090E+00003  0.1893E-00003  0.5776E+00000  0.9950E-00004
 0.3985E-00004  0.5926E+00008  0.2638E+00005  0.2089E+00003  0.1893E-00003  0.5673E+00000  0.9950E-00004
 0.3984E-00004  0.5925E+00008  0.2637E+00005  0.2089E+00003  0.1893E-00003  0.5571E+00000  0.9950E-00004
 0.3984E-00004  0.5924E+00008  0.2637E+00005  0.2089E+00003  0.1893E-00003  0.5471E+00000  0.9950E-00004
 0.3983E-00004  0.5923E+00008  0.2637E+00005  0.2089E+00003  0.1893E-00003  0.5372E+00000  0.9950E-00004
 0.3983E-00004  0.5923E+00008  0.2637E+00005  0.2089E+00003  0.1893E-00003  0.5276E+00000  0.9950E-00004
 0.3982E-00004  0.5922E+00008  0.2637E+00005  0.2089E+00003  0.1893E-00003  0.5181E+00000  0.9950E-00004
 0.3982E-00004  0.5921E+00008  0.2636E+00005  0.2089E+00003  0.1893E-00003  0.5088E+00000  0.9950E-00004
 0.3981E-00004  0.5920E+00008  0.2636E+00005  0.2089E+00003  0.1893E-00003  0.4997E+00000  0.9950E-00004
 0.3980E-00004  0.5920E+00008  0.2636E+00005  0.2089E+00003  0.1893E-00003  0.4907E+00000  0.9950E-00004
 0.3980E-00004  0.5919E+00008  0.2636E+00005  0.2088E+00003  0.1893E-00003  0.4819E+00000  0.9950E-00004
 0.3979E-00004  0.5918E+00008  0.2636E+00005  0.2088E+00003  0.1893E-00003  0.4732E+00000  0.9950E-00004
 0.3979E-00004  0.5917E+00008  0.2636E+00005  0.2088E+00003  0.1893E-00003  0.4647E+00000  0.9950E-00004
 0.3978E-00004  0.5916E+00008  0.2635E+00005  0.2088E+00003  0.1893E-00003  0.4564E+00000  0.9950E-00004
 0.3978E-00004  0.5916E+00008  0.2635E+00005  0.2088E+00003  0.1893E-00003  0.4482E+00000  0.9950E-00004
 0.3977E-00004  0.5915E+00008  0.2635E+00005  0.2088E+00003  0.1893E-00003  0.4401E+00000  0.9950E-00004
 0.3977E-00004  0.5914E+00008  0.2635E+00005  0.2088E+00003  0.1893E-00003  0.4322E+00000  0.9950E-00004
 0.3976E-00004  0.5913E+00008  0.2635E+00005  0.2088E+00003  0.1893E-00003  0.4244E+00000  0.9950E-00004
 0.3975E-00004  0.5913E+00008  0.2634E+00005  0.2088E+00003  0.1893E-00003  0.4168E+00000  0.9950E-00004
 0.3975E-00004  0.5912E+00008  0.2634E+00005  0.2088E+00003  0.1893E-00003  0.4093E+00000  0.9950E-00004
 0.3974E-00004  0.5911E+00008  0.2634E+00005  0.2087E+00003  0.1893E-00003  0.4020E+00000  0.9950E-00004
 0.3974E-00004  0.5910E+00008  0.2634E+00005  0.2087E+00003  0.1893E-00003  0.3947E+00000  0.9950E-00004
 0.3973E-00004  0.5910E+00008  0.2634E+00005  0.2087E+00003  0.1893E-00003  0.3877E+00000  0.9950E-00004
 0.3973E-00004  0.5909E+00008  0.2633E+00005  0.2087E+00003  0.1893E-00003  0.3807E+00000  0.9950E-00004
 0.3972E-00004  0.5908E+00008  0.2633E+00005  0.2087E+00003  0.1893E-00003  0.3739E+00000  0.9950E-00004
 0.3972E-00004  0.5907E+00008  0.2633E+00005  0.2087E+00003  0.1893E-00003  0.3671E+00000  0.9950E-00004
 0.3971E-00004  0.5907E+00008  0.2633E+00005  0.2087E+00003  0.1893E-00003  0.3605E+00000  0.9950E-00004
 0.3971E-00004  0.5906E+00008  0.2633E+00005  0.2087E+00003  0.1893E-00003  0.3541E+00000  0.9950E-00004
 0.3970E-00004  0.5905E+00008  0.2633E+00005  0.2087E+00003  0.1893E-00003  0.3477E+00000  0.9950E-00004
 0.3969E-00004  0.5904E+00008  0.2632E+00005  0.2087E+00003  0.1893E-00003  0.3415E+00000  0.9950E-00004
 0.3969E-00004  0.5903E+00008  0.2632E+00005  0.2086E+00003  0.1893E-00003  0.3353E+00000  0.9950E-00004
 0.3968E-00004  0.5903E+00008  0.2632E+00005  0.2086E+00003  0.1893E-00003  0.3293E+00000  0.9950E-00004
 0.3968E-00004  0.5902E+00008  0.2632E+00005  0.2086E+00003  0.1893E-00003  0.3234E+00000  0.9950E-00004
 0.3967E-00004  0.5901E+00008  0.2632E+00005  0.2086E+00003  0.1893E-00003  0.3176E+00000  0.9950E-00004
 0.3967E-00004  0.5900E+00008  0.2631E+00005  0.2086E+00003  0.1893E-00003  0.3119E+00000  0.9950E-00004
 0.3966E-00004  0.5900E+00008  0.2631E+00005  0.2086E+00003  0.1893E-00003  0.3063E+00000  0.9950E-00004
 0.3966E-00004  0.5899E+00008  0.2631E+00005  0.2086E+00003  0.1893E-00003  0.3008E+00000  0.9950E-00004
 0.3965E-00004  0.5898E+00008  0.2631E+00005  0.2086E+00003  0.1893E-00003  0.2954E+00000  0.9950E-00004
 0.3965E-00004  0.5897E+00008  0.2631E+00005  0.2086E+00003  0.1893E-00003  0.2901E+00000  0.9950E-00004
 0.3964E-00004  0.5897E+00008  0.2631E+00005  0.2086E+00003  0.1893E-00003  0.2848E+00000  0.9950E-00004
 0.3963E-00004  0.5896E+00008  0.2630E+00005  0.2085E+00003  0.1893E-00003  0.2797E+00000  0.9950E-00004
 0.3963E-00004  0.5895E+00008  0.2630E+00005  0.2085E+00003  0.1893E-00003  0.2747E+00000  0.9950E-00004
 0.3962E-00004  0.5894E+00008  0.2630E+00005  0.2085E+00003  0.1893E-00003  0.2698E+00000  0.9950E-00004
 0.3962E-00004  0.5894E+00008  0.2630E+00005  0.2085E+00003  0.1893E-00003  0.2649E+00000  0.9950E-00004
 0.3961E-00004  0.5893E+00008  0.2630E+00005  0.2085E+00003  0.1893E-00003  0.2602E+00000  0.9950E-00004
 0.3961E-00004  0.5892E+00008  0.2629E+00005  0.2085E+00003  0.1893E-00003  0.2555E+00000  0.9950E-00004
 0.3960E-00004  0.5891E+00008  0.2629E+00005  0.2085E+00003  0.1893E-00003  0.2509E+00000  0.9950E-00004
 0.3960E-00004  0.5890E+00008  0.2629E+00005  0.2085E+00003  0.1893E-00003  0.2464E+00000  0.9950E-00004
 0.3959E-00004  0.5890E+00008  0.2629E+00005  0.2085E+00003  0.1893E-00003  0.2420E+00000  0.9950E-00004
 0.3959E-00004  0.5889E+00008  0.2629E+00005  0.2085E+00003  0.1893E-00003  0.2376E+00000  0.9950E-00004
 0.3958E-00004  0.5888E+00008  0.2628E+00005  0.2084E+00003  0.1893E-00003  0.2333E+00000  0.9950E-00004
 0.3957E-00004  0.5887E+00008  0.2628E+00005  0.2084E+00003  0.1893E-00003  0.2292E+00000  0.9950E-00004
 0.3957E-00004  0.5887E+00008  0.2628E+00005  0.2084E+00003  0.1893E-00003  0.2250E+00000  0.9950E-00004
 0.3956E-00004  0.5886E+00008  0.2628E+00005  0.2084E+00003  0.1893E-00003  0.2210E+00000  0.9950E-00004
 0.3956E-00004  0.5885E+00008  0.2628E+00005  0.2084E+00003  0.1893E-00003  0.2170E+00000  0.9950E-00004
 0.3955E-00004  0.5884E+00008  0.2628E+00005  0.2084E+00003  0.1893E-00003  0.2131E+00000  0.9950E-00004
 0.3955E-00004  0.5884E+00008  0.2627E+00005  0.2084E+00003  0.1893E-00003  0.2093E+00000  0.9950E-00004
 0.3954E-00004  0.5883E+00008  0.2627E+00005  0.2084E+00003  0.1893E-00003  0.2055E+00000  0.9950E-00004
 0.3954E-00004  0.5882E+00008  0.2627E+00005  0.2084E+00003  0.1893E-00003  0.2018E+00000  0.9950E-00004
 0.3953E-00004  0.5881E+00008  0.2627E+00005  0.2084E+00003  0.1893E-00003  0.1982E+00000  0.9950E-00004
 0.3953E-00004  0.5881E+00008  0.2627E+00005  0.2083E+00003  0.1893E-00003  0.1947E+00000  0.9950E-00004
 0.3952E-00004  0.5880E+00008  0.2626E+00005  0.2083E+00003  0.1893E-00003  0.1912E+00000  0.9950E-00004
 0.3951E-00004  0.5879E+00008  0.2626E+00005  0.2083E+00003  0.1893E-00003  0.1877E+00000  0.9950E-00004
 0.3951E-00004  0.5878E+00008  0.2626E+00005  0.2083E+00003  0.1893E-00003  0.1844E+00000  0.9950E-00004
 0.3950E-00004  0.5878E+00008  0.2626E+00005  0.2083E+00003  0.1893E-00003  0.1810E+00000  0.9950E-00004
 0.3950E-00004  0.5877E+00008  0.2626E+00005  0.2083E+00003  0.1893E-00003  0.1778E+00000  0.9950E-00004
 0.3949E-00004  0.5876E+00008  0.2625E+00005  0.2083E+00003  0.1893E-00003  0.1746E+00000  0.9950E-00004
 0.3949E-00004  0.5875E+00008  0.2625E+00005  0.2083E+00003  0.1893E-00003  0.1715E+00000  0.9950E-00004
 0.3948E-00004  0.5874E+00008  0.2625E+00005  0.2083E+00003  0.1893E-00003  0.1684E+00000  0.9950E-00004
 0.3948E-00004  0.5874E+00008  0.2625E+00005  0.2082E+00003  0.1893E-00003  0.1654E+00000  0.9950E-00004
 0.3947E-00004  0.5873E+00008  0.2625E+00005  0.2082E+00003  0.1893E-00003  0.1624E+00000  0.9950E-00004
 0.3947E-00004  0.5872E+00008  0.2625E+00005  0.2082E+00003  0.1893E-00003  0.1595E+00000  0.9950E-00004
 0.3946E-00004  0.5871E+00008  0.2624E+00005  0.2082E+00003  0.1893E-00003  0.1566E+00000  0.9950E-00004
 0.3945E-00004  0.5871E+00008  0.2624E+00005  0.2082E+00003  0.1893E-00003  0.1538E+00000  0.9950E-00004
 0.3945E-00004  0.5870E+00008  0.2624E+00005  0.2082E+00003  0.1893E-00003  0.1510E+00000  0.9950E-00004
 0.3944E-00004  0.5869E+00008  0.2624E+00005  0.2082E+00003  0.1893E-00003  0.1483E+00000  0.9950E-00004
 0.3944E-00004  0.5868E+00008  0.2624E+00005  0.2082E+00003  0.1893E-00003  0.1456E+00000  0.9950E-00004
 0.3943E-00004  0.5868E+00008  0.2623E+00005  0.2082E+00003  0.1893E-00003  0.1430E+00000  0.9950E-00004
 0.3943E-00004  0.5867E+00008  0.2623E+00005  0.2082E+00003  0.1893E-00003  0.1405E+00000  0.9950E-00004
 0.3942E-00004  0.5866E+00008  0.2623E+00005  0.2081E+00003  0.1893E-00003  0.1379E+00000  0.9950E-00004
