 NS  KS  AS  CS  KI  AI  CI 
 0.5121E-00309  0.0000E+00000  0.9881E-00323  0.1482E-00322  0.5120E-00309  0.3129E+00204 -0.1139E-00282
 0.1570E-00008  0.7694E-00008  0.1028E-00006  0.3816E-00006  0.5661E-00002  0.6218E-00002  0.4176E-00002
 0.1567E-00008  0.8593E-00008  0.1028E-00006  0.3816E-00006  0.5661E-00002  0.6218E-00002  0.4176E-00002
 0.1567E-00008  0.9100E-00008  0.1028E-00006  0.3816E-00006  0.5661E-00002  0.6218E-00002  0.4176E-00002
 0.1567E-00008  0.9459E-00008  0.1028E-00006  0.3816E-00006  0.5661E-00002  0.6218E-00002  0.4176E-00002
 0.1567E-00008  0.9732E-00008  0.1028E-00006  0.3816E-00006  0.5661E-00002  0.6218E-00002  0.4176E-00002
 0.1567E-00008  0.9951E-00008  0.1028E-00006  0.3815E-00006  0.5661E-00002  0.6218E-00002  0.4176E-00002
 0.1567E-00008  0.1013E-00007  0.1028E-00006  0.3815E-00006  0.5661E-00002  0.6218E-00002  0.4176E-00002
 0.1567E-00008  0.1028E-00007  0.1028E-00006  0.3815E-00006  0.5661E-00002  0.6218E-00002  0.4176E-00002
 0.1567E-00008  0.1041E-00007  0.1028E-00006  0.3815E-00006  0.5661E-00002  0.6218E-00002  0.4176E-00002
 0.1567E-00008  0.1052E-00007  0.1028E-00006  0.3815E-00006  0.5661E-00002  0.6218E-00002  0.4176E-00002
 0.1567E-00008  0.1062E-00007  0.1028E-00006  0.3815E-00006  0.5661E-00002  0.6218E-00002  0.4176E-00002
 0.1567E-00008  0.1070E-00007  0.1028E-00006  0.3815E-00006  0.5661E-00002  0.6218E-00002  0.4176E-00002
 0.1567E-00008  0.1077E-00007  0.1028E-00006  0.3815E-00006  0.5661E-00002  0.6218E-00002  0.4176E-00002
 0.1567E-00008  0.1084E-00007  0.1028E-00006  0.3814E-00006  0.5661E-00002  0.6218E-00002  0.4176E-00002
 0.1567E-00008  0.1090E-00007  0.1028E-00006  0.3814E-00006  0.5661E-00002  0.6218E-00002  0.4176E-00002
 0.3596E-00009  0.1095E-00007  0.1028E-00006  0.3814E-00006  0.5661E-00002  0.6218E-00002  0.4176E-00002
 0.3596E-00009  0.1100E-00007  0.1028E-00006  0.3814E-00006  0.5661E-00002  0.6218E-00002  0.4176E-00002
 0.3596E-00009  0.1104E-00007  0.1028E-00006  0.3814E-00006  0.5661E-00002  0.6218E-00002  0.4176E-00002
 0.3596E-00009  0.1108E-00007  0.1028E-00006  0.3814E-00006  0.5661E-00002  0.6218E-00002  0.4176E-00002
 0.3596E-00009  0.1111E-00007  0.1028E-00006  0.3814E-00006  0.5661E-00002  0.6218E-00002  0.4176E-00002
 0.3596E-00009  0.1115E-00007  0.1028E-00006  0.3814E-00006  0.5661E-00002  0.6218E-00002  0.4176E-00002
 0.3596E-00009  0.1117E-00007  0.1028E-00006  0.3813E-00006  0.5661E-00002  0.6218E-00002  0.4176E-00002
 0.3596E-00009  0.1120E-00007  0.1028E-00006  0.3813E-00006  0.5661E-00002  0.6218E-00002  0.4176E-00002
 0.3596E-00009  0.1122E-00007  0.1028E-00006  0.3813E-00006  0.5661E-00002  0.6218E-00002  0.4176E-00002
 0.3596E-00009  0.1125E-00007  0.1028E-00006  0.3813E-00006  0.5661E-00002  0.6218E-00002  0.4176E-00002
 0.3596E-00009  0.1127E-00007  0.1028E-00006  0.3813E-00006  0.5661E-00002  0.6218E-00002  0.4176E-00002
 0.3596E-00009  0.1128E-00007  0.1028E-00006  0.3813E-00006  0.5661E-00002  0.6218E-00002  0.4176E-00002
 0.3596E-00009  0.1130E-00007  0.1028E-00006  0.3813E-00006  0.5661E-00002  0.6218E-00002  0.4176E-00002
 0.3596E-00009  0.1132E-00007  0.1028E-00006  0.3813E-00006  0.5661E-00002  0.6218E-00002  0.4176E-00002
 0.3596E-00009  0.1133E-00007  0.1028E-00006  0.3812E-00006  0.5661E-00002  0.6218E-00002  0.4176E-00002
 0.3596E-00009  0.1134E-00007  0.1028E-00006  0.3812E-00006  0.5661E-00002  0.6218E-00002  0.4176E-00002
 0.3596E-00009  0.1136E-00007  0.1028E-00006  0.3812E-00006  0.5661E-00002  0.6218E-00002  0.4176E-00002
 0.3596E-00009  0.1137E-00007  0.1028E-00006  0.3812E-00006  0.5661E-00002  0.6218E-00002  0.4176E-00002
 0.3596E-00009  0.1138E-00007  0.1028E-00006  0.3812E-00006  0.5661E-00002  0.6218E-00002  0.4176E-00002
 0.3596E-00009  0.1139E-00007  0.1028E-00006  0.3812E-00006  0.5661E-00002  0.6218E-00002  0.4176E-00002
 0.3596E-00009  0.1139E-00007  0.1028E-00006  0.3812E-00006  0.5661E-00002  0.6218E-00002  0.4176E-00002
 0.3596E-00009  0.1140E-00007  0.1028E-00006  0.3812E-00006  0.5661E-00002  0.6218E-00002  0.4176E-00002
 0.3596E-00009  0.1141E-00007  0.1028E-00006  0.3811E-00006  0.5661E-00002  0.6218E-00002  0.4176E-00002
 0.3596E-00009  0.1142E-00007  0.1028E-00006  0.3811E-00006  0.5661E-00002  0.6218E-00002  0.4176E-00002
 0.3596E-00009  0.1142E-00007  0.1028E-00006  0.3811E-00006  0.5661E-00002  0.6218E-00002  0.4176E-00002
 0.3596E-00009  0.1143E-00007  0.1028E-00006  0.3811E-00006  0.5661E-00002  0.6218E-00002  0.4176E-00002
 0.3596E-00009  0.1143E-00007  0.1028E-00006  0.3811E-00006  0.5661E-00002  0.6218E-00002  0.4176E-00002
 0.3596E-00009  0.1144E-00007  0.1028E-00006  0.3811E-00006  0.5661E-00002  0.6218E-00002  0.4176E-00002
 0.3596E-00009  0.1144E-00007  0.1028E-00006  0.3811E-00006  0.5661E-00002  0.6218E-00002  0.4176E-00002
 0.3596E-00009  0.1145E-00007  0.1028E-00006  0.3811E-00006  0.5661E-00002  0.6218E-00002  0.4176E-00002
 0.3596E-00009  0.1145E-00007  0.1028E-00006  0.3810E-00006  0.5661E-00002  0.6218E-00002  0.4176E-00002
 0.3596E-00009  0.1146E-00007  0.1028E-00006  0.3810E-00006  0.5661E-00002  0.6218E-00002  0.4176E-00002
 0.3596E-00009  0.1146E-00007  0.1028E-00006  0.3810E-00006  0.5661E-00002  0.6218E-00002  0.4176E-00002
 0.3596E-00009  0.1146E-00007  0.1028E-00006  0.3810E-00006  0.5661E-00002  0.6218E-00002  0.4176E-00002
 0.3596E-00009  0.1147E-00007  0.1028E-00006  0.3810E-00006  0.5661E-00002  0.6218E-00002  0.4176E-00002
 0.3596E-00009  0.1147E-00007  0.1028E-00006  0.3810E-00006  0.5661E-00002  0.6218E-00002  0.4176E-00002
 0.3596E-00009  0.1147E-00007  0.1028E-00006  0.3810E-00006  0.5661E-00002  0.6218E-00002  0.4176E-00002
 0.3596E-00009  0.1147E-00007  0.1028E-00006  0.3810E-00006  0.5661E-00002  0.6218E-00002  0.4176E-00002
 0.3596E-00009  0.1148E-00007  0.1028E-00006  0.3809E-00006  0.5661E-00002  0.6218E-00002  0.4176E-00002
 0.3596E-00009  0.1148E-00007  0.1028E-00006  0.3809E-00006  0.5661E-00002  0.6218E-00002  0.4176E-00002
 0.3596E-00009  0.1148E-00007  0.1028E-00006  0.3809E-00006  0.5661E-00002  0.6218E-00002  0.4176E-00002
 0.3596E-00009  0.1148E-00007  0.1028E-00006  0.3809E-00006  0.5661E-00002  0.6218E-00002  0.4176E-00002
 0.3596E-00009  0.1148E-00007  0.1028E-00006  0.3809E-00006  0.5661E-00002  0.6218E-00002  0.4176E-00002
 0.3596E-00009  0.1149E-00007  0.1028E-00006  0.3809E-00006  0.5661E-00002  0.6218E-00002  0.4176E-00002
 0.3596E-00009  0.1149E-00007  0.1028E-00006  0.3809E-00006  0.5661E-00002  0.6218E-00002  0.4176E-00002
 0.3596E-00009  0.1149E-00007  0.1028E-00006  0.3809E-00006  0.5661E-00002  0.6218E-00002  0.4176E-00002
 0.3596E-00009  0.1149E-00007  0.1028E-00006  0.3809E-00006  0.5661E-00002  0.6218E-00002  0.4176E-00002
 0.3596E-00009  0.1149E-00007  0.1028E-00006  0.3808E-00006  0.5661E-00002  0.6218E-00002  0.4176E-00002
 0.3596E-00009  0.1149E-00007  0.1028E-00006  0.3808E-00006  0.5661E-00002  0.6218E-00002  0.4176E-00002
 0.3596E-00009  0.1149E-00007  0.1028E-00006  0.3808E-00006  0.5661E-00002  0.6218E-00002  0.4176E-00002
 0.3596E-00009  0.1149E-00007  0.1028E-00006  0.3808E-00006  0.5661E-00002  0.6218E-00002  0.4176E-00002
 0.3596E-00009  0.1150E-00007  0.1028E-00006  0.3808E-00006  0.5661E-00002  0.6218E-00002  0.4176E-00002
 0.3596E-00009  0.1150E-00007  0.1028E-00006  0.3808E-00006  0.5661E-00002  0.6218E-00002  0.4176E-00002
 0.3596E-00009  0.1150E-00007  0.1028E-00006  0.3808E-00006  0.5661E-00002  0.6218E-00002  0.4176E-00002
 0.3596E-00009  0.1150E-00007  0.1028E-00006  0.3808E-00006  0.5661E-00002  0.6218E-00002  0.4176E-00002
 0.3596E-00009  0.1150E-00007  0.1028E-00006  0.3807E-00006  0.5661E-00002  0.6218E-00002  0.4176E-00002
 0.3596E-00009  0.1150E-00007  0.1028E-00006  0.3807E-00006  0.5661E-00002  0.6218E-00002  0.4176E-00002
 0.3596E-00009  0.1150E-00007  0.1028E-00006  0.3807E-00006  0.5661E-00002  0.6218E-00002  0.4176E-00002
 0.3596E-00009  0.1150E-00007  0.1028E-00006  0.3807E-00006  0.5661E-00002  0.6218E-00002  0.4176E-00002
 0.3596E-00009  0.1150E-00007  0.1028E-00006  0.3807E-00006  0.5661E-00002  0.6218E-00002  0.4176E-00002
 0.3596E-00009  0.1150E-00007  0.1028E-00006  0.3807E-00006  0.5661E-00002  0.6218E-00002  0.4176E-00002
 0.3596E-00009  0.1150E-00007  0.1028E-00006  0.3807E-00006  0.5661E-00002  0.6218E-00002  0.4176E-00002
 0.3596E-00009  0.1150E-00007  0.1028E-00006  0.3807E-00006  0.5661E-00002  0.6218E-00002  0.4176E-00002
 0.3596E-00009  0.1150E-00007  0.1028E-00006  0.3806E-00006  0.5661E-00002  0.6218E-00002  0.4176E-00002
 0.3596E-00009  0.1150E-00007  0.1028E-00006  0.3806E-00006  0.5661E-00002  0.6218E-00002  0.4176E-00002
 0.3596E-00009  0.1150E-00007  0.1028E-00006  0.3806E-00006  0.5661E-00002  0.6218E-00002  0.4176E-00002
 0.3596E-00009  0.1150E-00007  0.1028E-00006  0.3806E-00006  0.5661E-00002  0.6218E-00002  0.4176E-00002
 0.3596E-00009  0.1150E-00007  0.1028E-00006  0.3806E-00006  0.5661E-00002  0.6218E-00002  0.4176E-00002
 0.3596E-00009  0.1150E-00007  0.1028E-00006  0.3806E-00006  0.5661E-00002  0.6218E-00002  0.4176E-00002
 0.3596E-00009  0.1150E-00007  0.1028E-00006  0.3806E-00006  0.5661E-00002  0.6218E-00002  0.4176E-00002
 0.3596E-00009  0.1150E-00007  0.1028E-00006  0.3806E-00006  0.5661E-00002  0.6218E-00002  0.4176E-00002
 0.3596E-00009  0.1151E-00007  0.1028E-00006  0.3805E-00006  0.5661E-00002  0.6218E-00002  0.4176E-00002
 0.3596E-00009  0.1151E-00007  0.1028E-00006  0.3805E-00006  0.5661E-00002  0.6218E-00002  0.4176E-00002
 0.3596E-00009  0.1151E-00007  0.1028E-00006  0.3805E-00006  0.5661E-00002  0.6218E-00002  0.4176E-00002
 0.3596E-00009  0.1151E-00007  0.1028E-00006  0.3805E-00006  0.5661E-00002  0.6218E-00002  0.4176E-00002
 0.3596E-00009  0.1151E-00007  0.1028E-00006  0.3805E-00006  0.5661E-00002  0.6218E-00002  0.4176E-00002
 0.3596E-00009  0.1151E-00007  0.1028E-00006  0.3805E-00006  0.5661E-00002  0.6218E-00002  0.4176E-00002
 0.3596E-00009  0.1151E-00007  0.1028E-00006  0.3805E-00006  0.5661E-00002  0.6218E-00002  0.4176E-00002
 0.3596E-00009  0.1151E-00007  0.1028E-00006  0.3805E-00006  0.5661E-00002  0.6218E-00002  0.4176E-00002
 0.3596E-00009  0.1151E-00007  0.1028E-00006  0.3804E-00006  0.5661E-00002  0.6218E-00002  0.4176E-00002
 0.3596E-00009  0.1151E-00007  0.1028E-00006  0.3804E-00006  0.5661E-00002  0.6218E-00002  0.4176E-00002
 0.3596E-00009  0.1151E-00007  0.1028E-00006  0.3804E-00006  0.5661E-00002  0.6218E-00002  0.4176E-00002
 0.3596E-00009  0.1151E-00007  0.1028E-00006  0.3804E-00006  0.5661E-00002  0.6218E-00002  0.4176E-00002
 0.3596E-00009  0.1151E-00007  0.1028E-00006  0.3804E-00006  0.5661E-00002  0.6218E-00002  0.4176E-00002
 0.3596E-00009  0.1151E-00007  0.1028E-00006  0.3804E-00006  0.5661E-00002  0.6218E-00002  0.4176E-00002
 0.3596E-00009  0.1151E-00007  0.1028E-00006  0.3804E-00006  0.5661E-00002  0.6218E-00002  0.4176E-00002
 0.3596E-00009  0.1151E-00007  0.1028E-00006  0.3804E-00006  0.5661E-00002  0.6218E-00002  0.4176E-00002
 0.3596E-00009  0.1151E-00007  0.1028E-00006  0.3803E-00006  0.5661E-00002  0.6218E-00002  0.4176E-00002
 0.3596E-00009  0.1151E-00007  0.1028E-00006  0.3803E-00006  0.5661E-00002  0.6218E-00002  0.4176E-00002
 0.3596E-00009  0.1151E-00007  0.1028E-00006  0.3803E-00006  0.5661E-00002  0.6218E-00002  0.4176E-00002
 0.3596E-00009  0.1151E-00007  0.1028E-00006  0.3803E-00006  0.5661E-00002  0.6218E-00002  0.4176E-00002
 0.3596E-00009  0.1151E-00007  0.1028E-00006  0.3803E-00006  0.5661E-00002  0.6218E-00002  0.4176E-00002
 0.3596E-00009  0.1151E-00007  0.1028E-00006  0.3803E-00006  0.5661E-00002  0.6218E-00002  0.4176E-00002
 0.3596E-00009  0.1151E-00007  0.1028E-00006  0.3803E-00006  0.5661E-00002  0.6218E-00002  0.4176E-00002
 0.3596E-00009  0.1151E-00007  0.1028E-00006  0.3803E-00006  0.5661E-00002  0.6218E-00002  0.4176E-00002
 0.3596E-00009  0.1151E-00007  0.1028E-00006  0.3802E-00006  0.5661E-00002  0.6218E-00002  0.4176E-00002
 0.3596E-00009  0.1151E-00007  0.1028E-00006  0.3802E-00006  0.5661E-00002  0.6218E-00002  0.4176E-00002
 0.3596E-00009  0.1151E-00007  0.1028E-00006  0.3802E-00006  0.5661E-00002  0.6218E-00002  0.4176E-00002
 0.3596E-00009  0.1151E-00007  0.1028E-00006  0.3802E-00006  0.5661E-00002  0.6218E-00002  0.4176E-00002
 0.3596E-00009  0.1151E-00007  0.1028E-00006  0.3802E-00006  0.5661E-00002  0.6218E-00002  0.4176E-00002
 0.3596E-00009  0.1151E-00007  0.1028E-00006  0.3802E-00006  0.5661E-00002  0.6218E-00002  0.4176E-00002
 0.3596E-00009  0.1151E-00007  0.1028E-00006  0.3802E-00006  0.5661E-00002  0.6218E-00002  0.4176E-00002
 0.3596E-00009  0.1151E-00007  0.1028E-00006  0.3802E-00006  0.5661E-00002  0.6218E-00002  0.4176E-00002
 0.3596E-00009  0.1151E-00007  0.1028E-00006  0.3801E-00006  0.5661E-00002  0.6218E-00002  0.4176E-00002
 0.3596E-00009  0.1151E-00007  0.1028E-00006  0.3801E-00006  0.5661E-00002  0.6218E-00002  0.4176E-00002
 0.3596E-00009  0.1151E-00007  0.1028E-00006  0.3801E-00006  0.5661E-00002  0.6218E-00002  0.4176E-00002
 0.3596E-00009  0.1151E-00007  0.1028E-00006  0.3801E-00006  0.5661E-00002  0.6218E-00002  0.4176E-00002
 0.3596E-00009  0.1151E-00007  0.1028E-00006  0.3801E-00006  0.5661E-00002  0.6218E-00002  0.4176E-00002
 0.3596E-00009  0.1151E-00007  0.1028E-00006  0.3801E-00006  0.5661E-00002  0.6218E-00002  0.4176E-00002
 0.3596E-00009  0.1151E-00007  0.1028E-00006  0.3801E-00006  0.5661E-00002  0.6218E-00002  0.4176E-00002
 0.3596E-00009  0.1151E-00007  0.1028E-00006  0.3801E-00006  0.5661E-00002  0.6218E-00002  0.4176E-00002
 0.3596E-00009  0.1151E-00007  0.1028E-00006  0.3800E-00006  0.5661E-00002  0.6218E-00002  0.4176E-00002
 0.3596E-00009  0.1151E-00007  0.1028E-00006  0.3800E-00006  0.5661E-00002  0.6218E-00002  0.4176E-00002
 0.3596E-00009  0.1151E-00007  0.1028E-00006  0.3800E-00006  0.5661E-00002  0.6218E-00002  0.4176E-00002
 0.3596E-00009  0.1151E-00007  0.1028E-00006  0.3800E-00006  0.5661E-00002  0.6218E-00002  0.4176E-00002
 0.3596E-00009  0.1151E-00007  0.1028E-00006  0.3800E-00006  0.5661E-00002  0.6218E-00002  0.4176E-00002
 0.3596E-00009  0.1151E-00007  0.1028E-00006  0.3800E-00006  0.5661E-00002  0.6218E-00002  0.4176E-00002
 0.3596E-00009  0.1151E-00007  0.1028E-00006  0.3800E-00006  0.5661E-00002  0.6218E-00002  0.4176E-00002
 0.3596E-00009  0.1151E-00007  0.1028E-00006  0.3800E-00006  0.5661E-00002  0.6218E-00002  0.4176E-00002
 0.3596E-00009  0.1151E-00007  0.1028E-00006  0.3799E-00006  0.5661E-00002  0.6218E-00002  0.4176E-00002
 0.3596E-00009  0.1151E-00007  0.1028E-00006  0.3799E-00006  0.5661E-00002  0.6218E-00002  0.4176E-00002
 0.3596E-00009  0.1151E-00007  0.1028E-00006  0.3799E-00006  0.5661E-00002  0.6218E-00002  0.4176E-00002
 0.3596E-00009  0.1151E-00007  0.1028E-00006  0.3799E-00006  0.5661E-00002  0.6218E-00002  0.4176E-00002
 0.3596E-00009  0.1151E-00007  0.1028E-00006  0.3799E-00006  0.5661E-00002  0.6218E-00002  0.4176E-00002
 0.3596E-00009  0.1151E-00007  0.1028E-00006  0.3799E-00006  0.5661E-00002  0.6218E-00002  0.4176E-00002
 0.3596E-00009  0.1151E-00007  0.1028E-00006  0.3799E-00006  0.5661E-00002  0.6218E-00002  0.4176E-00002
 0.3596E-00009  0.1151E-00007  0.1028E-00006  0.3799E-00006  0.5661E-00002  0.6218E-00002  0.4176E-00002
 0.3596E-00009  0.1151E-00007  0.1028E-00006  0.3798E-00006  0.5661E-00002  0.6218E-00002  0.4176E-00002
 0.3596E-00009  0.1151E-00007  0.1028E-00006  0.3798E-00006  0.5661E-00002  0.6218E-00002  0.4176E-00002
 0.3596E-00009  0.1151E-00007  0.1028E-00006  0.3798E-00006  0.5661E-00002  0.6218E-00002  0.4176E-00002
 0.3596E-00009  0.1151E-00007  0.1028E-00006  0.3798E-00006  0.5661E-00002  0.6218E-00002  0.4176E-00002
 0.3596E-00009  0.1151E-00007  0.1028E-00006  0.3798E-00006  0.5661E-00002  0.6218E-00002  0.4176E-00002
 0.3596E-00009  0.1151E-00007  0.1028E-00006  0.3798E-00006  0.5661E-00002  0.6218E-00002  0.4176E-00002
 0.3596E-00009  0.1151E-00007  0.1028E-00006  0.3798E-00006  0.5661E-00002  0.6218E-00002  0.4176E-00002
 0.3596E-00009  0.1151E-00007  0.1028E-00006  0.3798E-00006  0.5661E-00002  0.6218E-00002  0.4176E-00002
 0.3596E-00009  0.1151E-00007  0.1028E-00006  0.3797E-00006  0.5661E-00002  0.6218E-00002  0.4176E-00002
 0.3596E-00009  0.1151E-00007  0.1028E-00006  0.3797E-00006  0.5661E-00002  0.6218E-00002  0.4176E-00002
 0.3596E-00009  0.1151E-00007  0.1028E-00006  0.3797E-00006  0.5661E-00002  0.6218E-00002  0.4176E-00002
 0.3596E-00009  0.1151E-00007  0.1028E-00006  0.3797E-00006  0.5661E-00002  0.6218E-00002  0.4176E-00002
 0.3596E-00009  0.1151E-00007  0.1028E-00006  0.3797E-00006  0.5661E-00002  0.6218E-00002  0.4176E-00002
 0.3596E-00009  0.1151E-00007  0.1028E-00006  0.3797E-00006  0.5661E-00002  0.6218E-00002  0.4176E-00002
 0.3596E-00009  0.1151E-00007  0.1028E-00006  0.3797E-00006  0.5661E-00002  0.6218E-00002  0.4176E-00002
 0.3596E-00009  0.1151E-00007  0.1028E-00006  0.3797E-00006  0.5661E-00002  0.6218E-00002  0.4176E-00002
 0.3596E-00009  0.1151E-00007  0.1028E-00006  0.3796E-00006  0.5661E-00002  0.6218E-00002  0.4176E-00002
 0.3596E-00009  0.1151E-00007  0.1028E-00006  0.3796E-00006  0.5661E-00002  0.6218E-00002  0.4176E-00002
 0.3596E-00009  0.1151E-00007  0.1028E-00006  0.3796E-00006  0.5661E-00002  0.6218E-00002  0.4176E-00002
 0.3596E-00009  0.1151E-00007  0.1028E-00006  0.3796E-00006  0.5661E-00002  0.6218E-00002  0.4176E-00002
 0.3596E-00009  0.1151E-00007  0.1028E-00006  0.3796E-00006  0.5661E-00002  0.6218E-00002  0.4176E-00002
 0.3596E-00009  0.1151E-00007  0.1028E-00006  0.3796E-00006  0.5661E-00002  0.6218E-00002  0.4176E-00002
 0.3596E-00009  0.1151E-00007  0.1028E-00006  0.3796E-00006  0.5661E-00002  0.6218E-00002  0.4176E-00002
 0.3596E-00009  0.1151E-00007  0.1028E-00006  0.3796E-00006  0.5661E-00002  0.6218E-00002  0.4176E-00002
 0.3596E-00009  0.1151E-00007  0.1028E-00006  0.3796E-00006  0.5661E-00002  0.6218E-00002  0.4176E-00002
 0.3596E-00009  0.1151E-00007  0.1028E-00006  0.3795E-00006  0.5661E-00002  0.6218E-00002  0.4176E-00002
 0.3596E-00009  0.1151E-00007  0.1028E-00006  0.3795E-00006  0.5661E-00002  0.6218E-00002  0.4176E-00002
 0.3596E-00009  0.1151E-00007  0.1028E-00006  0.3795E-00006  0.5661E-00002  0.6218E-00002  0.4176E-00002
 0.3596E-00009  0.1151E-00007  0.1028E-00006  0.3795E-00006  0.5661E-00002  0.6218E-00002  0.4176E-00002
 0.3596E-00009  0.1151E-00007  0.1028E-00006  0.3795E-00006  0.5661E-00002  0.6218E-00002  0.4176E-00002
 0.3596E-00009  0.1151E-00007  0.1028E-00006  0.3795E-00006  0.5661E-00002  0.6218E-00002  0.4176E-00002
 0.3596E-00009  0.1151E-00007  0.1028E-00006  0.3795E-00006  0.5661E-00002  0.6218E-00002  0.4176E-00002
 0.3596E-00009  0.1151E-00007  0.1028E-00006  0.3795E-00006  0.5661E-00002  0.6218E-00002  0.4176E-00002
 0.3596E-00009  0.1151E-00007  0.1028E-00006  0.3794E-00006  0.5661E-00002  0.6218E-00002  0.4176E-00002
 0.3596E-00009  0.1151E-00007  0.1028E-00006  0.3794E-00006  0.5661E-00002  0.6218E-00002  0.4176E-00002
 0.3596E-00009  0.1151E-00007  0.1028E-00006  0.3794E-00006  0.5661E-00002  0.6218E-00002  0.4176E-00002
 0.3596E-00009  0.1151E-00007  0.1028E-00006  0.3794E-00006  0.5661E-00002  0.6218E-00002  0.4176E-00002
 0.3596E-00009  0.1151E-00007  0.1028E-00006  0.3794E-00006  0.5661E-00002  0.6218E-00002  0.4176E-00002
 0.3596E-00009  0.1151E-00007  0.1028E-00006  0.3794E-00006  0.5661E-00002  0.6218E-00002  0.4176E-00002
 0.3596E-00009  0.1151E-00007  0.1028E-00006  0.3794E-00006  0.5661E-00002  0.6218E-00002  0.4176E-00002
 0.3596E-00009  0.1151E-00007  0.1028E-00006  0.3794E-00006  0.5661E-00002  0.6218E-00002  0.4176E-00002
 0.3596E-00009  0.1151E-00007  0.1028E-00006  0.3793E-00006  0.5661E-00002  0.6218E-00002  0.4176E-00002
 0.3596E-00009  0.1151E-00007  0.1028E-00006  0.3793E-00006  0.5661E-00002  0.6218E-00002  0.4176E-00002
 0.3596E-00009  0.1151E-00007  0.1028E-00006  0.3793E-00006  0.5661E-00002  0.6218E-00002  0.4176E-00002
 0.3596E-00009  0.1151E-00007  0.1028E-00006  0.3793E-00006  0.5661E-00002  0.6218E-00002  0.4176E-00002
 0.3596E-00009  0.1151E-00007  0.1028E-00006  0.3793E-00006  0.5661E-00002  0.6218E-00002  0.4176E-00002
 0.3596E-00009  0.1151E-00007  0.1028E-00006  0.3793E-00006  0.5661E-00002  0.6218E-00002  0.4176E-00002
 0.3596E-00009  0.1151E-00007  0.1028E-00006  0.3793E-00006  0.5661E-00002  0.6218E-00002  0.4176E-00002
 0.3596E-00009  0.1151E-00007  0.1028E-00006  0.3793E-00006  0.5661E-00002  0.6218E-00002  0.4176E-00002
 0.3596E-00009  0.1151E-00007  0.1028E-00006  0.3792E-00006  0.5661E-00002  0.6218E-00002  0.4176E-00002
 0.3596E-00009  0.1151E-00007  0.1028E-00006  0.3792E-00006  0.5661E-00002  0.6218E-00002  0.4176E-00002
 0.3596E-00009  0.1151E-00007  0.1028E-00006  0.3792E-00006  0.5661E-00002  0.6218E-00002  0.4176E-00002
 0.3596E-00009  0.1151E-00007  0.1028E-00006  0.3792E-00006  0.5661E-00002  0.6218E-00002  0.4176E-00002
 0.3596E-00009  0.1151E-00007  0.1028E-00006  0.3792E-00006  0.5661E-00002  0.6218E-00002  0.4176E-00002
 0.3596E-00009  0.1151E-00007  0.1028E-00006  0.3792E-00006  0.5661E-00002  0.6218E-00002  0.4176E-00002
 0.3596E-00009  0.1151E-00007  0.1028E-00006  0.3792E-00006  0.5661E-00002  0.6218E-00002  0.4176E-00002
 0.3596E-00009  0.1151E-00007  0.1028E-00006  0.3792E-00006  0.5661E-00002  0.6218E-00002  0.4176E-00002
 0.3596E-00009  0.1151E-00007  0.1028E-00006  0.3791E-00006  0.5661E-00002  0.6218E-00002  0.4176E-00002
 0.3596E-00009  0.1151E-00007  0.1028E-00006  0.3791E-00006  0.5661E-00002  0.6218E-00002  0.4176E-00002
 0.3596E-00009  0.1151E-00007  0.1028E-00006  0.3791E-00006  0.5661E-00002  0.6218E-00002  0.4176E-00002
 0.3596E-00009  0.1151E-00007  0.1028E-00006  0.3791E-00006  0.5661E-00002  0.6218E-00002  0.4176E-00002
 0.3596E-00009  0.1151E-00007  0.1028E-00006  0.3791E-00006  0.5661E-00002  0.6218E-00002  0.4176E-00002
 0.3596E-00009  0.1151E-00007  0.1028E-00006  0.3791E-00006  0.5661E-00002  0.6218E-00002  0.4176E-00002
 0.3596E-00009  0.1151E-00007  0.1028E-00006  0.3791E-00006  0.5661E-00002  0.6218E-00002  0.4176E-00002
 0.3596E-00009  0.1151E-00007  0.1028E-00006  0.3791E-00006  0.5661E-00002  0.6218E-00002  0.4176E-00002
 0.3596E-00009  0.1151E-00007  0.1028E-00006  0.3790E-00006  0.5661E-00002  0.6218E-00002  0.4176E-00002
 0.3596E-00009  0.1151E-00007  0.1028E-00006  0.3790E-00006  0.5661E-00002  0.6218E-00002  0.4176E-00002
 0.3596E-00009  0.1151E-00007  0.1028E-00006  0.3790E-00006  0.5661E-00002  0.6218E-00002  0.4176E-00002
 0.3596E-00009  0.1151E-00007  0.1028E-00006  0.3790E-00006  0.5661E-00002  0.6218E-00002  0.4176E-00002
 0.3596E-00009  0.1151E-00007  0.1028E-00006  0.3790E-00006  0.5661E-00002  0.6218E-00002  0.4176E-00002
 0.3596E-00009  0.1151E-00007  0.1028E-00006  0.3790E-00006  0.5661E-00002  0.6218E-00002  0.4176E-00002
 0.3596E-00009  0.1151E-00007  0.1028E-00006  0.3790E-00006  0.5661E-00002  0.6218E-00002  0.4176E-00002
 0.3596E-00009  0.1151E-00007  0.1028E-00006  0.3790E-00006  0.5661E-00002  0.6218E-00002  0.4176E-00002
 0.3596E-00009  0.1151E-00007  0.1028E-00006  0.3789E-00006  0.5661E-00002  0.6218E-00002  0.4176E-00002
 0.3596E-00009  0.1151E-00007  0.1028E-00006  0.3789E-00006  0.5661E-00002  0.6218E-00002  0.4176E-00002
 0.3596E-00009  0.1151E-00007  0.1028E-00006  0.3789E-00006  0.5661E-00002  0.6218E-00002  0.4176E-00002
 0.3596E-00009  0.1151E-00007  0.1028E-00006  0.3789E-00006  0.5661E-00002  0.6218E-00002  0.4176E-00002
 0.3596E-00009  0.1151E-00007  0.1028E-00006  0.3789E-00006  0.5661E-00002  0.6218E-00002  0.4176E-00002
 0.3596E-00009  0.1151E-00007  0.1028E-00006  0.3789E-00006  0.5661E-00002  0.6218E-00002  0.4176E-00002
 0.3596E-00009  0.1151E-00007  0.1028E-00006  0.3789E-00006  0.5661E-00002  0.6218E-00002  0.4176E-00002
 0.3596E-00009  0.1151E-00007  0.1028E-00006  0.3789E-00006  0.5661E-00002  0.6218E-00002  0.4176E-00002
 0.3596E-00009  0.1151E-00007  0.1028E-00006  0.3789E-00006  0.5661E-00002  0.6218E-00002  0.4176E-00002
 0.3596E-00009  0.1151E-00007  0.1028E-00006  0.3788E-00006  0.5661E-00002  0.6218E-00002  0.4176E-00002
 0.3596E-00009  0.1151E-00007  0.1028E-00006  0.3788E-00006  0.5661E-00002  0.6218E-00002  0.4176E-00002
 0.3596E-00009  0.1151E-00007  0.1028E-00006  0.3788E-00006  0.5661E-00002  0.6218E-00002  0.4176E-00002
 0.3596E-00009  0.1151E-00007  0.1028E-00006  0.3788E-00006  0.5661E-00002  0.6218E-00002  0.4176E-00002
 0.3596E-00009  0.1151E-00007  0.1028E-00006  0.3788E-00006  0.5661E-00002  0.6218E-00002  0.4176E-00002
 0.3596E-00009  0.1151E-00007  0.1028E-00006  0.3788E-00006  0.5661E-00002  0.6218E-00002  0.4176E-00002
 0.3596E-00009  0.1151E-00007  0.1028E-00006  0.3788E-00006  0.5661E-00002  0.6218E-00002  0.4176E-00002
 0.3596E-00009  0.1151E-00007  0.1028E-00006  0.3788E-00006  0.5661E-00002  0.6218E-00002  0.4176E-00002
 0.3596E-00009  0.1151E-00007  0.1028E-00006  0.3787E-00006  0.5661E-00002  0.6218E-00002  0.4176E-00002
 0.3596E-00009  0.1151E-00007  0.1028E-00006  0.3787E-00006  0.5661E-00002  0.6218E-00002  0.4176E-00002
 0.3596E-00009  0.1151E-00007  0.1028E-00006  0.3787E-00006  0.5661E-00002  0.6218E-00002  0.4176E-00002
 0.3596E-00009  0.1151E-00007  0.1028E-00006  0.3787E-00006  0.5661E-00002  0.6218E-00002  0.4176E-00002
 0.3596E-00009  0.1151E-00007  0.1028E-00006  0.3787E-00006  0.5661E-00002  0.6218E-00002  0.4176E-00002
 0.3596E-00009  0.1151E-00007  0.1028E-00006  0.3787E-00006  0.5661E-00002  0.6218E-00002  0.4176E-00002
 0.3596E-00009  0.1151E-00007  0.1028E-00006  0.3787E-00006  0.5661E-00002  0.6218E-00002  0.4176E-00002
 0.3596E-00009  0.1151E-00007  0.1028E-00006  0.3787E-00006  0.5661E-00002  0.6218E-00002  0.4176E-00002
 0.3596E-00009  0.1151E-00007  0.1028E-00006  0.3786E-00006  0.5661E-00002  0.6218E-00002  0.4176E-00002
 0.3596E-00009  0.1151E-00007  0.1028E-00006  0.3786E-00006  0.5661E-00002  0.6218E-00002  0.4176E-00002
 0.3596E-00009  0.1151E-00007  0.1028E-00006  0.3786E-00006  0.5661E-00002  0.6218E-00002  0.4176E-00002
 0.3596E-00009  0.1151E-00007  0.1028E-00006  0.3786E-00006  0.5661E-00002  0.6218E-00002  0.4176E-00002
 0.3596E-00009  0.1151E-00007  0.1028E-00006  0.3786E-00006  0.5661E-00002  0.6218E-00002  0.4176E-00002
 0.3596E-00009  0.1151E-00007  0.1028E-00006  0.3786E-00006  0.5661E-00002  0.6218E-00002  0.4176E-00002
 0.3596E-00009  0.1151E-00007  0.1028E-00006  0.3786E-00006  0.5661E-00002  0.6218E-00002  0.4176E-00002
 0.3596E-00009  0.1151E-00007  0.1028E-00006  0.3786E-00006  0.5661E-00002  0.6218E-00002  0.4176E-00002
 0.3596E-00009  0.1151E-00007  0.1028E-00006  0.3785E-00006  0.5661E-00002  0.6218E-00002  0.4176E-00002
 0.3596E-00009  0.1151E-00007  0.1028E-00006  0.3785E-00006  0.5661E-00002  0.6218E-00002  0.4176E-00002
 0.3596E-00009  0.1151E-00007  0.1028E-00006  0.3785E-00006  0.5661E-00002  0.6218E-00002  0.4176E-00002
 0.3596E-00009  0.1151E-00007  0.1028E-00006  0.3785E-00006  0.5661E-00002  0.6218E-00002  0.4176E-00002
 0.3596E-00009  0.1151E-00007  0.1028E-00006  0.3785E-00006  0.5661E-00002  0.6218E-00002  0.4176E-00002
 0.3596E-00009  0.1151E-00007  0.1028E-00006  0.3785E-00006  0.5661E-00002  0.6218E-00002  0.4176E-00002
 0.3596E-00009  0.1151E-00007  0.1028E-00006  0.3785E-00006  0.5661E-00002  0.6218E-00002  0.4176E-00002
 0.3596E-00009  0.1151E-00007  0.1028E-00006  0.3785E-00006  0.5661E-00002  0.6218E-00002  0.4176E-00002
 0.3596E-00009  0.1151E-00007  0.1028E-00006  0.3784E-00006  0.5661E-00002  0.6218E-00002  0.4176E-00002
 0.3596E-00009  0.1151E-00007  0.1028E-00006  0.3784E-00006  0.5661E-00002  0.6218E-00002  0.4176E-00002
 0.3596E-00009  0.1151E-00007  0.1028E-00006  0.3784E-00006  0.5661E-00002  0.6218E-00002  0.4176E-00002
 0.3596E-00009  0.1151E-00007  0.1028E-00006  0.3784E-00006  0.5661E-00002  0.6218E-00002  0.4176E-00002
 0.3596E-00009  0.1151E-00007  0.1028E-00006  0.3784E-00006  0.5661E-00002  0.6218E-00002  0.4176E-00002
 0.3596E-00009  0.1151E-00007  0.1028E-00006  0.3784E-00006  0.5661E-00002  0.6218E-00002  0.4176E-00002
 0.3596E-00009  0.1151E-00007  0.1028E-00006  0.3784E-00006  0.5661E-00002  0.6218E-00002  0.4176E-00002
 0.3596E-00009  0.1151E-00007  0.1028E-00006  0.3784E-00006  0.5661E-00002  0.6218E-00002  0.4176E-00002
 0.3596E-00009  0.1151E-00007  0.1028E-00006  0.3784E-00006  0.5661E-00002  0.6218E-00002  0.4176E-00002
 0.3596E-00009  0.1151E-00007  0.1028E-00006  0.3783E-00006  0.5661E-00002  0.6218E-00002  0.4176E-00002
 0.3596E-00009  0.1151E-00007  0.1028E-00006  0.3783E-00006  0.5661E-00002  0.6218E-00002  0.4176E-00002
 0.3596E-00009  0.1151E-00007  0.1028E-00006  0.3783E-00006  0.5661E-00002  0.6218E-00002  0.4176E-00002
 0.3596E-00009  0.1151E-00007  0.1028E-00006  0.3783E-00006  0.5661E-00002  0.6218E-00002  0.4176E-00002
 0.3596E-00009  0.1151E-00007  0.1028E-00006  0.3783E-00006  0.5661E-00002  0.6218E-00002  0.4176E-00002
 0.3596E-00009  0.1151E-00007  0.1028E-00006  0.3783E-00006  0.5661E-00002  0.6218E-00002  0.4176E-00002
 0.3596E-00009  0.1151E-00007  0.1028E-00006  0.3783E-00006  0.5661E-00002  0.6218E-00002  0.4176E-00002
 0.3596E-00009  0.1151E-00007  0.1028E-00006  0.3783E-00006  0.5661E-00002  0.6218E-00002  0.4176E-00002
 0.3596E-00009  0.1151E-00007  0.1028E-00006  0.3782E-00006  0.5661E-00002  0.6218E-00002  0.4176E-00002
 0.3596E-00009  0.1151E-00007  0.1028E-00006  0.3782E-00006  0.5661E-00002  0.6218E-00002  0.4176E-00002
 0.3596E-00009  0.1151E-00007  0.1028E-00006  0.3782E-00006  0.5661E-00002  0.6218E-00002  0.4176E-00002
 0.3596E-00009  0.1151E-00007  0.1028E-00006  0.3782E-00006  0.5661E-00002  0.6218E-00002  0.4176E-00002
 0.3596E-00009  0.1151E-00007  0.1028E-00006  0.3782E-00006  0.5661E-00002  0.6218E-00002  0.4176E-00002
 0.3596E-00009  0.1151E-00007  0.1028E-00006  0.3782E-00006  0.5661E-00002  0.6218E-00002  0.4176E-00002
 0.3596E-00009  0.1151E-00007  0.1028E-00006  0.3782E-00006  0.5661E-00002  0.6218E-00002  0.4176E-00002
 0.3596E-00009  0.1151E-00007  0.1028E-00006  0.3782E-00006  0.5661E-00002  0.6218E-00002  0.4176E-00002
 0.3596E-00009  0.1151E-00007  0.1028E-00006  0.3781E-00006  0.5661E-00002  0.6218E-00002  0.4176E-00002
 0.3596E-00009  0.1151E-00007  0.1028E-00006  0.3781E-00006  0.5661E-00002  0.6218E-00002  0.4176E-00002
 0.3596E-00009  0.1151E-00007  0.1028E-00006  0.3781E-00006  0.5661E-00002  0.6218E-00002  0.4176E-00002
 0.3596E-00009  0.1151E-00007  0.1028E-00006  0.3781E-00006  0.5661E-00002  0.6218E-00002  0.4176E-00002
 0.3596E-00009  0.1151E-00007  0.1028E-00006  0.3781E-00006  0.5661E-00002  0.6218E-00002  0.4176E-00002
 0.3596E-00009  0.1151E-00007  0.1028E-00006  0.3781E-00006  0.5661E-00002  0.6218E-00002  0.4176E-00002
 0.3596E-00009  0.1151E-00007  0.1028E-00006  0.3781E-00006  0.5661E-00002  0.6218E-00002  0.4176E-00002
 0.3596E-00009  0.1151E-00007  0.1028E-00006  0.3781E-00006  0.5661E-00002  0.6218E-00002  0.4176E-00002
 0.3596E-00009  0.1151E-00007  0.1028E-00006  0.3780E-00006  0.5661E-00002  0.6218E-00002  0.4176E-00002
 0.3596E-00009  0.1151E-00007  0.1028E-00006  0.3780E-00006  0.5661E-00002  0.6218E-00002  0.4176E-00002
 0.3596E-00009  0.1151E-00007  0.1028E-00006  0.3780E-00006  0.5661E-00002  0.6218E-00002  0.4176E-00002
 0.3596E-00009  0.1151E-00007  0.1028E-00006  0.3780E-00006  0.5661E-00002  0.6218E-00002  0.4176E-00002
 0.3596E-00009  0.1151E-00007  0.1028E-00006  0.3780E-00006  0.5661E-00002  0.6218E-00002  0.4176E-00002
 0.3596E-00009  0.1151E-00007  0.1028E-00006  0.3780E-00006  0.5661E-00002  0.6218E-00002  0.4176E-00002
 0.3596E-00009  0.1151E-00007  0.1028E-00006  0.3780E-00006  0.5661E-00002  0.6218E-00002  0.4176E-00002
 0.3596E-00009  0.1151E-00007  0.1028E-00006  0.3780E-00006  0.5661E-00002  0.6218E-00002  0.4176E-00002
 0.3596E-00009  0.1151E-00007  0.1028E-00006  0.3779E-00006  0.5661E-00002  0.6218E-00002  0.4176E-00002
 0.3596E-00009  0.1151E-00007  0.1028E-00006  0.3779E-00006  0.5661E-00002  0.6218E-00002  0.4176E-00002
 0.3596E-00009  0.1151E-00007  0.1028E-00006  0.3779E-00006  0.5661E-00002  0.6218E-00002  0.4176E-00002
 0.3596E-00009  0.1151E-00007  0.1028E-00006  0.3779E-00006  0.5661E-00002  0.6218E-00002  0.4176E-00002
 0.3596E-00009  0.1151E-00007  0.1028E-00006  0.3779E-00006  0.5661E-00002  0.6218E-00002  0.4176E-00002
 0.3596E-00009  0.1151E-00007  0.1028E-00006  0.3779E-00006  0.5661E-00002  0.6218E-00002  0.4176E-00002
 0.3596E-00009  0.1151E-00007  0.1028E-00006  0.3779E-00006  0.5661E-00002  0.6218E-00002  0.4176E-00002
 0.3596E-00009  0.1151E-00007  0.1028E-00006  0.3779E-00006  0.5661E-00002  0.6218E-00002  0.4176E-00002
 0.3596E-00009  0.1151E-00007  0.1028E-00006  0.3779E-00006  0.5661E-00002  0.6218E-00002  0.4176E-00002
 0.3596E-00009  0.1151E-00007  0.1028E-00006  0.3778E-00006  0.5661E-00002  0.6218E-00002  0.4176E-00002
 0.3596E-00009  0.1151E-00007  0.1028E-00006  0.3778E-00006  0.5661E-00002  0.6218E-00002  0.4176E-00002
 0.3596E-00009  0.1151E-00007  0.1028E-00006  0.3778E-00006  0.5661E-00002  0.6218E-00002  0.4176E-00002
 0.3596E-00009  0.1151E-00007  0.1028E-00006  0.3778E-00006  0.5661E-00002  0.6218E-00002  0.4176E-00002
 0.3596E-00009  0.1151E-00007  0.1028E-00006  0.3778E-00006  0.5661E-00002  0.6218E-00002  0.4176E-00002
 0.3596E-00009  0.1151E-00007  0.1028E-00006  0.3778E-00006  0.5661E-00002  0.6218E-00002  0.4176E-00002
 0.3596E-00009  0.1151E-00007  0.1028E-00006  0.3778E-00006  0.5661E-00002  0.6218E-00002  0.4176E-00002
 0.3596E-00009  0.1151E-00007  0.1028E-00006  0.3778E-00006  0.5661E-00002  0.6218E-00002  0.4176E-00002
 0.3596E-00009  0.1151E-00007  0.1028E-00006  0.3777E-00006  0.5661E-00002  0.6218E-00002  0.4176E-00002
 0.3596E-00009  0.1151E-00007  0.1028E-00006  0.3777E-00006  0.5661E-00002  0.6218E-00002  0.4176E-00002
 0.3596E-00009  0.1151E-00007  0.1028E-00006  0.3777E-00006  0.5661E-00002  0.6218E-00002  0.4176E-00002
 0.3596E-00009  0.1151E-00007  0.1028E-00006  0.3777E-00006  0.5661E-00002  0.6218E-00002  0.4176E-00002
 0.3596E-00009  0.1151E-00007  0.1028E-00006  0.3777E-00006  0.5661E-00002  0.6218E-00002  0.4176E-00002
 0.3596E-00009  0.1151E-00007  0.1028E-00006  0.3777E-00006  0.5661E-00002  0.6218E-00002  0.4176E-00002
 0.3596E-00009  0.1151E-00007  0.1028E-00006  0.3777E-00006  0.5661E-00002  0.6218E-00002  0.4176E-00002
 0.3596E-00009  0.1151E-00007  0.1028E-00006  0.3777E-00006  0.5661E-00002  0.6218E-00002  0.4176E-00002
 0.3596E-00009  0.1151E-00007  0.1028E-00006  0.3776E-00006  0.5661E-00002  0.6218E-00002  0.4176E-00002
 0.3596E-00009  0.1151E-00007  0.1028E-00006  0.3776E-00006  0.5661E-00002  0.6218E-00002  0.4176E-00002
 0.3596E-00009  0.1151E-00007  0.1028E-00006  0.3776E-00006  0.5661E-00002  0.6218E-00002  0.4176E-00002
 0.3596E-00009  0.1151E-00007  0.1028E-00006  0.3776E-00006  0.5661E-00002  0.6218E-00002  0.4176E-00002
 0.3596E-00009  0.1151E-00007  0.1028E-00006  0.3776E-00006  0.5661E-00002  0.6218E-00002  0.4176E-00002
 0.3596E-00009  0.1151E-00007  0.1028E-00006  0.3776E-00006  0.5661E-00002  0.6218E-00002  0.4176E-00002
 0.3596E-00009  0.1151E-00007  0.1028E-00006  0.3776E-00006  0.5661E-00002  0.6218E-00002  0.4176E-00002
 0.3596E-00009  0.1151E-00007  0.1028E-00006  0.3776E-00006  0.5661E-00002  0.6218E-00002  0.4176E-00002
 0.3596E-00009  0.1151E-00007  0.1028E-00006  0.3775E-00006  0.5661E-00002  0.6218E-00002  0.4176E-00002
 0.3596E-00009  0.1151E-00007  0.1028E-00006  0.3775E-00006  0.5661E-00002  0.6218E-00002  0.4176E-00002
 0.3596E-00009  0.1151E-00007  0.1028E-00006  0.3775E-00006  0.5661E-00002  0.6218E-00002  0.4176E-00002
 0.3596E-00009  0.1151E-00007  0.1028E-00006  0.3775E-00006  0.5661E-00002  0.6218E-00002  0.4176E-00002
 0.3596E-00009  0.1151E-00007  0.1028E-00006  0.3775E-00006  0.5661E-00002  0.6218E-00002  0.4176E-00002
 0.3596E-00009  0.1151E-00007  0.1028E-00006  0.3775E-00006  0.5661E-00002  0.6218E-00002  0.4176E-00002
 0.3596E-00009  0.1151E-00007  0.1028E-00006  0.3775E-00006  0.5661E-00002  0.6218E-00002  0.4176E-00002
 0.3596E-00009  0.1151E-00007  0.1028E-00006  0.3775E-00006  0.5661E-00002  0.6218E-00002  0.4176E-00002
 0.3596E-00009  0.1151E-00007  0.1028E-00006  0.3775E-00006  0.5661E-00002  0.6218E-00002  0.4176E-00002
 0.3596E-00009  0.1151E-00007  0.1028E-00006  0.3774E-00006  0.5661E-00002  0.6218E-00002  0.4176E-00002
 0.3596E-00009  0.1151E-00007  0.1028E-00006  0.3774E-00006  0.5661E-00002  0.6218E-00002  0.4176E-00002
 0.3596E-00009  0.1151E-00007  0.1028E-00006  0.3774E-00006  0.5661E-00002  0.6218E-00002  0.4176E-00002
 0.3596E-00009  0.1151E-00007  0.1028E-00006  0.3774E-00006  0.5661E-00002  0.6218E-00002  0.4176E-00002
 0.3596E-00009  0.1151E-00007  0.1028E-00006  0.3774E-00006  0.5661E-00002  0.6218E-00002  0.4176E-00002
 0.3596E-00009  0.1151E-00007  0.1028E-00006  0.3774E-00006  0.5661E-00002  0.6218E-00002  0.4176E-00002
 0.3596E-00009  0.1151E-00007  0.1028E-00006  0.3774E-00006  0.5661E-00002  0.6218E-00002  0.4176E-00002
 0.3596E-00009  0.1151E-00007  0.1028E-00006  0.3774E-00006  0.5661E-00002  0.6218E-00002  0.4176E-00002
 0.3596E-00009  0.1151E-00007  0.1028E-00006  0.3773E-00006  0.5661E-00002  0.6218E-00002  0.4176E-00002
 0.3596E-00009  0.1151E-00007  0.1028E-00006  0.3773E-00006  0.5661E-00002  0.6218E-00002  0.4176E-00002
 0.3596E-00009  0.1151E-00007  0.1028E-00006  0.3773E-00006  0.5661E-00002  0.6218E-00002  0.4176E-00002
 0.3596E-00009  0.1151E-00007  0.1028E-00006  0.3773E-00006  0.5661E-00002  0.6218E-00002  0.4176E-00002
 0.3596E-00009  0.1151E-00007  0.1028E-00006  0.3773E-00006  0.5661E-00002  0.6218E-00002  0.4176E-00002
 0.3596E-00009  0.1151E-00007  0.1028E-00006  0.3773E-00006  0.5661E-00002  0.6218E-00002  0.4176E-00002
 0.3596E-00009  0.1151E-00007  0.1028E-00006  0.3773E-00006  0.5661E-00002  0.6218E-00002  0.4176E-00002
 0.3596E-00009  0.1151E-00007  0.1028E-00006  0.3773E-00006  0.5661E-00002  0.6218E-00002  0.4176E-00002
 0.3596E-00009  0.1151E-00007  0.1028E-00006  0.3772E-00006  0.5661E-00002  0.6218E-00002  0.4176E-00002
 0.3596E-00009  0.1151E-00007  0.1028E-00006  0.3772E-00006  0.5661E-00002  0.6218E-00002  0.4176E-00002
 0.3596E-00009  0.1151E-00007  0.1028E-00006  0.3772E-00006  0.5661E-00002  0.6218E-00002  0.4176E-00002
 0.3596E-00009  0.1151E-00007  0.1028E-00006  0.3772E-00006  0.5661E-00002  0.6218E-00002  0.4176E-00002
 0.3596E-00009  0.1151E-00007  0.1028E-00006  0.3772E-00006  0.5661E-00002  0.6218E-00002  0.4176E-00002
 0.3596E-00009  0.1151E-00007  0.1028E-00006  0.3772E-00006  0.5661E-00002  0.6218E-00002  0.4176E-00002
 0.3596E-00009  0.1151E-00007  0.1028E-00006  0.3772E-00006  0.5661E-00002  0.6218E-00002  0.4176E-00002
 0.3596E-00009  0.1151E-00007  0.1028E-00006  0.3772E-00006  0.5661E-00002  0.6218E-00002  0.4176E-00002
 0.3596E-00009  0.1151E-00007  0.1028E-00006  0.3771E-00006  0.5661E-00002  0.6218E-00002  0.4176E-00002
 0.3596E-00009  0.1151E-00007  0.1028E-00006  0.3771E-00006  0.5661E-00002  0.6218E-00002  0.4176E-00002
 0.3596E-00009  0.1151E-00007  0.1028E-00006  0.3771E-00006  0.5661E-00002  0.6218E-00002  0.4176E-00002
 0.3596E-00009  0.1151E-00007  0.1028E-00006  0.3771E-00006  0.5661E-00002  0.6218E-00002  0.4176E-00002
 0.3596E-00009  0.1151E-00007  0.1028E-00006  0.3771E-00006  0.5661E-00002  0.6218E-00002  0.4176E-00002
 0.3596E-00009  0.1151E-00007  0.1028E-00006  0.3771E-00006  0.5661E-00002  0.6218E-00002  0.4176E-00002
 0.3596E-00009  0.1151E-00007  0.1028E-00006  0.3771E-00006  0.5661E-00002  0.6218E-00002  0.4176E-00002
 0.3596E-00009  0.1151E-00007  0.1028E-00006  0.3771E-00006  0.5661E-00002  0.6218E-00002  0.4176E-00002
 0.3596E-00009  0.1151E-00007  0.1028E-00006  0.3771E-00006  0.5661E-00002  0.6218E-00002  0.4176E-00002
 0.3596E-00009  0.1151E-00007  0.1028E-00006  0.3770E-00006  0.5661E-00002  0.6218E-00002  0.4176E-00002
 0.3596E-00009  0.1151E-00007  0.1028E-00006  0.3770E-00006  0.5661E-00002  0.6218E-00002  0.4176E-00002
 0.3596E-00009  0.1151E-00007  0.1028E-00006  0.3770E-00006  0.5661E-00002  0.6218E-00002  0.4176E-00002
 0.3596E-00009  0.1151E-00007  0.1028E-00006  0.3770E-00006  0.5661E-00002  0.6218E-00002  0.4176E-00002
 0.3596E-00009  0.1151E-00007  0.1028E-00006  0.3770E-00006  0.5661E-00002  0.6218E-00002  0.4176E-00002
 0.3596E-00009  0.1151E-00007  0.1028E-00006  0.3770E-00006  0.5661E-00002  0.6218E-00002  0.4176E-00002
 0.3596E-00009  0.1151E-00007  0.1028E-00006  0.3770E-00006  0.5661E-00002  0.6218E-00002  0.4176E-00002
 0.3596E-00009  0.1151E-00007  0.1028E-00006  0.3770E-00006  0.5661E-00002  0.6218E-00002  0.4176E-00002
 0.3596E-00009  0.1151E-00007  0.1028E-00006  0.3769E-00006  0.5661E-00002  0.6218E-00002  0.4176E-00002
 0.3596E-00009  0.1151E-00007  0.1028E-00006  0.3769E-00006  0.5661E-00002  0.6218E-00002  0.4176E-00002
 0.3596E-00009  0.1151E-00007  0.1028E-00006  0.3769E-00006  0.5661E-00002  0.6218E-00002  0.4176E-00002
 0.3596E-00009  0.1151E-00007  0.1028E-00006  0.3769E-00006  0.5661E-00002  0.6218E-00002  0.4176E-00002
 0.3596E-00009  0.1151E-00007  0.1028E-00006  0.3769E-00006  0.5661E-00002  0.6218E-00002  0.4176E-00002
 0.3596E-00009  0.1151E-00007  0.1028E-00006  0.3769E-00006  0.5661E-00002  0.6218E-00002  0.4176E-00002
 0.3596E-00009  0.1151E-00007  0.1028E-00006  0.3769E-00006  0.5661E-00002  0.6218E-00002  0.4176E-00002
 0.3596E-00009  0.1151E-00007  0.1028E-00006  0.3769E-00006  0.5661E-00002  0.6218E-00002  0.4176E-00002
 0.3596E-00009  0.1151E-00007  0.1028E-00006  0.3768E-00006  0.5661E-00002  0.6218E-00002  0.4176E-00002
 0.3596E-00009  0.1151E-00007  0.1028E-00006  0.3768E-00006  0.5661E-00002  0.6218E-00002  0.4176E-00002
 0.3596E-00009  0.1151E-00007  0.1028E-00006  0.3768E-00006  0.5661E-00002  0.6218E-00002  0.4176E-00002
 0.3596E-00009  0.1151E-00007  0.1028E-00006  0.3768E-00006  0.5661E-00002  0.6218E-00002  0.4176E-00002
 0.3596E-00009  0.1151E-00007  0.1028E-00006  0.3768E-00006  0.5661E-00002  0.6218E-00002  0.4176E-00002
 0.3596E-00009  0.1151E-00007  0.1028E-00006  0.3768E-00006  0.5661E-00002  0.6218E-00002  0.4176E-00002
 0.3596E-00009  0.1151E-00007  0.1028E-00006  0.3768E-00006  0.5661E-00002  0.6218E-00002  0.4176E-00002
 0.3596E-00009  0.1151E-00007  0.1028E-00006  0.3768E-00006  0.5661E-00002  0.6218E-00002  0.4176E-00002
 0.3596E-00009  0.1151E-00007  0.1028E-00006  0.3768E-00006  0.5661E-00002  0.6218E-00002  0.4176E-00002
 0.3596E-00009  0.1151E-00007  0.1028E-00006  0.3767E-00006  0.5661E-00002  0.6218E-00002  0.4176E-00002
 0.3596E-00009  0.1151E-00007  0.1028E-00006  0.3767E-00006  0.5661E-00002  0.6218E-00002  0.4176E-00002
 0.3596E-00009  0.1151E-00007  0.1028E-00006  0.3767E-00006  0.5661E-00002  0.6218E-00002  0.4176E-00002
 0.3596E-00009  0.1151E-00007  0.1028E-00006  0.3767E-00006  0.5661E-00002  0.6218E-00002  0.4176E-00002
 0.3596E-00009  0.1151E-00007  0.1028E-00006  0.3767E-00006  0.5661E-00002  0.6218E-00002  0.4176E-00002
 0.3596E-00009  0.1151E-00007  0.1028E-00006  0.3767E-00006  0.5661E-00002  0.6218E-00002  0.4176E-00002
 0.3596E-00009  0.1151E-00007  0.1028E-00006  0.3767E-00006  0.5661E-00002  0.6218E-00002  0.4176E-00002
 0.3596E-00009  0.1151E-00007  0.1028E-00006  0.3767E-00006  0.5661E-00002  0.6218E-00002  0.4176E-00002
 0.3596E-00009  0.1151E-00007  0.1028E-00006  0.3766E-00006  0.5661E-00002  0.6218E-00002  0.4176E-00002
 0.3596E-00009  0.1151E-00007  0.1028E-00006  0.3766E-00006  0.5661E-00002  0.6218E-00002  0.4176E-00002
 0.3596E-00009  0.1151E-00007  0.1028E-00006  0.3766E-00006  0.5661E-00002  0.6218E-00002  0.4176E-00002
 0.3596E-00009  0.1151E-00007  0.1028E-00006  0.3766E-00006  0.5661E-00002  0.6218E-00002  0.4176E-00002
 0.3596E-00009  0.1151E-00007  0.1028E-00006  0.3766E-00006  0.5661E-00002  0.6218E-00002  0.4176E-00002
 0.3596E-00009  0.1151E-00007  0.1028E-00006  0.3766E-00006  0.5661E-00002  0.6218E-00002  0.4176E-00002
 0.3596E-00009  0.1151E-00007  0.1028E-00006  0.3766E-00006  0.5661E-00002  0.6218E-00002  0.4176E-00002
 0.3596E-00009  0.1151E-00007  0.1028E-00006  0.3766E-00006  0.5661E-00002  0.6218E-00002  0.4176E-00002
 0.3596E-00009  0.1151E-00007  0.1028E-00006  0.3765E-00006  0.5661E-00002  0.6218E-00002  0.4176E-00002
 0.3596E-00009  0.1151E-00007  0.1028E-00006  0.3765E-00006  0.5661E-00002  0.6218E-00002  0.4176E-00002
 0.3596E-00009  0.1151E-00007  0.1028E-00006  0.3765E-00006  0.5661E-00002  0.6218E-00002  0.4176E-00002
 0.3596E-00009  0.1151E-00007  0.1028E-00006  0.3765E-00006  0.5661E-00002  0.6218E-00002  0.4176E-00002
 0.3596E-00009  0.1151E-00007  0.1028E-00006  0.3765E-00006  0.5661E-00002  0.6218E-00002  0.4176E-00002
 0.3596E-00009  0.1151E-00007  0.1028E-00006  0.3765E-00006  0.5661E-00002  0.6218E-00002  0.4176E-00002
 0.3596E-00009  0.1151E-00007  0.1028E-00006  0.3765E-00006  0.5661E-00002  0.6218E-00002  0.4176E-00002
 0.3596E-00009  0.1151E-00007  0.1028E-00006  0.3765E-00006  0.5661E-00002  0.6218E-00002  0.4176E-00002
 0.3596E-00009  0.1151E-00007  0.1028E-00006  0.3765E-00006  0.5661E-00002  0.6218E-00002  0.4176E-00002
 0.3596E-00009  0.1151E-00007  0.1028E-00006  0.3764E-00006  0.5661E-00002  0.6218E-00002  0.4176E-00002
 0.3596E-00009  0.1151E-00007  0.1028E-00006  0.3764E-00006  0.5661E-00002  0.6218E-00002  0.4176E-00002
 0.3596E-00009  0.1151E-00007  0.1028E-00006  0.3764E-00006  0.5661E-00002  0.6218E-00002  0.4176E-00002
 0.3596E-00009  0.1151E-00007  0.1028E-00006  0.3764E-00006  0.5661E-00002  0.6218E-00002  0.4176E-00002
 0.3596E-00009  0.1151E-00007  0.1028E-00006  0.3764E-00006  0.5661E-00002  0.6218E-00002  0.4176E-00002
 0.3596E-00009  0.1151E-00007  0.1028E-00006  0.3764E-00006  0.5661E-00002  0.6218E-00002  0.4176E-00002
 0.3596E-00009  0.1151E-00007  0.1028E-00006  0.3764E-00006  0.5661E-00002  0.6218E-00002  0.4176E-00002
 0.3596E-00009  0.1151E-00007  0.1028E-00006  0.3764E-00006  0.5661E-00002  0.6218E-00002  0.4176E-00002
 0.3596E-00009  0.1151E-00007  0.1028E-00006  0.3763E-00006  0.5661E-00002  0.6218E-00002  0.4176E-00002
 0.3596E-00009  0.1151E-00007  0.1028E-00006  0.3763E-00006  0.5661E-00002  0.6218E-00002  0.4176E-00002
 0.3596E-00009  0.1151E-00007  0.1028E-00006  0.3763E-00006  0.5661E-00002  0.6218E-00002  0.4176E-00002
 0.3596E-00009  0.1151E-00007  0.1028E-00006  0.3763E-00006  0.5661E-00002  0.6218E-00002  0.4176E-00002
 0.3596E-00009  0.1151E-00007  0.1028E-00006  0.3763E-00006  0.5661E-00002  0.6218E-00002  0.4176E-00002
 0.3596E-00009  0.1151E-00007  0.1028E-00006  0.3763E-00006  0.5661E-00002  0.6218E-00002  0.4176E-00002
 0.3596E-00009  0.1151E-00007  0.1028E-00006  0.3763E-00006  0.5661E-00002  0.6218E-00002  0.4176E-00002
 0.3596E-00009  0.1151E-00007  0.1028E-00006  0.3763E-00006  0.0000E+00000  0.6218E-00002  0.4176E-00002
 0.3596E-00009  0.1151E-00007  0.1028E-00006  0.3762E-00006  0.0000E+00000  0.6218E-00002  0.4176E-00002
 0.3596E-00009  0.1151E-00007  0.1028E-00006  0.3762E-00006  0.0000E+00000  0.6218E-00002  0.4176E-00002
 0.3596E-00009  0.1151E-00007  0.1028E-00006  0.3762E-00006  0.0000E+00000  0.6218E-00002  0.4176E-00002
 0.3596E-00009  0.1151E-00007  0.1028E-00006  0.3762E-00006  0.0000E+00000  0.6218E-00002  0.4176E-00002
 0.3596E-00009  0.1151E-00007  0.1028E-00006  0.3762E-00006  0.0000E+00000  0.6218E-00002  0.4176E-00002
 0.3596E-00009  0.1151E-00007  0.1028E-00006  0.3762E-00006  0.0000E+00000  0.6218E-00002  0.4176E-00002
 0.3596E-00009  0.1151E-00007  0.1028E-00006  0.3762E-00006  0.0000E+00000  0.6218E-00002  0.4176E-00002
 0.3596E-00009  0.1151E-00007  0.1028E-00006  0.3762E-00006  0.0000E+00000  0.6218E-00002  0.4176E-00002
 0.3596E-00009  0.1151E-00007  0.1028E-00006  0.3762E-00006  0.0000E+00000  0.6218E-00002  0.4176E-00002
 0.3596E-00009  0.1151E-00007  0.1028E-00006  0.3761E-00006  0.0000E+00000  0.6218E-00002  0.4176E-00002
 0.3596E-00009  0.1151E-00007  0.1028E-00006  0.3761E-00006  0.0000E+00000  0.6218E-00002  0.4176E-00002
 0.3596E-00009  0.1151E-00007  0.1028E-00006  0.3761E-00006  0.0000E+00000  0.6218E-00002  0.4176E-00002
 0.3596E-00009  0.1151E-00007  0.1028E-00006  0.3761E-00006  0.0000E+00000  0.6218E-00002  0.4176E-00002
 0.3596E-00009  0.1151E-00007  0.1028E-00006  0.3761E-00006  0.0000E+00000  0.6218E-00002  0.4176E-00002
 0.3596E-00009  0.1151E-00007  0.1028E-00006  0.3761E-00006  0.0000E+00000  0.6218E-00002  0.4176E-00002
 0.3596E-00009  0.1151E-00007  0.1028E-00006  0.3761E-00006  0.0000E+00000  0.6218E-00002  0.4176E-00002
 0.3596E-00009  0.1151E-00007  0.1028E-00006  0.3761E-00006  0.0000E+00000  0.6218E-00002  0.4176E-00002
 0.3596E-00009  0.1151E-00007  0.1028E-00006  0.3760E-00006  0.0000E+00000  0.6218E-00002  0.4176E-00002
 0.3596E-00009  0.1151E-00007  0.1028E-00006  0.3760E-00006  0.0000E+00000  0.6218E-00002  0.4176E-00002
 0.3596E-00009  0.1151E-00007  0.1028E-00006  0.3760E-00006  0.0000E+00000  0.6218E-00002  0.4176E-00002
 0.3596E-00009  0.1151E-00007  0.1028E-00006  0.3760E-00006  0.0000E+00000  0.6218E-00002  0.4176E-00002
 0.3596E-00009  0.1151E-00007  0.1028E-00006  0.3760E-00006  0.0000E+00000  0.6218E-00002  0.4176E-00002
 0.3596E-00009  0.1151E-00007  0.1028E-00006  0.3760E-00006  0.0000E+00000  0.6218E-00002  0.4176E-00002
 0.3596E-00009  0.1151E-00007  0.1028E-00006  0.3760E-00006  0.0000E+00000  0.6218E-00002  0.4176E-00002
 0.3596E-00009  0.1151E-00007  0.1028E-00006  0.3760E-00006  0.0000E+00000  0.6218E-00002  0.4176E-00002
 0.3596E-00009  0.1151E-00007  0.1028E-00006  0.3759E-00006  0.0000E+00000  0.6218E-00002  0.4176E-00002
 0.3596E-00009  0.1151E-00007  0.1028E-00006  0.3759E-00006  0.0000E+00000  0.6218E-00002  0.4176E-00002
 0.3596E-00009  0.1151E-00007  0.1028E-00006  0.3759E-00006  0.0000E+00000  0.6218E-00002  0.4176E-00002
 0.3596E-00009  0.1151E-00007  0.1028E-00006  0.3759E-00006  0.0000E+00000  0.6218E-00002  0.4176E-00002
 0.3596E-00009  0.1151E-00007  0.1028E-00006  0.3759E-00006  0.0000E+00000  0.6218E-00002  0.4176E-00002
 0.3596E-00009  0.1151E-00007  0.1028E-00006  0.3759E-00006  0.0000E+00000  0.6218E-00002  0.4176E-00002
 0.3596E-00009  0.1151E-00007  0.1028E-00006  0.3759E-00006  0.0000E+00000  0.6218E-00002  0.4176E-00002
 0.3596E-00009  0.1151E-00007  0.1028E-00006  0.3759E-00006  0.0000E+00000  0.6218E-00002  0.4176E-00002
 0.3596E-00009  0.1151E-00007  0.1028E-00006  0.3759E-00006  0.0000E+00000  0.6218E-00002  0.4176E-00002
 0.3596E-00009  0.1151E-00007  0.1028E-00006  0.3758E-00006  0.0000E+00000  0.6218E-00002  0.4176E-00002
 0.3596E-00009  0.1151E-00007  0.1028E-00006  0.3758E-00006  0.0000E+00000  0.6218E-00002  0.4176E-00002
 0.3596E-00009  0.1151E-00007  0.1028E-00006  0.3758E-00006  0.0000E+00000  0.6218E-00002  0.4176E-00002
 0.3596E-00009  0.1151E-00007  0.1028E-00006  0.3758E-00006  0.0000E+00000  0.6218E-00002  0.4176E-00002
 0.3596E-00009  0.1151E-00007  0.1028E-00006  0.3758E-00006  0.0000E+00000  0.6218E-00002  0.4176E-00002
 0.3596E-00009  0.1151E-00007  0.1028E-00006  0.3758E-00006  0.0000E+00000  0.6218E-00002  0.4176E-00002
 0.3596E-00009  0.1151E-00007  0.1028E-00006  0.3758E-00006  0.0000E+00000  0.6218E-00002  0.4176E-00002
 0.3596E-00009  0.1151E-00007  0.1028E-00006  0.3758E-00006  0.0000E+00000  0.6218E-00002  0.4176E-00002
 0.3596E-00009  0.1151E-00007  0.1028E-00006  0.3757E-00006  0.0000E+00000  0.6218E-00002  0.4176E-00002
 0.3596E-00009  0.1151E-00007  0.1028E-00006  0.3757E-00006  0.0000E+00000  0.6218E-00002  0.4176E-00002
 0.3596E-00009  0.1151E-00007  0.1028E-00006  0.3757E-00006  0.0000E+00000  0.6218E-00002  0.4176E-00002
 0.3596E-00009  0.1151E-00007  0.1028E-00006  0.3757E-00006  0.0000E+00000  0.6218E-00002  0.4176E-00002
 0.3596E-00009  0.1151E-00007  0.1028E-00006  0.3757E-00006  0.0000E+00000  0.6218E-00002  0.4176E-00002
 0.3596E-00009  0.1151E-00007  0.1028E-00006  0.3757E-00006  0.0000E+00000  0.6218E-00002  0.4176E-00002
 0.3596E-00009  0.1151E-00007  0.1028E-00006  0.3757E-00006  0.0000E+00000  0.6218E-00002  0.4176E-00002
 0.3596E-00009  0.1151E-00007  0.1028E-00006  0.3757E-00006  0.0000E+00000  0.6218E-00002  0.4176E-00002
 0.3596E-00009  0.1151E-00007  0.1028E-00006  0.3756E-00006  0.0000E+00000  0.6218E-00002  0.4176E-00002
 0.3596E-00009  0.1151E-00007  0.1028E-00006  0.3756E-00006  0.0000E+00000  0.6218E-00002  0.4176E-00002
 0.3596E-00009  0.1151E-00007  0.1028E-00006  0.3756E-00006  0.0000E+00000  0.6218E-00002  0.4176E-00002
 0.3596E-00009  0.1151E-00007  0.1028E-00006  0.3756E-00006  0.0000E+00000  0.6218E-00002  0.4176E-00002
 0.3596E-00009  0.1151E-00007  0.1028E-00006  0.3756E-00006  0.0000E+00000  0.6218E-00002  0.4176E-00002
 0.3596E-00009  0.1151E-00007  0.1028E-00006  0.3756E-00006  0.0000E+00000  0.6218E-00002  0.4176E-00002
 0.3596E-00009  0.1151E-00007  0.1028E-00006  0.3756E-00006  0.0000E+00000  0.6218E-00002  0.4176E-00002
 0.3596E-00009  0.1151E-00007  0.1028E-00006  0.3756E-00006  0.0000E+00000  0.6218E-00002  0.4176E-00002
 0.3596E-00009  0.1151E-00007  0.1028E-00006  0.3756E-00006  0.0000E+00000  0.6218E-00002  0.4176E-00002
 0.3596E-00009  0.1151E-00007  0.1028E-00006  0.3755E-00006  0.0000E+00000  0.6218E-00002  0.4176E-00002
 0.3596E-00009  0.1151E-00007  0.1028E-00006  0.3755E-00006  0.0000E+00000  0.6218E-00002  0.4176E-00002
 0.3596E-00009  0.1151E-00007  0.1028E-00006  0.3755E-00006  0.0000E+00000  0.6218E-00002  0.4176E-00002
 0.3596E-00009  0.1151E-00007  0.1028E-00006  0.3755E-00006  0.0000E+00000  0.6218E-00002  0.4176E-00002
 0.3596E-00009  0.1151E-00007  0.1028E-00006  0.3755E-00006  0.0000E+00000  0.6218E-00002  0.4176E-00002
 0.3596E-00009  0.1151E-00007  0.1028E-00006  0.3755E-00006  0.0000E+00000  0.6218E-00002  0.4176E-00002
 0.3596E-00009  0.1151E-00007  0.1028E-00006  0.3755E-00006  0.0000E+00000  0.6218E-00002  0.4176E-00002
 0.3596E-00009  0.1151E-00007  0.1028E-00006  0.3755E-00006  0.0000E+00000  0.6218E-00002  0.4176E-00002
 0.3596E-00009  0.1151E-00007  0.1028E-00006  0.3754E-00006  0.0000E+00000  0.6218E-00002  0.4176E-00002
 0.3596E-00009  0.1151E-00007  0.1028E-00006  0.3754E-00006  0.0000E+00000  0.6218E-00002  0.4176E-00002
 0.3596E-00009  0.1151E-00007  0.1028E-00006  0.3754E-00006  0.0000E+00000  0.6218E-00002  0.4176E-00002
 0.3596E-00009  0.1151E-00007  0.1028E-00006  0.3754E-00006  0.0000E+00000  0.6218E-00002  0.4176E-00002
 0.3596E-00009  0.1151E-00007  0.1028E-00006  0.3754E-00006  0.0000E+00000  0.6218E-00002  0.4176E-00002
 0.3596E-00009  0.1151E-00007  0.1028E-00006  0.3754E-00006  0.0000E+00000  0.6218E-00002  0.4176E-00002
 0.3596E-00009  0.1151E-00007  0.1028E-00006  0.3754E-00006  0.0000E+00000  0.6218E-00002  0.4176E-00002
 0.3596E-00009  0.1151E-00007  0.1028E-00006  0.3754E-00006  0.0000E+00000  0.6218E-00002  0.4176E-00002
 0.3596E-00009  0.1151E-00007  0.1028E-00006  0.3754E-00006  0.0000E+00000  0.6218E-00002  0.4176E-00002
 0.3596E-00009  0.1151E-00007  0.1028E-00006  0.3753E-00006  0.0000E+00000  0.6218E-00002  0.4176E-00002
 0.3596E-00009  0.1151E-00007  0.1028E-00006  0.3753E-00006  0.0000E+00000  0.6218E-00002  0.4176E-00002
 0.3596E-00009  0.1151E-00007  0.1028E-00006  0.3753E-00006  0.0000E+00000  0.6218E-00002  0.4176E-00002
 0.3596E-00009  0.1151E-00007  0.1028E-00006  0.3753E-00006  0.0000E+00000  0.6218E-00002  0.4176E-00002
 0.3596E-00009  0.1151E-00007  0.1028E-00006  0.3753E-00006  0.0000E+00000  0.6218E-00002  0.4176E-00002
 0.3596E-00009  0.1151E-00007  0.1028E-00006  0.3753E-00006  0.0000E+00000  0.6218E-00002  0.4176E-00002
 0.3596E-00009  0.1151E-00007  0.1028E-00006  0.3753E-00006  0.0000E+00000  0.6218E-00002  0.4176E-00002
 0.3596E-00009  0.1151E-00007  0.1028E-00006  0.3753E-00006  0.0000E+00000  0.6218E-00002  0.4176E-00002
 0.3596E-00009  0.1151E-00007  0.1028E-00006  0.3752E-00006  0.0000E+00000  0.6218E-00002  0.4176E-00002
 0.3596E-00009  0.1151E-00007  0.1028E-00006  0.3752E-00006  0.0000E+00000  0.6218E-00002  0.4176E-00002
 0.3596E-00009  0.1151E-00007  0.1028E-00006  0.3752E-00006  0.0000E+00000  0.6218E-00002  0.4176E-00002
 0.3596E-00009  0.1151E-00007  0.1028E-00006  0.3752E-00006  0.0000E+00000  0.6218E-00002  0.4176E-00002
 0.3596E-00009  0.1151E-00007  0.1028E-00006  0.3752E-00006  0.0000E+00000  0.6218E-00002  0.4176E-00002
 0.3596E-00009  0.1151E-00007  0.1028E-00006  0.3752E-00006  0.0000E+00000  0.6218E-00002  0.4176E-00002
 0.3596E-00009  0.1151E-00007  0.1028E-00006  0.3752E-00006  0.0000E+00000  0.6218E-00002  0.4176E-00002
 0.3596E-00009  0.1151E-00007  0.1028E-00006  0.3752E-00006  0.0000E+00000  0.6218E-00002  0.4176E-00002
 0.3596E-00009  0.1151E-00007  0.1028E-00006  0.3751E-00006  0.0000E+00000  0.6218E-00002  0.4176E-00002
 0.3596E-00009  0.1151E-00007  0.1028E-00006  0.3751E-00006  0.0000E+00000  0.6218E-00002  0.4176E-00002
 0.3596E-00009  0.1151E-00007  0.1028E-00006  0.3751E-00006  0.0000E+00000  0.6218E-00002  0.4176E-00002
 0.3596E-00009  0.1151E-00007  0.1028E-00006  0.3751E-00006  0.0000E+00000  0.6218E-00002  0.4176E-00002
 0.3596E-00009  0.1151E-00007  0.1028E-00006  0.3751E-00006  0.0000E+00000  0.6218E-00002  0.4176E-00002
 0.3596E-00009  0.1151E-00007  0.1028E-00006  0.3751E-00006  0.0000E+00000  0.6218E-00002  0.0000E+00000
 0.3596E-00009  0.1151E-00007  0.1028E-00006  0.3751E-00006  0.0000E+00000  0.6218E-00002  0.0000E+00000
 0.3596E-00009  0.1151E-00007  0.1028E-00006  0.3751E-00006  0.0000E+00000  0.6218E-00002  0.0000E+00000
 0.3596E-00009  0.1151E-00007  0.1028E-00006  0.3751E-00006  0.0000E+00000  0.6218E-00002  0.0000E+00000
 0.3596E-00009  0.1151E-00007  0.1028E-00006  0.3750E-00006  0.0000E+00000  0.6218E-00002  0.0000E+00000
 0.3596E-00009  0.1151E-00007  0.1028E-00006  0.3750E-00006  0.0000E+00000  0.6218E-00002  0.0000E+00000
 0.3596E-00009  0.1151E-00007  0.1028E-00006  0.3750E-00006  0.0000E+00000  0.6218E-00002  0.0000E+00000
 0.3596E-00009  0.1151E-00007  0.1028E-00006  0.3750E-00006  0.0000E+00000  0.6218E-00002  0.0000E+00000
 0.3596E-00009  0.1151E-00007  0.1028E-00006  0.3750E-00006  0.0000E+00000  0.6218E-00002  0.0000E+00000
 0.3596E-00009  0.1151E-00007  0.1028E-00006  0.3750E-00006  0.0000E+00000  0.6218E-00002  0.0000E+00000
 0.3596E-00009  0.1151E-00007  0.1028E-00006  0.3750E-00006  0.0000E+00000  0.6218E-00002  0.0000E+00000
 0.3596E-00009  0.1151E-00007  0.1028E-00006  0.3750E-00006  0.0000E+00000  0.6218E-00002  0.0000E+00000
 0.3596E-00009  0.1151E-00007  0.1028E-00006  0.3749E-00006  0.0000E+00000  0.6218E-00002  0.0000E+00000
 0.3596E-00009  0.1151E-00007  0.1028E-00006  0.3749E-00006  0.0000E+00000  0.6218E-00002  0.0000E+00000
 0.3596E-00009  0.1151E-00007  0.1028E-00006  0.3749E-00006  0.0000E+00000  0.6218E-00002  0.0000E+00000
 0.3596E-00009  0.1151E-00007  0.1028E-00006  0.3749E-00006  0.0000E+00000  0.6218E-00002  0.0000E+00000
 0.3596E-00009  0.1151E-00007  0.1028E-00006  0.3749E-00006  0.0000E+00000  0.6218E-00002  0.0000E+00000
 0.3596E-00009  0.1151E-00007  0.1028E-00006  0.3749E-00006  0.0000E+00000  0.6218E-00002  0.0000E+00000
 0.3596E-00009  0.1151E-00007  0.1028E-00006  0.3749E-00006  0.0000E+00000  0.6218E-00002  0.0000E+00000
 0.3596E-00009  0.1151E-00007  0.1028E-00006  0.3749E-00006  0.0000E+00000  0.6218E-00002  0.0000E+00000
 0.3596E-00009  0.1151E-00007  0.1028E-00006  0.3749E-00006  0.0000E+00000  0.6218E-00002  0.0000E+00000
 0.3596E-00009  0.1151E-00007  0.1028E-00006  0.3748E-00006  0.0000E+00000  0.6218E-00002  0.0000E+00000
 0.3596E-00009  0.1151E-00007  0.1028E-00006  0.3748E-00006  0.0000E+00000  0.6218E-00002  0.0000E+00000
 0.3596E-00009  0.1151E-00007  0.1028E-00006  0.3748E-00006  0.0000E+00000  0.6218E-00002  0.0000E+00000
 0.3596E-00009  0.1151E-00007  0.1028E-00006  0.3748E-00006  0.0000E+00000  0.6218E-00002  0.0000E+00000
 0.3596E-00009  0.1151E-00007  0.1028E-00006  0.3748E-00006  0.0000E+00000  0.6218E-00002  0.0000E+00000
 0.3596E-00009  0.1151E-00007  0.1028E-00006  0.3748E-00006  0.0000E+00000  0.6218E-00002  0.0000E+00000
 0.3596E-00009  0.1151E-00007  0.1028E-00006  0.3748E-00006  0.0000E+00000  0.6218E-00002  0.0000E+00000
 0.3596E-00009  0.1151E-00007  0.1028E-00006  0.3748E-00006  0.0000E+00000  0.6218E-00002  0.0000E+00000
 0.3596E-00009  0.1151E-00007  0.1028E-00006  0.3747E-00006  0.0000E+00000  0.6218E-00002  0.0000E+00000
 0.3596E-00009  0.1151E-00007  0.1028E-00006  0.3747E-00006  0.0000E+00000  0.6218E-00002  0.0000E+00000
 0.3596E-00009  0.1151E-00007  0.1028E-00006  0.3747E-00006  0.0000E+00000  0.6218E-00002  0.0000E+00000
 0.3596E-00009  0.1151E-00007  0.1028E-00006  0.3747E-00006  0.0000E+00000  0.6218E-00002  0.0000E+00000
 0.3596E-00009  0.1151E-00007  0.1028E-00006  0.3747E-00006  0.0000E+00000  0.6218E-00002  0.0000E+00000
 0.3596E-00009  0.1151E-00007  0.1028E-00006  0.3747E-00006  0.0000E+00000  0.6218E-00002  0.0000E+00000
 0.3596E-00009  0.1151E-00007  0.1028E-00006  0.3747E-00006  0.0000E+00000  0.6218E-00002  0.0000E+00000
 0.3596E-00009  0.1151E-00007  0.1028E-00006  0.3747E-00006  0.0000E+00000  0.6218E-00002  0.0000E+00000
 0.3596E-00009  0.1151E-00007  0.1028E-00006  0.3747E-00006  0.0000E+00000  0.6218E-00002  0.0000E+00000
 0.3596E-00009  0.1151E-00007  0.1028E-00006  0.3746E-00006  0.0000E+00000  0.6218E-00002  0.0000E+00000
 0.3596E-00009  0.1151E-00007  0.1028E-00006  0.3746E-00006  0.0000E+00000  0.6218E-00002  0.0000E+00000
 0.3596E-00009  0.1151E-00007  0.1028E-00006  0.3746E-00006  0.0000E+00000  0.6218E-00002  0.0000E+00000
 0.3596E-00009  0.1151E-00007  0.1028E-00006  0.3746E-00006  0.0000E+00000  0.6218E-00002  0.0000E+00000
 0.3596E-00009  0.1151E-00007  0.1028E-00006  0.3746E-00006  0.0000E+00000  0.6218E-00002  0.0000E+00000
 0.3596E-00009  0.1151E-00007  0.1028E-00006  0.3746E-00006  0.0000E+00000  0.6218E-00002  0.0000E+00000
 0.3596E-00009  0.1151E-00007  0.1028E-00006  0.3746E-00006  0.0000E+00000  0.6218E-00002  0.0000E+00000
 0.3596E-00009  0.1151E-00007  0.1028E-00006  0.3746E-00006  0.0000E+00000  0.6218E-00002  0.0000E+00000
 0.3596E-00009  0.1151E-00007  0.1028E-00006  0.3745E-00006  0.0000E+00000  0.6218E-00002  0.0000E+00000
 0.3596E-00009  0.1151E-00007  0.1028E-00006  0.3745E-00006  0.0000E+00000  0.6218E-00002  0.0000E+00000
 0.3596E-00009  0.1151E-00007  0.1028E-00006  0.3745E-00006  0.0000E+00000  0.6218E-00002  0.0000E+00000
 0.3596E-00009  0.1151E-00007  0.1028E-00006  0.3745E-00006  0.0000E+00000  0.6218E-00002  0.0000E+00000
 0.3596E-00009  0.1151E-00007  0.1028E-00006  0.3745E-00006  0.0000E+00000  0.6218E-00002  0.0000E+00000
 0.3596E-00009  0.1151E-00007  0.1028E-00006  0.3745E-00006  0.0000E+00000  0.6218E-00002  0.0000E+00000
 0.3596E-00009  0.1151E-00007  0.1028E-00006  0.3745E-00006  0.0000E+00000  0.6218E-00002  0.0000E+00000
 0.3596E-00009  0.1151E-00007  0.1028E-00006  0.3745E-00006  0.0000E+00000  0.6218E-00002  0.0000E+00000
 0.3596E-00009  0.1151E-00007  0.1028E-00006  0.3744E-00006  0.0000E+00000  0.6218E-00002  0.0000E+00000
 0.3596E-00009  0.1151E-00007  0.1028E-00006  0.3744E-00006  0.0000E+00000  0.6218E-00002  0.0000E+00000
 0.3596E-00009  0.1151E-00007  0.1028E-00006  0.3744E-00006  0.0000E+00000  0.6218E-00002  0.0000E+00000
 0.3596E-00009  0.1151E-00007  0.1028E-00006  0.3744E-00006  0.0000E+00000  0.6218E-00002  0.0000E+00000
 0.3596E-00009  0.1151E-00007  0.1028E-00006  0.3744E-00006  0.0000E+00000  0.6218E-00002  0.0000E+00000
 0.3596E-00009  0.1151E-00007  0.1028E-00006  0.3744E-00006  0.0000E+00000  0.6218E-00002  0.0000E+00000
 0.3596E-00009  0.1151E-00007  0.1028E-00006  0.3744E-00006  0.0000E+00000  0.6218E-00002  0.0000E+00000
 0.3596E-00009  0.1151E-00007  0.1028E-00006  0.3744E-00006  0.0000E+00000  0.6218E-00002  0.0000E+00000
 0.3596E-00009  0.1151E-00007  0.1028E-00006  0.3744E-00006  0.0000E+00000  0.6218E-00002  0.0000E+00000
 0.3596E-00009  0.1151E-00007  0.1028E-00006  0.3743E-00006  0.0000E+00000  0.6218E-00002  0.0000E+00000
 0.3596E-00009  0.1151E-00007  0.1028E-00006  0.3743E-00006  0.0000E+00000  0.6218E-00002  0.0000E+00000
 0.3596E-00009  0.1151E-00007  0.1028E-00006  0.3743E-00006  0.0000E+00000  0.6218E-00002  0.0000E+00000
 0.3596E-00009  0.1151E-00007  0.1028E-00006  0.3743E-00006  0.0000E+00000  0.6218E-00002  0.0000E+00000
 0.3596E-00009  0.1151E-00007  0.1028E-00006  0.3743E-00006  0.0000E+00000  0.6218E-00002  0.0000E+00000
 0.3596E-00009  0.1151E-00007  0.1028E-00006  0.3743E-00006  0.0000E+00000  0.6218E-00002  0.0000E+00000
 0.3596E-00009  0.1151E-00007  0.1028E-00006  0.3743E-00006  0.0000E+00000  0.6218E-00002  0.0000E+00000
 0.3596E-00009  0.1151E-00007  0.1028E-00006  0.3743E-00006  0.0000E+00000  0.6218E-00002  0.0000E+00000
 0.3596E-00009  0.1151E-00007  0.1028E-00006  0.3742E-00006  0.0000E+00000  0.6218E-00002  0.0000E+00000
 0.3596E-00009  0.1151E-00007  0.1028E-00006  0.3742E-00006  0.0000E+00000  0.6218E-00002  0.0000E+00000
 0.3596E-00009  0.1151E-00007  0.1028E-00006  0.3742E-00006  0.0000E+00000  0.6218E-00002  0.0000E+00000
 0.3596E-00009  0.1151E-00007  0.1028E-00006  0.3742E-00006  0.0000E+00000  0.6218E-00002  0.0000E+00000
 0.3596E-00009  0.1151E-00007  0.1028E-00006  0.3742E-00006  0.0000E+00000  0.6218E-00002  0.0000E+00000
 0.3596E-00009  0.1151E-00007  0.1028E-00006  0.3742E-00006  0.0000E+00000  0.6218E-00002  0.0000E+00000
 0.3596E-00009  0.1151E-00007  0.1028E-00006  0.3742E-00006  0.0000E+00000  0.6218E-00002  0.0000E+00000
 0.3596E-00009  0.1151E-00007  0.1028E-00006  0.3742E-00006  0.0000E+00000  0.6218E-00002  0.0000E+00000
 0.3596E-00009  0.1151E-00007  0.1028E-00006  0.3742E-00006  0.0000E+00000  0.6218E-00002  0.0000E+00000
 0.3596E-00009  0.1151E-00007  0.1028E-00006  0.3741E-00006  0.0000E+00000  0.6218E-00002  0.0000E+00000
 0.3596E-00009  0.1151E-00007  0.1028E-00006  0.3741E-00006  0.0000E+00000  0.6218E-00002  0.0000E+00000
 0.3596E-00009  0.1151E-00007  0.1028E-00006  0.3741E-00006  0.0000E+00000  0.6218E-00002  0.0000E+00000
 0.3596E-00009  0.1151E-00007  0.1028E-00006  0.3741E-00006  0.0000E+00000  0.6218E-00002  0.0000E+00000
 0.3596E-00009  0.1151E-00007  0.1028E-00006  0.3741E-00006  0.0000E+00000  0.6218E-00002  0.0000E+00000
 0.3596E-00009  0.1151E-00007  0.1028E-00006  0.3741E-00006  0.0000E+00000  0.6218E-00002  0.0000E+00000
 0.3596E-00009  0.1151E-00007  0.1028E-00006  0.3741E-00006  0.0000E+00000  0.6218E-00002  0.0000E+00000
 0.3596E-00009  0.1151E-00007  0.1028E-00006  0.3741E-00006  0.0000E+00000  0.6218E-00002  0.0000E+00000
 0.3596E-00009  0.1151E-00007  0.1028E-00006  0.3740E-00006  0.0000E+00000  0.6218E-00002  0.0000E+00000
 0.3596E-00009  0.1151E-00007  0.1028E-00006  0.3740E-00006  0.0000E+00000  0.6218E-00002  0.0000E+00000
 0.3596E-00009  0.1151E-00007  0.1028E-00006  0.3740E-00006  0.0000E+00000  0.6218E-00002  0.0000E+00000
 0.3596E-00009  0.1151E-00007  0.1028E-00006  0.3740E-00006  0.0000E+00000  0.6218E-00002  0.0000E+00000
 0.3596E-00009  0.1151E-00007  0.1028E-00006  0.3740E-00006  0.0000E+00000  0.6218E-00002  0.0000E+00000
 0.3596E-00009  0.1151E-00007  0.1028E-00006  0.3740E-00006  0.0000E+00000  0.6218E-00002  0.0000E+00000
 0.3596E-00009  0.1151E-00007  0.1028E-00006  0.3740E-00006  0.0000E+00000  0.6218E-00002  0.0000E+00000
 0.3596E-00009  0.1151E-00007  0.1028E-00006  0.3740E-00006  0.0000E+00000  0.6218E-00002  0.0000E+00000
 0.3596E-00009  0.1151E-00007  0.1028E-00006  0.3740E-00006  0.0000E+00000  0.6218E-00002  0.0000E+00000
 0.3596E-00009  0.1151E-00007  0.1028E-00006  0.3739E-00006  0.0000E+00000  0.6218E-00002  0.0000E+00000
 0.3596E-00009  0.1151E-00007  0.1028E-00006  0.3739E-00006  0.0000E+00000  0.6218E-00002  0.0000E+00000
 0.3596E-00009  0.1151E-00007  0.1028E-00006  0.3739E-00006  0.0000E+00000  0.6218E-00002  0.0000E+00000
 0.3596E-00009  0.1151E-00007  0.1028E-00006  0.3739E-00006  0.0000E+00000  0.6218E-00002  0.0000E+00000
 0.3596E-00009  0.1151E-00007  0.1028E-00006  0.3739E-00006  0.0000E+00000  0.6218E-00002  0.0000E+00000
 0.3596E-00009  0.1151E-00007  0.1028E-00006  0.3739E-00006  0.0000E+00000  0.6218E-00002  0.0000E+00000
 0.3596E-00009  0.1151E-00007  0.1028E-00006  0.3739E-00006  0.0000E+00000  0.6218E-00002  0.0000E+00000
 0.3596E-00009  0.1151E-00007  0.1028E-00006  0.3739E-00006  0.0000E+00000  0.6218E-00002  0.0000E+00000
 0.3596E-00009  0.1151E-00007  0.1028E-00006  0.3738E-00006  0.0000E+00000  0.6218E-00002  0.0000E+00000
 0.3596E-00009  0.1151E-00007  0.1028E-00006  0.3738E-00006  0.0000E+00000  0.6218E-00002  0.0000E+00000
 0.3596E-00009  0.1151E-00007  0.1028E-00006  0.3738E-00006  0.0000E+00000  0.6218E-00002  0.0000E+00000
 0.3596E-00009  0.1151E-00007  0.1028E-00006  0.3738E-00006  0.0000E+00000  0.6218E-00002  0.0000E+00000
 0.3596E-00009  0.1151E-00007  0.1028E-00006  0.3738E-00006  0.0000E+00000  0.6218E-00002  0.0000E+00000
 0.3596E-00009  0.1151E-00007  0.1028E-00006  0.3738E-00006  0.0000E+00000  0.6218E-00002  0.0000E+00000
 0.3596E-00009  0.1151E-00007  0.1028E-00006  0.3738E-00006  0.0000E+00000  0.6218E-00002  0.0000E+00000
 0.3596E-00009  0.1151E-00007  0.1028E-00006  0.3738E-00006  0.0000E+00000  0.6218E-00002  0.0000E+00000
 0.3596E-00009  0.1151E-00007  0.1028E-00006  0.3738E-00006  0.0000E+00000  0.6218E-00002  0.0000E+00000
 0.3596E-00009  0.1151E-00007  0.1028E-00006  0.3737E-00006  0.0000E+00000  0.6218E-00002  0.0000E+00000
 0.3596E-00009  0.1151E-00007  0.1028E-00006  0.3737E-00006  0.0000E+00000  0.6218E-00002  0.0000E+00000
 0.3596E-00009  0.1151E-00007  0.1028E-00006  0.3737E-00006  0.0000E+00000  0.6218E-00002  0.0000E+00000
 0.3596E-00009  0.1151E-00007  0.1028E-00006  0.3737E-00006  0.0000E+00000  0.6218E-00002  0.0000E+00000
 0.3596E-00009  0.1151E-00007  0.1028E-00006  0.3737E-00006  0.0000E+00000  0.6218E-00002  0.0000E+00000
 0.3596E-00009  0.1151E-00007  0.1028E-00006  0.3737E-00006  0.0000E+00000  0.6218E-00002  0.0000E+00000
 0.3596E-00009  0.1151E-00007  0.1028E-00006  0.3737E-00006  0.0000E+00000  0.6218E-00002  0.0000E+00000
 0.3596E-00009  0.1151E-00007  0.1028E-00006  0.3737E-00006  0.0000E+00000  0.6218E-00002  0.0000E+00000
 0.3596E-00009  0.1151E-00007  0.1028E-00006  0.3736E-00006  0.0000E+00000  0.6218E-00002  0.0000E+00000
 0.3596E-00009  0.1151E-00007  0.1028E-00006  0.3736E-00006  0.0000E+00000  0.6218E-00002  0.0000E+00000
 0.3596E-00009  0.1151E-00007  0.1028E-00006  0.3736E-00006  0.0000E+00000  0.6218E-00002  0.0000E+00000
 0.3596E-00009  0.1151E-00007  0.1028E-00006  0.3736E-00006  0.0000E+00000  0.6218E-00002  0.0000E+00000
 0.3596E-00009  0.1151E-00007  0.1028E-00006  0.3736E-00006  0.0000E+00000  0.6218E-00002  0.0000E+00000
 0.3596E-00009  0.1151E-00007  0.1028E-00006  0.3736E-00006  0.0000E+00000  0.6218E-00002  0.0000E+00000
 0.3596E-00009  0.1151E-00007  0.1028E-00006  0.3736E-00006  0.0000E+00000  0.6218E-00002  0.0000E+00000
 0.3596E-00009  0.1151E-00007  0.1028E-00006  0.3736E-00006  0.0000E+00000  0.6218E-00002  0.0000E+00000
 0.3596E-00009  0.1151E-00007  0.1028E-00006  0.3736E-00006  0.0000E+00000  0.6218E-00002  0.0000E+00000
 0.3596E-00009  0.1151E-00007  0.1028E-00006  0.3735E-00006  0.0000E+00000  0.6218E-00002  0.0000E+00000
 0.3596E-00009  0.1151E-00007  0.1028E-00006  0.3735E-00006  0.0000E+00000  0.6218E-00002  0.0000E+00000
 0.3596E-00009  0.1151E-00007  0.1028E-00006  0.3735E-00006  0.0000E+00000  0.6218E-00002  0.0000E+00000
 0.3596E-00009  0.1151E-00007  0.1028E-00006  0.3735E-00006  0.0000E+00000  0.6218E-00002  0.0000E+00000
 0.3596E-00009  0.1151E-00007  0.1028E-00006  0.3735E-00006  0.0000E+00000  0.6218E-00002  0.0000E+00000
 0.3596E-00009  0.1151E-00007  0.1028E-00006  0.3735E-00006  0.0000E+00000  0.6218E-00002  0.0000E+00000
 0.3596E-00009  0.1151E-00007  0.1028E-00006  0.3735E-00006  0.0000E+00000  0.6218E-00002  0.0000E+00000
 0.3596E-00009  0.1151E-00007  0.1028E-00006  0.3735E-00006  0.0000E+00000  0.6218E-00002  0.0000E+00000
 0.3596E-00009  0.1151E-00007  0.1028E-00006  0.3734E-00006  0.0000E+00000  0.6218E-00002  0.0000E+00000
 0.3596E-00009  0.1151E-00007  0.1028E-00006  0.3734E-00006  0.0000E+00000  0.6218E-00002  0.0000E+00000
 0.3596E-00009  0.1151E-00007  0.1028E-00006  0.3734E-00006  0.0000E+00000  0.6218E-00002  0.0000E+00000
 0.3596E-00009  0.1151E-00007  0.1028E-00006  0.3734E-00006  0.0000E+00000  0.6218E-00002  0.0000E+00000
 0.3596E-00009  0.1151E-00007  0.1028E-00006  0.3734E-00006  0.0000E+00000  0.6218E-00002  0.0000E+00000
 0.3596E-00009  0.1151E-00007  0.1028E-00006  0.3734E-00006  0.0000E+00000  0.6218E-00002  0.0000E+00000
 0.3596E-00009  0.1151E-00007  0.1028E-00006  0.3734E-00006  0.0000E+00000  0.6218E-00002  0.0000E+00000
 0.3596E-00009  0.1151E-00007  0.1028E-00006  0.3734E-00006  0.0000E+00000  0.6218E-00002  0.0000E+00000
 0.3596E-00009  0.1151E-00007  0.1028E-00006  0.3734E-00006  0.0000E+00000  0.6218E-00002  0.0000E+00000
 0.3596E-00009  0.1151E-00007  0.1028E-00006  0.3733E-00006  0.0000E+00000  0.6218E-00002  0.0000E+00000
 0.3596E-00009  0.1151E-00007  0.1028E-00006  0.3733E-00006  0.0000E+00000  0.6218E-00002  0.0000E+00000
 0.3596E-00009  0.1151E-00007  0.1028E-00006  0.3733E-00006  0.0000E+00000  0.6218E-00002  0.0000E+00000
 0.3596E-00009  0.1151E-00007  0.1028E-00006  0.3733E-00006  0.0000E+00000  0.6218E-00002  0.0000E+00000
 0.3596E-00009  0.1151E-00007  0.1028E-00006  0.3733E-00006  0.0000E+00000  0.6218E-00002  0.0000E+00000
 0.3596E-00009  0.1151E-00007  0.1028E-00006  0.3733E-00006  0.0000E+00000  0.6218E-00002  0.0000E+00000
 0.3596E-00009  0.1151E-00007  0.1028E-00006  0.3733E-00006  0.0000E+00000  0.6218E-00002  0.0000E+00000
 0.3596E-00009  0.1151E-00007  0.1028E-00006  0.3733E-00006  0.0000E+00000  0.6218E-00002  0.0000E+00000
 0.3596E-00009  0.1151E-00007  0.1028E-00006  0.3732E-00006  0.0000E+00000  0.6218E-00002  0.0000E+00000
 0.3596E-00009  0.1151E-00007  0.1028E-00006  0.3732E-00006  0.0000E+00000  0.6218E-00002  0.0000E+00000
 0.3596E-00009  0.1151E-00007  0.1028E-00006  0.3732E-00006  0.0000E+00000  0.6218E-00002  0.0000E+00000
 0.3596E-00009  0.1151E-00007  0.1028E-00006  0.3732E-00006  0.0000E+00000  0.6218E-00002  0.0000E+00000
 0.3596E-00009  0.1151E-00007  0.1028E-00006  0.3732E-00006  0.0000E+00000  0.6218E-00002  0.0000E+00000
 0.3596E-00009  0.1151E-00007  0.1028E-00006  0.3732E-00006  0.0000E+00000  0.6218E-00002  0.0000E+00000
 0.3596E-00009  0.1151E-00007  0.1028E-00006  0.3732E-00006  0.0000E+00000  0.6218E-00002  0.0000E+00000
 0.3596E-00009  0.1151E-00007  0.1028E-00006  0.3732E-00006  0.0000E+00000  0.6218E-00002  0.0000E+00000
 0.3596E-00009  0.1151E-00007  0.1028E-00006  0.3732E-00006  0.0000E+00000  0.6218E-00002  0.0000E+00000
 0.3596E-00009  0.1151E-00007  0.1028E-00006  0.3731E-00006  0.0000E+00000  0.6218E-00002  0.0000E+00000
 0.3596E-00009  0.1151E-00007  0.1028E-00006  0.3731E-00006  0.0000E+00000  0.6218E-00002  0.0000E+00000
 0.3596E-00009  0.1151E-00007  0.1028E-00006  0.3731E-00006  0.0000E+00000  0.6218E-00002  0.0000E+00000
 0.3596E-00009  0.1151E-00007  0.1028E-00006  0.3731E-00006  0.0000E+00000  0.6218E-00002  0.0000E+00000
 0.3596E-00009  0.1151E-00007  0.1028E-00006  0.3731E-00006  0.0000E+00000  0.6218E-00002  0.0000E+00000
 0.3596E-00009  0.1151E-00007  0.1028E-00006  0.3731E-00006  0.0000E+00000  0.6218E-00002  0.0000E+00000
 0.3596E-00009  0.1151E-00007  0.1028E-00006  0.3731E-00006  0.0000E+00000  0.6218E-00002  0.0000E+00000
 0.3596E-00009  0.1151E-00007  0.1028E-00006  0.3731E-00006  0.0000E+00000  0.6218E-00002  0.0000E+00000
 0.3596E-00009  0.1151E-00007  0.1028E-00006  0.3731E-00006  0.0000E+00000  0.6218E-00002  0.0000E+00000
 0.3596E-00009  0.1151E-00007  0.1028E-00006  0.3730E-00006  0.0000E+00000  0.6218E-00002  0.0000E+00000
 0.3596E-00009  0.1151E-00007  0.1028E-00006  0.3730E-00006  0.0000E+00000  0.6218E-00002  0.0000E+00000
 0.3596E-00009  0.1151E-00007  0.1028E-00006  0.3730E-00006  0.0000E+00000  0.6218E-00002  0.0000E+00000
 0.3596E-00009  0.1151E-00007  0.1028E-00006  0.3730E-00006  0.0000E+00000  0.6218E-00002  0.0000E+00000
 0.3596E-00009  0.1151E-00007  0.1028E-00006  0.3730E-00006  0.0000E+00000  0.6218E-00002  0.0000E+00000
 0.3596E-00009  0.1151E-00007  0.1028E-00006  0.3730E-00006  0.0000E+00000  0.6218E-00002  0.0000E+00000
 0.3596E-00009  0.1151E-00007  0.1028E-00006  0.3730E-00006  0.0000E+00000  0.6218E-00002  0.0000E+00000
 0.3596E-00009  0.1151E-00007  0.1028E-00006  0.3730E-00006  0.0000E+00000  0.6218E-00002  0.0000E+00000
 0.3596E-00009  0.1151E-00007  0.1028E-00006  0.3729E-00006  0.0000E+00000  0.6218E-00002  0.0000E+00000
 0.3596E-00009  0.1151E-00007  0.1028E-00006  0.3729E-00006  0.0000E+00000  0.6218E-00002  0.0000E+00000
 0.3596E-00009  0.1151E-00007  0.1028E-00006  0.3729E-00006  0.0000E+00000  0.6218E-00002  0.0000E+00000
 0.3596E-00009  0.1151E-00007  0.1028E-00006  0.3729E-00006  0.0000E+00000  0.6218E-00002  0.0000E+00000
 0.3596E-00009  0.1151E-00007  0.1028E-00006  0.3729E-00006  0.0000E+00000  0.6218E-00002  0.0000E+00000
 0.3596E-00009  0.1151E-00007  0.1028E-00006  0.3729E-00006  0.0000E+00000  0.6218E-00002  0.0000E+00000
 0.3596E-00009  0.1151E-00007  0.1028E-00006  0.3729E-00006  0.0000E+00000  0.6218E-00002  0.0000E+00000
 0.3596E-00009  0.1151E-00007  0.1028E-00006  0.3729E-00006  0.0000E+00000  0.6218E-00002  0.0000E+00000
 0.3596E-00009  0.1151E-00007  0.1028E-00006  0.3729E-00006  0.0000E+00000  0.6218E-00002  0.0000E+00000
 0.3596E-00009  0.1151E-00007  0.1028E-00006  0.3728E-00006  0.0000E+00000  0.6218E-00002  0.0000E+00000
 0.3596E-00009  0.1151E-00007  0.1028E-00006  0.3728E-00006  0.0000E+00000  0.6218E-00002  0.0000E+00000
 0.3596E-00009  0.1151E-00007  0.1028E-00006  0.3728E-00006  0.0000E+00000  0.6218E-00002  0.0000E+00000
 0.3596E-00009  0.1151E-00007  0.1028E-00006  0.3728E-00006  0.0000E+00000  0.6218E-00002  0.0000E+00000
 0.3596E-00009  0.1151E-00007  0.1028E-00006  0.3728E-00006  0.0000E+00000  0.6218E-00002  0.0000E+00000
 0.3596E-00009  0.1151E-00007  0.1028E-00006  0.3728E-00006  0.0000E+00000  0.6218E-00002  0.0000E+00000
 0.3596E-00009  0.1151E-00007  0.1028E-00006  0.3728E-00006  0.0000E+00000  0.6218E-00002  0.0000E+00000
 0.3596E-00009  0.1151E-00007  0.1028E-00006  0.3728E-00006  0.0000E+00000  0.6218E-00002  0.0000E+00000
 0.3596E-00009  0.1151E-00007  0.1028E-00006  0.3727E-00006  0.0000E+00000  0.6218E-00002  0.0000E+00000
 0.3596E-00009  0.1151E-00007  0.1028E-00006  0.3727E-00006  0.0000E+00000  0.6218E-00002  0.0000E+00000
 0.3596E-00009  0.1151E-00007  0.1028E-00006  0.3727E-00006  0.0000E+00000  0.6218E-00002  0.0000E+00000
 0.3596E-00009  0.1151E-00007  0.1028E-00006  0.3727E-00006  0.0000E+00000  0.6218E-00002  0.0000E+00000
 0.3596E-00009  0.1151E-00007  0.1028E-00006  0.3727E-00006  0.0000E+00000  0.6218E-00002  0.0000E+00000
 0.3596E-00009  0.1151E-00007  0.1028E-00006  0.3727E-00006  0.0000E+00000  0.6218E-00002  0.0000E+00000
 0.3596E-00009  0.1151E-00007  0.1028E-00006  0.3727E-00006  0.0000E+00000  0.6218E-00002  0.0000E+00000
 0.3596E-00009  0.1151E-00007  0.1028E-00006  0.3727E-00006  0.0000E+00000  0.6218E-00002  0.0000E+00000
 0.3596E-00009  0.1151E-00007  0.1028E-00006  0.3727E-00006  0.0000E+00000  0.6218E-00002  0.0000E+00000
 0.3596E-00009  0.1151E-00007  0.1028E-00006  0.3726E-00006  0.0000E+00000  0.6218E-00002  0.0000E+00000
 0.3596E-00009  0.1151E-00007  0.1028E-00006  0.3726E-00006  0.0000E+00000  0.6218E-00002  0.0000E+00000
 0.3596E-00009  0.1151E-00007  0.1028E-00006  0.3726E-00006  0.0000E+00000  0.6218E-00002  0.0000E+00000
 0.3596E-00009  0.1151E-00007  0.1028E-00006  0.3726E-00006  0.0000E+00000  0.6218E-00002  0.0000E+00000
 0.3596E-00009  0.1151E-00007  0.1028E-00006  0.3726E-00006  0.0000E+00000  0.6218E-00002  0.0000E+00000
 0.3596E-00009  0.1151E-00007  0.1028E-00006  0.3726E-00006  0.0000E+00000  0.6218E-00002  0.0000E+00000
 0.3596E-00009  0.1151E-00007  0.1028E-00006  0.3726E-00006  0.0000E+00000  0.6218E-00002  0.0000E+00000
 0.3596E-00009  0.1151E-00007  0.1028E-00006  0.3726E-00006  0.0000E+00000  0.6218E-00002  0.0000E+00000
 0.3596E-00009  0.1151E-00007  0.1028E-00006  0.3725E-00006  0.0000E+00000  0.6218E-00002  0.0000E+00000
 0.3596E-00009  0.1151E-00007  0.1028E-00006  0.3725E-00006  0.0000E+00000  0.6218E-00002  0.0000E+00000
 0.3596E-00009  0.1151E-00007  0.1028E-00006  0.3725E-00006  0.0000E+00000  0.6218E-00002  0.0000E+00000
 0.3596E-00009  0.1151E-00007  0.1028E-00006  0.3725E-00006  0.0000E+00000  0.6218E-00002  0.0000E+00000
 0.3596E-00009  0.1151E-00007  0.1028E-00006  0.3725E-00006  0.0000E+00000  0.6218E-00002  0.0000E+00000
 0.3596E-00009  0.1151E-00007  0.1028E-00006  0.3725E-00006  0.0000E+00000  0.6218E-00002  0.0000E+00000
 0.3596E-00009  0.1151E-00007  0.1028E-00006  0.3725E-00006  0.0000E+00000  0.6218E-00002  0.0000E+00000
 0.3596E-00009  0.1151E-00007  0.1028E-00006  0.3725E-00006  0.0000E+00000  0.6218E-00002  0.0000E+00000
 0.3596E-00009  0.1151E-00007  0.1028E-00006  0.3725E-00006  0.0000E+00000  0.6218E-00002  0.0000E+00000
 0.3596E-00009  0.1151E-00007  0.1028E-00006  0.3724E-00006  0.0000E+00000  0.6218E-00002  0.0000E+00000
 0.3596E-00009  0.1151E-00007  0.1028E-00006  0.3724E-00006  0.0000E+00000  0.6218E-00002  0.0000E+00000
 0.3596E-00009  0.1151E-00007  0.1028E-00006  0.3724E-00006  0.0000E+00000  0.6218E-00002  0.0000E+00000
 0.3596E-00009  0.1151E-00007  0.1028E-00006  0.3724E-00006  0.0000E+00000  0.6218E-00002  0.0000E+00000
 0.3596E-00009  0.1151E-00007  0.1028E-00006  0.3724E-00006  0.0000E+00000  0.6218E-00002  0.0000E+00000
 0.3596E-00009  0.1151E-00007  0.1028E-00006  0.3724E-00006  0.0000E+00000  0.6218E-00002  0.0000E+00000
 0.3596E-00009  0.1151E-00007  0.1028E-00006  0.3724E-00006  0.0000E+00000  0.6218E-00002  0.0000E+00000
 0.3596E-00009  0.1151E-00007  0.1028E-00006  0.3724E-00006  0.0000E+00000  0.6218E-00002  0.0000E+00000
 0.3596E-00009  0.1151E-00007  0.1028E-00006  0.3724E-00006  0.0000E+00000  0.6218E-00002  0.0000E+00000
 0.3596E-00009  0.1151E-00007  0.1028E-00006  0.3723E-00006  0.0000E+00000  0.6218E-00002  0.0000E+00000
 0.3596E-00009  0.1151E-00007  0.1028E-00006  0.3723E-00006  0.0000E+00000  0.6218E-00002  0.0000E+00000
 0.3596E-00009  0.1151E-00007  0.1028E-00006  0.3723E-00006  0.0000E+00000  0.6218E-00002  0.0000E+00000
 0.3596E-00009  0.1151E-00007  0.1028E-00006  0.3723E-00006  0.0000E+00000  0.6218E-00002  0.0000E+00000
 0.3596E-00009  0.1151E-00007  0.1028E-00006  0.3723E-00006  0.0000E+00000  0.6218E-00002  0.0000E+00000
 0.3596E-00009  0.1151E-00007  0.1028E-00006  0.3723E-00006  0.0000E+00000  0.6218E-00002  0.0000E+00000
 0.3596E-00009  0.1151E-00007  0.1028E-00006  0.3723E-00006  0.0000E+00000  0.6218E-00002  0.0000E+00000
 0.3596E-00009  0.1151E-00007  0.1028E-00006  0.3723E-00006  0.0000E+00000  0.6218E-00002  0.0000E+00000
 0.3596E-00009  0.1151E-00007  0.1028E-00006  0.3722E-00006  0.0000E+00000  0.6218E-00002  0.0000E+00000
 0.3596E-00009  0.1151E-00007  0.1028E-00006  0.3722E-00006  0.0000E+00000  0.6218E-00002  0.0000E+00000
 0.3596E-00009  0.1151E-00007  0.1028E-00006  0.3722E-00006  0.0000E+00000  0.6218E-00002  0.0000E+00000
 0.3596E-00009  0.1151E-00007  0.1028E-00006  0.3722E-00006  0.0000E+00000  0.6218E-00002  0.0000E+00000
 0.3596E-00009  0.1151E-00007  0.1028E-00006  0.3722E-00006  0.0000E+00000  0.6218E-00002  0.0000E+00000
 0.3596E-00009  0.1151E-00007  0.1028E-00006  0.3722E-00006  0.0000E+00000  0.6218E-00002  0.0000E+00000
 0.3596E-00009  0.1151E-00007  0.1028E-00006  0.3722E-00006  0.0000E+00000  0.6218E-00002  0.0000E+00000
 0.3596E-00009  0.1151E-00007  0.1028E-00006  0.3722E-00006  0.0000E+00000  0.6218E-00002  0.0000E+00000
 0.3596E-00009  0.1151E-00007  0.1028E-00006  0.3722E-00006  0.0000E+00000  0.6218E-00002  0.0000E+00000
 0.3596E-00009  0.1151E-00007  0.1028E-00006  0.3721E-00006  0.0000E+00000  0.6218E-00002  0.0000E+00000
 0.3596E-00009  0.1151E-00007  0.1028E-00006  0.3721E-00006  0.0000E+00000  0.6218E-00002  0.0000E+00000
 0.3596E-00009  0.1151E-00007  0.1028E-00006  0.3721E-00006  0.0000E+00000  0.6218E-00002  0.0000E+00000
 0.3596E-00009  0.1151E-00007  0.1028E-00006  0.3721E-00006  0.0000E+00000  0.6218E-00002  0.0000E+00000
 0.3596E-00009  0.1151E-00007  0.1028E-00006  0.3721E-00006  0.0000E+00000  0.6218E-00002  0.0000E+00000
 0.3596E-00009  0.1151E-00007  0.1028E-00006  0.3721E-00006  0.0000E+00000  0.6218E-00002  0.0000E+00000
 0.3596E-00009  0.1151E-00007  0.1028E-00006  0.3721E-00006  0.0000E+00000  0.6218E-00002  0.0000E+00000
 0.3596E-00009  0.1151E-00007  0.1028E-00006  0.3721E-00006  0.0000E+00000  0.6218E-00002  0.0000E+00000
 0.3596E-00009  0.1151E-00007  0.1028E-00006  0.3720E-00006  0.0000E+00000  0.6218E-00002  0.0000E+00000
 0.3596E-00009  0.1151E-00007  0.1028E-00006  0.3720E-00006  0.0000E+00000  0.6218E-00002  0.0000E+00000
 0.3596E-00009  0.1151E-00007  0.1028E-00006  0.3720E-00006  0.0000E+00000  0.6218E-00002  0.0000E+00000
 0.3596E-00009  0.1151E-00007  0.1028E-00006  0.3720E-00006  0.0000E+00000  0.6218E-00002  0.0000E+00000
 0.3596E-00009  0.1151E-00007  0.1028E-00006  0.3720E-00006  0.0000E+00000  0.6218E-00002  0.0000E+00000
 0.3596E-00009  0.1151E-00007  0.1028E-00006  0.3720E-00006  0.0000E+00000  0.6218E-00002  0.0000E+00000
 0.3596E-00009  0.1151E-00007  0.1028E-00006  0.3720E-00006  0.0000E+00000  0.6218E-00002  0.0000E+00000
 0.3596E-00009  0.1151E-00007  0.1028E-00006  0.3720E-00006  0.0000E+00000  0.6218E-00002  0.0000E+00000
 0.3596E-00009  0.1151E-00007  0.1028E-00006  0.3720E-00006  0.0000E+00000  0.6218E-00002  0.0000E+00000
 0.3596E-00009  0.1151E-00007  0.1028E-00006  0.3719E-00006  0.0000E+00000  0.6218E-00002  0.0000E+00000
 0.3596E-00009  0.1151E-00007  0.1028E-00006  0.3719E-00006  0.0000E+00000  0.6218E-00002  0.0000E+00000
 0.3596E-00009  0.1151E-00007  0.1028E-00006  0.3719E-00006  0.0000E+00000  0.6218E-00002  0.0000E+00000
 0.3596E-00009  0.1151E-00007  0.1028E-00006  0.3719E-00006  0.0000E+00000  0.6218E-00002  0.0000E+00000
 0.3596E-00009  0.1151E-00007  0.1028E-00006  0.3719E-00006  0.0000E+00000  0.6218E-00002  0.0000E+00000
 0.3596E-00009  0.1151E-00007  0.1028E-00006  0.3719E-00006  0.0000E+00000  0.6218E-00002  0.0000E+00000
 0.3596E-00009  0.1151E-00007  0.1028E-00006  0.3719E-00006  0.0000E+00000  0.6218E-00002  0.0000E+00000
 0.3596E-00009  0.1151E-00007  0.1028E-00006  0.3719E-00006  0.0000E+00000  0.6218E-00002  0.0000E+00000
 0.3596E-00009  0.1151E-00007  0.1028E-00006  0.3719E-00006  0.0000E+00000  0.6218E-00002  0.0000E+00000
 0.3596E-00009  0.1151E-00007  0.1028E-00006  0.3718E-00006  0.0000E+00000  0.6218E-00002  0.0000E+00000
 0.3596E-00009  0.1151E-00007  0.1028E-00006  0.3718E-00006  0.0000E+00000  0.6218E-00002  0.0000E+00000
 0.3596E-00009  0.1151E-00007  0.1028E-00006  0.3718E-00006  0.0000E+00000  0.6218E-00002  0.0000E+00000
 0.3596E-00009  0.1151E-00007  0.1028E-00006  0.3718E-00006  0.0000E+00000  0.6218E-00002  0.0000E+00000
 0.3596E-00009  0.1151E-00007  0.1028E-00006  0.3718E-00006  0.0000E+00000  0.6218E-00002  0.0000E+00000
 0.3596E-00009  0.1151E-00007  0.1028E-00006  0.3718E-00006  0.0000E+00000  0.6218E-00002  0.0000E+00000
 0.3596E-00009  0.1151E-00007  0.1028E-00006  0.3718E-00006  0.0000E+00000  0.6218E-00002  0.0000E+00000
 0.3596E-00009  0.1151E-00007  0.1028E-00006  0.3718E-00006  0.0000E+00000  0.6218E-00002  0.0000E+00000
 0.3596E-00009  0.1151E-00007  0.1028E-00006  0.3717E-00006  0.0000E+00000  0.6218E-00002  0.0000E+00000
 0.3596E-00009  0.1151E-00007  0.1028E-00006  0.3717E-00006  0.0000E+00000  0.6218E-00002  0.0000E+00000
 0.3596E-00009  0.1151E-00007  0.1028E-00006  0.3717E-00006  0.0000E+00000  0.6218E-00002  0.0000E+00000
 0.3596E-00009  0.1151E-00007  0.1028E-00006  0.3717E-00006  0.0000E+00000  0.6218E-00002  0.0000E+00000
 0.3596E-00009  0.1151E-00007  0.1028E-00006  0.3717E-00006  0.0000E+00000  0.6218E-00002  0.0000E+00000
 0.3596E-00009  0.1151E-00007  0.1028E-00006  0.3717E-00006  0.0000E+00000  0.6218E-00002  0.0000E+00000
 0.3596E-00009  0.1151E-00007  0.1028E-00006  0.3717E-00006  0.0000E+00000  0.6218E-00002  0.0000E+00000
 0.3596E-00009  0.1151E-00007  0.1028E-00006  0.3717E-00006  0.0000E+00000  0.6218E-00002  0.0000E+00000
 0.3596E-00009  0.1151E-00007  0.1028E-00006  0.3717E-00006  0.0000E+00000  0.6218E-00002  0.0000E+00000
 0.3596E-00009  0.1151E-00007  0.1028E-00006  0.3716E-00006  0.0000E+00000  0.6218E-00002  0.0000E+00000
 0.3596E-00009  0.1151E-00007  0.1028E-00006  0.3716E-00006  0.0000E+00000  0.6218E-00002  0.0000E+00000
 0.3596E-00009  0.1151E-00007  0.1028E-00006  0.3716E-00006  0.0000E+00000  0.6218E-00002  0.0000E+00000
 0.3596E-00009  0.1151E-00007  0.1028E-00006  0.3716E-00006  0.0000E+00000  0.6218E-00002  0.0000E+00000
 0.3596E-00009  0.1151E-00007  0.1028E-00006  0.3716E-00006  0.0000E+00000  0.6218E-00002  0.0000E+00000
 0.3596E-00009  0.1151E-00007  0.1028E-00006  0.3716E-00006  0.0000E+00000  0.6218E-00002  0.0000E+00000
 0.3596E-00009  0.1151E-00007  0.1028E-00006  0.3716E-00006  0.0000E+00000  0.6218E-00002  0.0000E+00000
 0.3596E-00009  0.1151E-00007  0.1028E-00006  0.3716E-00006  0.0000E+00000  0.6218E-00002  0.0000E+00000
 0.3596E-00009  0.1151E-00007  0.1028E-00006  0.3716E-00006  0.0000E+00000  0.6218E-00002  0.0000E+00000
 0.3596E-00009  0.1151E-00007  0.1028E-00006  0.3715E-00006  0.0000E+00000  0.6218E-00002  0.0000E+00000
 0.3596E-00009  0.1151E-00007  0.1028E-00006  0.3715E-00006  0.0000E+00000  0.6218E-00002  0.0000E+00000
 0.3596E-00009  0.1151E-00007  0.1028E-00006  0.3715E-00006  0.0000E+00000  0.6218E-00002  0.0000E+00000
 0.3596E-00009  0.1151E-00007  0.1028E-00006  0.3715E-00006  0.0000E+00000  0.6218E-00002  0.0000E+00000
 0.3596E-00009  0.1151E-00007  0.1028E-00006  0.3715E-00006  0.0000E+00000  0.6218E-00002  0.0000E+00000
 0.3596E-00009  0.1151E-00007  0.1028E-00006  0.3715E-00006  0.0000E+00000  0.6218E-00002  0.0000E+00000
 0.3596E-00009  0.1151E-00007  0.1028E-00006  0.3715E-00006  0.0000E+00000  0.6218E-00002  0.0000E+00000
 0.3596E-00009  0.1151E-00007  0.1028E-00006  0.3715E-00006  0.0000E+00000  0.6218E-00002  0.0000E+00000
 0.3596E-00009  0.1151E-00007  0.1028E-00006  0.3714E-00006  0.0000E+00000  0.6218E-00002  0.0000E+00000
 0.3596E-00009  0.1151E-00007  0.1028E-00006  0.3714E-00006  0.0000E+00000  0.6218E-00002  0.0000E+00000
 0.3596E-00009  0.1151E-00007  0.1028E-00006  0.3714E-00006  0.0000E+00000  0.6218E-00002  0.0000E+00000
 0.3596E-00009  0.1151E-00007  0.1028E-00006  0.3714E-00006  0.0000E+00000  0.6218E-00002  0.0000E+00000
 0.3596E-00009  0.1151E-00007  0.1028E-00006  0.3714E-00006  0.0000E+00000  0.6218E-00002  0.0000E+00000
 0.3596E-00009  0.1151E-00007  0.1028E-00006  0.3714E-00006  0.0000E+00000  0.6218E-00002  0.0000E+00000
 0.3596E-00009  0.1151E-00007  0.1028E-00006  0.3714E-00006  0.0000E+00000  0.6218E-00002  0.0000E+00000
 0.3596E-00009  0.1151E-00007  0.1028E-00006  0.3714E-00006  0.0000E+00000  0.6218E-00002  0.0000E+00000
 0.3596E-00009  0.1151E-00007  0.1028E-00006  0.3714E-00006  0.0000E+00000  0.6218E-00002  0.0000E+00000
 0.3596E-00009  0.1151E-00007  0.1028E-00006  0.3713E-00006  0.0000E+00000  0.6218E-00002  0.0000E+00000
 0.3596E-00009  0.1151E-00007  0.1028E-00006  0.3713E-00006  0.0000E+00000  0.6218E-00002  0.0000E+00000
 0.3596E-00009  0.1151E-00007  0.1028E-00006  0.3713E-00006  0.0000E+00000  0.6218E-00002  0.0000E+00000
 0.3596E-00009  0.1151E-00007  0.1028E-00006  0.3713E-00006  0.0000E+00000  0.6218E-00002  0.0000E+00000
 0.3596E-00009  0.1151E-00007  0.1028E-00006  0.3713E-00006  0.0000E+00000  0.6218E-00002  0.0000E+00000
 0.3596E-00009  0.1151E-00007  0.1028E-00006  0.3713E-00006  0.0000E+00000  0.6218E-00002  0.0000E+00000
 0.3596E-00009  0.1151E-00007  0.1028E-00006  0.3713E-00006  0.0000E+00000  0.6218E-00002  0.0000E+00000
 0.3596E-00009  0.1151E-00007  0.1028E-00006  0.3713E-00006  0.0000E+00000  0.6218E-00002  0.0000E+00000
 0.3596E-00009  0.1151E-00007  0.1028E-00006  0.3713E-00006  0.0000E+00000  0.6218E-00002  0.0000E+00000
 0.3596E-00009  0.1151E-00007  0.1028E-00006  0.3712E-00006  0.0000E+00000  0.6218E-00002  0.0000E+00000
 0.3596E-00009  0.1151E-00007  0.1028E-00006  0.3712E-00006  0.0000E+00000  0.6218E-00002  0.0000E+00000
 0.3596E-00009  0.1151E-00007  0.1028E-00006  0.3712E-00006  0.0000E+00000  0.6218E-00002  0.0000E+00000
 0.3596E-00009  0.1151E-00007  0.1028E-00006  0.3712E-00006  0.0000E+00000  0.6218E-00002  0.0000E+00000
 0.3596E-00009  0.1151E-00007  0.1028E-00006  0.3712E-00006  0.0000E+00000  0.6218E-00002  0.0000E+00000
 0.3596E-00009  0.1151E-00007  0.1028E-00006  0.3712E-00006  0.0000E+00000  0.6218E-00002  0.0000E+00000
 0.3596E-00009  0.1151E-00007  0.1028E-00006  0.3712E-00006  0.0000E+00000  0.6218E-00002  0.0000E+00000
 0.3596E-00009  0.1151E-00007  0.1028E-00006  0.3712E-00006  0.0000E+00000  0.6218E-00002  0.0000E+00000
 0.3596E-00009  0.1151E-00007  0.1028E-00006  0.3711E-00006  0.0000E+00000  0.6218E-00002  0.0000E+00000
 0.3596E-00009  0.1151E-00007  0.1028E-00006  0.3711E-00006  0.0000E+00000  0.6218E-00002  0.0000E+00000
 0.3596E-00009  0.1151E-00007  0.1028E-00006  0.3711E-00006  0.0000E+00000  0.6218E-00002  0.0000E+00000
 0.3596E-00009  0.1151E-00007  0.1028E-00006  0.3711E-00006  0.0000E+00000  0.6218E-00002  0.0000E+00000
 0.3596E-00009  0.1151E-00007  0.1028E-00006  0.3711E-00006  0.0000E+00000  0.6218E-00002  0.0000E+00000
 0.3596E-00009  0.1151E-00007  0.1028E-00006  0.3711E-00006  0.0000E+00000  0.6218E-00002  0.0000E+00000
 0.3596E-00009  0.1151E-00007  0.1028E-00006  0.3711E-00006  0.0000E+00000  0.6218E-00002  0.0000E+00000
 0.3596E-00009  0.1151E-00007  0.1028E-00006  0.3711E-00006  0.0000E+00000  0.6218E-00002  0.0000E+00000
 0.3596E-00009  0.1151E-00007  0.1028E-00006  0.3711E-00006  0.0000E+00000  0.6218E-00002  0.0000E+00000
 0.3596E-00009  0.1151E-00007  0.1028E-00006  0.3710E-00006  0.0000E+00000  0.6218E-00002  0.0000E+00000
 0.3596E-00009  0.1151E-00007  0.1028E-00006  0.3710E-00006  0.0000E+00000  0.6218E-00002  0.0000E+00000
 0.3596E-00009  0.1151E-00007  0.1028E-00006  0.3710E-00006  0.0000E+00000  0.6218E-00002  0.0000E+00000
 0.3596E-00009  0.1151E-00007  0.1028E-00006  0.3710E-00006  0.0000E+00000  0.6218E-00002  0.0000E+00000
 0.3596E-00009  0.1151E-00007  0.1028E-00006  0.3710E-00006  0.0000E+00000  0.6218E-00002  0.0000E+00000
 0.3596E-00009  0.1151E-00007  0.1028E-00006  0.3710E-00006  0.0000E+00000  0.6218E-00002  0.0000E+00000
 0.3596E-00009  0.1151E-00007  0.1028E-00006  0.3710E-00006  0.0000E+00000  0.6218E-00002  0.0000E+00000
 0.3596E-00009  0.1151E-00007  0.1028E-00006  0.3710E-00006  0.0000E+00000  0.6218E-00002  0.0000E+00000
 0.3596E-00009  0.1151E-00007  0.1028E-00006  0.3710E-00006  0.0000E+00000  0.6218E-00002  0.0000E+00000
 0.3596E-00009  0.1151E-00007  0.1028E-00006  0.3709E-00006  0.0000E+00000  0.6218E-00002  0.0000E+00000
 0.3596E-00009  0.1151E-00007  0.1028E-00006  0.3709E-00006  0.0000E+00000  0.6218E-00002  0.0000E+00000
 0.3596E-00009  0.1151E-00007  0.1028E-00006  0.3709E-00006  0.0000E+00000  0.6218E-00002  0.0000E+00000
 0.3596E-00009  0.1151E-00007  0.1028E-00006  0.3709E-00006  0.0000E+00000  0.6218E-00002  0.0000E+00000
 0.3596E-00009  0.1151E-00007  0.1028E-00006  0.3709E-00006  0.0000E+00000  0.6218E-00002  0.0000E+00000
 0.3596E-00009  0.1151E-00007  0.1028E-00006  0.3709E-00006  0.0000E+00000  0.6218E-00002  0.0000E+00000
 0.3596E-00009  0.1151E-00007  0.1028E-00006  0.3709E-00006  0.0000E+00000  0.6218E-00002  0.0000E+00000
 0.3596E-00009  0.1151E-00007  0.1028E-00006  0.3709E-00006  0.0000E+00000  0.6218E-00002  0.0000E+00000
 0.3596E-00009  0.1151E-00007  0.1028E-00006  0.3708E-00006  0.0000E+00000  0.6218E-00002  0.0000E+00000
 0.3596E-00009  0.1151E-00007  0.1028E-00006  0.3708E-00006  0.0000E+00000  0.6218E-00002  0.0000E+00000
 0.3596E-00009  0.1151E-00007  0.1028E-00006  0.3708E-00006  0.0000E+00000  0.6218E-00002  0.0000E+00000
 0.3596E-00009  0.1151E-00007  0.1028E-00006  0.3708E-00006  0.0000E+00000  0.6218E-00002  0.0000E+00000
 0.3596E-00009  0.1151E-00007  0.1028E-00006  0.3708E-00006  0.0000E+00000  0.6218E-00002  0.0000E+00000
 0.3596E-00009  0.1151E-00007  0.1028E-00006  0.3708E-00006  0.0000E+00000  0.6218E-00002  0.0000E+00000
 0.3596E-00009  0.1151E-00007  0.1028E-00006  0.3708E-00006  0.0000E+00000  0.6218E-00002  0.0000E+00000
 0.3596E-00009  0.1151E-00007  0.1028E-00006  0.3708E-00006  0.0000E+00000  0.6218E-00002  0.0000E+00000
 0.3596E-00009  0.1151E-00007  0.1028E-00006  0.3708E-00006  0.0000E+00000  0.6218E-00002  0.0000E+00000
 0.3596E-00009  0.1151E-00007  0.1028E-00006  0.3707E-00006  0.0000E+00000  0.6218E-00002  0.0000E+00000
 0.3596E-00009  0.1151E-00007  0.1028E-00006  0.3707E-00006  0.0000E+00000  0.6218E-00002  0.0000E+00000
 0.3596E-00009  0.1151E-00007  0.1028E-00006  0.3707E-00006  0.0000E+00000  0.6218E-00002  0.0000E+00000
 0.3596E-00009  0.1151E-00007  0.1028E-00006  0.3707E-00006  0.0000E+00000  0.6218E-00002  0.0000E+00000
 0.3596E-00009  0.1151E-00007  0.1028E-00006  0.3707E-00006  0.0000E+00000  0.6218E-00002  0.0000E+00000
 0.3596E-00009  0.1151E-00007  0.1028E-00006  0.3707E-00006  0.0000E+00000  0.6218E-00002  0.0000E+00000
 0.3596E-00009  0.1151E-00007  0.1028E-00006  0.3707E-00006  0.0000E+00000  0.6218E-00002  0.0000E+00000
 0.3596E-00009  0.1151E-00007  0.1028E-00006  0.3707E-00006  0.0000E+00000  0.6218E-00002  0.0000E+00000
 0.3596E-00009  0.1151E-00007  0.1028E-00006  0.3707E-00006  0.0000E+00000  0.6218E-00002  0.0000E+00000
 0.3596E-00009  0.1151E-00007  0.1028E-00006  0.3706E-00006  0.0000E+00000  0.6218E-00002  0.0000E+00000
 0.3596E-00009  0.1151E-00007  0.1028E-00006  0.3706E-00006  0.0000E+00000  0.6218E-00002  0.0000E+00000
 0.3596E-00009  0.1151E-00007  0.1028E-00006  0.3706E-00006  0.0000E+00000  0.6218E-00002  0.0000E+00000
 0.3596E-00009  0.1151E-00007  0.1028E-00006  0.3706E-00006  0.0000E+00000  0.6218E-00002  0.0000E+00000
 0.3596E-00009  0.1151E-00007  0.1028E-00006  0.3706E-00006  0.0000E+00000  0.6218E-00002  0.0000E+00000
 0.3596E-00009  0.1151E-00007  0.1028E-00006  0.3706E-00006  0.0000E+00000  0.6218E-00002  0.0000E+00000
 0.3596E-00009  0.1151E-00007  0.1028E-00006  0.3706E-00006  0.0000E+00000  0.6218E-00002  0.0000E+00000
 0.3596E-00009  0.1151E-00007  0.1028E-00006  0.3706E-00006  0.0000E+00000  0.6218E-00002  0.0000E+00000
 0.3596E-00009  0.1151E-00007  0.1028E-00006  0.3706E-00006  0.0000E+00000  0.6218E-00002  0.0000E+00000
 0.3596E-00009  0.1151E-00007  0.1028E-00006  0.3705E-00006  0.0000E+00000  0.6218E-00002  0.0000E+00000
 0.3596E-00009  0.1151E-00007  0.1028E-00006  0.3705E-00006  0.0000E+00000  0.6218E-00002  0.0000E+00000
 0.3596E-00009  0.1151E-00007  0.1028E-00006  0.3705E-00006  0.0000E+00000  0.6218E-00002  0.0000E+00000
 0.3596E-00009  0.1151E-00007  0.1028E-00006  0.3705E-00006  0.0000E+00000  0.6218E-00002  0.0000E+00000
 0.3596E-00009  0.1151E-00007  0.1028E-00006  0.3705E-00006  0.0000E+00000  0.6218E-00002  0.0000E+00000
 0.3596E-00009  0.1151E-00007  0.1028E-00006  0.3705E-00006  0.0000E+00000  0.6218E-00002  0.0000E+00000
 0.3596E-00009  0.1151E-00007  0.1028E-00006  0.3705E-00006  0.0000E+00000  0.6218E-00002  0.0000E+00000
 0.3596E-00009  0.1151E-00007  0.1028E-00006  0.3705E-00006  0.0000E+00000  0.6218E-00002  0.0000E+00000
 0.3596E-00009  0.1151E-00007  0.1028E-00006  0.3704E-00006  0.0000E+00000  0.6218E-00002  0.0000E+00000
 0.3596E-00009  0.1151E-00007  0.1028E-00006  0.3704E-00006  0.0000E+00000  0.6218E-00002  0.0000E+00000
 0.3596E-00009  0.1151E-00007  0.1028E-00006  0.3704E-00006  0.0000E+00000  0.6218E-00002  0.0000E+00000
 0.3596E-00009  0.1151E-00007  0.1028E-00006  0.3704E-00006  0.0000E+00000  0.6218E-00002  0.0000E+00000
 0.3596E-00009  0.1151E-00007  0.1028E-00006  0.3704E-00006  0.0000E+00000  0.6218E-00002  0.0000E+00000
 0.3596E-00009  0.1151E-00007  0.1028E-00006  0.3704E-00006  0.0000E+00000  0.6218E-00002  0.0000E+00000
 0.3596E-00009  0.1151E-00007  0.1028E-00006  0.3704E-00006  0.0000E+00000  0.6218E-00002  0.0000E+00000
 0.3596E-00009  0.1151E-00007  0.1028E-00006  0.3704E-00006  0.0000E+00000  0.6218E-00002  0.0000E+00000
 0.3596E-00009  0.1151E-00007  0.1028E-00006  0.3704E-00006  0.0000E+00000  0.6218E-00002  0.0000E+00000
 0.3596E-00009  0.1151E-00007  0.1028E-00006  0.3703E-00006  0.0000E+00000  0.6218E-00002  0.0000E+00000
 0.3596E-00009  0.1151E-00007  0.1028E-00006  0.3703E-00006  0.0000E+00000  0.6218E-00002  0.0000E+00000
 0.3596E-00009  0.1151E-00007  0.1028E-00006  0.3703E-00006  0.0000E+00000  0.6218E-00002  0.0000E+00000
 0.3596E-00009  0.1151E-00007  0.1028E-00006  0.3703E-00006  0.0000E+00000  0.6218E-00002  0.0000E+00000
 0.3596E-00009  0.1151E-00007  0.1028E-00006  0.3703E-00006  0.0000E+00000  0.6218E-00002  0.0000E+00000
 0.3596E-00009  0.1151E-00007  0.1028E-00006  0.3703E-00006  0.0000E+00000  0.6218E-00002  0.0000E+00000
 0.3596E-00009  0.1151E-00007  0.1028E-00006  0.3703E-00006  0.0000E+00000  0.6218E-00002  0.0000E+00000
 0.3596E-00009  0.1151E-00007  0.1028E-00006  0.3703E-00006  0.0000E+00000  0.6218E-00002  0.0000E+00000
 0.3596E-00009  0.1151E-00007  0.1028E-00006  0.3703E-00006  0.0000E+00000  0.6218E-00002  0.0000E+00000
 0.3596E-00009  0.1151E-00007  0.1028E-00006  0.3702E-00006  0.0000E+00000  0.6218E-00002  0.0000E+00000
 0.3596E-00009  0.1151E-00007  0.1028E-00006  0.3702E-00006  0.0000E+00000  0.6218E-00002  0.0000E+00000
 0.3596E-00009  0.1151E-00007  0.1028E-00006  0.3702E-00006  0.0000E+00000  0.6218E-00002  0.0000E+00000
 0.3596E-00009  0.1151E-00007  0.1028E-00006  0.3702E-00006  0.0000E+00000  0.6218E-00002  0.0000E+00000
 0.3596E-00009  0.1151E-00007  0.1028E-00006  0.3702E-00006  0.0000E+00000  0.6218E-00002  0.0000E+00000
 0.3596E-00009  0.1151E-00007  0.1028E-00006  0.3702E-00006  0.0000E+00000  0.6218E-00002  0.0000E+00000
 0.3596E-00009  0.1151E-00007  0.1028E-00006  0.3702E-00006  0.0000E+00000  0.6218E-00002  0.0000E+00000
 0.3596E-00009  0.1151E-00007  0.1028E-00006  0.3702E-00006  0.0000E+00000  0.6218E-00002  0.0000E+00000
 0.3596E-00009  0.1151E-00007  0.1028E-00006  0.3702E-00006  0.0000E+00000  0.6218E-00002  0.0000E+00000
 0.3596E-00009  0.1151E-00007  0.1028E-00006  0.3701E-00006  0.0000E+00000  0.6218E-00002  0.0000E+00000
 0.3596E-00009  0.1151E-00007  0.1028E-00006  0.3701E-00006  0.0000E+00000  0.6218E-00002  0.0000E+00000
 0.3596E-00009  0.1151E-00007  0.1028E-00006  0.3701E-00006  0.0000E+00000  0.6218E-00002  0.0000E+00000
 0.3596E-00009  0.1151E-00007  0.1028E-00006  0.3701E-00006  0.0000E+00000  0.6218E-00002  0.0000E+00000
 0.3596E-00009  0.1151E-00007  0.1028E-00006  0.3701E-00006  0.0000E+00000  0.6218E-00002  0.0000E+00000
 0.3596E-00009  0.1151E-00007  0.1028E-00006  0.3701E-00006  0.0000E+00000  0.6218E-00002  0.0000E+00000
 0.3596E-00009  0.1151E-00007  0.1028E-00006  0.3701E-00006  0.0000E+00000  0.6218E-00002  0.0000E+00000
 0.3596E-00009  0.1151E-00007  0.1028E-00006  0.3701E-00006  0.0000E+00000  0.6218E-00002  0.0000E+00000
 0.3596E-00009  0.1151E-00007  0.1028E-00006  0.3700E-00006  0.0000E+00000  0.6218E-00002  0.0000E+00000
 0.3596E-00009  0.1151E-00007  0.1028E-00006  0.3700E-00006  0.0000E+00000  0.6218E-00002  0.0000E+00000
 0.3596E-00009  0.1151E-00007  0.1028E-00006  0.3700E-00006  0.0000E+00000  0.6218E-00002  0.0000E+00000
 0.3596E-00009  0.1151E-00007  0.1028E-00006  0.3700E-00006  0.0000E+00000  0.6218E-00002  0.0000E+00000
 0.3596E-00009  0.1151E-00007  0.1028E-00006  0.3700E-00006  0.0000E+00000  0.6218E-00002  0.0000E+00000
 0.3596E-00009  0.1151E-00007  0.1028E-00006  0.3700E-00006  0.0000E+00000  0.6218E-00002  0.0000E+00000
 0.3596E-00009  0.1151E-00007  0.1028E-00006  0.3700E-00006  0.0000E+00000  0.6218E-00002  0.0000E+00000
 0.3596E-00009  0.1151E-00007  0.1028E-00006  0.3700E-00006  0.0000E+00000  0.6218E-00002  0.0000E+00000
 0.3596E-00009  0.1151E-00007  0.1028E-00006  0.3700E-00006  0.0000E+00000  0.6218E-00002  0.0000E+00000
 0.3596E-00009  0.1151E-00007  0.1028E-00006  0.3699E-00006  0.0000E+00000  0.6218E-00002  0.0000E+00000
 0.3596E-00009  0.1151E-00007  0.1028E-00006  0.3699E-00006  0.0000E+00000  0.6218E-00002  0.0000E+00000
 0.3596E-00009  0.1151E-00007  0.1028E-00006  0.3699E-00006  0.0000E+00000  0.6218E-00002  0.0000E+00000
 0.3596E-00009  0.1151E-00007  0.1028E-00006  0.3699E-00006  0.0000E+00000  0.6218E-00002  0.0000E+00000
 0.3596E-00009  0.1151E-00007  0.1028E-00006  0.3699E-00006  0.0000E+00000  0.6218E-00002  0.0000E+00000
 0.3596E-00009  0.1151E-00007  0.1028E-00006  0.3699E-00006  0.0000E+00000  0.6218E-00002  0.0000E+00000
 0.3596E-00009  0.1151E-00007  0.1028E-00006  0.3699E-00006  0.0000E+00000  0.6218E-00002  0.0000E+00000
 0.3596E-00009  0.1151E-00007  0.1028E-00006  0.3699E-00006  0.0000E+00000  0.6218E-00002  0.0000E+00000
 0.3596E-00009  0.1151E-00007  0.1028E-00006  0.3699E-00006  0.0000E+00000  0.6218E-00002  0.0000E+00000
 0.3596E-00009  0.1151E-00007  0.1028E-00006  0.3698E-00006  0.0000E+00000  0.6218E-00002  0.0000E+00000
 0.3596E-00009  0.1151E-00007  0.1028E-00006  0.3698E-00006  0.0000E+00000  0.6218E-00002  0.0000E+00000
 0.3596E-00009  0.1151E-00007  0.1028E-00006  0.3698E-00006  0.0000E+00000  0.6218E-00002  0.0000E+00000
 0.3596E-00009  0.1151E-00007  0.1028E-00006  0.3698E-00006  0.0000E+00000  0.6218E-00002  0.0000E+00000
 0.3596E-00009  0.1151E-00007  0.1028E-00006  0.3698E-00006  0.0000E+00000  0.6218E-00002  0.0000E+00000
 0.3596E-00009  0.1151E-00007  0.1028E-00006  0.3698E-00006  0.0000E+00000  0.6218E-00002  0.0000E+00000
 0.3596E-00009  0.1151E-00007  0.1028E-00006  0.3698E-00006  0.0000E+00000  0.6218E-00002  0.0000E+00000
 0.3596E-00009  0.1151E-00007  0.1028E-00006  0.3698E-00006  0.0000E+00000  0.6218E-00002  0.0000E+00000
 0.3596E-00009  0.1151E-00007  0.1028E-00006  0.3698E-00006  0.0000E+00000  0.6218E-00002  0.0000E+00000
 0.3596E-00009  0.1151E-00007  0.1028E-00006  0.3697E-00006  0.0000E+00000  0.6218E-00002  0.0000E+00000
 0.3596E-00009  0.1151E-00007  0.1028E-00006  0.3697E-00006  0.0000E+00000  0.6218E-00002  0.0000E+00000
 0.3596E-00009  0.1151E-00007  0.1028E-00006  0.3697E-00006  0.0000E+00000  0.6218E-00002  0.0000E+00000
 0.3596E-00009  0.1151E-00007  0.1028E-00006  0.3697E-00006  0.0000E+00000  0.6218E-00002  0.0000E+00000
 0.3596E-00009  0.1151E-00007  0.1028E-00006  0.3697E-00006  0.0000E+00000  0.6218E-00002  0.0000E+00000
